rebalance_date,ticker,start_date,end_date,p_start,p_end,mom,excluded_reason,mom_w,rank_pct
2021-06-30,AAPL,2020-06-30,2021-05-28,88.22628784179688,121.35916900634766,0.37554431876316796,,0.37554431876316796,0.5
2021-06-30,ABT,2020-06-30,2021-05-28,81.42152404785156,105.43891143798828,0.2949759006724273,,0.2949759006724273,0.4166666666666667
2021-06-30,ADBE,2020-06-30,2021-05-28,435.30999755859375,504.5799865722656,0.15912795341749075,,0.15912795341749075,0.125
2021-06-30,AMD,2020-06-30,2021-05-28,52.61000061035156,80.08000183105469,0.5221440962176709,,0.5221440962176709,0.6458333333333334
2021-06-30,AMZN,2020-06-30,2021-05-28,137.9409942626953,161.15350341796875,0.16827854025082245,,0.16827854025082245,0.14583333333333334
2021-06-30,ASML,2020-06-30,2021-05-28,348.76422119140625,644.4531860351562,0.8478190905983791,,0.8478190905983791,0.8541666666666666
2021-06-30,AVGO,2020-06-30,2021-05-28,27.74536895751953,42.58857727050781,0.5349796694257145,,0.5349796694257145,0.6875
2021-06-30,BAC,2020-06-30,2021-05-28,20.445158004760746,37.15825653076172,0.8174599835378751,,0.8174599835378751,0.8333333333333334
2021-06-30,CAT,2020-06-30,2021-05-28,112.7896728515625,220.0332489013672,0.950827973328225,,0.950827973328225,0.8958333333333334
2021-06-30,COST,2020-06-30,2021-05-28,277.20831298828125,357.8053894042969,0.2907455247181667,,0.2907455247181667,0.375
2021-06-30,CRM,2020-06-30,2021-05-28,183.82080078125,233.63980102539065,0.2710193842721105,,0.2710193842721105,0.3541666666666667
2021-06-30,CRWD,2020-06-30,2021-05-28,25.072500228881836,55.537498474121094,1.2150761977118512,,1.0843700975038064,0.9791666666666666
2021-06-30,CSCO,2020-06-30,2021-05-28,38.996150970458984,45.67981719970703,0.1713929724580041,,0.1713929724580041,0.16666666666666666
2021-06-30,CVX,2020-06-30,2021-05-28,68.18660736083984,83.80763244628906,0.22909227618238281,,0.22909227618238281,0.2708333333333333
2021-06-30,GE,2020-06-30,2021-05-28,33.10198974609375,68.3683853149414,1.065385973452225,,1.065385973452225,0.9375
2021-06-30,GOOGL,2020-06-30,2021-05-28,70.23417663574219,116.73171997070312,0.6620358572168172,,0.6620358572168172,0.75
2021-06-30,HD,2020-06-30,2021-05-28,214.7618408203125,278.0730285644531,0.29479719256602954,,0.29479719256602954,0.3958333333333333
2021-06-30,HON,2020-06-30,2021-05-28,126.03697204589844,205.13519287109375,0.6275795073559083,,0.6275795073559083,0.7083333333333334
2021-06-30,INTC,2020-06-30,2021-05-28,53.33503723144531,52.271331787109375,-0.01994383991371429,,0.1185260043554146,0.041666666666666664
2021-06-30,JNJ,2020-06-30,2021-05-28,118.46058654785156,146.32337951660156,0.23520728523064482,,0.23520728523064482,0.2916666666666667
2021-06-30,JPM,2020-06-30,2021-05-28,79.92607879638672,144.0960693359375,0.8028667426938974,,0.8028667426938974,0.8125
2021-06-30,KO,2020-06-30,2021-05-28,37.1141242980957,47.050682067871094,0.2677298187063848,,0.2677298187063848,0.3333333333333333
2021-06-30,MA,2020-06-30,2021-05-28,285.327880859375,349.65924072265625,0.22546468178827306,,0.22546468178827306,0.25
2021-06-30,MCD,2020-06-30,2021-05-28,159.51515197753906,207.03839111328125,0.2979230408308411,,0.2979230408308411,0.4583333333333333
2021-06-30,META,2020-06-30,2021-05-28,224.9158477783203,325.61138916015625,0.4477031848866544,,0.4477031848866544,0.5833333333333334
2021-06-30,MRK,2020-06-30,2021-05-28,60.75896453857422,61.06739807128906,0.005076346100648665,,0.1185260043554146,0.041666666666666664
2021-06-30,MSFT,2020-06-30,2021-05-28,193.07147216796875,239.16685485839844,0.2387477661657209,,0.2387477661657209,0.3125
2021-06-30,MU,2020-06-30,2021-05-28,50.239070892333984,82.04802703857422,0.6331517598008363,,0.6331517598008363,0.7291666666666666
2021-06-30,NFLX,2020-06-30,2021-05-28,45.50400161743164,50.28099822998047,0.10497970382277022,,0.1185260043554146,0.041666666666666664
2021-06-30,NKE,2020-06-30,2021-05-28,88.58210754394531,124.30687713623048,0.40329554785724886,,0.40329554785724886,0.5208333333333334
2021-06-30,NVDA,2020-06-30,2021-05-28,9.443387031555176,16.166706085205078,0.7119605530498603,,0.7119605530498603,0.7916666666666666
2021-06-30,ORCL,2020-06-30,2021-05-28,50.64033508300781,73.33704376220703,0.4481942831143513,,0.4481942831143513,0.6041666666666666
2021-06-30,PEP,2020-06-30,2021-05-28,108.45227813720705,124.03507232666016,0.1436834196303256,,0.1436834196303256,0.08333333333333333
2021-06-30,PFE,2020-06-30,2021-05-28,22.659826278686523,29.459266662597656,0.3000658654787032,,0.3000658654787032,0.4791666666666667
2021-06-30,PG,2020-06-30,2021-05-28,101.99868774414062,117.85321044921876,0.15543849686427857,,0.15543849686427857,0.10416666666666667
2021-06-30,PLTR,2020-06-30,2021-05-28,,22.950000762939453,,less than 12 months of history,,
2021-06-30,QCOM,2020-06-30,2021-05-28,79.86210632324219,119.5101318359375,0.4964560457774527,,0.4964560457774527,0.625
2021-06-30,RKLB,2020-06-30,2021-05-28,,,,less than 12 months of history,,
2021-06-30,SMCI,2020-06-30,2021-05-28,2.8389999866485596,3.4739999771118164,0.22367030413863254,,0.22367030413863254,0.22916666666666666
2021-06-30,STX,2020-06-30,2021-05-28,40.02625274658203,82.41986846923828,1.0591452562662482,,1.0591452562662482,0.9166666666666666
2021-06-30,TMO,2020-06-30,2021-05-28,356.28045654296875,462.3665771484375,0.2977601455741774,,0.2977601455741774,0.4375
2021-06-30,TSLA,2020-06-30,2021-05-28,71.98733520507812,208.4066619873047,1.895046210470134,,1.0843700975038064,0.9791666666666666
2021-06-30,TSM,2020-06-30,2021-05-28,51.313377380371094,107.48060607910156,1.0945923181469657,,1.0843700975038064,0.9791666666666666
2021-06-30,TXN,2020-06-30,2021-05-28,106.82316589355467,163.83648681640625,0.5337168248660897,,0.5337168248660897,0.6666666666666666
2021-06-30,UNH,2020-06-30,2021-05-28,264.5498352050781,373.6437683105469,0.41237573639348324,,0.41237573639348324,0.5625
2021-06-30,V,2020-06-30,2021-05-28,184.6211395263672,218.55213928222656,0.18378718625021495,,0.18378718625021495,0.1875
2021-06-30,WDC,2020-06-30,2021-05-28,33.20838165283203,56.58587265014648,0.7039635728626601,,0.7039635728626601,0.7708333333333334
2021-06-30,WFC,2020-06-30,2021-05-28,22.251916885375977,41.1833610534668,0.8507781269187025,,0.8507781269187025,0.875
2021-06-30,WMT,2020-06-30,2021-05-28,36.7813720703125,44.31001663208008,0.20468634360283167,,0.20468634360283167,0.20833333333333334
2021-06-30,XOM,2020-06-30,2021-05-28,34.31032180786133,48.255313873291016,0.40643722736038423,,0.40643722736038423,0.5416666666666666
2021-07-30,AAPL,2020-07-31,2021-06-30,102.79525756835938,133.38699340820312,0.2975987079900071,,0.2975987079900071,0.4583333333333333
2021-07-30,ABT,2020-07-31,2021-06-30,89.97128295898438,104.78809356689452,0.16468377598510786,,0.16468377598510786,0.22916666666666666
2021-07-30,ADBE,2020-07-31,2021-06-30,444.3200073242187,585.6400146484375,0.3180590677770181,,0.3180590677770181,0.4791666666666667
2021-07-30,AMD,2020-07-31,2021-06-30,77.43000030517578,93.93000030517578,0.21309569850146404,,0.21309569850146404,0.3125
2021-07-30,AMZN,2020-07-31,2021-06-30,158.23399353027344,172.00799560546875,0.08704831223614451,,0.08704831223614451,0.08333333333333333
2021-07-30,ASML,2020-07-31,2021-06-30,335.203369140625,659.1174926757812,0.966321204842268,,0.966321204842268,0.9166666666666666
2021-07-30,AVGO,2020-07-31,2021-06-30,27.8455867767334,43.331783294677734,0.5561454546500686,,0.5561454546500686,0.6875
2021-07-30,BAC,2020-07-31,2021-06-30,21.41792106628418,36.29356002807617,0.6945416838429308,,0.6945416838429308,0.8333333333333334
2021-07-30,CAT,2020-07-31,2021-06-30,119.36551666259766,198.6304626464844,0.6640523008662507,,0.6640523008662507,0.8125
2021-07-30,COST,2020-07-31,2021-06-30,298.25445556640625,374.2640380859375,0.25484810402977454,,0.25484810402977454,0.4375
2021-07-30,CRM,2020-07-31,2021-06-30,191.199951171875,239.69419860839844,0.2536310660086445,,0.2536310660086445,0.4166666666666667
2021-07-30,CRWD,2020-07-31,2021-06-30,28.299999237060547,62.82749938964844,1.2200530418167665,,1.151563911871912,0.9791666666666666
2021-07-30,CSCO,2020-07-31,2021-06-30,39.69097900390625,45.76617431640625,0.15306236996326295,,0.15306236996326295,0.16666666666666666
2021-07-30,CVX,2020-07-31,2021-06-30,64.14415740966797,84.5747299194336,0.31851026398682225,,0.31851026398682225,0.5
2021-07-30,GE,2020-07-31,2021-06-30,29.418598175048828,65.50064086914062,1.2265044880586635,,1.151563911871912,0.9791666666666666
2021-07-30,GOOGL,2020-07-31,2021-06-30,73.69623565673828,120.93869018554688,0.6410429801171136,,0.6410429801171136,0.75
2021-07-30,HD,2020-07-31,2021-06-30,227.6041259765625,279.513671875,0.22806944151699104,,0.22806944151699104,0.375
2021-07-30,HON,2020-07-31,2021-06-30,130.20361328125,194.8655242919922,0.496621479091117,,0.496621479091117,0.625
2021-07-30,INTC,2020-07-31,2021-06-30,42.5485725402832,51.37451934814453,0.20743226578295415,,0.20743226578295415,0.2916666666666667
2021-07-30,JNJ,2020-07-31,2021-06-30,122.7818374633789,142.4242706298828,0.15997832881726093,,0.15997832881726093,0.1875
2021-07-30,JPM,2020-07-31,2021-06-30,82.9186019897461,136.46310424804688,0.645747769178769,,0.645747769178769,0.7708333333333334
2021-07-30,KO,2020-07-31,2021-06-30,39.240631103515625,46.39348983764648,0.18228194942282716,,0.18228194942282716,0.25
2021-07-30,MA,2020-07-31,2021-06-30,298.1054992675781,354.03265380859375,0.18760859721952228,,0.18760859721952228,0.2708333333333333
2021-07-30,MCD,2020-07-31,2021-06-30,167.99810791015625,204.4713592529297,0.21710513169754853,,0.21710513169754853,0.3333333333333333
2021-07-30,META,2020-07-31,2021-06-30,251.2634429931641,344.4113464355469,0.37071808908117587,,0.37071808908117587,0.5625
2021-07-30,MRK,2020-07-31,2021-06-30,63.045379638671875,66.14778137207031,0.0492090261202176,,0.08275886439769072,0.041666666666666664
2021-07-30,MSFT,2020-07-31,2021-06-30,194.4945373535156,259.49334716796875,0.334193498176818,,0.334193498176818,0.5208333333333334
2021-07-30,MU,2020-07-31,2021-06-30,48.815372467041016,82.86715698242188,0.6975627306412917,,0.6975627306412917,0.8541666666666666
2021-07-30,NFLX,2020-07-31,2021-06-30,48.88800048828125,52.82099914550781,0.08044916171544636,,0.08275886439769072,0.041666666666666664
2021-07-30,NKE,2020-07-31,2021-06-30,88.18460083007812,140.73110961914062,0.5958694408597909,,0.5958694408597909,0.7083333333333334
2021-07-30,NVDA,2020-07-31,2021-06-30,10.553994178771973,19.911272048950195,0.8866101034051361,,0.8866101034051361,0.875
2021-07-30,ORCL,2020-07-31,2021-06-30,51.02004623413086,72.49878692626953,0.4209863039632067,,0.4209863039632067,0.6041666666666666
2021-07-30,PEP,2020-07-31,2021-06-30,112.88024139404295,125.1354751586914,0.10856845815795002,,0.10856845815795002,0.14583333333333334
2021-07-30,PFE,2020-07-31,2021-06-30,26.92576026916504,29.786346435546875,0.10623975471020342,,0.10623975471020342,0.10416666666666667
2021-07-30,PG,2020-07-31,2021-06-30,112.5571746826172,117.92313385009766,0.04767318638381868,,0.08275886439769072,0.041666666666666664
2021-07-30,PLTR,2020-07-31,2021-06-30,,26.36000061035156,,less than 12 months of history,,
2021-07-30,QCOM,2020-07-31,2021-06-30,92.47053527832033,127.61070251464844,0.38001474881228137,,0.38001474881228137,0.5833333333333334
2021-07-30,RKLB,2020-07-31,2021-06-30,,,,less than 12 months of history,,
2021-07-30,SMCI,2020-07-31,2021-06-30,3.0309998989105225,3.5179998874664307,0.1606730467826667,,0.1606730467826667,0.20833333333333334
2021-07-30,STX,2020-07-31,2021-06-30,37.388702392578125,75.68856048583984,1.0243698134028976,,1.0243698134028976,0.9375
2021-07-30,TMO,2020-07-31,2021-06-30,407.02734375,497.0831909179687,0.22125257320127822,,0.22125257320127822,0.3541666666666667
2021-07-30,TSLA,2020-07-31,2021-06-30,95.38400268554688,226.5666656494141,1.3753109459700283,,1.151563911871912,0.9791666666666666
2021-07-30,TSM,2020-07-31,2021-06-30,71.3072280883789,110.467041015625,0.5491703152268241,,0.5491703152268241,0.6666666666666666
2021-07-30,TXN,2020-07-31,2021-06-30,108.04985809326172,165.9769744873047,0.5361146920160136,,0.5361146920160136,0.6458333333333334
2021-07-30,UNH,2020-07-31,2021-06-30,271.57269287109375,364.5607604980469,0.34240580908144325,,0.34240580908144325,0.5416666666666666
2021-07-30,V,2020-07-31,2021-06-30,181.97369384765625,224.8212127685547,0.23545996135446523,,0.23545996135446523,0.3958333333333333
2021-07-30,WDC,2020-07-31,2021-06-30,32.41859817504883,53.53205490112305,0.6512760549382521,,0.6512760549382521,0.7916666666666666
2021-07-30,WFC,2020-07-31,2021-06-30,21.08716583251953,39.92283248901367,0.8932289339445869,,0.8932289339445869,0.8958333333333334
2021-07-30,WMT,2020-07-31,2021-06-30,39.73543167114258,43.994911193847656,0.10719600476363955,,0.10719600476363955,0.125
2021-07-30,XOM,2020-07-31,2021-06-30,32.28484344482422,52.14913558959961,0.6152822818770693,,0.6152822818770693,0.7291666666666666
2021-08-31,AAPL,2020-08-31,2021-07-30,125.05754089355467,142.05477905273438,0.13591533975266046,,0.13591533975266046,0.20833333333333334
2021-08-31,ABT,2020-08-31,2021-07-30,97.8652114868164,109.76905059814452,0.12163504201829367,,0.12163504201829367,0.1875
2021-08-31,ADBE,2020-08-31,2021-07-30,513.3900146484375,621.6300048828125,0.21083384395097027,,0.21083384395097027,0.375
2021-08-31,AMD,2020-08-31,2021-07-30,90.81999969482422,106.19000244140624,0.16923588194482164,,0.16923588194482164,0.3125
2021-08-31,AMZN,2020-08-31,2021-07-30,172.54800415039062,166.37950134277344,-0.03574948802213207,,-0.02359491128243153,0.041666666666666664
2021-08-31,ASML,2020-08-31,2021-07-30,354.59228515625,731.5321044921875,1.0630231821593075,,0.9835494865429975,0.9791666666666666
2021-08-31,AVGO,2020-08-31,2021-07-30,30.518056869506836,44.109657287597656,0.44536257587459094,,0.44536257587459094,0.6666666666666666
2021-08-31,BAC,2020-08-31,2021-07-30,22.158248901367188,33.76718521118164,0.5239103668114393,,0.5239103668114393,0.7916666666666666
2021-08-31,CAT,2020-08-31,2021-07-30,127.83643341064452,189.71299743652344,0.4840291799061305,,0.4840291799061305,0.7083333333333334
2021-08-31,COST,2020-08-31,2021-07-30,318.5301513671875,407.2338562011719,0.2784782051345922,,0.2784782051345922,0.5
2021-08-31,CRM,2020-08-31,2021-07-30,267.54254150390625,237.3980255126953,-0.11267186078805647,,-0.02359491128243153,0.041666666666666664
2021-08-31,CRWD,2020-08-31,2021-07-30,31.4325008392334,63.40250015258789,1.0171000862091826,,0.9835494865429975,0.9791666666666666
2021-08-31,CSCO,2020-08-31,2021-07-30,35.57862854003906,48.14604187011719,0.35322927964845974,,0.35322927964845974,0.5625
2021-08-31,CVX,2020-08-31,2021-07-30,65.0611572265625,82.20883178710938,0.26356239715862295,,0.26356239715862295,0.4583333333333333
2021-08-31,GE,2020-08-31,2021-07-30,30.727170944213867,63.01881408691406,1.0509149443444263,,0.9835494865429975,0.9791666666666666
2021-08-31,GOOGL,2020-08-31,2021-07-30,80.70849609375,133.45657348632812,0.653562883036584,,0.653562883036584,0.8541666666666666
2021-08-31,HD,2020-08-31,2021-07-30,244.36428833007812,287.6653137207031,0.17719866387405836,,0.17719866387405836,0.3333333333333333
2021-08-31,HON,2020-08-31,2021-07-30,145.12347412109375,207.6936798095703,0.43115151471819657,,0.43115151471819657,0.6458333333333334
2021-08-31,INTC,2020-08-31,2021-07-30,45.72749710083008,49.159950256347656,0.07506321957549855,,0.07506321957549855,0.14583333333333334
2021-08-31,JNJ,2020-08-31,2021-07-30,130.08599853515625,148.87379455566406,0.14442596614600567,,0.14442596614600567,0.22916666666666666
2021-08-31,JPM,2020-08-31,2021-07-30,85.96453094482422,133.931640625,0.5579872204614618,,0.5579872204614618,0.8333333333333334
2021-08-31,KO,2020-08-31,2021-07-30,41.142852783203125,48.897064208984375,0.18847043656989593,,0.18847043656989593,0.3541666666666667
2021-08-31,MA,2020-08-31,2021-07-30,346.0875244140625,374.6920471191406,0.08265112345065462,,0.08265112345065462,0.16666666666666666
2021-08-31,MCD,2020-08-31,2021-07-30,185.71551513671875,214.84580993652344,0.15685439516649824,,0.15685439516649824,0.2708333333333333
2021-08-31,META,2020-08-31,2021-07-30,290.4184875488281,352.91986083984375,0.2152114137723662,,0.2152114137723662,0.3958333333333333
2021-08-31,MRK,2020-08-31,2021-07-30,66.99749755859375,65.3823013305664,-0.024108306830635695,,-0.02359491128243153,0.041666666666666664
2021-08-31,MSFT,2020-08-31,2021-07-30,214.4792022705078,272.9134521484375,0.2724471615864674,,0.2724471615864674,0.4791666666666667
2021-08-31,MU,2020-08-31,2021-07-30,44.37849426269531,75.65113830566406,0.7046801511077094,,0.7046801511077094,0.8958333333333334
2021-08-31,NFLX,2020-08-31,2021-07-30,52.95600128173828,51.75699996948242,-0.022641462407195223,,-0.022641462407195223,0.08333333333333333
2021-08-31,NKE,2020-08-31,2021-07-30,101.30960083007812,152.591552734375,0.506190444776401,,0.506190444776401,0.75
2021-08-31,NVDA,2020-08-31,2021-07-30,13.297951698303224,19.410070419311523,0.45962858488861746,,0.45962858488861746,0.6875
2021-08-31,ORCL,2020-08-31,2021-07-30,52.64863967895508,81.46003723144531,0.5472391637880596,,0.5472391637880596,0.8125
2021-08-31,PEP,2020-08-31,2021-07-30,114.8482437133789,132.55055236816406,0.15413652035432013,,0.15413652035432013,0.25
2021-08-31,PFE,2020-08-31,2021-07-30,26.442941665649418,32.85757827758789,0.242584077560152,,0.242584077560152,0.4166666666666667
2021-08-31,PG,2020-08-31,2021-07-30,118.7464599609375,125.08480834960938,0.05337715659697917,,0.05337715659697917,0.125
2021-08-31,PLTR,2020-08-31,2021-07-30,,21.709999084472656,,less than 12 months of history,,
2021-08-31,QCOM,2020-08-31,2021-07-30,104.2821807861328,133.74440002441406,0.2825240037768666,,0.2825240037768666,0.5208333333333334
2021-08-31,RKLB,2020-08-31,2021-07-30,,,,less than 12 months of history,,
2021-08-31,SMCI,2020-08-31,2021-07-30,2.739000082015991,3.803999900817871,0.38882796163262845,,0.38882796163262845,0.625
2021-08-31,STX,2020-08-31,2021-07-30,39.678993225097656,75.66272735595703,0.9068711478319222,,0.9068711478319222,0.9166666666666666
2021-08-31,TMO,2020-08-31,2021-07-30,421.8060302734375,532.1026611328125,0.2614866145651704,,0.2614866145651704,0.4375
2021-08-31,TSLA,2020-08-31,2021-07-30,166.10667419433594,229.0666656494141,0.3790334841176721,,0.3790334841176721,0.6041666666666666
2021-08-31,TSM,2020-08-31,2021-07-30,71.63265228271484,107.2310028076172,0.49695703552069004,,0.49695703552069004,0.7291666666666666
2021-08-31,TXN,2020-08-31,2021-07-30,120.41776275634766,165.4445343017578,0.37392134278824773,,0.37392134278824773,0.5833333333333334
2021-08-31,UNH,2020-08-31,2021-07-30,280.3357238769531,375.2853088378906,0.3386995551184673,,0.3386995551184673,0.5416666666666666
2021-08-31,V,2020-08-31,2021-07-30,202.91458129882812,236.9075164794922,0.16752337344650137,,0.16752337344650137,0.2916666666666667
2021-08-31,WDC,2020-08-31,2021-07-30,28.8984317779541,48.838504791259766,0.6900053666066908,,0.6900053666066908,0.875
2021-08-31,WFC,2020-08-31,2021-07-30,21.07793617248535,40.49580001831055,0.9212412300200825,,0.9212412300200825,0.9375
2021-08-31,WMT,2020-08-31,2021-07-30,42.81257247924805,44.47223281860352,0.03876572332017525,,0.03876572332017525,0.10416666666666667
2021-08-31,XOM,2020-08-31,2021-07-30,31.24750709533691,47.59393310546875,0.5231273637368412,,0.5231273637368412,0.7708333333333334
2021-09-30,AAPL,2020-09-30,2021-08-31,112.2358627319336,148.09060668945312,0.31945888849409676,,0.31945888849409676,0.3673469387755102
2021-09-30,ABT,2020-09-30,2021-08-31,97.29305267333984,114.65958404541016,0.17849713720442306,,0.17849713720442306,0.2653061224489796
2021-09-30,ADBE,2020-09-30,2021-08-31,490.4299926757813,663.7000122070312,0.3533022492892215,,0.3533022492892215,0.46938775510204084
2021-09-30,AMD,2020-09-30,2021-08-31,81.98999786376953,110.72000122070312,0.3504086364860006,,0.3504086364860006,0.4489795918367347
2021-09-30,AMZN,2020-09-30,2021-08-31,157.43649291992188,173.5395050048828,0.10228258891127306,,0.10228258891127306,0.14285714285714285
2021-09-30,ASML,2020-09-30,2021-08-31,349.9393615722656,794.7877807617188,1.2712157248923481,,1.090578428168298,0.9795918367346939
2021-09-30,AVGO,2020-09-30,2021-08-31,32.31946563720703,45.18287658691406,0.3980081568829632,,0.3980081568829632,0.5510204081632653
2021-09-30,BAC,2020-09-30,2021-08-31,20.882305145263672,36.75130081176758,0.7599254754738205,,0.7599254754738205,0.8571428571428571
2021-09-30,CAT,2020-09-30,2021-08-31,133.98077392578125,193.49346923828125,0.4441883232102175,,0.4441883232102175,0.6122448979591837
2021-09-30,COST,2020-09-30,2021-08-31,325.2550964355469,431.6553955078125,0.3271287682754269,,0.3271287682754269,0.40816326530612246
2021-09-30,CRM,2020-09-30,2021-08-31,246.61212158203125,260.3008117675781,0.055506964125417335,,0.055506964125417335,0.08163265306122448
2021-09-30,CRWD,2020-09-30,2021-08-31,34.33000183105469,70.25,1.046315067086665,,1.046315067086665,0.9387755102040817
2021-09-30,CSCO,2020-09-30,2021-08-31,33.193782806396484,51.31983184814453,0.5460675918580493,,0.5460675918580493,0.7142857142857143
2021-09-30,CVX,2020-09-30,2021-08-31,55.813201904296875,79.19265747070312,0.418887552921531,,0.418887552921531,0.5714285714285714
2021-09-30,GE,2020-09-30,2021-08-31,30.243955612182617,64.11982727050781,1.1200873355560539,,1.090578428168298,0.9795918367346939
2021-09-30,GOOGL,2020-09-30,2021-08-31,72.5892562866211,143.3335723876953,0.9745838395387043,,0.9745838395387043,0.9183673469387755
2021-09-30,HD,2020-09-30,2021-08-31,239.33583068847656,285.903564453125,0.19457067347873114,,0.19457067347873114,0.30612244897959184
2021-09-30,HON,2020-09-30,2021-08-31,144.29942321777344,206.844970703125,0.43344281003091223,,0.43344281003091223,0.5918367346938775
2021-09-30,INTC,2020-09-30,2021-08-31,46.472412109375,49.79256820678711,0.0714435930202626,,0.0714435930202626,0.10204081632653061
2021-09-30,JNJ,2020-09-30,2021-08-31,126.24472045898438,150.56719970703125,0.19266135771554116,,0.19266135771554116,0.2857142857142857
2021-09-30,JPM,2020-09-30,2021-08-31,82.60112762451172,141.14093017578125,0.7087046416288627,,0.7087046416288627,0.7959183673469388
2021-09-30,KO,2020-09-30,2021-08-31,41.34191131591797,48.27974319458008,0.16781594410684209,,0.16781594410684209,0.24489795918367346
2021-09-30,MA,2020-09-30,2021-08-31,326.7439880371094,336.139404296875,0.02875467217073502,,0.05193549121192556,0.04081632653061224
2021-09-30,MCD,2020-09-30,2021-08-31,190.9081268310547,211.35093688964844,0.10708192677771522,,0.10708192677771522,0.16326530612244897
2021-09-30,META,2020-09-30,2021-08-31,259.4153747558594,375.7809143066406,0.448568399850221,,0.448568399850221,0.6530612244897959
2021-09-30,MRK,2020-09-30,2021-08-31,65.6486587524414,64.88895416259766,-0.011572278920557455,,0.05193549121192556,0.04081632653061224
2021-09-30,MSFT,2020-09-30,2021-08-31,200.0240173339844,289.7223815917969,0.44843796986659457,,0.44843796986659457,0.6326530612244898
2021-09-30,MU,2020-09-30,2021-08-31,45.79243469238281,71.86761474609375,0.569421133182253,,0.569421133182253,0.7346938775510204
2021-09-30,NFLX,2020-09-30,2021-08-31,50.00299835205078,56.91899871826172,0.13831171318004154,,0.13831171318004154,0.1836734693877551
2021-09-30,NKE,2020-09-30,2021-08-31,113.66886901855467,150.31590270996094,0.32240167433551403,,0.32240167433551403,0.3877551020408163
2021-09-30,NVDA,2020-09-30,2021-08-31,13.457082748413086,22.286836624145508,0.6561417538116618,,0.6561417538116618,0.7551020408163265
2021-09-30,ORCL,2020-09-30,2021-08-31,54.93051528930664,83.32032012939453,0.5168312128616523,,0.5168312128616523,0.6938775510204082
2021-09-30,PEP,2020-09-30,2021-08-31,114.4682846069336,132.0775909423828,0.15383567942785947,,0.15383567942785947,0.22448979591836735
2021-09-30,PFE,2020-09-30,2021-08-31,25.680233001708984,35.35969161987305,0.3769225387292985,,0.3769225387292985,0.5102040816326531
2021-09-30,PG,2020-09-30,2021-08-31,119.31302642822266,125.22552490234376,0.0495545092695977,,0.05193549121192556,0.04081632653061224
2021-09-30,PLTR,2020-09-30,2021-08-31,9.5,26.34000015258789,1.7726315950092517,,1.090578428168298,0.9795918367346939
2021-09-30,QCOM,2020-09-30,2021-08-31,103.5906982421875,130.96771240234375,0.26428062195459656,,0.26428062195459656,0.3469387755102041
2021-09-30,RKLB,2020-09-30,2021-08-31,,10.029999732971191,,less than 12 months of history,,
2021-09-30,SMCI,2020-09-30,2021-08-31,2.640000104904175,3.6540000438690186,0.3840908707091317,,0.3840908707091317,0.5306122448979592
2021-09-30,STX,2020-09-30,2021-08-31,41.29383850097656,75.39590454101562,0.8258390907213089,,0.8258390907213089,0.8775510204081632
2021-09-30,TMO,2020-09-30,2021-08-31,434.35791015625,546.8239135742188,0.25892472725433224,,0.25892472725433224,0.32653061224489793
2021-09-30,TSLA,2020-09-30,2021-08-31,143.00332641601562,245.2400054931641,0.7149251813886373,,0.7149251813886373,0.8163265306122449
2021-09-30,TSM,2020-09-30,2021-08-31,73.65605163574219,109.4098129272461,0.4854151220095282,,0.4854151220095282,0.673469387755102
2021-09-30,TXN,2020-09-30,2021-08-31,120.95993041992188,165.69622802734375,0.3698439429662064,,0.3698439429662064,0.4897959183673469
2021-09-30,UNH,2020-09-30,2021-08-31,280.78839111328125,378.9725036621094,0.3496729767193856,,0.3496729767193856,0.42857142857142855
2021-09-30,V,2020-09-30,2021-08-31,191.4091033935547,220.5831756591797,0.152417370691301,,0.152417370691301,0.20408163265306123
2021-09-30,WDC,2020-09-30,2021-08-31,27.49187469482422,47.53725051879883,0.729138192520151,,0.729138192520151,0.8367346938775511
2021-09-30,WFC,2020-09-30,2021-08-31,20.51935386657715,40.45958709716797,0.9717768580944635,,0.9717768580944635,0.8979591836734694
2021-09-30,WMT,2020-09-30,2021-08-31,43.13941192626953,46.37373352050781,0.07497370617304955,,0.07497370617304955,0.12244897959183673
2021-09-30,XOM,2020-09-30,2021-08-31,26.858463287353516,45.75466537475586,0.7035474027398934,,0.7035474027398934,0.7755102040816326
2021-10-29,AAPL,2020-10-30,2021-09-30,105.50035858154295,138.0150146484375,0.3081947445871802,,0.3081947445871802,0.4897959183673469
2021-10-29,ABT,2020-10-30,2021-09-30,94.28060913085938,107.1831512451172,0.1368525535972025,,0.1368525535972025,0.14285714285714285
2021-10-29,ADBE,2020-10-30,2021-09-30,447.1000061035156,575.719970703125,0.2876760519878643,,0.2876760519878643,0.40816326530612246
2021-10-29,AMD,2020-10-30,2021-09-30,75.29000091552734,102.9000015258789,0.3667153708940578,,0.3667153708940578,0.5918367346938775
2021-10-29,AMZN,2020-10-30,2021-09-30,151.8074951171875,164.2519989013672,0.08197555578249394,,0.08197555578249394,0.08163265306122448
2021-10-29,ASML,2020-10-30,2021-09-30,342.30120849609375,710.8953857421875,1.076812374883275,,1.0454689886051118,0.9795918367346939
2021-10-29,AVGO,2020-10-30,2021-09-30,31.016294479370117,44.389915466308594,0.4311804879152692,,0.4311804879152692,0.6530612244897959
2021-10-29,BAC,2020-10-30,2021-09-30,20.544233322143555,37.558982849121094,0.8282007539623408,,0.8282007539623408,0.8775510204081632
2021-10-29,CAT,2020-10-30,2021-09-30,141.93905639648438,176.1509246826172,0.24103209613122512,,0.24103209613122512,0.3469387755102041
2021-10-29,COST,2020-10-30,2021-09-30,328.2852783203125,425.8367309570313,0.29715451492630285,,0.29715451492630285,0.4489795918367347
2021-10-29,CRM,2020-10-30,2021-09-30,227.9189910888672,266.13934326171875,0.16769270515921675,,0.16769270515921675,0.20408163265306123
2021-10-29,CRWD,2020-10-30,2021-09-30,30.959999084472656,61.44499969482422,0.98465767157082,,0.98465767157082,0.9183673469387755
2021-10-29,CSCO,2020-10-30,2021-09-30,30.53182601928711,47.32867431640625,0.5501422773242741,,0.5501422773242741,0.7142857142857143
2021-10-29,CVX,2020-10-30,2021-09-30,53.87525177001953,83.02257537841797,0.5410150792950599,,0.5410150792950599,0.6938775510204082
2021-10-29,GE,2020-10-30,2021-09-30,36.02089309692383,62.720821380615234,0.7412344888797766,,0.7412344888797766,0.8367346938775511
2021-10-29,GOOGL,2020-10-30,2021-09-30,80.04381561279297,132.4159698486328,0.6542935745240697,,0.6542935745240697,0.7755102040816326
2021-10-29,HD,2020-10-30,2021-09-30,229.85585021972656,289.1895751953125,0.2581345000306363,,0.2581345000306363,0.3673469387755102
2021-10-29,HON,2020-10-30,2021-09-30,144.59742736816406,189.3365936279297,0.3094049947780455,,0.3094049947780455,0.5102040816326531
2021-10-29,INTC,2020-10-30,2021-09-30,39.74118423461914,49.074127197265625,0.2348431014925927,,0.2348431014925927,0.32653061224489793
2021-10-29,JNJ,2020-10-30,2021-09-30,116.26419830322266,140.45286560058594,0.20804914711817024,,0.20804914711817024,0.22448979591836735
2021-10-29,JPM,2020-10-30,2021-09-30,84.9003677368164,144.44110107421875,0.7013012419683897,,0.7013012419683897,0.8163265306122449
2021-10-29,KO,2020-10-30,2021-09-30,40.24493408203125,45.32688903808594,0.12627564367967747,,0.12627564367967747,0.12244897959183673
2021-10-29,MA,2020-10-30,2021-09-30,279.2122497558594,337.547119140625,0.2089266120514881,,0.2089266120514881,0.24489795918367346
2021-10-29,MCD,2020-10-30,2021-09-30,185.26324462890625,214.59963989257812,0.15834978666402222,,0.15834978666402222,0.16326530612244897
2021-10-29,META,2020-10-30,2021-09-30,260.61395263671875,336.1703186035156,0.28991681067866004,,0.28991681067866004,0.42857142857142855
2021-10-29,MRK,2020-10-30,2021-09-30,59.52305603027344,64.45783996582031,0.08290541959130993,,0.08290541959130993,0.10204081632653061
2021-10-29,MSFT,2020-10-30,2021-09-30,192.5491485595703,270.5663146972656,0.40518053038057755,,0.40518053038057755,0.6122448979591837
2021-10-29,MU,2020-10-30,2021-09-30,49.08839797973633,69.31199645996094,0.4119832651408364,,0.4119832651408364,0.6326530612244898
2021-10-29,NFLX,2020-10-30,2021-09-30,47.57400131225586,61.03400039672851,0.2829276225080761,,0.2829276225080761,0.3877551020408163
2021-10-29,NKE,2020-10-30,2021-09-30,108.72516632080078,132.51409912109375,0.21879877129920544,,0.21879877129920544,0.2857142857142857
2021-10-29,NVDA,2020-10-30,2021-09-30,12.465989112854004,20.625154495239254,0.6545140789487875,,0.6545140789487875,0.7959183673469388
2021-10-29,ORCL,2020-10-30,2021-09-30,51.83636474609375,81.45067596435547,0.5713037818782107,,0.5713037818782107,0.7346938775510204
2021-10-29,PEP,2020-10-30,2021-09-30,110.08281707763672,127.89795684814452,0.16183397412462242,,0.16183397412462242,0.1836734693877551
2021-10-29,PFE,2020-10-30,2021-09-30,24.826555252075195,33.011077880859375,0.3296680729840704,,0.3296680729840704,0.5306122448979592
2021-10-29,PG,2020-10-30,2021-09-30,118.34405517578124,122.94772338867188,0.03890071373718462,,0.07202845378527073,0.04081632653061224
2021-10-29,PLTR,2020-10-30,2021-09-30,10.130000114440918,24.040000915527344,1.3731491257593267,,1.0454689886051118,0.9795918367346939
2021-10-29,QCOM,2020-10-30,2021-09-30,108.59066009521484,115.69216918945312,0.06539705245378857,,0.07202845378527073,0.04081632653061224
2021-10-29,RKLB,2020-10-30,2021-09-30,,16.1299991607666,,less than 12 months of history,,
2021-10-29,SMCI,2020-10-30,2021-09-30,2.2720000743865967,3.6570000648498535,0.6095950462665298,,0.6095950462665298,0.7551020408163265
2021-10-29,STX,2020-10-30,2021-09-30,40.07857131958008,71.61013793945312,0.7867437780764541,,0.7867437780764541,0.8571428571428571
2021-10-29,TMO,2020-10-30,2021-09-30,465.4452819824219,563.2259521484375,0.2100798395668526,,0.2100798395668526,0.2653061224489796
2021-10-29,TSLA,2020-10-30,2021-09-30,129.34666442871094,258.49334716796875,0.9984539091878681,,0.9984539091878681,0.9387755102040817
2021-10-29,TSM,2020-10-30,2021-09-30,76.19998168945312,103.06511688232422,0.3525609140217092,,0.3525609140217092,0.5714285714285714
2021-10-29,TXN,2020-10-30,2021-09-30,123.36465454101562,166.8245391845703,0.35228797750254603,,0.35228797750254603,0.5510204081632653
2021-10-29,UNH,2020-10-30,2021-09-30,274.8172912597656,356.97857666015625,0.2989669428141233,,0.2989669428141233,0.46938775510204084
2021-10-29,V,2020-10-30,2021-09-30,173.9308319091797,214.46929931640625,0.2330723481412098,,0.2330723481412098,0.30612244897959184
2021-10-29,WDC,2020-10-30,2021-09-30,28.37943649291992,42.45256805419922,0.4958918604599585,,0.4958918604599585,0.673469387755102
2021-10-29,WFC,2020-10-30,2021-09-30,18.721397399902344,41.08816146850586,1.1947165903716241,,1.0454689886051118,0.9795918367346939
2021-10-29,WMT,2020-10-30,2021-09-30,42.7817497253418,43.64328384399414,0.020137888800326742,,0.07202845378527073,0.04081632653061224
2021-10-29,XOM,2020-10-30,2021-09-30,25.520620346069336,49.36334609985352,0.9342533774832955,,0.9342533774832955,0.8979591836734694
2021-11-30,AAPL,2020-11-30,2021-10-29,115.57491302490234,146.110595703125,0.26420684107842063,,0.26420684107842063,0.5306122448979592
2021-11-30,ABT,2020-11-30,2021-10-29,97.07018280029295,117.39757537841795,0.20940923352277485,,0.20940923352277485,0.4489795918367347
2021-11-30,ADBE,2020-11-30,2021-10-29,478.4700012207031,650.3599853515625,0.35924923964370326,,0.35924923964370326,0.6326530612244898
2021-11-30,AMD,2020-11-30,2021-10-29,92.66000366210938,120.2300033569336,0.29753937627026206,,0.29753937627026206,0.5918367346938775
2021-11-30,AMZN,2020-11-30,2021-10-29,158.40199279785156,168.6215057373047,0.06451631547650405,,0.06451631547650405,0.16326530612244897
2021-11-30,ASML,2020-11-30,2021-10-29,416.4249572753906,775.5534057617188,0.8624085617635757,,0.8624085617635757,0.9387755102040817
2021-11-30,AVGO,2020-11-30,2021-10-29,35.6248664855957,48.66842269897461,0.36613628344832794,,0.36613628344832794,0.673469387755102
2021-11-30,BAC,2020-11-30,2021-10-29,24.41036605834961,42.27486038208008,0.7318404927246016,,0.7318404927246016,0.8775510204081632
2021-11-30,CAT,2020-11-30,2021-10-29,156.88754272460938,188.23240661621097,0.1997919232288723,,0.1997919232288723,0.42857142857142855
2021-11-30,COST,2020-11-30,2021-10-29,359.6340637207031,466.5726318359375,0.2973538351981151,,0.2973538351981151,0.5714285714285714
2021-11-30,CRM,2020-11-30,2021-10-29,241.1955108642578,294.0760498046875,0.21924346249624138,,0.21924346249624138,0.46938775510204084
2021-11-30,CRWD,2020-11-30,2021-10-29,38.31999969482422,70.44999694824219,0.8384654882384481,,0.8384654882384481,0.9183673469387755
2021-11-30,CSCO,2020-11-30,2021-10-29,36.587158203125,48.99653244018555,0.33917294609671633,,0.33917294609671633,0.6122448979591837
2021-11-30,CVX,2020-11-30,2021-10-29,68.57490539550781,93.6939926147461,0.3663014491141212,,0.3663014491141212,0.6938775510204082
2021-11-30,GE,2020-11-30,2021-10-29,49.419490814208984,63.84095001220703,0.29181723567762097,,0.29181723567762097,0.5510204081632653
2021-11-30,GOOGL,2020-11-30,2021-10-29,86.89313507080078,146.65052795410156,0.6877113230476755,,0.6877113230476755,0.8367346938775511
2021-11-30,HD,2020-11-30,2021-10-29,239.07728576660156,327.4945068359375,0.3698269402123502,,0.3698269402123502,0.7142857142857143
2021-11-30,HON,2020-11-30,2021-10-29,179.59725952148438,194.9914093017578,0.08571483674800673,,0.08571483674800673,0.20408163265306123
2021-11-30,INTC,2020-11-30,2021-10-29,43.709617614746094,45.131988525390625,0.03254137163086668,,0.03254137163086668,0.12244897959183673
2021-11-30,JNJ,2020-11-30,2021-10-29,123.53575134277344,141.65304565429688,0.14665628463499258,,0.14665628463499258,0.24489795918367346
2021-11-30,JPM,2020-11-30,2021-10-29,102.08136749267578,150.8153839111328,0.47740364001249924,,0.47740364001249924,0.7755102040816326
2021-11-30,KO,2020-11-30,2021-10-29,43.548095703125,48.695945739746094,0.11821068070840313,,0.11821068070840313,0.22448979591836735
2021-11-30,MA,2020-11-30,2021-10-29,325.5187072753906,326.153076171875,0.0019487939780606922,,0.0019487939780606922,0.08163265306122448
2021-11-30,MCD,2020-11-30,2021-10-29,190.2491912841797,218.55142211914065,0.14876400075039098,,0.14876400075039098,0.2653061224489796
2021-11-30,META,2020-11-30,2021-10-29,274.3424377441406,320.5003662109375,0.1682493195232342,,0.1682493195232342,0.32653061224489793
2021-11-30,MRK,2020-11-30,2021-10-29,63.62261199951172,75.56266784667969,0.1876700039800252,,0.1876700039800252,0.3673469387755102
2021-11-30,MSFT,2020-11-30,2021-10-29,204.11378479003903,318.26470947265625,0.5592514234158079,,0.5592514234158079,0.7959183673469388
2021-11-30,MU,2020-11-30,2021-10-29,62.49653244018555,67.47615814208984,0.07967843186612344,,0.07967843186612344,0.1836734693877551
2021-11-30,NFLX,2020-11-30,2021-10-29,49.06999969482422,69.03099822998047,0.4067861964397299,,0.4067861964397299,0.7551020408163265
2021-11-30,NKE,2020-11-30,2021-10-29,121.96268463134766,152.64259338378906,0.2515516024034441,,0.2515516024034441,0.4897959183673469
2021-11-30,NVDA,2020-11-30,2021-10-29,13.328780174255373,25.45488166809082,0.9097682860174325,,0.8782225865989144,0.9795918367346939
2021-11-30,ORCL,2020-11-30,2021-10-29,53.32374954223633,89.9984130859375,0.6877735316540736,,0.6877735316540736,0.8571428571428571
2021-11-30,PEP,2020-11-30,2021-10-29,119.1180191040039,137.41314697265625,0.15358824807755211,,0.15358824807755211,0.2857142857142857
2021-11-30,PFE,2020-11-30,2021-10-29,28.544950485229492,33.57136917114258,0.1760878404225641,,0.1760878404225641,0.3469387755102041
2021-11-30,PG,2020-11-30,2021-10-29,119.87190246582033,126.53276824951172,0.05556653099412223,,0.05556653099412223,0.14285714285714285
2021-11-30,PLTR,2020-11-30,2021-10-29,27.11000061035156,25.8799991607666,-0.04537076436343934,,-0.0033435411241634376,0.04081632653061224
2021-11-30,QCOM,2020-11-30,2021-10-29,129.55001831054688,119.33392333984376,-0.07885830588008036,,-0.0033435411241634376,0.04081632653061224
2021-11-30,RKLB,2020-11-30,2021-10-29,,14.050000190734863,,less than 12 months of history,,
2021-11-30,SMCI,2020-11-30,2021-10-29,2.821000099182129,3.5390000343322754,0.2545196419377336,,0.2545196419377336,0.5102040816326531
2021-11-30,STX,2020-11-30,2021-10-29,49.28943634033203,77.29419708251953,0.5681696286567608,,0.5681696286567608,0.8163265306122449
2021-11-30,TMO,2020-11-30,2021-10-29,457.4373474121094,624.09033203125,0.364318710664876,,0.364318710664876,0.6530612244897959
2021-11-30,TSLA,2020-11-30,2021-10-29,189.1999969482422,371.3333435058594,0.9626498387705673,,0.8782225865989144,0.9795918367346939
2021-11-30,TSM,2020-11-30,2021-10-29,88.14739990234375,104.95748138427734,0.19070422384048813,,0.19070422384048813,0.40816326530612246
2021-11-30,TXN,2020-11-30,2021-10-29,137.5790557861328,163.72140502929688,0.1900169258597213,,0.1900169258597213,0.3877551020408163
2021-11-30,UNH,2020-11-30,2021-10-29,302.9168395996094,420.68359375,0.3887758577768501,,0.3887758577768501,0.7346938775510204
2021-11-30,V,2020-11-30,2021-10-29,201.64813232421875,203.89743041992188,0.011154569446180762,,0.011154569446180762,0.10204081632653061
2021-11-30,WDC,2020-11-30,2021-10-29,33.7574577331543,39.331058502197266,0.16510724276398792,,0.16510724276398792,0.30612244897959184
2021-11-30,WFC,2020-11-30,2021-10-29,23.980472564697266,45.29348373413086,0.8887652698224737,,0.8782225865989144,0.9795918367346939
2021-11-30,WMT,2020-11-30,2021-10-29,47.11079406738281,46.78705978393555,-0.006871764525646196,,-0.0033435411241634376,0.04081632653061224
2021-11-30,XOM,2020-11-30,2021-10-29,30.551166534423828,54.104976654052734,0.7709627091682216,,0.7709627091682216,0.8979591836734694
2021-12-31,AAPL,2020-12-31,2021-11-30,128.81674194335938,161.46412658691406,0.253440540034072,,0.253440540034072,0.5306122448979592
2021-12-31,ABT,2020-12-31,2021-11-30,98.2093276977539,114.5557632446289,0.16644483706458413,,0.16644483706458413,0.40816326530612246
2021-12-31,ADBE,2020-12-31,2021-11-30,500.1199951171875,669.8499755859375,0.3393785134085252,,0.3393785134085252,0.673469387755102
2021-12-31,AMD,2020-12-31,2021-11-30,91.70999908447266,158.3699951171875,0.7268563591557269,,0.6682614473132267,0.9795918367346939
2021-12-31,AMZN,2020-12-31,2021-11-30,162.84649658203125,175.35350036621094,0.07680241237415553,,0.07680241237415553,0.2653061224489796
2021-12-31,ASML,2020-12-31,2021-11-30,463.9817810058594,757.118896484375,0.6317858318553542,,0.6317858318553542,0.9387755102040817
2021-12-31,AVGO,2020-12-31,2021-11-30,39.17341613769531,50.68319320678711,0.2938160161634795,,0.2938160161634795,0.6326530612244898
2021-12-31,BAC,2020-12-31,2021-11-30,26.437841415405273,39.34623718261719,0.4882545274551129,,0.4882545274551129,0.7755102040816326
2021-12-31,CAT,2020-12-31,2021-11-30,164.50650024414062,178.3968048095703,0.08443620492087178,,0.08443620492087178,0.2857142857142857
2021-12-31,COST,2020-12-31,2021-11-30,354.93341064453125,511.9826049804687,0.4424750942740172,,0.4424750942740172,0.7551020408163265
2021-12-31,CRM,2020-12-31,2021-11-30,218.36143493652344,279.6219482421875,0.2805463946665865,,0.2805463946665865,0.5918367346938775
2021-12-31,CRWD,2020-12-31,2021-11-30,52.95500183105469,54.28499984741211,0.025115625915764994,,0.025115625915764994,0.20408163265306123
2021-12-31,CSCO,2020-12-31,2021-11-30,38.05846405029297,48.00732421875,0.2614099233040501,,0.2614099233040501,0.5510204081632653
2021-12-31,CVX,2020-12-31,2021-11-30,66.42748260498047,93.43580627441406,0.40658357972169523,,0.40658357972169523,0.7142857142857143
2021-12-31,GE,2020-12-31,2021-11-30,52.477561950683594,57.82636642456055,0.10192555208459475,,0.10192555208459475,0.3469387755102041
2021-12-31,GOOGL,2020-12-31,2021-11-30,86.80598449707031,140.55999755859375,0.6192431705366768,,0.6192431705366768,0.8979591836734694
2021-12-31,HD,2020-12-31,2021-11-30,230.16461181640625,352.9282531738281,0.5333732253129593,,0.5333732253129593,0.8367346938775511
2021-12-31,HON,2020-12-31,2021-11-30,187.3300018310547,181.16127014160156,-0.03292975833639533,,-0.03292975833639533,0.08163265306122448
2021-12-31,INTC,2020-12-31,2021-11-30,45.038543701171875,45.631343841552734,0.013162062794793039,,0.013162062794793039,0.16326530612244897
2021-12-31,JNJ,2020-12-31,2021-11-30,134.3797149658203,136.4969940185547,0.01575594242979972,,0.01575594242979972,0.1836734693877551
2021-12-31,JPM,2020-12-31,2021-11-30,110.0396957397461,140.9971466064453,0.2813298479115791,,0.2813298479115791,0.6122448979591837
2021-12-31,KO,2020-12-31,2021-11-30,46.28251266479492,45.66097259521485,-0.01342926374982334,,-0.01342926374982334,0.12244897959183673
2021-12-31,MA,2020-12-31,2021-11-30,345.2814636230469,306.12823486328125,-0.1133951077156875,,-0.07837488212565503,0.04081632653061224
2021-12-31,MCD,2020-12-31,2021-11-30,187.7468109130859,218.9128265380859,0.16600023975601785,,0.16600023975601785,0.3877551020408163
2021-12-31,META,2020-12-31,2021-11-30,270.5685729980469,321.3819274902344,0.18780213063604512,,0.18780213063604512,0.4489795918367347
2021-12-31,MRK,2020-12-31,2021-11-30,65.2497787475586,64.28621673583984,-0.014767283969599698,,-0.014767283969599698,0.10204081632653061
2021-12-31,MSFT,2020-12-31,2021-11-30,212.07537841796875,317.8567199707031,0.4987912427262311,,0.4987912427262311,0.7959183673469388
2021-12-31,MU,2020-12-31,2021-11-30,73.31082153320312,82.0260238647461,0.11888016188163686,,0.11888016188163686,0.3673469387755102
2021-12-31,NFLX,2020-12-31,2021-11-30,54.073001861572266,64.19000244140625,0.18709892610981105,,0.18709892610981105,0.42857142857142855
2021-12-31,NKE,2020-12-31,2021-11-30,128.35020446777344,154.42189025878906,0.2031292891127554,,0.2031292891127554,0.5102040816326531
2021-12-31,NVDA,2020-12-31,2021-11-30,12.98799991607666,32.53269958496094,1.5048275173371133,,0.6682614473132267,0.9795918367346939
2021-12-31,ORCL,2020-12-31,2021-11-30,59.762882232666016,85.12044525146484,0.424302879504338,,0.424302879504338,0.7346938775510204
2021-12-31,PEP,2020-12-31,2021-11-30,123.35196685791016,135.86553955078125,0.10144607347271206,,0.10144607347271206,0.32653061224489793
2021-12-31,PFE,2020-12-31,2021-11-30,27.427289962768555,41.60089111328125,0.5167700188298876,,0.5167700188298876,0.8163265306122449
2021-12-31,PG,2020-12-31,2021-11-30,120.10498809814452,127.9397430419922,0.06523255251851379,,0.06523255251851379,0.24489795918367346
2021-12-31,PLTR,2020-12-31,2021-11-30,23.549999237060547,20.649999618530273,-0.12314223832188298,,-0.07837488212565503,0.04081632653061224
2021-12-31,QCOM,2020-12-31,2021-11-30,134.67979431152344,161.9582977294922,0.2025433997535795,,0.2025433997535795,0.4897959183673469
2021-12-31,RKLB,2020-12-31,2021-11-30,,15.859999656677246,,less than 12 months of history,,
2021-12-31,SMCI,2020-12-31,2021-11-30,3.1659998893737793,4.139999866485596,0.30764371798650614,,0.30764371798650614,0.6530612244897959
2021-12-31,STX,2020-12-31,2021-11-30,52.6392936706543,89.09613800048828,0.6925785242851423,,0.6682614473132267,0.9795918367346939
2021-12-31,TMO,2020-12-31,2021-11-30,458.4383544921875,623.853759765625,0.36082366070061545,,0.36082366070061545,0.6938775510204082
2021-12-31,TSLA,2020-12-31,2021-11-30,235.22332763671875,381.586669921875,0.6222314077250077,,0.6222314077250077,0.9183673469387755
2021-12-31,TSM,2020-12-31,2021-11-30,99.48614501953124,108.14222717285156,0.08700791604319336,,0.08700791604319336,0.30612244897959184
2021-12-31,TXN,2020-12-31,2021-11-30,140.0362548828125,167.99176025390625,0.19963048422344598,,0.19963048422344598,0.46938775510204084
2021-12-31,UNH,2020-12-31,2021-11-30,316.9681091308594,405.8377380371094,0.28037403873195466,,0.28037403873195466,0.5714285714285714
2021-12-31,V,2020-12-31,2021-11-30,209.68142700195312,186.89500427246097,-0.10867163131849489,,-0.07837488212565503,0.04081632653061224
2021-12-31,WDC,2020-12-31,2021-11-30,41.66279220581055,43.505611419677734,0.0442317741154703,,0.0442317741154703,0.22448979591836735
2021-12-31,WFC,2020-12-31,2021-11-30,26.461820602416992,42.46438980102539,0.6047418066596197,,0.6047418066596197,0.8775510204081632
2021-12-31,WMT,2020-12-31,2021-11-30,44.60922622680664,44.034690856933594,-0.01287929467666482,,-0.01287929467666482,0.14285714285714285
2021-12-31,XOM,2020-12-31,2021-11-30,33.0269775390625,50.894264221191406,0.5409906692489936,,0.5409906692489936,0.8571428571428571
2022-01-31,AAPL,2021-01-29,2021-12-31,128.1080780029297,173.449462890625,0.35393072470151643,,0.35393072470151643,0.6326530612244898
2022-01-31,ABT,2021-01-29,2021-12-31,111.30322265625,128.19100952148438,0.1517277439251763,,0.1517277439251763,0.32653061224489793
2022-01-31,ADBE,2021-01-29,2021-12-31,458.7699890136719,567.0599975585938,0.23604422943562398,,0.23604422943562398,0.42857142857142855
2022-01-31,AMD,2021-01-29,2021-12-31,85.63999938964844,143.89999389648438,0.6802895250122807,,0.6802895250122807,0.9387755102040817
2022-01-31,AMZN,2021-01-29,2021-12-31,160.30999755859375,166.7169952392578,0.03996630140501556,,0.03996630140501556,0.10204081632653061
2022-01-31,ASML,2021-01-29,2021-12-31,508.1614074707031,761.547607421875,0.498633300809606,,0.498633300809606,0.7755102040816326
2022-01-31,AVGO,2021-01-29,2021-12-31,40.305179595947266,61.30046844482422,0.520907959208996,,0.520907959208996,0.7959183673469388
2022-01-31,BAC,2021-01-29,2021-12-31,25.862157821655273,39.55339813232422,0.5293928064735882,,0.5293928064735882,0.8367346938775511
2022-01-31,CAT,2021-01-29,2021-12-31,166.1267547607422,190.7512664794922,0.14822724824917288,,0.14822724824917288,0.30612244897959184
2022-01-31,COST,2021-01-29,2021-12-31,331.9952697753906,538.8640747070312,0.6231076878643376,,0.6231076878643376,0.8979591836734694
2022-01-31,CRM,2021-01-29,2021-12-31,221.3346710205078,249.3694610595703,0.12666244248947756,,0.12666244248947756,0.22448979591836735
2022-01-31,CRWD,2021-01-29,2021-12-31,53.95000076293945,51.1875,-0.05120483269459253,,-0.026579121839900858,0.04081632653061224
2022-01-31,CSCO,2021-01-29,2021-12-31,38.221378326416016,55.47454833984375,0.451401042267058,,0.451401042267058,0.7142857142857143
2022-01-31,CVX,2021-01-29,2021-12-31,67.0174560546875,97.1444320678711,0.4495392362938906,,0.4495392362938906,0.6938775510204082
2022-01-31,GE,2021-01-29,2021-12-31,51.89447784423828,57.5601692199707,0.10917715354489244,,0.10917715354489244,0.20408163265306123
2022-01-31,GOOGL,2021-01-29,2021-12-31,90.50675964355467,143.48663330078125,0.5853692460748645,,0.5853692460748645,0.8775510204081632
2022-01-31,HD,2021-01-29,2021-12-31,234.6705322265625,367.12640380859375,0.5644333369225576,,0.5644333369225576,0.8571428571428571
2022-01-31,HON,2021-01-29,2021-12-31,172.06703186035156,186.7777557373047,0.08549414561234636,,0.08549414561234636,0.1836734693877551
2022-01-31,INTC,2021-01-29,2021-12-31,50.18244171142578,47.764522552490234,-0.04818257295728645,,-0.026579121839900858,0.04081632653061224
2022-01-31,JNJ,2021-01-29,2021-12-31,139.28939819335938,149.75018310546875,0.0751010848477347,,0.0751010848477347,0.14285714285714285
2022-01-31,JPM,2021-01-29,2021-12-31,112.22772216796876,140.571044921875,0.25255188474275014,,0.25255188474275014,0.4489795918367347
2022-01-31,KO,2021-01-29,2021-12-31,40.63645935058594,51.54597854614258,0.26846628298583153,,0.26846628298583153,0.4897959183673469
2022-01-31,MA,2021-01-29,2021-12-31,306.3469543457031,349.2886047363281,0.14017325709126083,,0.14017325709126083,0.2857142857142857
2022-01-31,MCD,2021-01-29,2021-12-31,181.84963989257812,239.9180603027344,0.3193210635141117,,0.3193210635141117,0.5918367346938775
2022-01-31,META,2021-01-29,2021-12-31,255.87928771972656,333.15911865234375,0.3020167502469542,,0.3020167502469542,0.5306122448979592
2022-01-31,MRK,2021-01-29,2021-12-31,61.476783752441406,66.39482116699219,0.07999828739179082,,0.07999828739179082,0.16326530612244897
2022-01-31,MSFT,2021-01-29,2021-12-31,221.17166137695312,323.3659973144531,0.4620589061965106,,0.4620589061965106,0.7551020408163265
2022-01-31,MU,2021-01-29,2021-12-31,76.32395935058594,91.05799102783205,0.19304595572101957,,0.19304595572101957,0.40816326530612246
2022-01-31,NFLX,2021-01-29,2021-12-31,53.23899841308594,60.24399948120117,0.13157649987632802,,0.13157649987632802,0.2653061224489796
2022-01-31,NKE,2021-01-29,2021-12-31,121.20098876953124,152.35023498535156,0.25700488529059706,,0.25700488529059706,0.46938775510204084
2022-01-31,NVDA,2021-01-29,2021-12-31,12.923083305358888,29.28561210632324,1.266147436670876,,0.6866022586070973,0.9795918367346939
2022-01-31,ORCL,2021-01-29,2021-12-31,56.04096221923828,81.80907440185547,0.4598085250893722,,0.4598085250893722,0.7346938775510204
2022-01-31,PEP,2021-01-29,2021-12-31,113.59527587890624,148.70877075195312,0.3091105206741014,,0.3091105206741014,0.5510204081632653
2022-01-31,PFE,2021-01-29,2021-12-31,27.040246963500977,45.719940185546875,0.6908107476703085,,0.6866022586070973,0.9795918367346939
2022-01-31,PG,2021-01-29,2021-12-31,111.3377914428711,144.75296020507812,0.30012422852264686,,0.30012422852264686,0.5102040816326531
2022-01-31,PLTR,2021-01-29,2021-12-31,35.18000030517578,18.209999084472656,-0.4823763807132898,,-0.026579121839900858,0.04081632653061224
2022-01-31,QCOM,2021-01-29,2021-12-31,138.16302490234375,164.650390625,0.19171095697548624,,0.19171095697548624,0.3877551020408163
2022-01-31,RKLB,2021-01-29,2021-12-31,,12.279999732971191,,less than 12 months of history,,
2022-01-31,SMCI,2021-01-29,2021-12-31,3.0999999046325684,4.394999980926514,0.4177419729461047,,0.4177419729461047,0.6530612244897959
2022-01-31,STX,2021-01-29,2021-12-31,55.99275588989258,98.70023345947266,0.7627321943853336,,0.6866022586070973,0.9795918367346939
2022-01-31,TMO,2021-01-29,2021-12-31,501.6661682128906,658.0404663085938,0.3117098740239206,,0.3117098740239206,0.5714285714285714
2022-01-31,TSLA,2021-01-29,2021-12-31,264.510009765625,352.260009765625,0.33174547941589383,,0.33174547941589383,0.6122448979591837
2022-01-31,TSM,2021-01-29,2021-12-31,110.8726806640625,111.51863098144533,0.0058260548361774855,,0.0058260548361774855,0.08163265306122448
2022-01-31,TXN,2021-01-29,2021-12-31,142.2244873046875,164.58599853515625,0.1572268717873011,,0.1572268717873011,0.3673469387755102
2022-01-31,UNH,2021-01-29,2021-12-31,301.51202392578125,460.2493896484375,0.526471096097084,,0.526471096097084,0.8163265306122449
2022-01-31,V,2021-01-29,2021-12-31,185.2554931640625,209.0210876464844,0.12828550493439383,,0.12828550493439383,0.24489795918367346
2022-01-31,WDC,2021-01-29,2021-12-31,42.445045471191406,49.04911422729492,0.15559103972655364,,0.15559103972655364,0.3469387755102041
2022-01-31,WFC,2021-01-29,2021-12-31,26.198780059814453,42.64214324951172,0.6276385065318084,,0.6276385065318084,0.9183673469387755
2022-01-31,WMT,2021-01-29,2021-12-31,43.476593017578125,45.4883918762207,0.046273148814332865,,0.046273148814332865,0.12244897959183673
2022-01-31,XOM,2021-01-29,2021-12-31,35.92744827270508,52.04245376586914,0.4485430017418468,,0.4485430017418468,0.673469387755102
2022-02-28,AAPL,2021-02-26,2022-01-31,117.89631652832033,170.7241668701172,0.44808736945659255,,0.44808736945659255,0.8571428571428571
2022-02-28,ABT,2021-02-26,2022-01-31,107.87200927734376,116.50458526611328,0.08002609802673444,,0.08002609802673444,0.32653061224489793
2022-02-28,ADBE,2021-02-26,2022-01-31,459.6700134277344,534.2999877929688,0.16235554242210126,,0.16235554242210126,0.42857142857142855
2022-02-28,AMD,2021-02-26,2022-01-31,84.51000213623047,114.25,0.3519109822743649,,0.3519109822743649,0.7346938775510204
2022-02-28,AMZN,2021-02-26,2022-01-31,154.64649963378906,149.57350158691406,-0.03280383363922312,,-0.03280383363922312,0.1836734693877551
2022-02-28,ASML,2021-02-26,2022-01-31,539.4888305664062,647.775634765625,0.2007211235226669,,0.2007211235226669,0.4489795918367347
2022-02-28,AVGO,2021-02-26,2022-01-31,42.03816604614258,53.97382736206055,0.28392440580821154,,0.28392440580821154,0.5918367346938775
2022-02-28,BAC,2021-02-26,2022-01-31,30.275733947753903,41.02030944824219,0.3548906698357812,,0.3548906698357812,0.7551020408163265
2022-02-28,CAT,2021-02-26,2022-01-31,196.1466522216797,186.874267578125,-0.047272714260120474,,-0.047272714260120474,0.16326530612244897
2022-02-28,COST,2021-02-26,2022-01-31,312.4234619140625,479.4721984863281,0.5346869135526553,,0.5245951072656225,0.9795918367346939
2022-02-28,CRM,2021-02-26,2022-01-31,212.4443817138672,228.27224731445312,0.07450357346660197,,0.07450357346660197,0.30612244897959184
2022-02-28,CRWD,2021-02-26,2022-01-31,54.0,45.15999984741211,-0.16370370652940536,,-0.16370370652940536,0.10204081632653061
2022-02-28,CSCO,2021-02-26,2022-01-31,38.47002029418945,49.02107238769531,0.2742668710029119,,0.2742668710029119,0.5306122448979592
2022-02-28,CVX,2021-02-26,2022-01-31,79.7708511352539,108.71734619140624,0.36287058047146403,,0.36287058047146403,0.7755102040816326
2022-02-28,GE,2021-02-26,2022-01-31,60.93228530883789,57.566261291503906,-0.055242044513399535,,-0.055242044513399535,0.14285714285714285
2022-02-28,GOOGL,2021-02-26,2022-01-31,100.14257049560548,134.0281524658203,0.338373399070097,,0.338373399070097,0.6938775510204082
2022-02-28,HD,2021-02-26,2022-01-31,223.8563995361328,324.6380920410156,0.4502068858148305,,0.4502068858148305,0.8775510204081632
2022-02-28,HON,2021-02-26,2022-01-31,179.00335693359375,183.16783142089844,0.02326478429591461,,0.02326478429591461,0.22448979591836735
2022-02-28,INTC,2021-02-26,2022-01-31,55.280174255371094,45.27891159057617,-0.18091952132048839,,-0.18091952132048839,0.08163265306122448
2022-02-28,JNJ,2021-02-26,2022-01-31,136.1455841064453,150.818115234375,0.10777089263841266,,0.10777089263841266,0.40816326530612246
2022-02-28,JPM,2021-02-26,2022-01-31,128.36366271972656,132.7064666748047,0.033832035196442956,,0.033832035196442956,0.24489795918367346
2022-02-28,KO,2021-02-26,2022-01-31,41.34537506103515,53.11297225952149,0.28461701414280793,,0.28461701414280793,0.6122448979591837
2022-02-28,MA,2021-02-26,2022-01-31,342.7262268066406,376.0861206054687,0.09733685720424612,,0.09733685720424612,0.3673469387755102
2022-02-28,MCD,2021-02-26,2022-01-31,181.47195434570312,232.20333862304688,0.27955495635816385,,0.27955495635816385,0.5714285714285714
2022-02-28,META,2021-02-26,2022-01-31,255.1759796142578,310.2881774902344,0.21597721681832316,,0.21597721681832316,0.46938775510204084
2022-02-28,MRK,2021-02-26,2022-01-31,57.927120208740234,70.58781433105469,0.2185624639493846,,0.2185624639493846,0.4897959183673469
2022-02-28,MSFT,2021-02-26,2022-01-31,222.08248901367188,299.0020446777344,0.34635578881380047,,0.34635578881380047,0.7142857142857143
2022-02-28,MU,2021-02-26,2022-01-31,89.25431060791016,80.4223403930664,-0.09895287022765953,,-0.09895287022765953,0.12244897959183673
2022-02-28,NFLX,2021-02-26,2022-01-31,53.8849983215332,42.7140007019043,-0.2073118301492981,,-0.1967549066177742,0.04081632653061224
2022-02-28,NKE,2021-02-26,2022-01-31,122.5292739868164,135.3483123779297,0.10462021012621481,,0.10462021012621481,0.3877551020408163
2022-02-28,NVDA,2021-02-26,2022-01-31,13.64411163330078,24.381608963012695,0.7869693255444512,,0.5245951072656225,0.9795918367346939
2022-02-28,ORCL,2021-02-26,2022-01-31,59.82463836669922,76.41658020019531,0.27734295244368457,,0.27734295244368457,0.5510204081632653
2022-02-28,PEP,2021-02-26,2022-01-31,107.45679473876952,148.54611206054688,0.382379889719088,,0.382379889719088,0.7959183673469388
2022-02-28,PFE,2021-02-26,2022-01-31,25.225008010864254,41.10582733154297,0.6295664728367556,,0.5245951072656225,0.9795918367346939
2022-02-28,PG,2021-02-26,2022-01-31,107.2736587524414,142.74984741210938,0.3307073616416629,,0.3307073616416629,0.673469387755102
2022-02-28,PLTR,2021-02-26,2022-01-31,23.899999618530273,13.710000038146973,-0.42635982188396093,,-0.1967549066177742,0.04081632653061224
2022-02-28,QCOM,2021-02-26,2022-01-31,120.4020004272461,158.24874877929688,0.31433654106868425,,0.31433654106868425,0.6530612244897959
2022-02-28,RKLB,2021-02-26,2022-01-31,,9.039999961853027,,less than 12 months of history,,
2022-02-28,SMCI,2021-02-26,2022-01-31,3.263000011444092,4.052000045776367,0.2418020323521517,,0.2418020323521517,0.5102040816326531
2022-02-28,STX,2021-02-26,2022-01-31,62.01375198364258,93.60711669921876,0.5094573978350736,,0.5094573978350736,0.9387755102040817
2022-02-28,TMO,2021-02-26,2022-01-31,442.98577880859375,573.2852783203125,0.2941392381989283,,0.2941392381989283,0.6326530612244898
2022-02-28,TSLA,2021-02-26,2022-01-31,225.1666717529297,312.239990234375,0.38670606890254566,,0.38670606890254566,0.8163265306122449
2022-02-28,TSM,2021-02-26,2022-01-31,114.9053955078125,113.66912078857422,-0.01075906587131692,,-0.01075906587131692,0.20408163265306123
2022-02-28,TXN,2021-02-26,2022-01-31,147.87258911132812,157.78196716308594,0.06701294750643338,,0.06701294750643338,0.2653061224489796
2022-02-28,UNH,2021-02-26,2022-01-31,300.28277587890625,433.1462097167969,0.44246105508052813,,0.44246105508052813,0.8367346938775511
2022-02-28,V,2021-02-26,2022-01-31,203.9198303222656,218.14549255371097,0.06976105368940222,,0.06976105368940222,0.2857142857142857
2022-02-28,WDC,2021-02-26,2022-01-31,51.54632568359375,38.91736602783203,-0.24500213135038806,,-0.1967549066177742,0.04081632653061224
2022-02-28,WFC,2021-02-26,2022-01-31,31.814207077026367,47.814659118652344,0.5029341766364563,,0.5029341766364563,0.9183673469387755
2022-02-28,WMT,2021-02-26,2022-01-31,40.20555114746094,43.95418548583984,0.09323673551023148,,0.09323673551023148,0.3469387755102041
2022-02-28,XOM,2021-02-26,2022-01-31,44.30305099487305,64.60441589355469,0.4582385285616335,,0.4582385285616335,0.8979591836734694
2022-03-31,AAPL,2021-03-31,2022-02-28,118.76162719726562,161.49380493164062,0.35981468714129305,,0.35981468714129305,0.8571428571428571
2022-03-31,ABT,2021-03-31,2022-02-28,107.926025390625,110.25250244140624,0.021556219108049612,,0.021556219108049612,0.3877551020408163
2022-03-31,ADBE,2021-03-31,2022-02-28,475.3699951171875,467.6799926757813,-0.016176878053715704,,-0.016176878053715704,0.24489795918367346
2022-03-31,AMD,2021-03-31,2022-02-28,78.5,123.33999633789062,0.5712101444317277,,0.4831558451177351,0.9795918367346939
2022-03-31,AMZN,2021-03-31,2022-02-28,154.70399475097656,153.56300354003906,-0.007375318347623283,,-0.007375318347623283,0.2653061224489796
2022-03-31,ASML,2021-03-31,2022-02-28,587.31201171875,637.5499267578125,0.08553871543005376,,0.08553871543005376,0.5306122448979592
2022-03-31,AVGO,2021-03-31,2022-02-28,41.80682373046875,54.11753845214844,0.29446663542410323,,0.29446663542410323,0.7551020408163265
2022-03-31,BAC,2021-03-31,2022-02-28,33.91489791870117,39.29557800292969,0.15865240394138214,,0.15865240394138214,0.6122448979591837
2022-03-31,CAT,2021-03-31,2022-02-28,210.67495727539065,173.912841796875,-0.1744968455385082,,-0.1744968455385082,0.12244897959183673
2022-03-31,COST,2021-03-31,2022-02-28,332.697998046875,493.6220397949219,0.48369404893555656,,0.4831558451177351,0.9795918367346939
2022-03-31,CRM,2021-03-31,2022-02-28,207.901123046875,206.5862274169922,-0.00632462013967261,,-0.00632462013967261,0.2857142857142857
2022-03-31,CRWD,2021-03-31,2022-02-28,45.627498626708984,48.8025016784668,0.0695852971852211,,0.0695852971852211,0.5102040816326531
2022-03-31,CSCO,2021-03-31,2022-02-28,44.33438873291016,49.10914611816406,0.10769873052765289,,0.10769873052765289,0.5714285714285714
2022-03-31,CVX,2021-03-31,2022-02-28,83.59187316894531,120.45734405517578,0.44101740382970767,,0.44101740382970767,0.9183673469387755
2022-03-31,GE,2021-03-31,2022-02-28,63.84616470336914,58.19383239746094,-0.08853049094129739,,-0.08853049094129739,0.16326530612244897
2022-03-31,GOOGL,2021-03-31,2022-02-28,102.1539306640625,133.78395080566406,0.3096309651130138,,0.3096309651130138,0.7959183673469388
2022-03-31,HD,2021-03-31,2022-02-28,266.1622314453125,279.3897399902344,0.0496971657965668,,0.0496971657965668,0.46938775510204084
2022-03-31,HON,2021-03-31,2022-02-28,192.0249938964844,170.90895080566406,-0.1099650762244182,,-0.1099650762244182,0.14285714285714285
2022-03-31,INTC,2021-03-31,2022-02-28,58.20881271362305,44.57715606689453,-0.23418544394289276,,-0.23418544394289276,0.10204081632653061
2022-03-31,JNJ,2021-03-31,2022-02-28,141.20616149902344,144.98501586914062,0.026761256945174505,,0.026761256945174505,0.40816326530612246
2022-03-31,JPM,2021-03-31,2022-02-28,132.7770538330078,126.6337432861328,-0.04626786307972597,,-0.04626786307972597,0.22448979591836735
2022-03-31,KO,2021-03-31,2022-02-28,44.85515213012695,54.183780670166016,0.20797228628221487,,0.20797228628221487,0.6938775510204082
2022-03-31,MA,2021-03-31,2022-02-28,344.8570251464844,351.2070617675781,0.01841353418390268,,0.01841353418390268,0.3673469387755102
2022-03-31,MCD,2021-03-31,2022-02-28,197.3179473876953,220.28363037109375,0.11638922504233684,,0.11638922504233684,0.5918367346938775
2022-03-31,META,2021-03-31,2022-02-28,291.73583984375,209.02801513671875,-0.2835024478011632,,-0.24097476812184757,0.04081632653061224
2022-03-31,MRK,2021-03-31,2022-02-28,62.03301239013672,66.34283447265625,0.06947626620829395,,0.06947626620829395,0.4897959183673469
2022-03-31,MSFT,2021-03-31,2022-02-28,225.32225036621097,287.8755798339844,0.2776171876772353,,0.2776171876772353,0.7142857142857143
2022-03-31,MU,2021-03-31,2022-02-28,86.01686096191406,86.86434173583984,0.00985249594612636,,0.00985249594612636,0.3469387755102041
2022-03-31,NFLX,2021-03-31,2022-02-28,52.16600036621094,39.45199966430664,-0.2437219762422007,,-0.24097476812184757,0.04081632653061224
2022-03-31,NKE,2021-03-31,2022-02-28,120.81101989746094,124.81804656982422,0.033167724895992734,,0.033167724895992734,0.4489795918367347
2022-03-31,NVDA,2021-03-31,2022-02-28,13.284326553344728,24.28103828430176,0.8277959508747759,,0.4831558451177351,0.9795918367346939
2022-03-31,ORCL,2021-03-31,2022-02-28,65.07354736328125,71.52992248535156,0.09921658467497996,,0.09921658467497996,0.5510204081632653
2022-03-31,PEP,2021-03-31,2022-02-28,118.5937728881836,140.17369079589844,0.1819650170676459,,0.1819650170676459,0.6530612244897959
2022-03-31,PFE,2021-03-31,2022-02-28,27.288793563842773,36.62000274658203,0.3419428990478701,,0.3419428990478701,0.8367346938775511
2022-03-31,PG,2021-03-31,2022-02-28,117.60765838623048,138.69290161132812,0.17928461049579325,,0.17928461049579325,0.6326530612244898
2022-03-31,PLTR,2021-03-31,2022-02-28,23.290000915527344,11.850000381469728,-0.49119794265145844,,-0.24097476812184757,0.04081632653061224
2022-03-31,QCOM,2021-03-31,2022-02-28,117.77798461914062,154.8543701171875,0.3147989466617298,,0.3147989466617298,0.8163265306122449
2022-03-31,RKLB,2021-03-31,2022-02-28,,9.539999961853027,,less than 12 months of history,,
2022-03-31,SMCI,2021-03-31,2022-02-28,3.9059998989105225,3.928999900817871,0.005888377496825914,,0.005888377496825914,0.30612244897959184
2022-03-31,STX,2021-03-31,2022-02-28,65.5731430053711,90.12144470214844,0.3743651832392203,,0.3743651832392203,0.8775510204081632
2022-03-31,TMO,2021-03-31,2022-02-28,449.4458923339844,536.4996337890625,0.19369126059425246,,0.19369126059425246,0.673469387755102
2022-03-31,TSLA,2021-03-31,2022-02-28,222.6433258056641,290.1433410644531,0.3031755612459137,,0.3031755612459137,0.7755102040816326
2022-03-31,TSM,2021-03-31,2022-02-28,108.32318115234376,99.19050598144533,-0.08430951781276075,,-0.08430951781276075,0.1836734693877551
2022-03-31,TXN,2021-03-31,2022-02-28,162.22470092773438,149.43093872070312,-0.0788644524160993,,-0.0788644524160993,0.20408163265306123
2022-03-31,UNH,2021-03-31,2022-02-28,337.4966735839844,436.1709289550781,0.2923710456854003,,0.2923710456854003,0.7346938775510204
2022-03-31,V,2021-03-31,2022-02-28,203.28610229492188,208.7911834716797,0.0270804600738086,,0.0270804600738086,0.42857142857142855
2022-03-31,WDC,2021-03-31,2022-02-28,50.20745468139648,38.31562042236328,-0.23685395594131786,,-0.23685395594131786,0.08163265306122448
2022-03-31,WFC,2021-03-31,2022-02-28,34.3649787902832,47.64546203613281,0.38645399221386123,,0.38645399221386123,0.8979591836734694
2022-03-31,WMT,2021-03-31,2022-02-28,42.209991455078125,42.492305755615234,0.006688328777264996,,0.006688328777264996,0.32653061224489793
2022-03-31,XOM,2021-03-31,2022-02-28,45.492713928222656,67.4360580444336,0.482348539391003,,0.482348539391003,0.9387755102040817
2022-04-29,AAPL,2021-04-30,2022-03-31,127.8133773803711,170.77542114257812,0.33613104232706803,,0.33613104232706803,0.8367346938775511
2022-04-29,ABT,2021-04-30,2022-03-31,108.53923034667967,108.1867446899414,-0.0032475415166701715,,-0.0032475415166701715,0.3673469387755102
2022-04-29,ADBE,2021-04-30,2022-03-31,508.3399963378906,455.6199951171875,-0.1037101184256618,,-0.1037101184256618,0.16326530612244897
2022-04-29,AMD,2021-04-30,2022-03-31,81.62000274658203,109.33999633789062,0.3396225515622078,,0.3396225515622078,0.8571428571428571
2022-04-29,AMZN,2021-04-30,2022-03-31,173.37100219726562,162.99749755859375,-0.05983413896903389,,-0.05983413896903389,0.2857142857142857
2022-04-29,ASML,2021-04-30,2022-03-31,616.5557861328125,638.9082641601562,0.036253780323016516,,0.036253780323016516,0.46938775510204084
2022-04-29,AVGO,2021-04-30,2022-03-31,41.13417434692383,58.4011344909668,0.41977164774025066,,0.41977164774025066,0.8979591836734694
2022-04-29,BAC,2021-04-30,2022-03-31,35.52780532836914,36.82541275024414,0.03652371459147963,,0.03652371459147963,0.4897959183673469
2022-04-29,CAT,2021-04-30,2022-03-31,208.1955718994141,206.58529663085935,-0.007734435722450028,,-0.007734435722450028,0.3469387755102041
2022-04-29,COST,2021-04-30,2022-03-31,351.959716796875,547.4287109375,0.555373199863765,,0.5423102994763911,0.9795918367346939
2022-04-29,CRM,2021-04-30,2022-03-31,226.00547790527344,208.3426818847656,-0.07815207040207639,,-0.07815207040207639,0.24489795918367346
2022-04-29,CRWD,2021-04-30,2022-03-31,52.127498626708984,56.77000045776367,0.08906051418849348,,0.08906051418849348,0.5510204081632653
2022-04-29,CSCO,2021-04-30,2022-03-31,43.961429595947266,49.1003303527832,0.11689566977388943,,0.11689566977388943,0.6326530612244898
2022-04-29,CVX,2021-04-30,2022-03-31,82.21981048583984,136.20883178710938,0.6566424926334231,,0.5423102994763911,0.9795918367346939
2022-04-29,GE,2021-04-30,2022-03-31,63.797550201416016,55.80064010620117,-0.12534823155384023,,-0.12534823155384023,0.10204081632653061
2022-04-29,GOOGL,2021-04-30,2022-03-31,116.56580352783205,137.7566680908203,0.18179314963439164,,0.18179314963439164,0.6938775510204082
2022-04-29,HD,2021-04-30,2022-03-31,282.2236022949219,266.3914489746094,-0.05609790673626225,,-0.05609790673626225,0.30612244897959184
2022-04-29,HON,2021-04-30,2022-03-31,197.3062286376953,175.2593994140625,-0.1117391446578021,,-0.1117391446578021,0.14285714285714285
2022-04-29,INTC,2021-04-30,2022-03-31,52.32426071166992,46.31538391113281,-0.1148392106990046,,-0.1148392106990046,0.12244897959183673
2022-04-29,JNJ,2021-04-30,2022-03-31,139.8142852783203,156.1383819580078,0.1167555707715564,,0.1167555707715564,0.6122448979591837
2022-04-29,JPM,2021-04-30,2022-03-31,134.94529724121094,121.7398910522461,-0.09785747602126915,,-0.09785747602126915,0.1836734693877551
2022-04-29,KO,2021-04-30,2022-03-31,45.935890197753906,54.38800811767578,0.18399813051484415,,0.18399813051484415,0.7142857142857143
2022-04-29,MA,2021-04-30,2022-03-31,370.4887390136719,347.85870361328125,-0.06108157419477067,,-0.06108157419477067,0.2653061224489796
2022-04-29,MCD,2021-04-30,2022-03-31,207.82916259765625,222.54251098632812,0.07079539851274852,,0.07079539851274852,0.5102040816326531
2022-04-29,META,2021-04-30,2022-03-31,321.9960021972656,220.25048828125,-0.3159837799901717,,-0.28641399480014046,0.04081632653061224
2022-04-29,MRK,2021-04-30,2022-03-31,59.948875427246094,71.71391296386719,0.19625117990577046,,0.19625117990577046,0.7551020408163265
2022-04-29,MSFT,2021-04-30,2022-03-31,241.00506591796875,297.0477600097656,0.23253741110517656,,0.23253741110517656,0.7755102040816326
2022-04-29,MU,2021-04-30,2022-03-31,83.93004608154297,76.14070129394531,-0.0928075838303466,,-0.0928075838303466,0.20408163265306123
2022-04-29,NFLX,2021-04-30,2022-03-31,51.34700012207031,37.45899963378906,-0.2704734542478523,,-0.2704734542478523,0.08163265306122448
2022-04-29,NKE,2021-04-30,2022-03-31,120.5655746459961,123.27967834472656,0.022511431697643358,,0.022511431697643358,0.40816326530612246
2022-04-29,NVDA,2021-04-30,2022-03-31,14.937621116638184,27.174297332763672,0.8191850710750548,,0.5423102994763911,0.9795918367346939
2022-04-29,ORCL,2021-04-30,2022-03-31,70.5894546508789,77.89482116699219,0.10349090458686971,,0.10349090458686971,0.5918367346938775
2022-04-29,PEP,2021-04-30,2022-03-31,120.86589050292967,144.2322235107422,0.19332445994965086,,0.19332445994965086,0.7346938775510204
2022-04-29,PFE,2021-04-30,2022-03-31,29.111557006835938,40.38809967041016,0.38735621941919085,,0.38735621941919085,0.8775510204081632
2022-04-29,PG,2021-04-30,2022-03-31,116.6034164428711,135.94374084472656,0.16586413153109536,,0.16586413153109536,0.673469387755102
2022-04-29,PLTR,2021-04-30,2022-03-31,23.040000915527344,13.729999542236328,-0.40407990465906307,,-0.28641399480014046,0.04081632653061224
2022-04-29,QCOM,2021-04-30,2022-03-31,123.2942352294922,138.1682586669922,0.12063843382307704,,0.12063843382307704,0.6530612244897959
2022-04-29,RKLB,2021-04-30,2022-03-31,,8.050000190734863,,less than 12 months of history,,
2022-04-29,SMCI,2021-04-30,2022-03-31,3.70199990272522,3.806999921798706,0.028363052899107455,,0.028363052899107455,0.42857142857142855
2022-04-29,STX,2021-04-30,2022-03-31,79.31999969482422,79.12460327148438,-0.0024633941514323743,,-0.0024633941514323743,0.3877551020408163
2022-04-29,TMO,2021-04-30,2022-03-31,463.0854797363281,582.8327026367188,0.25858557035425167,,0.25858557035425167,0.7959183673469388
2022-04-29,TSLA,2021-04-30,2022-03-31,236.47999572753903,359.20001220703125,0.5189445986834522,,0.5189445986834522,0.9183673469387755
2022-04-29,TSM,2021-04-30,2022-03-31,106.9127960205078,97.10755920410156,-0.09171247204614696,,-0.09171247204614696,0.22448979591836735
2022-04-29,TXN,2021-04-30,2022-03-31,155.80084228515625,161.2893829345703,0.03522792668455921,,0.03522792668455921,0.4489795918367347
2022-04-29,UNH,2021-04-30,2022-03-31,361.7428894042969,468.8094177246094,0.29597410607469077,,0.29597410607469077,0.8163265306122449
2022-04-29,V,2021-04-30,2022-03-31,224.2455139160156,214.2495880126953,-0.04457581214785844,,-0.04457581214785844,0.32653061224489793
2022-04-29,WDC,2021-04-30,2022-03-31,53.125885009765625,37.34531784057617,-0.29704102183499925,,-0.28641399480014046,0.04081632653061224
2022-04-29,WFC,2021-04-30,2022-03-31,39.62483215332031,43.26212310791016,0.09179322048648908,,0.09179322048648908,0.5714285714285714
2022-04-29,WMT,2021-04-30,2022-03-31,43.47786712646485,46.99932098388672,0.08099417221132188,,0.08099417221132188,0.5306122448979592
2022-04-29,XOM,2021-04-30,2022-03-31,46.64164733886719,71.02198028564453,0.5227159488953308,,0.5227159488953308,0.9387755102040817
2022-05-31,AAPL,2021-05-28,2022-04-29,121.35916900634766,154.1878662109375,0.2705085859880332,,0.2705085859880332,0.8979591836734694
2022-05-31,ABT,2021-05-28,2022-04-29,105.43891143798828,104.15796661376952,-0.012148691661826638,,-0.012148691661826638,0.5510204081632653
2022-05-31,ADBE,2021-05-28,2022-04-29,504.5799865722656,395.9500122070313,-0.2152879171906601,,-0.2152879171906601,0.20408163265306123
2022-05-31,AMD,2021-05-28,2022-04-29,80.08000183105469,85.5199966430664,0.0679320015937126,,0.0679320015937126,0.6122448979591837
2022-05-31,AMZN,2021-05-28,2022-04-29,161.15350341796875,124.28150177001952,-0.22880049683014203,,-0.22880049683014203,0.16326530612244897
2022-05-31,ASML,2021-05-28,2022-04-29,644.4531860351562,539.2741088867188,-0.16320669899318296,,-0.16320669899318296,0.2653061224489796
2022-05-31,AVGO,2021-05-28,2022-04-29,42.58857727050781,51.41818618774414,0.20732340648887448,,0.20732340648887448,0.7959183673469388
2022-05-31,BAC,2021-05-28,2022-04-29,37.15825653076172,31.87604331970215,-0.14215449550725434,,-0.14215449550725434,0.30612244897959184
2022-05-31,CAT,2021-05-28,2022-04-29,220.0332489013672,196.13607788085935,-0.10860709070027896,,-0.10860709070027896,0.3469387755102041
2022-05-31,COST,2021-05-28,2022-04-29,357.8053894042969,506.2989196777344,0.415012000016717,,0.406097503454738,0.9795918367346939
2022-05-31,CRM,2021-05-28,2022-04-29,233.63980102539065,172.6442108154297,-0.2610667786150541,,-0.2610667786150541,0.12244897959183673
2022-05-31,CRWD,2021-05-28,2022-04-29,55.537498474121094,49.689998626708984,-0.1052892191414937,,-0.1052892191414937,0.3673469387755102
2022-05-31,CSCO,2021-05-28,2022-04-29,45.67981719970703,43.42546463012695,-0.04935117318277138,,-0.04935117318277138,0.4897959183673469
2022-05-31,CVX,2021-05-28,2022-04-29,83.80763244628906,131.05592346191406,0.5637707406411421,,0.406097503454738,0.9795918367346939
2022-05-31,GE,2021-05-28,2022-04-29,68.3683853149414,45.46380233764648,-0.3350171701698694,,-0.3350171701698694,0.08163265306122448
2022-05-31,GOOGL,2021-05-28,2022-04-29,116.73171997070312,113.03390502929688,-0.03167789305541213,,-0.03167789305541213,0.5306122448979592
2022-05-31,HD,2021-05-28,2022-04-29,278.0730285644531,267.3437805175781,-0.038584281626537265,,-0.038584281626537265,0.5102040816326531
2022-05-31,HON,2021-05-28,2022-04-29,205.13519287109375,174.29562377929688,-0.1503377780290306,,-0.1503377780290306,0.2857142857142857
2022-05-31,INTC,2021-05-28,2022-04-29,52.271331787109375,40.73623275756836,-0.22067735095254803,,-0.22067735095254803,0.1836734693877551
2022-05-31,JNJ,2021-05-28,2022-04-29,146.32337951660156,158.98399353027344,0.0865248879263032,,0.0865248879263032,0.6530612244897959
2022-05-31,JPM,2021-05-28,2022-04-29,144.0960693359375,107.38395690917967,-0.2547752523434159,,-0.2547752523434159,0.14285714285714285
2022-05-31,KO,2021-05-28,2022-04-29,47.050682067871094,56.67757034301758,0.20460677405822936,,0.20460677405822936,0.7755102040816326
2022-05-31,MA,2021-05-28,2022-04-29,349.65924072265625,354.1897888183594,0.012957038076098382,,0.012957038076098382,0.5714285714285714
2022-05-31,MCD,2021-05-28,2022-04-29,207.03839111328125,224.2344207763672,0.0830572029207719,,0.0830572029207719,0.6326530612244898
2022-05-31,META,2021-05-28,2022-04-29,325.61138916015625,198.5681610107422,-0.3901682569430217,,-0.36810782223376076,0.04081632653061224
2022-05-31,MRK,2021-05-28,2022-04-29,61.06739807128906,77.5174560546875,0.2693754524172607,,0.2693754524172607,0.8775510204081632
2022-05-31,MSFT,2021-05-28,2022-04-29,239.16685485839844,267.3825378417969,0.11797488828501712,,0.11797488828501712,0.6938775510204082
2022-05-31,MU,2021-05-28,2022-04-29,82.04802703857422,66.74964141845703,-0.18645647156055045,,-0.18645647156055045,0.24489795918367346
2022-05-31,NFLX,2021-05-28,2022-04-29,50.28099822998047,19.035999298095703,-0.621407689421223,,-0.36810782223376076,0.04081632653061224
2022-05-31,NKE,2021-05-28,2022-04-29,124.30687713623048,114.24626159667967,-0.08093370030143365,,-0.08093370030143365,0.40816326530612246
2022-05-31,NVDA,2021-05-28,2022-04-29,16.166706085205078,18.47107315063477,0.14253782145136706,,0.14253782145136706,0.7142857142857143
2022-05-31,ORCL,2021-05-28,2022-04-29,73.33704376220703,69.3804702758789,-0.05395054509092545,,-0.05395054509092545,0.46938775510204084
2022-05-31,PEP,2021-05-28,2022-04-29,124.03507232666016,147.96340942382812,0.19291589586975877,,0.19291589586975877,0.7551020408163265
2022-05-31,PFE,2021-05-28,2022-04-29,29.459266662597656,38.28171157836914,0.29947944790400083,,0.29947944790400083,0.9183673469387755
2022-05-31,PG,2021-05-28,2022-04-29,117.85321044921876,143.64016723632812,0.21880572187060254,,0.21880572187060254,0.8367346938775511
2022-05-31,PLTR,2021-05-28,2022-04-29,22.950000762939453,10.399999618530272,-0.546840990292053,,-0.36810782223376076,0.04081632653061224
2022-05-31,QCOM,2021-05-28,2022-04-29,119.5101318359375,126.29712677001952,0.056790121722894105,,0.056790121722894105,0.5918367346938775
2022-05-31,RKLB,2021-05-28,2022-04-29,,7.380000114440918,,less than 12 months of history,,
2022-05-31,SMCI,2021-05-28,2022-04-29,3.4739999771118164,4.210000038146973,0.2118595468866542,,0.2118595468866542,0.8163265306122449
2022-05-31,STX,2021-05-28,2022-04-29,82.41986846923828,72.20669555664062,-0.12391639421760947,,-0.12391639421760947,0.32653061224489793
2022-05-31,TMO,2021-05-28,2022-04-29,462.3665771484375,545.6019287109375,0.1800202602788441,,0.1800202602788441,0.7346938775510204
2022-05-31,TSLA,2021-05-28,2022-04-29,208.4066619873047,290.2533264160156,0.39272575861176984,,0.39272575861176984,0.9387755102040817
2022-05-31,TSM,2021-05-28,2022-04-29,107.48060607910156,86.55481719970703,-0.194693625601571,,-0.194693625601571,0.22448979591836735
2022-05-31,TXN,2021-05-28,2022-04-29,163.83648681640625,149.65945434570312,-0.08653159467823424,,-0.08653159467823424,0.3877551020408163
2022-05-31,UNH,2021-05-28,2022-04-29,373.6437683105469,467.5039978027344,0.25120244856908025,,0.25120244856908025,0.8571428571428571
2022-05-31,V,2021-05-28,2022-04-29,218.55213928222656,205.902587890625,-0.05787887244272916,,-0.05787887244272916,0.42857142857142855
2022-05-31,WDC,2021-05-28,2022-04-29,56.58587265014648,39.91775131225586,-0.29456329923450375,,-0.29456329923450375,0.10204081632653061
2022-05-31,WFC,2021-05-28,2022-04-29,41.1833610534668,38.95018768310547,-0.05422513639579063,,-0.05422513639579063,0.4489795918367347
2022-05-31,WMT,2021-05-28,2022-04-29,44.31001663208008,48.283817291259766,0.08968176862074762,,0.08968176862074762,0.673469387755102
2022-05-31,XOM,2021-05-28,2022-04-29,48.255313873291016,73.30941009521484,0.5191986998097446,,0.406097503454738,0.9795918367346939
2022-06-30,AAPL,2021-06-30,2022-05-31,133.38699340820312,145.7852020263672,0.09294915719572394,,0.09294915719572394,0.6938775510204082
2022-06-30,ABT,2021-06-30,2022-05-31,104.78809356689452,107.7920150756836,0.028666630020055095,,0.028666630020055095,0.6326530612244898
2022-06-30,ADBE,2021-06-30,2022-05-31,585.6400146484375,416.4800109863281,-0.2888463893022353,,-0.2888463893022353,0.14285714285714285
2022-06-30,AMD,2021-06-30,2022-05-31,93.93000030517578,101.86000061035156,0.08442457446408436,,0.08442457446408436,0.673469387755102
2022-06-30,AMZN,2021-06-30,2022-05-31,172.00799560546875,120.20950317382812,-0.30114002694647857,,-0.30114002694647857,0.12244897959183673
2022-06-30,ASML,2021-06-30,2022-05-31,659.1174926757812,555.0385131835938,-0.15790656544353587,,-0.15790656544353587,0.24489795918367346
2022-06-30,AVGO,2021-06-30,2022-05-31,43.331783294677734,53.80550765991211,0.241709977500991,,0.241709977500991,0.8979591836734694
2022-06-30,BAC,2021-06-30,2022-05-31,36.29356002807617,33.234004974365234,-0.08430021886373529,,-0.08430021886373529,0.3877551020408163
2022-06-30,CAT,2021-06-30,2022-05-31,198.6304626464844,201.0828094482422,0.012346277449508669,,0.012346277449508669,0.5918367346938775
2022-06-30,COST,2021-06-30,2022-05-31,374.2640380859375,443.9304809570313,0.18614249776008984,,0.18614249776008984,0.8367346938775511
2022-06-30,CRM,2021-06-30,2022-05-31,239.69419860839844,157.23829650878906,-0.34400457991193234,,-0.34400457991193234,0.10204081632653061
2022-06-30,CRWD,2021-06-30,2022-05-31,62.82749938964844,39.997501373291016,-0.36337588218764805,,-0.36337588218764805,0.08163265306122448
2022-06-30,CSCO,2021-06-30,2022-05-31,45.76617431640625,39.94114303588867,-0.12727809058817097,,-0.12727809058817097,0.32653061224489793
2022-06-30,CVX,2021-06-30,2022-05-31,84.5747299194336,147.30667114257812,0.7417338640383879,,0.41398802183792255,0.9795918367346939
2022-06-30,GE,2021-06-30,2022-05-31,65.50064086914062,47.744606018066406,-0.2710818492073661,,-0.2710818492073661,0.16326530612244897
2022-06-30,GOOGL,2021-06-30,2022-05-31,120.93869018554688,112.6896743774414,-0.06820824498305411,,-0.06820824498305411,0.42857142857142855
2022-06-30,HD,2021-06-30,2022-05-31,279.513671875,269.4352111816406,-0.03605712960569074,,-0.03605712960569074,0.5102040816326531
2022-06-30,HON,2021-06-30,2022-05-31,194.8655242919922,175.28933715820312,-0.10045998236432796,,-0.10045998236432796,0.3469387755102041
2022-06-30,INTC,2021-06-30,2022-05-31,51.37451934814453,41.840030670166016,-0.18558789063051095,,-0.18558789063051095,0.22448979591836735
2022-06-30,JNJ,2021-06-30,2022-05-31,142.4242706298828,159.18099975585938,0.11765360673337888,,0.11765360673337888,0.7551020408163265
2022-06-30,JPM,2021-06-30,2022-05-31,136.46310424804688,118.96261596679688,-0.12824336935381175,,-0.12824336935381175,0.2857142857142857
2022-06-30,KO,2021-06-30,2022-05-31,46.39348983764648,55.59857940673828,0.198413389492899,,0.198413389492899,0.8571428571428571
2022-06-30,MA,2021-06-30,2022-05-31,354.03265380859375,348.8191223144531,-0.014726131722751501,,-0.014726131722751501,0.5510204081632653
2022-06-30,MCD,2021-06-30,2022-05-31,204.4713592529297,226.97930908203125,0.11007874115640504,,0.11007874115640504,0.7142857142857143
2022-06-30,META,2021-06-30,2022-05-31,344.4113464355469,191.802978515625,-0.4430991298612196,,-0.41120983079179096,0.04081632653061224
2022-06-30,MRK,2021-06-30,2022-05-31,66.14778137207031,80.43669128417969,0.21601495342280064,,0.21601495342280064,0.8775510204081632
2022-06-30,MSFT,2021-06-30,2022-05-31,259.49334716796875,262.5489807128906,0.01177538298484393,,0.01177538298484393,0.5714285714285714
2022-06-30,MU,2021-06-30,2022-05-31,82.86715698242188,72.28028106689453,-0.1277571996077176,,-0.1277571996077176,0.30612244897959184
2022-06-30,NFLX,2021-06-30,2022-05-31,52.82099914550781,19.743999481201172,-0.626209276602063,,-0.41120983079179096,0.04081632653061224
2022-06-30,NKE,2021-06-30,2022-05-31,140.73110961914062,108.8866729736328,-0.22627858709910087,,-0.22627858709910087,0.1836734693877551
2022-06-30,NVDA,2021-06-30,2022-05-31,19.911272048950195,18.595563888549805,-0.06607855877644742,,-0.06607855877644742,0.4489795918367347
2022-06-30,ORCL,2021-06-30,2022-05-31,72.49878692626953,67.98152160644531,-0.062308150402823004,,-0.062308150402823004,0.46938775510204084
2022-06-30,PEP,2021-06-30,2022-05-31,125.1354751586914,144.5510711669922,0.15515660913644802,,0.15515660913644802,0.8163265306122449
2022-06-30,PFE,2021-06-30,2022-05-31,29.786346435546875,41.716331481933594,0.40051857558970494,,0.40051857558970494,0.9387755102040817
2022-06-30,PG,2021-06-30,2022-05-31,117.92313385009766,132.30462646484375,0.12195649950269849,,0.12195649950269849,0.7755102040816326
2022-06-30,PLTR,2021-06-30,2022-05-31,26.36000061035156,8.680000305175781,-0.6707131978681689,,-0.41120983079179096,0.04081632653061224
2022-06-30,QCOM,2021-06-30,2022-05-31,127.61070251464844,129.48870849609375,0.014716680846026398,,0.014716680846026398,0.6122448979591837
2022-06-30,RKLB,2021-06-30,2022-05-31,,4.760000228881836,,less than 12 months of history,,
2022-06-30,SMCI,2021-06-30,2022-05-31,3.5179998874664307,5.00600004196167,0.42296765267006786,,0.41398802183792255,0.9795918367346939
2022-06-30,STX,2021-06-30,2022-05-31,75.68856048583984,74.52147674560547,-0.015419552607989107,,-0.015419552607989107,0.5306122448979592
2022-06-30,TMO,2021-06-30,2022-05-31,497.0831909179687,560.05810546875,0.12668888367455122,,0.12668888367455122,0.7959183673469388
2022-06-30,TSLA,2021-06-30,2022-05-31,226.5666656494141,252.7533264160156,0.11558037759677475,,0.11558037759677475,0.7346938775510204
2022-06-30,TSM,2021-06-30,2022-05-31,110.467041015625,88.7622299194336,-0.19648223485158234,,-0.19648223485158234,0.20408163265306123
2022-06-30,TXN,2021-06-30,2022-05-31,165.9769744873047,156.43862915039062,-0.057467882917962454,,-0.057467882917962454,0.4897959183673469
2022-06-30,UNH,2021-06-30,2022-05-31,364.5607604980469,456.6839599609375,0.25269642113165425,,0.25269642113165425,0.9183673469387755
2022-06-30,V,2021-06-30,2022-05-31,224.8212127685547,205.36663818359375,-0.08653353633933436,,-0.08653353633933436,0.3673469387755102
2022-06-30,WDC,2021-06-30,2022-05-31,53.53205490112305,45.649295806884766,-0.1472530637726912,,-0.1472530637726912,0.2653061224489796
2022-06-30,WFC,2021-06-30,2022-05-31,39.92283248901367,41.08403015136719,0.02908605401866371,,0.02908605401866371,0.6530612244897959
2022-06-30,WMT,2021-06-30,2022-05-31,43.994911193847656,40.74333953857422,-0.07390790359699928,,-0.07390790359699928,0.40816326530612246
2022-06-30,XOM,2021-06-30,2022-05-31,52.14913558959961,83.3993148803711,0.5992463525513141,,0.41398802183792255,0.9795918367346939
2022-07-29,AAPL,2021-07-30,2022-06-30,142.05477905273438,133.9139862060547,-0.057307419721920216,,-0.057307419721920216,0.6938775510204082
2022-07-29,ABT,2021-07-30,2022-06-30,109.76905059814452,99.70716857910156,-0.09166410717970663,,-0.09166410717970663,0.6530612244897959
2022-07-29,ADBE,2021-07-30,2022-06-30,621.6300048828125,366.05999755859375,-0.41112881507770516,,-0.41112881507770516,0.08163265306122448
2022-07-29,AMD,2021-07-30,2022-06-30,106.19000244140624,76.47000122070312,-0.2798756995707019,,-0.2798756995707019,0.30612244897959184
2022-07-29,AMZN,2021-07-30,2022-06-30,166.37950134277344,106.20999908447266,-0.361640116557028,,-0.361640116557028,0.16326530612244897
2022-07-29,ASML,2021-07-30,2022-06-30,731.5321044921875,458.3313598632813,-0.37346377958156163,,-0.37346377958156163,0.14285714285714285
2022-07-29,AVGO,2021-07-30,2022-06-30,44.109657287597656,45.431121826171875,0.029958621758455095,,0.029958621758455095,0.7755102040816326
2022-07-29,BAC,2021-07-30,2022-06-30,33.76718521118164,27.97132110595703,-0.1716419082306384,,-0.1716419082306384,0.5102040816326531
2022-07-29,CAT,2021-07-30,2022-06-30,189.71299743652344,166.53033447265625,-0.12219860145124706,,-0.12219860145124706,0.6326530612244898
2022-07-29,COST,2021-07-30,2022-06-30,407.2338562011719,456.36614990234375,0.12064884329484804,,0.12064884329484804,0.8775510204081632
2022-07-29,CRM,2021-07-30,2022-06-30,237.3980255126953,161.9483642578125,-0.3178192450924492,,-0.3178192450924492,0.20408163265306123
2022-07-29,CRWD,2021-07-30,2022-06-30,63.40250015258789,42.13999938964844,-0.335357449812988,,-0.335357449812988,0.1836734693877551
2022-07-29,CSCO,2021-07-30,2022-06-30,48.14604187011719,37.80445098876953,-0.21479628396548156,,-0.21479628396548156,0.3877551020408163
2022-07-29,CVX,2021-07-30,2022-06-30,82.20883178710938,122.10614776611328,0.48531666381445815,,0.25959995638646294,0.9795918367346939
2022-07-29,GE,2021-07-30,2022-06-30,63.01881408691406,38.87506866455078,-0.38311964089112815,,-0.38311964089112815,0.12244897959183673
2022-07-29,GOOGL,2021-07-30,2022-06-30,133.45657348632812,107.9359130859375,-0.19122820055772727,,-0.19122820055772727,0.42857142857142855
2022-07-29,HD,2021-07-30,2022-06-30,287.6653137207031,245.6305999755859,-0.14612367824759398,,-0.14612367824759398,0.5510204081632653
2022-07-29,HON,2021-07-30,2022-06-30,207.6936798095703,157.35482788085938,-0.24237064880773218,,-0.24237064880773218,0.3469387755102041
2022-07-29,INTC,2021-07-30,2022-06-30,49.159950256347656,35.23717498779297,-0.28321377861355634,,-0.28321377861355634,0.2857142857142857
2022-07-29,JNJ,2021-07-30,2022-06-30,148.87379455566406,157.38999938964844,0.05720419002821986,,0.05720419002821986,0.8163265306122449
2022-07-29,JPM,2021-07-30,2022-06-30,133.931640625,101.31120300292967,-0.24356035265337683,,-0.24356035265337683,0.32653061224489793
2022-07-29,KO,2021-07-30,2022-06-30,48.897064208984375,55.584999084472656,0.13677579592313105,,0.13677579592313105,0.8979591836734694
2022-07-29,MA,2021-07-30,2022-06-30,374.6920471191406,307.50115966796875,-0.17932296126319225,,-0.17932296126319225,0.46938775510204084
2022-07-29,MCD,2021-07-30,2022-06-30,214.84580993652344,223.41390991210935,0.03988022842110528,,0.03988022842110528,0.7959183673469388
2022-07-29,META,2021-07-30,2022-06-30,352.91986083984375,159.72024536132812,-0.547431972286168,,-0.4929107094027828,0.04081632653061224
2022-07-29,MRK,2021-07-30,2022-06-30,65.3823013305664,80.3371810913086,0.22872978552914192,,0.22872978552914192,0.9183673469387755
2022-07-29,MSFT,2021-07-30,2022-06-30,272.9134521484375,248.02459716796875,-0.09119687866075477,,-0.09119687866075477,0.673469387755102
2022-07-29,MU,2021-07-30,2022-06-30,75.65113830566406,54.112335205078125,-0.2847122142902814,,-0.2847122142902814,0.2653061224489796
2022-07-29,NFLX,2021-07-30,2022-06-30,51.75699996948242,17.48699951171875,-0.6621326676192661,,-0.4929107094027828,0.04081632653061224
2022-07-29,NKE,2021-07-30,2022-06-30,152.591552734375,93.86444091796876,-0.384864763245682,,-0.384864763245682,0.10204081632653061
2022-07-29,NVDA,2021-07-30,2022-06-30,19.410070419311523,15.100137710571287,-0.2220462170220766,,-0.2220462170220766,0.3673469387755102
2022-07-29,ORCL,2021-07-30,2022-06-30,81.46003723144531,66.04377746582031,-0.18924935820768318,,-0.18924935820768318,0.4489795918367347
2022-07-29,PEP,2021-07-30,2022-06-30,132.55055236816406,144.61065673828125,0.09098494238349009,,0.09098494238349009,0.8571428571428571
2022-07-29,PFE,2021-07-30,2022-06-30,32.85757827758789,41.236568450927734,0.25500936504061045,,0.25500936504061045,0.9387755102040817
2022-07-29,PG,2021-07-30,2022-06-30,125.08480834960938,128.6453857421875,0.028465306375386357,,0.028465306375386357,0.7551020408163265
2022-07-29,PLTR,2021-07-30,2022-06-30,21.709999084472656,9.06999969482422,-0.5822201714733728,,-0.4929107094027828,0.04081632653061224
2022-07-29,QCOM,2021-07-30,2022-06-30,133.74440002441406,116.10081481933594,-0.1319201791017599,,-0.1319201791017599,0.5918367346938775
2022-07-29,RKLB,2021-07-30,2022-06-30,,3.7899999618530273,,less than 12 months of history,,
2022-07-29,SMCI,2021-07-30,2022-06-30,3.803999900817871,4.034999847412109,0.06072553959440752,,0.06072553959440752,0.8367346938775511
2022-07-29,STX,2021-07-30,2022-06-30,75.66272735595703,63.49800491333008,-0.16077562715123572,,-0.16077562715123572,0.5306122448979592
2022-07-29,TMO,2021-07-30,2022-06-30,532.1026611328125,536.4039916992188,0.008083647913447845,,0.008083647913447845,0.7346938775510204
2022-07-29,TSLA,2021-07-30,2022-06-30,229.0666656494141,224.47332763671875,-0.020052407012923656,,-0.020052407012923656,0.7142857142857143
2022-07-29,TSM,2021-07-30,2022-06-30,107.2310028076172,76.54281616210938,-0.28618763083439036,,-0.28618763083439036,0.24489795918367346
2022-07-29,TXN,2021-07-30,2022-06-30,165.4445343017578,135.98548889160156,-0.17805994942344405,,-0.17805994942344405,0.4897959183673469
2022-07-29,UNH,2021-07-30,2022-06-30,375.2853088378906,473.8578796386719,0.2626603506170313,,0.25959995638646294,0.9795918367346939
2022-07-29,V,2021-07-30,2022-06-30,236.9075164794922,190.57659912109375,-0.19556541745440592,,-0.19556541745440592,0.40816326530612246
2022-07-29,WDC,2021-07-30,2022-06-30,48.838504791259766,33.719852447509766,-0.3095641934241947,,-0.3095641934241947,0.22448979591836735
2022-07-29,WFC,2021-07-30,2022-06-30,40.49580001831055,35.15974044799805,-0.13176822208475325,,-0.13176822208475325,0.6122448979591837
2022-07-29,WMT,2021-07-30,2022-06-30,44.47223281860352,38.5102653503418,-0.13406044829320396,,-0.13406044829320396,0.5714285714285714
2022-07-29,XOM,2021-07-30,2022-06-30,47.59393310546875,74.3991470336914,0.5632065303117935,,0.25959995638646294,0.9795918367346939
2022-08-31,AAPL,2021-08-31,2022-07-29,148.09060668945312,159.1746826171875,0.07484658328787686,,0.07484658328787686,0.74
2022-08-31,ABT,2021-08-31,2022-07-29,114.65958404541016,100.32546997070312,-0.12501453056929024,,-0.12501453056929024,0.46
2022-08-31,ADBE,2021-08-31,2022-07-29,663.7000122070312,410.1199951171875,-0.38207023116754635,,-0.38207023116754635,0.1
2022-08-31,AMD,2021-08-31,2022-07-29,110.72000122070312,94.47000122070312,-0.14676661687898784,,-0.14676661687898784,0.44
2022-08-31,AMZN,2021-08-31,2022-07-29,173.5395050048828,134.9499969482422,-0.22236728205231915,,-0.22236728205231915,0.3
2022-08-31,ASML,2021-08-31,2022-07-29,794.7877807617188,553.2568359375,-0.30389363131971814,,-0.30389363131971814,0.18
2022-08-31,AVGO,2021-08-31,2022-07-29,45.18287658691406,50.07607650756836,0.10829766252800899,,0.10829766252800899,0.78
2022-08-31,BAC,2021-08-31,2022-07-29,36.75130081176758,30.37939453125,-0.1733790679451903,,-0.1733790679451903,0.38
2022-08-31,CAT,2021-08-31,2022-07-29,193.49346923828125,185.97325134277344,-0.03886548690822689,,-0.03886548690822689,0.6
2022-08-31,COST,2021-08-31,2022-07-29,431.6553955078125,516.310791015625,0.19611800614288932,,0.19611800614288932,0.88
2022-08-31,CRM,2021-08-31,2022-07-29,260.3008117675781,180.5728454589844,-0.306291654517707,,-0.306291654517707,0.16
2022-08-31,CRWD,2021-08-31,2022-07-29,70.25,45.900001525878906,-0.3466191953611544,,-0.3466191953611544,0.12
2022-08-31,CSCO,2021-08-31,2022-07-29,51.31983184814453,40.586891174316406,-0.209138266578638,,-0.209138266578638,0.32
2022-08-31,CVX,2021-08-31,2022-07-29,79.19265747070312,138.13058471679688,0.7442347450948656,,0.4070784594941991,0.98
2022-08-31,GE,2021-08-31,2022-07-29,64.11982727050781,45.1273193359375,-0.2962033546105012,,-0.2962033546105012,0.22
2022-08-31,GOOGL,2021-08-31,2022-07-29,143.3335723876953,115.22356414794922,-0.19611600946994356,,-0.19611600946994356,0.34
2022-08-31,HD,2021-08-31,2022-07-29,285.903564453125,269.5157470703125,-0.05731938814459703,,-0.05731938814459703,0.56
2022-08-31,HON,2021-08-31,2022-07-29,206.844970703125,174.2391357421875,-0.1576341684794219,,-0.1576341684794219,0.4
2022-08-31,INTC,2021-08-31,2022-07-29,49.79256820678711,34.201072692871094,-0.3131289683465408,,-0.3131289683465408,0.14
2022-08-31,JNJ,2021-08-31,2022-07-29,150.56719970703125,154.7388916015625,0.027706511794390654,,0.027706511794390654,0.72
2022-08-31,JPM,2021-08-31,2022-07-29,141.14093017578125,104.70333099365234,-0.2581646524275304,,-0.2581646524275304,0.24
2022-08-31,KO,2021-08-31,2022-07-29,48.27974319458008,56.69829177856445,0.17437020222032684,,0.17437020222032684,0.86
2022-08-31,MA,2021-08-31,2022-07-29,336.139404296875,345.3708190917969,0.027463054544979215,,0.027463054544979215,0.7
2022-08-31,MCD,2021-08-31,2022-07-29,211.35093688964844,238.33648681640625,0.12768124108599355,,0.12768124108599355,0.8
2022-08-31,META,2021-08-31,2022-07-29,375.7809143066406,157.5906524658203,-0.5806315689113872,,-0.5598259182072911,0.04
2022-08-31,MRK,2021-08-31,2022-07-29,64.88895416259766,78.72462463378906,0.21322073455710533,,0.21322073455710533,0.92
2022-08-31,MSFT,2021-08-31,2022-07-29,289.7223815917969,271.1149597167969,-0.0642250066176,,-0.0642250066176,0.54
2022-08-31,MU,2021-08-31,2022-07-29,71.86761474609375,60.67190170288086,-0.15578244919866935,,-0.15578244919866935,0.42
2022-08-31,NFLX,2021-08-31,2022-07-29,56.91899871826172,22.489999771118164,-0.6048771011865579,,-0.5598259182072911,0.04
2022-08-31,NKE,2021-08-31,2022-07-29,150.31590270996094,105.54698944091795,-0.29783218183791205,,-0.29783218183791205,0.2
2022-08-31,NVDA,2021-08-31,2022-07-29,22.286836624145508,18.092472076416016,-0.18819918763999588,,-0.18819918763999588,0.36
2022-08-31,ORCL,2021-08-31,2022-07-29,83.32032012939453,73.9063949584961,-0.1129847455732147,,-0.1129847455732147,0.48
2022-08-31,PEP,2021-08-31,2022-07-29,132.0775909423828,151.81259155273438,0.14941974993290663,,0.14941974993290663,0.84
2022-08-31,PFE,2021-08-31,2022-07-29,35.35969161987305,40.03472900390625,0.13221374875921477,,0.13221374875921477,0.82
2022-08-31,PG,2021-08-31,2022-07-29,125.22552490234376,125.08621215820312,-0.001112494790892482,,-0.001112494790892482,0.66
2022-08-31,PLTR,2021-08-31,2022-07-29,26.34000015258789,10.350000381469728,-0.6070614912106276,,-0.5598259182072911,0.04
2022-08-31,QCOM,2021-08-31,2022-07-29,130.96771240234375,131.84274291992188,0.006681269005371027,,0.006681269005371027,0.68
2022-08-31,RKLB,2021-08-31,2022-07-29,10.029999732971191,4.670000076293945,-0.5343967895689515,,-0.5343967895689515,0.08
2022-08-31,SMCI,2021-08-31,2022-07-29,3.6540000438690186,5.401000022888184,0.47810617352083096,,0.4070784594941991,0.98
2022-08-31,STX,2021-08-31,2022-07-29,75.39590454101562,71.08863067626953,-0.05712875110348892,,-0.05712875110348892,0.58
2022-08-31,TMO,2021-08-31,2022-07-29,546.8239135742188,590.8361206054688,0.08048698299160306,,0.08048698299160306,0.76
2022-08-31,TSLA,2021-08-31,2022-07-29,245.2400054931641,297.1499938964844,0.211670148591508,,0.211670148591508,0.9
2022-08-31,TSM,2021-08-31,2022-07-29,109.4098129272461,82.84416198730469,-0.2428086679721012,,-0.2428086679721012,0.26
2022-08-31,TXN,2021-08-31,2022-07-29,165.69622802734375,159.36656188964844,-0.03820042383011135,,-0.03820042383011135,0.62
2022-08-31,UNH,2021-08-31,2022-07-29,378.9725036621094,500.3448181152344,0.3202668090172056,,0.3202668090172056,0.94
2022-08-31,V,2021-08-31,2022-07-29,220.5831756591797,205.30853271484375,-0.06924663632523176,,-0.06924663632523176,0.52
2022-08-31,WDC,2021-08-31,2022-07-29,47.53725051879883,36.93162536621094,-0.22310135813163712,,-0.22310135813163712,0.28
2022-08-31,WFC,2021-08-31,2022-07-29,40.45958709716797,39.3785514831543,-0.026718898821618042,,-0.026718898821618042,0.64
2022-08-31,WMT,2021-08-31,2022-07-29,46.37373352050781,41.82661819458008,-0.09805368213272858,,-0.09805368213272858,0.5
2022-08-31,XOM,2021-08-31,2022-07-29,45.75466537475586,84.2072525024414,0.8404080067625392,,0.4070784594941991,0.98
2022-09-30,AAPL,2021-09-30,2022-08-31,138.0150146484375,154.20712280273438,0.11732135228578322,,0.11732135228578322,0.84
2022-09-30,ABT,2021-09-30,2022-08-31,107.1831512451172,94.61973571777344,-0.117214463107289,,-0.117214463107289,0.5
2022-09-30,ADBE,2021-09-30,2022-08-31,575.719970703125,373.44000244140625,-0.3513513141027136,,-0.3513513141027136,0.14
2022-09-30,AMD,2021-09-30,2022-08-31,102.9000015258789,84.87000274658203,-0.17521864443084978,,-0.17521864443084978,0.4
2022-09-30,AMZN,2021-09-30,2022-08-31,164.2519989013672,126.7699966430664,-0.22819814984905362,,-0.22819814984905362,0.32
2022-09-30,ASML,2021-09-30,2022-08-31,710.8953857421875,473.0037841796875,-0.33463658132221086,,-0.33463658132221086,0.16
2022-09-30,AVGO,2021-09-30,2022-08-31,44.389915466308594,46.67489242553711,0.05147513653101643,,0.05147513653101643,0.76
2022-09-30,BAC,2021-09-30,2022-08-31,37.558982849121094,30.19967460632324,-0.19594003044121489,,-0.19594003044121489,0.36
2022-09-30,CAT,2021-09-30,2022-08-31,176.1509246826172,173.27175903320312,-0.01634487956621089,,-0.01634487956621089,0.68
2022-09-30,COST,2021-09-30,2022-08-31,425.8367309570313,497.9970703125,0.16945541356494664,,0.16945541356494664,0.9
2022-09-30,CRM,2021-09-30,2022-08-31,266.13934326171875,153.19546508789062,-0.4243787363026603,,-0.4243787363026603,0.1
2022-09-30,CRWD,2021-09-30,2022-08-31,61.44499969482422,45.65250015258789,-0.2570184656305987,,-0.2570184656305987,0.26
2022-09-30,CSCO,2021-09-30,2022-08-31,47.32867431640625,40.00541687011719,-0.1547319368662412,,-0.1547319368662412,0.44
2022-09-30,CVX,2021-09-30,2022-08-31,83.02257537841797,134.5176239013672,0.6202535670356422,,0.4951040870527831,0.98
2022-09-30,GE,2021-09-30,2022-08-31,62.720821380615234,44.84033966064453,-0.28508047768483025,,-0.28508047768483025,0.2
2022-09-30,GOOGL,2021-09-30,2022-08-31,132.4159698486328,107.19991302490234,-0.19043063198914312,,-0.19043063198914312,0.38
2022-09-30,HD,2021-09-30,2022-08-31,289.1895751953125,259.988525390625,-0.1009754580017822,,-0.1009754580017822,0.54
2022-09-30,HON,2021-09-30,2022-08-31,189.3365936279297,172.2796173095703,-0.09008811234809944,,-0.09008811234809944,0.56
2022-09-30,INTC,2021-09-30,2022-08-31,49.074127197265625,30.369571685791016,-0.3811490204662634,,-0.3811490204662634,0.12
2022-09-30,JNJ,2021-09-30,2022-08-31,140.45286560058594,144.0139617919922,0.02535438615779584,,0.02535438615779584,0.72
2022-09-30,JPM,2021-09-30,2022-08-31,144.44110107421875,103.22391510009766,-0.28535635402656134,,-0.28535635402656134,0.18
2022-09-30,KO,2021-09-30,2022-08-31,45.32688903808594,54.52472305297851,0.20292224350901478,,0.20292224350901478,0.92
2022-09-30,MA,2021-09-30,2022-08-31,337.547119140625,316.6509094238281,-0.06190605261273563,,-0.06190605261273563,0.6
2022-09-30,MCD,2021-09-30,2022-08-31,214.59963989257812,229.55026245117188,0.06966751000177607,,0.06966751000177607,0.8
2022-09-30,META,2021-09-30,2022-08-31,336.1703186035156,161.3843231201172,-0.5199328608470746,,-0.5199328608470746,0.08
2022-09-30,MRK,2021-09-30,2022-08-31,64.45783996582031,75.217529296875,0.1669259990213785,,0.1669259990213785,0.86
2022-09-30,MSFT,2021-09-30,2022-08-31,270.5663146972656,253.04151916503903,-0.06477079584661138,,-0.06477079584661138,0.58
2022-09-30,MU,2021-09-30,2022-08-31,69.31199645996094,55.444278717041016,-0.20007673204061882,,-0.20007673204061882,0.34
2022-09-30,NFLX,2021-09-30,2022-08-31,61.03400039672851,22.356000900268555,-0.6337123446775272,,-0.5825115769538235,0.04
2022-09-30,NKE,2021-09-30,2022-08-31,132.51409912109375,97.767822265625,-0.26220815057360036,,-0.26220815057360036,0.24
2022-09-30,NVDA,2021-09-30,2022-08-31,20.625154495239254,15.03538417816162,-0.27101713678643613,,-0.27101713678643613,0.22
2022-09-30,ORCL,2021-09-30,2022-08-31,81.45067596435547,70.40287017822266,-0.13563798771869695,,-0.13563798771869695,0.46
2022-09-30,PEP,2021-09-30,2022-08-31,127.89795684814452,149.47848510742188,0.1687323925346227,,0.1687323925346227,0.88
2022-09-30,PFE,2021-09-30,2022-08-31,33.011077880859375,35.8497428894043,0.08599128507072629,,0.08599128507072629,0.82
2022-09-30,PG,2021-09-30,2022-08-31,122.94772338867188,124.2127456665039,0.010289106971366646,,0.010289106971366646,0.7
2022-09-30,PLTR,2021-09-30,2022-08-31,24.040000915527344,7.71999979019165,-0.6788685733699231,,-0.5825115769538235,0.04
2022-09-30,QCOM,2021-09-30,2022-08-31,115.69216918945312,120.89265441894533,0.04495105646239628,,0.04495105646239628,0.74
2022-09-30,RKLB,2021-09-30,2022-08-31,16.1299991607666,5.5,-0.6590204410315292,,-0.5825115769538235,0.04
2022-09-30,SMCI,2021-09-30,2022-08-31,3.6570000648498535,6.507999897003174,0.7796007059328216,,0.4951040870527831,0.98
2022-09-30,STX,2021-09-30,2022-08-31,71.61013793945312,59.51605987548828,-0.16888779175639168,,-0.16888779175639168,0.42
2022-09-30,TMO,2021-09-30,2022-08-31,563.2259521484375,538.418212890625,-0.044045802866829686,,-0.044045802866829686,0.62
2022-09-30,TSLA,2021-09-30,2022-08-31,258.49334716796875,275.6099853515625,0.06621693893139691,,0.06621693893139691,0.78
2022-09-30,TSM,2021-09-30,2022-08-31,103.06511688232422,78.04092407226562,-0.2427998295352467,,-0.2427998295352467,0.3
2022-09-30,TXN,2021-09-30,2022-08-31,166.8245391845703,147.17958068847656,-0.11775820626939715,,-0.11775820626939715,0.48
2022-09-30,UNH,2021-09-30,2022-08-31,356.97857666015625,479.1165161132813,0.3421436115181793,,0.3421436115181793,0.94
2022-09-30,V,2021-09-30,2022-08-31,214.46929931640625,192.6789093017578,-0.10160144171731122,,-0.10160144171731122,0.52
2022-09-30,WDC,2021-09-30,2022-08-31,42.45256805419922,31.786771774291992,-0.251240308154979,,-0.251240308154979,0.28
2022-09-30,WFC,2021-09-30,2022-08-31,41.08816146850586,39.50495910644531,-0.03853183752877509,,-0.03853183752877509,0.64
2022-09-30,WMT,2021-09-30,2022-08-31,43.64328384399414,42.16785430908203,-0.0338065655230283,,-0.0338065655230283,0.66
2022-09-30,XOM,2021-09-30,2022-08-31,49.36334609985352,83.85000610351562,0.698628896304994,,0.4951040870527831,0.98
2022-10-31,AAPL,2021-10-29,2022-09-30,146.110595703125,135.55165100097656,-0.0722667966093482,,-0.0722667966093482,0.78
2022-10-31,ABT,2021-10-29,2022-09-30,117.39757537841795,89.19049835205078,-0.24026967282283995,,-0.24026967282283995,0.54
2022-10-31,ADBE,2021-10-29,2022-09-30,650.3599853515625,275.20001220703125,-0.576849716456237,,-0.576849716456237,0.1
2022-10-31,AMD,2021-10-29,2022-09-30,120.2300033569336,63.36000061035156,-0.47301007368143244,,-0.47301007368143244,0.2
2022-10-31,AMZN,2021-10-29,2022-09-30,168.6215057373047,113.0,-0.3298600940259506,,-0.3298600940259506,0.42
2022-10-31,ASML,2021-10-29,2022-09-30,775.5534057617188,400.9922180175781,-0.4829598902686283,,-0.4829598902686283,0.18
2022-10-31,AVGO,2021-10-29,2022-09-30,48.66842269897461,41.87031555175781,-0.13968209303319024,,-0.13968209303319024,0.7
2022-10-31,BAC,2021-10-29,2022-09-30,42.27486038208008,27.314476013183594,-0.3538837085133947,,-0.3538837085133947,0.4
2022-10-31,CAT,2021-10-29,2022-09-30,188.23240661621097,153.91925048828125,-0.18229143825319716,,-0.18229143825319716,0.62
2022-10-31,COST,2021-10-29,2022-09-30,466.5726318359375,450.4674377441406,-0.03451808570173487,,-0.03451808570173487,0.82
2022-10-31,CRM,2021-10-29,2022-09-30,294.0760498046875,141.14552307128906,-0.5200373401199052,,-0.5200373401199052,0.14
2022-10-31,CRWD,2021-10-29,2022-09-30,70.44999694824219,41.20249938964844,-0.4151525738188625,,-0.4151525738188625,0.24
2022-10-31,CSCO,2021-10-29,2022-09-30,48.99653244018555,35.783016204833984,-0.2696826811465175,,-0.2696826811465175,0.5
2022-10-31,CVX,2021-10-29,2022-09-30,93.6939926147461,122.27091979980467,0.3050027689882113,,0.2177180553092244,0.98
2022-10-31,GE,2021-10-29,2022-09-30,63.84095001220703,37.847373962402344,-0.4071614856112644,,-0.4071614856112644,0.26
2022-10-31,GOOGL,2021-10-29,2022-09-30,146.65052795410156,94.74840545654295,-0.3539170517940641,,-0.3539170517940641,0.38
2022-10-31,HD,2021-10-29,2022-09-30,327.4945068359375,248.7387237548828,-0.24047970710088395,,-0.24047970710088395,0.52
2022-10-31,HON,2021-10-29,2022-09-30,194.9914093017578,151.91725158691406,-0.22090284833104923,,-0.22090284833104923,0.56
2022-10-31,INTC,2021-10-29,2022-09-30,45.131988525390625,24.518293380737305,-0.4567424529290648,,-0.4567424529290648,0.22
2022-10-31,JNJ,2021-10-29,2022-09-30,141.65304565429688,145.81703186035156,0.029395670151821873,,0.029395670151821873,0.88
2022-10-31,JPM,2021-10-29,2022-09-30,150.8153839111328,94.8465576171875,-0.37110820423282986,,-0.37110820423282986,0.34
2022-10-31,KO,2021-10-29,2022-09-30,48.695945739746094,49.85812759399414,0.02386609062814582,,0.02386609062814582,0.86
2022-10-31,MA,2021-10-29,2022-09-30,326.153076171875,277.5735778808594,-0.14894692658184638,,-0.14894692658184638,0.68
2022-10-31,MCD,2021-10-29,2022-09-30,218.55142211914065,209.95098876953125,-0.039351989871385884,,-0.039351989871385884,0.8
2022-10-31,META,2021-10-29,2022-09-30,320.5003662109375,134.392822265625,-0.58067810076331,,-0.58067810076331,0.08
2022-10-31,MRK,2021-10-29,2022-09-30,75.56266784667969,76.4990005493164,0.012391472261627623,,0.012391472261627623,0.84
2022-10-31,MSFT,2021-10-29,2022-09-30,318.26470947265625,225.3924865722656,-0.2918081085844354,,-0.2918081085844354,0.44
2022-10-31,MU,2021-10-29,2022-09-30,67.47615814208984,49.13776779174805,-0.271775851727142,,-0.271775851727142,0.48
2022-10-31,NFLX,2021-10-29,2022-09-30,69.03099822998047,23.54400062561035,-0.6589358226115716,,-0.6237198477798538,0.04
2022-10-31,NKE,2021-10-29,2022-09-30,152.64259338378906,76.55992889404297,-0.4984366604572261,,-0.4984366604572261,0.16
2022-10-31,NVDA,2021-10-29,2022-09-30,25.45488166809082,12.095455169677734,-0.5248276803093493,,-0.5248276803093493,0.12
2022-10-31,ORCL,2021-10-29,2022-09-30,89.9984130859375,57.98385238647461,-0.3557236133585254,,-0.3557236133585254,0.36
2022-10-31,PEP,2021-10-29,2022-09-30,137.41314697265625,142.6125030517578,0.037837399067326416,,0.037837399067326416,0.92
2022-10-31,PFE,2021-10-29,2022-09-30,33.57136917114258,34.684608459472656,0.03316037789983861,,0.03316037789983861,0.9
2022-10-31,PG,2021-10-29,2022-09-30,126.53276824951172,113.68606567382812,-0.10152866133736205,,-0.10152866133736205,0.76
2022-10-31,PLTR,2021-10-29,2022-09-30,25.8799991607666,8.130000114440918,-0.6858577906460761,,-0.6237198477798538,0.04
2022-10-31,QCOM,2021-10-29,2022-09-30,119.33392333984376,103.2619171142578,-0.13468095052749995,,-0.13468095052749995,0.72
2022-10-31,RKLB,2021-10-29,2022-09-30,14.050000190734863,4.070000171661377,-0.7103202764121456,,-0.6237198477798538,0.04
2022-10-31,SMCI,2021-10-29,2022-09-30,3.5390000343322754,5.506999969482422,0.5560892670410671,,0.2177180553092244,0.98
2022-10-31,STX,2021-10-29,2022-09-30,77.29419708251953,47.852508544921875,-0.38090425476786594,,-0.38090425476786594,0.3
2022-10-31,TMO,2021-10-29,2022-09-30,624.09033203125,501.0392456054687,-0.1971687111788487,,-0.1971687111788487,0.6
2022-10-31,TSLA,2021-10-29,2022-09-30,371.3333435058594,265.25,-0.28568224578029433,,-0.28568224578029433,0.46
2022-10-31,TSM,2021-10-29,2022-09-30,104.95748138427734,64.5560302734375,-0.38493159875778027,,-0.38493159875778027,0.28
2022-10-31,TXN,2021-10-29,2022-09-30,163.72140502929688,137.88784790039062,-0.15778973509470862,,-0.15778973509470862,0.64
2022-10-31,UNH,2021-10-29,2022-09-30,420.68359375,467.3949279785156,0.11103673859046381,,0.11103673859046381,0.94
2022-10-31,V,2021-10-29,2022-09-30,203.89743041992188,172.25807189941406,-0.15517291441754466,,-0.15517291441754466,0.66
2022-10-31,WDC,2021-10-29,2022-09-30,39.331058502197266,24.48318672180176,-0.37751009878277275,,-0.37751009878277275,0.32
2022-10-31,WFC,2021-10-29,2022-09-30,45.29348373413086,36.350711822509766,-0.19744058470120007,,-0.19744058470120007,0.58
2022-10-31,WMT,2021-10-29,2022-09-30,46.78705978393555,41.26118087768555,-0.11810699222752452,,-0.11810699222752452,0.74
2022-10-31,XOM,2021-10-29,2022-09-30,54.104976654052734,76.58692169189453,0.4155245307948541,,0.2177180553092244,0.98
2022-11-30,AAPL,2021-11-30,2022-10-31,161.46412658691406,150.40147399902344,-0.06851461573376638,,-0.06851461573376638,0.66
2022-11-30,ABT,2021-11-30,2022-10-31,114.5557632446289,91.63028717041016,-0.20012503452368768,,-0.20012503452368768,0.46
2022-11-30,ADBE,2021-11-30,2022-10-31,669.8499755859375,318.5,-0.5245203976884545,,-0.5245203976884545,0.14
2022-11-30,AMD,2021-11-30,2022-10-31,158.3699951171875,60.060001373291016,-0.6207614874973697,,-0.6053948137320321,0.04
2022-11-30,AMZN,2021-11-30,2022-10-31,175.35350036621094,102.44000244140624,-0.4158086252771176,,-0.4158086252771176,0.24
2022-11-30,ASML,2021-11-30,2022-10-31,757.118896484375,456.0895080566406,-0.39759856718085074,,-0.39759856718085074,0.32
2022-11-30,AVGO,2021-11-30,2022-10-31,50.68319320678711,44.33249282836914,-0.12530189943848158,,-0.12530189943848158,0.6
2022-11-30,BAC,2021-11-30,2022-10-31,39.34623718261719,32.59647750854492,-0.1715477808651611,,-0.1715477808651611,0.54
2022-11-30,CAT,2021-11-30,2022-10-31,178.3968048095703,204.4142913818359,0.14584054125878532,,0.14584054125878532,0.86
2022-11-30,COST,2021-11-30,2022-10-31,511.9826049804687,479.2116394042969,-0.06400796678907084,,-0.06400796678907084,0.68
2022-11-30,CRM,2021-11-30,2022-10-31,279.6219482421875,159.54425048828125,-0.4294287287130407,,-0.4294287287130407,0.22
2022-11-30,CRWD,2021-11-30,2022-10-31,54.28499984741211,40.29999923706055,-0.25762182278090695,,-0.25762182278090695,0.42
2022-11-30,CSCO,2021-11-30,2022-10-31,48.00732421875,41.0180549621582,-0.14558756128011885,,-0.14558756128011885,0.56
2022-11-30,CVX,2021-11-30,2022-10-31,93.43580627441406,153.95570373535156,0.6477163292538519,,0.5354992862875125,0.98
2022-11-30,GE,2021-11-30,2022-10-31,57.82636642456055,47.56749725341797,-0.1774081583446221,,-0.1774081583446221,0.52
2022-11-30,GOOGL,2021-11-30,2022-10-31,140.55999755859375,93.6191635131836,-0.3339558541600175,,-0.3339558541600175,0.38
2022-11-30,HD,2021-11-30,2022-10-31,352.9282531738281,266.9384460449219,-0.2436467082349273,,-0.2436467082349273,0.44
2022-11-30,HON,2021-11-30,2022-10-31,181.16127014160156,185.6270446777344,0.024650823725414606,,0.024650823725414606,0.74
2022-11-30,INTC,2021-11-30,2022-10-31,45.631343841552734,27.04909324645996,-0.40722558291547484,,-0.40722558291547484,0.26
2022-11-30,JNJ,2021-11-30,2022-10-31,136.4969940185547,155.28761291503906,0.13766324329406165,,0.13766324329406165,0.84
2022-11-30,JPM,2021-11-30,2022-10-31,140.9971466064453,115.2737274169922,-0.18243928908187734,,-0.18243928908187734,0.5
2022-11-30,KO,2021-11-30,2022-10-31,45.66097259521485,53.266849517822266,0.16657281898118148,,0.16657281898118148,0.88
2022-11-30,MA,2021-11-30,2022-10-31,306.12823486328125,320.88714599609375,0.04821153180922333,,0.04821153180922333,0.78
2022-11-30,MCD,2021-11-30,2022-10-31,218.9128265380859,248.0941467285156,0.13330109821295832,,0.13330109821295832,0.82
2022-11-30,META,2021-11-30,2022-10-31,321.3819274902344,92.27619934082033,-0.7128768252109501,,-0.6053948137320321,0.04
2022-11-30,MRK,2021-11-30,2022-10-31,64.28621673583984,89.89431762695312,0.3983451226619883,,0.3983451226619883,0.94
2022-11-30,MSFT,2021-11-30,2022-10-31,317.8567199707031,224.64732360839844,-0.2932434348749833,,-0.2932434348749833,0.4
2022-11-30,MU,2021-11-30,2022-10-31,82.0260238647461,53.17290496826172,-0.35175566895770427,,-0.35175566895770427,0.34
2022-11-30,NFLX,2021-11-30,2022-10-31,64.19000244140625,29.187999725341797,-0.5452874495216742,,-0.5452874495216742,0.12
2022-11-30,NKE,2021-11-30,2022-10-31,154.42189025878906,85.36541748046875,-0.4471935466052871,,-0.4471935466052871,0.2
2022-11-30,NVDA,2021-11-30,2022-10-31,32.53269958496094,13.44858455657959,-0.5866133235743972,,-0.5866133235743972,0.08
2022-11-30,ORCL,2021-11-30,2022-10-31,85.12044525146484,74.50580596923828,-0.12470140694011345,,-0.12470140694011345,0.62
2022-11-30,PEP,2021-11-30,2022-10-31,135.86553955078125,158.6156005859375,0.167445410443118,,0.167445410443118,0.9
2022-11-30,PFE,2021-11-30,2022-10-31,41.60089111328125,36.89598846435547,-0.11309619873560162,,-0.11309619873560162,0.64
2022-11-30,PG,2021-11-30,2022-10-31,127.9397430419922,122.1287841796875,-0.045419497680227794,,-0.045419497680227794,0.7
2022-11-30,PLTR,2021-11-30,2022-10-31,20.649999618530273,8.789999961853027,-0.5743341344197739,,-0.5743341344197739,0.1
2022-11-30,QCOM,2021-11-30,2022-10-31,161.9582977294922,107.5393524169922,-0.336005910628872,,-0.336005910628872,0.36
2022-11-30,RKLB,2021-11-30,2022-10-31,15.859999656677246,5.090000152587891,-0.6790668182363458,,-0.6053948137320321,0.04
2022-11-30,SMCI,2021-11-30,2022-10-31,4.139999866485596,6.959000110626221,0.6809179553268068,,0.5354992862875125,0.98
2022-11-30,STX,2021-11-30,2022-10-31,89.09613800048828,44.64315414428711,-0.49893278040803013,,-0.49893278040803013,0.16
2022-11-30,TMO,2021-11-30,2022-10-31,623.853759765625,507.7369995117187,-0.18612817256648428,,-0.18612817256648428,0.48
2022-11-30,TSLA,2021-11-30,2022-10-31,381.586669921875,227.5399932861328,-0.4037003616171426,,-0.4037003616171426,0.3
2022-11-30,TSM,2021-11-30,2022-10-31,108.14222717285156,57.95542526245117,-0.4640814529386674,,-0.4640814529386674,0.18
2022-11-30,TXN,2021-11-30,2022-10-31,167.99176025390625,144.24037170410156,-0.1413842471434691,,-0.1413842471434691,0.58
2022-11-30,UNH,2021-11-30,2022-10-31,405.8377380371094,513.7698974609375,0.2659490463993246,,0.2659490463993246,0.92
2022-11-30,V,2021-11-30,2022-10-31,186.89500427246097,200.87245178222656,0.07478769999324797,,0.07478769999324797,0.8
2022-11-30,WDC,2021-11-30,2022-10-31,43.505611419677734,25.852140426635746,-0.4057745752093318,,-0.4057745752093318,0.28
2022-11-30,WFC,2021-11-30,2022-10-31,42.46438980102539,41.56562423706055,-0.02116515904681948,,-0.02116515904681948,0.72
2022-11-30,WMT,2021-11-30,2022-10-31,44.034690856933594,45.27913284301758,0.028260491032561452,,0.028260491032561452,0.76
2022-11-30,XOM,2021-11-30,2022-10-31,50.894264221191406,97.20075225830078,0.9098567146163443,,0.5354992862875125,0.98
2022-12-30,AAPL,2021-12-31,2022-11-30,173.449462890625,145.4341278076172,-0.16151871914803173,,-0.16151871914803173,0.5
2022-12-30,ABT,2021-12-31,2022-11-30,128.19100952148438,99.6319580078125,-0.2227851361829355,,-0.2227851361829355,0.44
2022-12-30,ADBE,2021-12-31,2022-11-30,567.0599975585938,344.92999267578125,-0.3917222266412118,,-0.3917222266412118,0.26
2022-12-30,AMD,2021-12-31,2022-11-30,143.89999389648438,77.62999725341797,-0.4605281407498757,,-0.4605281407498757,0.12
2022-12-30,AMZN,2021-12-31,2022-11-30,166.7169952392578,96.54000091552734,-0.4209348556397535,,-0.4209348556397535,0.22
2022-12-30,ASML,2021-12-31,2022-11-30,761.547607421875,588.8663940429688,-0.22675038526284275,,-0.22675038526284275,0.42
2022-12-30,AVGO,2021-12-31,2022-11-30,61.30046844482422,51.96233749389648,-0.1523337616796987,,-0.1523337616796987,0.54
2022-12-30,BAC,2021-12-31,2022-11-30,39.55339813232422,34.23353958129883,-0.13449814180890418,,-0.13449814180890418,0.56
2022-12-30,CAT,2021-12-31,2022-11-30,190.7512664794922,223.25408935546875,0.1703937461378322,,0.1703937461378322,0.92
2022-12-30,COST,2021-12-31,2022-11-30,538.8640747070312,515.283935546875,-0.04375897423292929,,-0.04375897423292929,0.66
2022-12-30,CRM,2021-12-31,2022-11-30,249.3694610595703,157.24810791015625,-0.3694171401662041,,-0.3694171401662041,0.3
2022-12-30,CRWD,2021-12-31,2022-11-30,51.1875,29.412500381469727,-0.4253968179444254,,-0.4253968179444254,0.18
2022-12-30,CSCO,2021-12-31,2022-11-30,55.47454833984375,44.89143753051758,-0.1907741680832219,,-0.1907741680832219,0.48
2022-12-30,CVX,2021-12-31,2022-11-30,97.1444320678711,157.21353149414062,0.6183483514968882,,0.5530652588277603,0.98
2022-12-30,GE,2021-12-31,2022-11-30,57.5601692199707,52.55593490600586,-0.08693918697217118,,-0.08693918697217118,0.62
2022-12-30,GOOGL,2021-12-31,2022-11-30,143.48663330078125,100.03807067871094,-0.30280564553349054,,-0.30280564553349054,0.34
2022-12-30,HD,2021-12-31,2022-11-30,367.12640380859375,293.8189392089844,-0.19967908556593272,,-0.19967908556593272,0.46
2022-12-30,HON,2021-12-31,2022-11-30,186.7777557373047,200.73521423339844,0.07472762717913972,,0.07472762717913972,0.84
2022-12-30,INTC,2021-12-31,2022-11-30,47.764522552490234,28.995832443237305,-0.3929420646595454,,-0.3929420646595454,0.24
2022-12-30,JNJ,2021-12-31,2022-11-30,149.75018310546875,159.910400390625,0.06784777871022984,,0.06784777871022984,0.82
2022-12-30,JPM,2021-12-31,2022-11-30,140.571044921875,126.537353515625,-0.09983344303977737,,-0.09983344303977737,0.6
2022-12-30,KO,2021-12-31,2022-11-30,51.54597854614258,57.01477813720703,0.10609556255041186,,0.10609556255041186,0.9
2022-12-30,MA,2021-12-31,2022-11-30,349.2886047363281,348.4800109863281,-0.0023149731741475277,,-0.0023149731741475277,0.72
2022-12-30,MCD,2021-12-31,2022-11-30,239.9180603027344,249.6103057861328,0.040398148731148,,0.040398148731148,0.78
2022-12-30,META,2021-12-31,2022-11-30,333.15911865234375,116.9795913696289,-0.64887771391994,,-0.5563697399406493,0.04
2022-12-30,MRK,2021-12-31,2022-11-30,66.39482116699219,97.81781768798828,0.4732748122321604,,0.4732748122321604,0.94
2022-12-30,MSFT,2021-12-31,2022-11-30,323.3659973144531,247.61138916015625,-0.23426893607688215,,-0.23426893607688215,0.4
2022-12-30,MU,2021-12-31,2022-11-30,91.05799102783205,56.66207504272461,-0.37773638092448425,,-0.37773638092448425,0.28
2022-12-30,NFLX,2021-12-31,2022-11-30,60.24399948120117,30.55299949645996,-0.4928457645645876,,-0.4928457645645876,0.1
2022-12-30,NKE,2021-12-31,2022-11-30,152.35023498535156,101.03292083740234,-0.33683777483430444,,-0.33683777483430444,0.32
2022-12-30,NVDA,2021-12-31,2022-11-30,29.28561210632324,16.866605758666992,-0.42406511096876753,,-0.42406511096876753,0.2
2022-12-30,ORCL,2021-12-31,2022-11-30,81.80907440185547,79.2393798828125,-0.03141087388937247,,-0.03141087388937247,0.68
2022-12-30,PEP,2021-12-31,2022-11-30,148.70877075195312,162.04855346679688,0.08970407493378163,,0.08970407493378163,0.86
2022-12-30,PFE,2021-12-31,2022-11-30,45.719940185546875,40.07407760620117,-0.12348796950374163,,-0.12348796950374163,0.58
2022-12-30,PG,2021-12-31,2022-11-30,144.75296020507812,135.2694091796875,-0.06551542028539414,,-0.06551542028539414,0.64
2022-12-30,PLTR,2021-12-31,2022-11-30,18.209999084472656,7.5,-0.5881383647956844,,-0.5563697399406493,0.04
2022-12-30,QCOM,2021-12-31,2022-11-30,164.650390625,116.34696197509766,-0.2933696571659885,,-0.2933696571659885,0.38
2022-12-30,RKLB,2021-12-31,2022-11-30,12.279999732971191,4.190000057220459,-0.6587947761944557,,-0.5563697399406493,0.04
2022-12-30,SMCI,2021-12-31,2022-11-30,4.394999980926514,9.02299976348877,1.0530147446295604,,0.5530652588277603,0.98
2022-12-30,STX,2021-12-31,2022-11-30,98.70023345947266,47.6187744140625,-0.5175414206733842,,-0.5175414206733842,0.08
2022-12-30,TMO,2021-12-31,2022-11-30,658.0404663085938,553.4260864257812,-0.1589786422553422,,-0.1589786422553422,0.52
2022-12-30,TSLA,2021-12-31,2022-11-30,352.260009765625,194.6999969482422,-0.44728328067161194,,-0.44728328067161194,0.14
2022-12-30,TSM,2021-12-31,2022-11-30,111.51863098144533,78.1339111328125,-0.2993645057765051,,-0.2993645057765051,0.36
2022-12-30,TXN,2021-12-31,2022-11-30,164.58599853515625,162.04705810546875,-0.015426223690256258,,-0.015426223690256258,0.7
2022-12-30,UNH,2021-12-31,2022-11-30,460.2493896484375,506.9306945800781,0.10142610936931007,,0.10142610936931007,0.88
2022-12-30,V,2021-12-31,2022-11-30,209.0210876464844,210.8840789794922,0.008912934833439579,,0.008912934833439579,0.74
2022-12-30,WDC,2021-12-31,2022-11-30,49.04911422729492,27.642309188842773,-0.4364361186881467,,-0.4364361186881467,0.16
2022-12-30,WFC,2021-12-31,2022-11-30,42.64214324951172,43.616180419921875,0.02284212509466932,,0.02284212509466932,0.76
2022-12-30,WMT,2021-12-31,2022-11-30,45.4883918762207,48.48904037475586,0.06596514791510488,,0.06596514791510488,0.8
2022-12-30,XOM,2021-12-31,2022-11-30,52.04245376586914,98.45187377929688,0.8917607963340171,,0.5530652588277603,0.98
2023-01-31,AAPL,2022-01-31,2022-12-30,170.7241668701172,127.6515121459961,-0.25229383463261956,,-0.25229383463261956,0.4
2023-01-31,ABT,2022-01-31,2022-12-30,116.50458526611328,101.67867279052734,-0.12725604268468416,,-0.12725604268468416,0.5
2023-01-31,ADBE,2022-01-31,2022-12-30,534.2999877929688,336.5299987792969,-0.3701478449037585,,-0.3701478449037585,0.3
2023-01-31,AMD,2022-01-31,2022-12-30,114.25,64.7699966430664,-0.4330853685508411,,-0.4330853685508411,0.16
2023-01-31,AMZN,2022-01-31,2022-12-30,149.57350158691406,84.0,-0.43840319903730185,,-0.43840319903730185,0.12
2023-01-31,ASML,2022-01-31,2022-12-30,647.775634765625,529.1007080078125,-0.18320375202248984,,-0.18320375202248984,0.48
2023-01-31,AVGO,2022-01-31,2022-12-30,53.97382736206055,53.16610336303711,-0.014965105098164733,,-0.014965105098164733,0.72
2023-01-31,BAC,2022-01-31,2022-12-30,41.02030944824219,30.130611419677734,-0.2654708892994736,,-0.2654708892994736,0.38
2023-01-31,CAT,2022-01-31,2022-12-30,186.874267578125,226.22879028320312,0.21059358902169611,,0.21059358902169611,0.92
2023-01-31,COST,2022-01-31,2022-12-30,479.4721984863281,436.2115783691406,-0.09022550265429219,,-0.09022550265429219,0.6
2023-01-31,CRM,2022-01-31,2022-12-30,228.27224731445312,130.10623168945312,-0.4300392044144238,,-0.4300392044144238,0.18
2023-01-31,CRWD,2022-01-31,2022-12-30,45.15999984741211,26.322500228881836,-0.4171279823334577,,-0.4171279823334577,0.2
2023-01-31,CSCO,2022-01-31,2022-12-30,49.02107238769531,43.01343536376953,-0.12255213383364794,,-0.12255213383364794,0.52
2023-01-31,CVX,2022-01-31,2022-12-30,108.71734619140624,153.93734741210938,0.4159409956630973,,0.41122275825584964,0.98
2023-01-31,GE,2022-01-31,2022-12-30,57.566261291503906,51.272735595703125,-0.10932663602959447,,-0.10932663602959447,0.56
2023-01-31,GOOGL,2022-01-31,2022-12-30,134.0281524658203,87.39834594726562,-0.347910537157081,,-0.347910537157081,0.34
2023-01-31,HD,2022-01-31,2022-12-30,324.6380920410156,286.4460144042969,-0.11764509024989422,,-0.11764509024989422,0.54
2023-01-31,HON,2022-01-31,2022-12-30,183.16783142089844,195.9351501464844,0.06970284370648105,,0.06970284370648105,0.86
2023-01-31,INTC,2022-01-31,2022-12-30,45.27891159057617,25.485862731933594,-0.43713614491480124,,-0.43713614491480124,0.14
2023-01-31,JNJ,2022-01-31,2022-12-30,150.818115234375,158.6975555419922,0.05224465439958825,,0.05224465439958825,0.82
2023-01-31,JPM,2022-01-31,2022-12-30,132.7064666748047,122.80115509033205,-0.07464076041407586,,-0.07464076041407586,0.62
2023-01-31,KO,2022-01-31,2022-12-30,53.11297225952149,57.01477813720703,0.0734623899152258,,0.0734623899152258,0.88
2023-01-31,MA,2022-01-31,2022-12-30,376.0861206054687,340.0027160644531,-0.09594452590519464,,-0.09594452590519464,0.58
2023-01-31,MCD,2022-01-31,2022-12-30,232.20333862304688,241.1371612548828,0.03847413514729392,,0.03847413514729392,0.8
2023-01-31,META,2022-01-31,2022-12-30,310.2881774902344,119.19834899902344,-0.61584630789623,,-0.5599084285916874,0.04
2023-01-31,MRK,2022-01-31,2022-12-30,70.58781433105469,99.20806884765624,0.4054560236469915,,0.4054560236469915,0.94
2023-01-31,MSFT,2022-01-31,2022-12-30,299.0020446777344,232.7434844970703,-0.22159902034140877,,-0.22159902034140877,0.42
2023-01-31,MU,2022-01-31,2022-12-30,80.4223403930664,49.23528289794922,-0.3877909712983928,,-0.3877909712983928,0.26
2023-01-31,NFLX,2022-01-31,2022-12-30,42.7140007019043,29.488000869750977,-0.30964085814522335,,-0.30964085814522335,0.36
2023-01-31,NKE,2022-01-31,2022-12-30,135.3483123779297,108.10602569580078,-0.2012754071588344,,-0.2012754071588344,0.46
2023-01-31,NVDA,2022-01-31,2022-12-30,24.381608963012695,14.565301895141602,-0.40261112721324477,,-0.40261112721324477,0.22
2023-01-31,ORCL,2022-01-31,2022-12-30,76.41658020019531,78.00826263427734,0.0208290194341616,,0.0208290194341616,0.76
2023-01-31,PEP,2022-01-31,2022-12-30,148.54611206054688,158.79637145996094,0.06900388880751107,,0.06900388880751107,0.84
2023-01-31,PFE,2022-01-31,2022-12-30,41.10582733154297,40.96141815185547,-0.0035131072420159226,,-0.0035131072420159226,0.74
2023-01-31,PG,2022-01-31,2022-12-30,142.74984741210938,137.44586181640625,-0.03715580571088717,,-0.03715580571088717,0.7
2023-01-31,PLTR,2022-01-31,2022-12-30,13.710000038146973,6.420000076293945,-0.5317286609459656,,-0.5317286609459656,0.08
2023-01-31,QCOM,2022-01-31,2022-12-30,158.24874877929688,101.12407684326172,-0.36098024393042516,,-0.36098024393042516,0.32
2023-01-31,RKLB,2022-01-31,2022-12-30,9.039999961853027,3.7699999809265137,-0.5829646021200053,,-0.5599084285916874,0.04
2023-01-31,SMCI,2022-01-31,2022-12-30,4.052000045776367,8.210000038146973,1.02615990755102,,0.41122275825584964,0.98
2023-01-31,STX,2022-01-31,2022-12-30,93.60711669921876,47.953460693359375,-0.48771565256683536,,-0.48771565256683536,0.1
2023-01-31,TMO,2022-01-31,2022-12-30,573.2852783203125,544.2974853515625,-0.050564342160821396,,-0.050564342160821396,0.68
2023-01-31,TSLA,2022-01-31,2022-12-30,312.239990234375,123.18000030517578,-0.6054957591668068,,-0.5599084285916874,0.04
2023-01-31,TSM,2022-01-31,2022-12-30,113.66912078857422,70.53728485107422,-0.3794507746543204,,-0.3794507746543204,0.28
2023-01-31,TXN,2022-01-31,2022-12-30,157.78196716308594,148.362060546875,-0.05970204824784808,,-0.05970204824784808,0.66
2023-01-31,UNH,2022-01-31,2022-12-30,433.1462097167969,492.1737060546875,0.13627614651524822,,0.13627614651524822,0.9
2023-01-31,V,2022-01-31,2022-12-30,218.14549255371097,201.90447998046875,-0.07445036971939001,,-0.07445036971939001,0.64
2023-01-31,WDC,2022-01-31,2022-12-30,38.91736602783203,23.731016159057617,-0.39022039307371903,,-0.39022039307371903,0.24
2023-01-31,WFC,2022-01-31,2022-12-30,47.814659118652344,37.55812454223633,-0.21450606917356385,,-0.21450606917356385,0.44
2023-01-31,WMT,2022-01-31,2022-12-30,43.95418548583984,45.27738952636719,0.030104164732017047,,0.030104164732017047,0.78
2023-01-31,XOM,2022-01-31,2022-12-30,64.60441589355469,97.53225708007812,0.5096840630952677,,0.41122275825584964,0.98
2023-02-28,AAPL,2022-02-28,2023-01-31,161.49380493164062,141.7596893310547,-0.1221973536937796,,-0.1221973536937796,0.38
2023-02-28,ABT,2022-02-28,2023-01-31,110.25250244140624,102.84608459472656,-0.06717686839458192,,-0.06717686839458192,0.48
2023-02-28,ADBE,2022-02-28,2023-01-31,467.6799926757813,370.3399963378906,-0.2081337621072269,,-0.2081337621072269,0.26
2023-02-28,AMD,2022-02-28,2023-01-31,123.33999633789062,75.1500015258789,-0.39070857988348684,,-0.39070857988348684,0.08
2023-02-28,AMZN,2022-02-28,2023-01-31,153.56300354003906,103.12999725341795,-0.32841898845428297,,-0.32841898845428297,0.14
2023-02-28,ASML,2022-02-28,2023-01-31,637.5499267578125,639.9173583984375,0.0037133274450587006,,0.0037133274450587006,0.58
2023-02-28,AVGO,2022-02-28,2023-01-31,54.11753845214844,55.6269645690918,0.027891625526870856,,0.027891625526870856,0.66
2023-02-28,BAC,2022-02-28,2023-01-31,39.29557800292969,32.27759552001953,-0.17859471318597042,,-0.17859471318597042,0.32
2023-02-28,CAT,2022-02-28,2023-01-31,173.912841796875,239.38658142089844,0.37647443942348313,,0.37647443942348313,0.94
2023-02-28,COST,2022-02-28,2023-01-31,493.6220397949219,488.4231262207031,-0.010532174731052613,,-0.010532174731052613,0.56
2023-02-28,CRM,2022-02-28,2023-01-31,206.5862274169922,164.823486328125,-0.2021564632407441,,-0.2021564632407441,0.28
2023-02-28,CRWD,2022-02-28,2023-01-31,48.8025016784668,26.475000381469727,-0.4575073106723271,,-0.39746046980936617,0.04
2023-02-28,CSCO,2022-02-28,2023-01-31,49.10914611816406,44.29450607299805,-0.09803957970642085,,-0.09803957970642085,0.46
2023-02-28,CVX,2022-02-28,2023-01-31,120.45734405517578,149.24607849121094,0.2389952614499653,,0.2389952614499653,0.92
2023-02-28,GE,2022-02-28,2023-01-31,58.19383239746094,63.08576583862305,0.08406274753912846,,0.08406274753912846,0.84
2023-02-28,GOOGL,2022-02-28,2023-01-31,133.78395080566406,97.90833282470705,-0.2681608501237216,,-0.2681608501237216,0.22
2023-02-28,HD,2022-02-28,2023-01-31,279.3897399902344,293.9821472167969,0.052229574454210725,,0.052229574454210725,0.72
2023-02-28,HON,2022-02-28,2023-01-31,170.90895080566406,190.6138916015625,0.11529496087249624,,0.11529496087249624,0.88
2023-02-28,INTC,2022-02-28,2023-01-31,44.57715606689453,27.250490188598633,-0.3886893513864973,,-0.3886893513864973,0.1
2023-02-28,JNJ,2022-02-28,2023-01-31,144.98501586914062,146.8120880126953,0.012601799797047564,,0.012601799797047564,0.6
2023-02-28,JPM,2022-02-28,2023-01-31,126.6337432861328,129.11410522460938,0.019586895831327666,,0.019586895831327666,0.64
2023-02-28,KO,2022-02-28,2023-01-31,54.183780670166016,54.962215423583984,0.014366564012145089,,0.014366564012145089,0.62
2023-02-28,MA,2022-02-28,2023-01-31,351.2070617675781,362.9526672363281,0.03344353444841319,,0.03344353444841319,0.68
2023-02-28,MCD,2022-02-28,2023-01-31,220.28363037109375,244.6783142089844,0.11074215454319014,,0.11074215454319014,0.86
2023-02-28,META,2022-02-28,2023-01-31,209.02801513671875,147.55674743652344,-0.29408147831279396,,-0.29408147831279396,0.2
2023-02-28,MRK,2022-02-28,2023-01-31,66.34283447265625,96.04271697998048,0.4476728005880617,,0.41563353806400116,0.98
2023-02-28,MSFT,2022-02-28,2023-01-31,287.8755798339844,240.4977264404297,-0.16457753527019248,,-0.16457753527019248,0.34
2023-02-28,MU,2022-02-28,2023-01-31,86.86434173583984,59.401519775390625,-0.31615760174601293,,-0.31615760174601293,0.16
2023-02-28,NFLX,2022-02-28,2023-01-31,39.45199966430664,35.38600158691406,-0.10306190084126976,,-0.10306190084126976,0.44
2023-02-28,NKE,2022-02-28,2023-01-31,124.81804656982422,117.64070892333984,-0.05750240324798961,,-0.05750240324798961,0.52
2023-02-28,NVDA,2022-02-28,2023-01-31,24.28103828430176,19.471899032592773,-0.19806151596153965,,-0.19806151596153965,0.3
2023-02-28,ORCL,2022-02-28,2023-01-31,71.52992248535156,84.73802185058594,0.18465138652903246,,0.18465138652903246,0.9
2023-02-28,PEP,2022-02-28,2023-01-31,140.17369079589844,150.322998046875,0.07240522235912716,,0.07240522235912716,0.78
2023-02-28,PFE,2022-02-28,2023-01-31,36.62000274658203,35.625728607177734,-0.027151121377157694,,-0.027151121377157694,0.54
2023-02-28,PG,2022-02-28,2023-01-31,138.69290161132812,129.93104553222656,-0.06317450985094908,,-0.06317450985094908,0.5
2023-02-28,PLTR,2022-02-28,2023-01-31,11.850000381469728,7.78000020980835,-0.3434599190415035,,-0.3434599190415035,0.12
2023-02-28,QCOM,2022-02-28,2023-01-31,154.8543701171875,122.5280990600586,-0.2087527205894525,,-0.2087527205894525,0.24
2023-02-28,RKLB,2022-02-28,2023-01-31,9.539999961853027,4.96999979019165,-0.4790356593223414,,-0.39746046980936617,0.04
2023-02-28,SMCI,2022-02-28,2023-01-31,3.928999900817871,7.232999801635742,0.8409264403722947,,0.41563353806400116,0.98
2023-02-28,STX,2022-02-28,2023-01-31,90.12144470214844,61.780757904052734,-0.31447217575973985,,-0.31447217575973985,0.18
2023-02-28,TMO,2022-02-28,2023-01-31,536.4996337890625,563.7095336914062,0.05071746220994067,,0.05071746220994067,0.7
2023-02-28,TSLA,2022-02-28,2023-01-31,290.1433410644531,173.22000122070312,-0.4029847433850856,,-0.39746046980936617,0.04
2023-02-28,TSM,2022-02-28,2023-01-31,99.19050598144533,87.80940246582031,-0.11473984735750797,,-0.11473984735750797,0.4
2023-02-28,TXN,2022-02-28,2023-01-31,149.43093872070312,160.26268005371094,0.07248660435208198,,0.07248660435208198,0.8
2023-02-28,UNH,2022-02-28,2023-01-31,436.1709289550781,463.4051513671875,0.06243933422466652,,0.06243933422466652,0.74
2023-02-28,V,2022-02-28,2023-01-31,208.7911834716797,223.72178649902344,0.07150973896064405,,0.07150973896064405,0.76
2023-02-28,WDC,2022-02-28,2023-01-31,38.31562042236328,33.057945251464844,-0.13722014971809626,,-0.13722014971809626,0.36
2023-02-28,WFC,2022-02-28,2023-01-31,47.64546203613281,42.633792877197266,-0.10518670498220495,,-0.10518670498220495,0.42
2023-02-28,WMT,2022-02-28,2023-01-31,42.492305755615234,45.94160079956055,0.08117457931756267,,0.08117457931756267,0.82
2023-02-28,XOM,2022-02-28,2023-01-31,67.4360580444336,102.58130645751952,0.5211640394212949,,0.41563353806400116,0.98
2023-03-31,AAPL,2022-03-31,2023-02-28,170.77542114257812,145.0460968017578,-0.15066175312979757,,-0.15066175312979757,0.42
2023-03-31,ABT,2022-03-31,2023-02-28,108.1867446899414,94.63142395019533,-0.12529557829468896,,-0.12529557829468896,0.48
2023-03-31,ADBE,2022-03-31,2023-02-28,455.6199951171875,323.95001220703125,-0.2889907912761601,,-0.2889907912761601,0.16
2023-03-31,AMD,2022-03-31,2023-02-28,109.33999633789062,78.58000183105469,-0.28132426867638727,,-0.28132426867638727,0.18
2023-03-31,AMZN,2022-03-31,2023-02-28,162.99749755859375,94.2300033569336,-0.42189294456462356,,-0.42189294456462356,0.12
2023-03-31,ASML,2022-03-31,2023-02-28,638.9082641601562,599.4705200195312,-0.061726771045082396,,-0.061726771045082396,0.6
2023-03-31,AVGO,2022-03-31,2023-02-28,58.4011344909668,56.509376525878906,-0.03239248657713145,,-0.03239248657713145,0.68
2023-03-31,BAC,2022-03-31,2023-02-28,36.82541275024414,31.2041072845459,-0.15264745310046723,,-0.15264745310046723,0.38
2023-03-31,CAT,2022-03-31,2023-02-28,206.58529663085935,227.29820251464844,0.10026321437967733,,0.10026321437967733,0.92
2023-03-31,COST,2022-03-31,2023-02-28,547.4287109375,463.46673583984375,-0.1533751763839113,,-0.1533751763839113,0.36
2023-03-31,CRM,2022-03-31,2023-02-28,208.3426818847656,160.54515075683594,-0.22941785473591292,,-0.22941785473591292,0.24
2023-03-31,CRWD,2022-03-31,2023-02-28,56.77000045776367,30.17250061035156,-0.4685132928121146,,-0.4355910058268874,0.04
2023-03-31,CSCO,2022-03-31,2023-02-28,49.1003303527832,44.066986083984375,-0.10251141352073445,,-0.10251141352073445,0.54
2023-03-31,CVX,2022-03-31,2023-02-28,136.20883178710938,139.10128784179688,0.021235451598383248,,0.021235451598383248,0.82
2023-03-31,GE,2022-03-31,2023-02-28,55.80064010620117,66.40151977539062,0.18997774306914028,,0.18997774306914028,0.94
2023-03-31,GOOGL,2022-03-31,2023-02-28,137.7566680908203,89.21109771728516,-0.35240087500904127,,-0.35240087500904127,0.14
2023-03-31,HD,2022-03-31,2023-02-28,266.3914489746094,268.92523193359375,0.009511502597915111,,0.009511502597915111,0.8
2023-03-31,HON,2022-03-31,2023-02-28,175.2593994140625,175.99801635742188,0.004214421285413383,,0.004214421285413383,0.78
2023-03-31,INTC,2022-03-31,2023-02-28,46.31538391113281,24.33236312866211,-0.47463755940467656,,-0.4355910058268874,0.04
2023-03-31,JNJ,2022-03-31,2023-02-28,156.1383819580078,138.6749267578125,-0.11184601109093073,,-0.11184601109093073,0.5
2023-03-31,JPM,2022-03-31,2023-02-28,121.7398910522461,132.24139404296875,0.08626180703756181,,0.08626180703756181,0.88
2023-03-31,KO,2022-03-31,2023-02-28,54.38800811767578,53.339874267578125,-0.019271414533694187,,-0.019271414533694187,0.7
2023-03-31,MA,2022-03-31,2023-02-28,347.85870361328125,347.9584655761719,0.0002867887503010813,,0.0002867887503010813,0.76
2023-03-31,MCD,2022-03-31,2023-02-28,222.54251098632812,242.87911987304688,0.09138302968086909,,0.09138302968086909,0.9
2023-03-31,META,2022-03-31,2023-02-28,220.25048828125,173.28036499023438,-0.21325774874576842,,-0.21325774874576842,0.28
2023-03-31,MRK,2022-03-31,2023-02-28,71.71391296386719,94.99652862548828,0.32465967480190305,,0.26405280552215943,0.98
2023-03-31,MSFT,2022-03-31,2023-02-28,297.0477600097656,242.6664581298828,-0.18307258697421247,,-0.18307258697421247,0.32
2023-03-31,MU,2022-03-31,2023-02-28,76.14070129394531,56.95847702026367,-0.2519312791673355,,-0.2519312791673355,0.22
2023-03-31,NFLX,2022-03-31,2023-02-28,37.45899963378906,32.2130012512207,-0.14004640897661136,,-0.14004640897661136,0.46
2023-03-31,NKE,2022-03-31,2023-02-28,123.27967834472656,109.75056457519533,-0.10974325980718269,,-0.10974325980718269,0.52
2023-03-31,NVDA,2022-03-31,2023-02-28,27.174297332763672,23.13863754272461,-0.14851018006538563,,-0.14851018006538563,0.44
2023-03-31,ORCL,2022-03-31,2023-02-28,77.89482116699219,83.72262573242188,0.07481632896923851,,0.07481632896923851,0.86
2023-03-31,PEP,2022-03-31,2023-02-28,144.2322235107422,152.5292205810547,0.057525266326456936,,0.057525266326456936,0.84
2023-03-31,PFE,2022-03-31,2023-02-28,40.38809967041016,32.72951889038086,-0.1896246875324087,,-0.1896246875324087,0.3
2023-03-31,PG,2022-03-31,2023-02-28,135.94374084472656,125.53245544433594,-0.07658525016081674,,-0.07658525016081674,0.58
2023-03-31,PLTR,2022-03-31,2023-02-28,13.729999542236328,7.840000152587891,-0.42898758820272187,,-0.42898758820272187,0.08
2023-03-31,QCOM,2022-03-31,2023-02-28,138.1682586669922,113.6243133544922,-0.1776380881491375,,-0.1776380881491375,0.34
2023-03-31,RKLB,2022-03-31,2023-02-28,8.050000190734863,4.5,-0.44099380206484107,,-0.4355910058268874,0.04
2023-03-31,SMCI,2022-03-31,2023-02-28,3.806999921798706,9.79699993133545,1.5734174238455534,,0.26405280552215943,0.98
2023-03-31,STX,2022-03-31,2023-02-28,79.12460327148438,58.845760345458984,-0.2562899791920178,,-0.2562899791920178,0.2
2023-03-31,TMO,2022-03-31,2023-02-28,582.8327026367188,535.47119140625,-0.08126090217005089,,-0.08126090217005089,0.56
2023-03-31,TSLA,2022-03-31,2023-02-28,359.20001220703125,205.7100067138672,-0.4273106911942347,,-0.4273106911942347,0.1
2023-03-31,TSM,2022-03-31,2023-02-28,97.10755920410156,82.44973754882812,-0.15094418782028585,,-0.15094418782028585,0.4
2023-03-31,TXN,2022-03-31,2023-02-28,161.2893829345703,155.05352783203125,-0.03866252687611027,,-0.03866252687611027,0.64
2023-03-31,UNH,2022-03-31,2023-02-28,468.8094177246094,441.8218078613281,-0.05756627073378129,,-0.05756627073378129,0.62
2023-03-31,V,2022-03-31,2023-02-28,214.2495880126953,214.1598663330078,-0.000418771772304094,,-0.000418771772304094,0.74
2023-03-31,WDC,2022-03-31,2023-02-28,37.34531784057617,28.943565368652344,-0.22497472127001727,,-0.22497472127001727,0.26
2023-03-31,WFC,2022-03-31,2023-02-28,43.26212310791016,42.8141975402832,-0.010353758332888208,,-0.010353758332888208,0.72
2023-03-31,WMT,2022-03-31,2023-02-28,46.99932098388672,45.38597106933594,-0.03432708985527477,,-0.03432708985527477,0.66
2023-03-31,XOM,2022-03-31,2023-02-28,71.02198028564453,97.93526458740234,0.3789430285316575,,0.26405280552215943,0.98
2023-04-28,AAPL,2022-04-29,2023-03-31,154.1878662109375,162.25563049316406,0.05232424885619347,,0.05232424885619347,0.6
2023-04-28,ABT,2022-04-29,2023-03-31,104.15796661376952,94.2034683227539,-0.09557116574604518,,-0.09557116574604518,0.28
2023-04-28,ADBE,2022-04-29,2023-03-31,395.9500122070313,385.3699951171875,-0.026720587861257084,,-0.026720587861257084,0.4
2023-04-28,AMD,2022-04-29,2023-03-31,85.5199966430664,98.01000213623048,0.14604777810379765,,0.14604777810379765,0.8
2023-04-28,AMZN,2022-04-29,2023-03-31,124.28150177001952,103.29000091552734,-0.16890285807244698,,-0.16890285807244698,0.16
2023-04-28,ASML,2022-04-29,2023-03-31,539.2741088867188,660.589111328125,0.22495981253735664,,0.22495981253735664,0.86
2023-04-28,AVGO,2022-04-29,2023-03-31,51.41818618774414,61.441307067871094,0.1949333810323326,,0.1949333810323326,0.84
2023-04-28,BAC,2022-04-29,2023-03-31,31.87604331970215,26.18733787536621,-0.1784633490198524,,-0.1784633490198524,0.14
2023-04-28,CAT,2022-04-29,2023-03-31,196.13607788085935,217.13595581054688,0.10706789977947695,,0.10706789977947695,0.72
2023-04-28,COST,2022-04-29,2023-03-31,506.2989196777344,475.6138610839844,-0.06060660491490166,,-0.06060660491490166,0.34
2023-04-28,CRM,2022-04-29,2023-03-31,172.6442108154297,196.03759765625,0.13550055765165325,,0.13550055765165325,0.78
2023-04-28,CRWD,2022-04-29,2023-03-31,49.689998626708984,34.314998626708984,-0.30941840259451625,,-0.28796080145015396,0.04
2023-04-28,CSCO,2022-04-29,2023-03-31,43.42546463012695,47.5799674987793,0.09566973903533338,,0.09566973903533338,0.7
2023-04-28,CVX,2022-04-29,2023-03-31,131.05592346191406,141.16917419433594,0.07716744474629467,,0.07716744474629467,0.66
2023-04-28,GE,2022-04-29,2023-03-31,45.46380233764648,75.00732421875,0.6498251435656954,,0.5819782784591887,0.98
2023-04-28,GOOGL,2022-04-29,2023-03-31,113.03390502929688,102.7522430419922,-0.09096086687122595,,-0.09096086687122595,0.3
2023-04-28,HD,2022-04-29,2023-03-31,267.3437805175781,269.5754699707031,0.008347639315956501,,0.008347639315956501,0.52
2023-04-28,HON,2022-04-29,2023-03-31,174.29562377929688,175.66714477539062,0.007868935354512718,,0.007868935354512718,0.5
2023-04-28,INTC,2022-04-29,2023-03-31,40.73623275756836,31.886812210083008,-0.21723708719337143,,-0.21723708719337143,0.1
2023-04-28,JNJ,2022-04-29,2023-03-31,158.98399353027344,140.2493438720703,-0.11783984816456194,,-0.11783984816456194,0.24
2023-04-28,JPM,2022-04-29,2023-03-31,107.38395690917967,120.2119140625,0.11945878623349304,,0.11945878623349304,0.74
2023-04-28,KO,2022-04-29,2023-03-31,56.67757034301758,56.02506637573242,-0.011512560671464,,-0.011512560671464,0.44
2023-04-28,MA,2022-04-29,2023-03-31,354.1897888183594,355.9110107421875,0.00485960346166503,,0.00485960346166503,0.48
2023-04-28,MCD,2022-04-29,2023-03-31,224.2344207763672,257.3279724121094,0.1475846193513124,,0.1475846193513124,0.82
2023-04-28,META,2022-04-29,2023-03-31,198.5681610107422,209.9293670654297,0.057215648253260865,,0.057215648253260865,0.62
2023-04-28,MRK,2022-04-29,2023-03-31,77.5174560546875,95.79203033447266,0.23574785873897475,,0.23574785873897475,0.88
2023-04-28,MSFT,2022-04-29,2023-03-31,267.3825378417969,280.49371337890625,0.049035272246787054,,0.049035272246787054,0.58
2023-04-28,MU,2022-04-29,2023-03-31,66.74964141845703,59.44093322753906,-0.10949434387368906,,-0.10949434387368906,0.26
2023-04-28,NFLX,2022-04-29,2023-03-31,19.035999298095703,34.54800033569336,0.8148771595694178,,0.5819782784591887,0.98
2023-04-28,NKE,2022-04-29,2023-03-31,114.24626159667967,113.63067626953124,-0.005388231689555156,,-0.005388231689555156,0.46
2023-04-28,NVDA,2022-04-29,2023-03-31,18.47107315063477,27.68914222717285,0.4990543322179035,,0.4990543322179035,0.94
2023-04-28,ORCL,2022-04-29,2023-03-31,69.3804702758789,89.01036071777344,0.2829310663914473,,0.2829310663914473,0.9
2023-04-28,PEP,2022-04-29,2023-03-31,147.96340942382812,161.3206787109375,0.09027413830975362,,0.09027413830975362,0.68
2023-04-28,PFE,2022-04-29,2023-03-31,38.28171157836914,32.91507339477539,-0.14018804181749644,,-0.14018804181749644,0.2
2023-04-28,PG,2022-04-29,2023-03-31,143.64016723632812,135.68930053710938,-0.05535266946701167,,-0.05535266946701167,0.38
2023-04-28,PLTR,2022-04-29,2023-03-31,10.399999618530272,8.449999809265137,-0.18749998853756777,,-0.18749998853756777,0.12
2023-04-28,QCOM,2022-04-29,2023-03-31,126.29712677001952,118.06639099121094,-0.06516962015926397,,-0.06516962015926397,0.32
2023-04-28,RKLB,2022-04-29,2023-03-31,7.380000114440918,4.039999961853027,-0.45257453940309555,,-0.28796080145015396,0.04
2023-04-28,SMCI,2022-04-29,2023-03-31,4.210000038146973,10.654999732971191,1.5308787734978213,,0.5819782784591887,0.98
2023-04-28,STX,2022-04-29,2023-03-31,72.20669555664062,60.955223083496094,-0.15582311842976682,,-0.15582311842976682,0.18
2023-04-28,TMO,2022-04-29,2023-03-31,545.6019287109375,570.0478515625,0.0448054186855964,,0.0448054186855964,0.56
2023-04-28,TSLA,2022-04-29,2023-03-31,290.2533264160156,207.4600067138672,-0.2852450331042272,,-0.2852450331042272,0.08
2023-04-28,TSM,2022-04-29,2023-03-31,86.55481719970703,88.54254913330078,0.022965006430635482,,0.022965006430635482,0.54
2023-04-28,TXN,2022-04-29,2023-03-31,149.65945434570312,168.2211151123047,0.1240259818382432,,0.1240259818382432,0.76
2023-04-28,UNH,2022-04-29,2023-03-31,467.5039978027344,440.2745971679687,-0.058244209167715555,,-0.058244209167715555,0.36
2023-04-28,V,2022-04-29,2023-03-31,205.902587890625,219.53480529785156,0.06620712030325704,,0.06620712030325704,0.64
2023-04-28,WDC,2022-04-29,2023-03-31,39.91775131225586,28.334306716918945,-0.2901827937331849,,-0.28796080145015396,0.04
2023-04-28,WFC,2022-04-29,2023-03-31,38.95018768310547,34.218406677246094,-0.12148288075930813,,-0.12148288075930813,0.22
2023-04-28,WMT,2022-04-29,2023-03-31,48.283817291259766,47.277774810791016,-0.02083601788152034,,-0.02083601788152034,0.42
2023-04-28,XOM,2022-04-29,2023-03-31,73.30941009521484,97.71249389648438,0.3328779179858985,,0.3328779179858985,0.92
2023-05-31,AAPL,2022-05-31,2023-04-28,145.7852020263672,166.95895385742188,0.14523937640272377,,0.14523937640272377,0.76
2023-05-31,ABT,2022-05-31,2023-04-28,107.7920150756836,103.28526306152344,-0.04180970186888011,,-0.04180970186888011,0.38
2023-05-31,ADBE,2022-05-31,2023-04-28,416.4800109863281,377.55999755859375,-0.09344989531565295,,-0.09344989531565295,0.32
2023-05-31,AMD,2022-05-31,2023-04-28,101.86000061035156,89.37000274658203,-0.12261925965961784,,-0.12261925965961784,0.22
2023-05-31,AMZN,2022-05-31,2023-04-28,120.20950317382812,105.4499969482422,-0.12278152588521263,,-0.12278152588521263,0.2
2023-05-31,ASML,2022-05-31,2023-04-28,555.0385131835938,618.0352783203125,0.11349980882476318,,0.11349980882476318,0.7
2023-05-31,AVGO,2022-05-31,2023-04-28,53.80550765991211,60.00090789794922,0.11514435059690009,,0.11514435059690009,0.72
2023-05-31,BAC,2022-05-31,2023-04-28,33.234004974365234,26.80997085571289,-0.1932970198327727,,-0.1932970198327727,0.14
2023-05-31,CAT,2022-05-31,2023-04-28,201.0828094482422,208.7363739013672,0.03806175413067825,,0.03806175413067825,0.5
2023-05-31,COST,2022-05-31,2023-04-28,443.9304809570313,481.6922912597656,0.08506244090589798,,0.08506244090589798,0.64
2023-05-31,CRM,2022-05-31,2023-04-28,157.23829650878906,194.65402221679688,0.23795555242431932,,0.23795555242431932,0.84
2023-05-31,CRWD,2022-05-31,2023-04-28,39.997501373291016,30.012500762939453,-0.2496406092261355,,-0.2496406092261355,0.1
2023-05-31,CSCO,2022-05-31,2023-04-28,39.94114303588867,43.32518005371094,0.0847255927248145,,0.0847255927248145,0.62
2023-05-31,CVX,2022-05-31,2023-04-28,147.30667114257812,145.85865783691406,-0.009829923481622482,,-0.009829923481622482,0.44
2023-05-31,GE,2022-05-31,2023-04-28,47.744606018066406,77.65140533447266,0.6263911635398063,,0.5638981429139379,0.98
2023-05-31,GOOGL,2022-05-31,2023-04-28,112.6896743774414,106.32820892333984,-0.056451183209515254,,-0.056451183209515254,0.36
2023-05-31,HD,2022-05-31,2023-04-28,269.4352111816406,274.5263671875,0.018895659492801586,,0.018895659492801586,0.48
2023-05-31,HON,2022-05-31,2023-04-28,175.28933715820312,183.68211364746097,0.04787956087530376,,0.04787956087530376,0.54
2023-05-31,INTC,2022-05-31,2023-04-28,41.840030670166016,30.315414428710938,-0.275444736938797,,-0.2743311358779999,0.04
2023-05-31,JNJ,2022-05-31,2023-04-28,159.18099975585938,148.12139892578125,-0.0694781465566906,,-0.0694781465566906,0.34
2023-05-31,JPM,2022-05-31,2023-04-28,118.96261596679688,128.5282440185547,0.08040868951997182,,0.08040868951997182,0.6
2023-05-31,KO,2022-05-31,2023-04-28,55.59857940673828,57.939842224121094,0.04211011940170306,,0.04211011940170306,0.52
2023-05-31,MA,2022-05-31,2023-04-28,348.8191223144531,372.77191162109375,0.06866822308281506,,0.06866822308281506,0.56
2023-05-31,MCD,2022-05-31,2023-04-28,226.97930908203125,272.1817932128906,0.19914803826688465,,0.19914803826688465,0.82
2023-05-31,META,2022-05-31,2023-04-28,191.802978515625,238.0401306152344,0.24106587112171862,,0.24106587112171862,0.86
2023-05-31,MRK,2022-05-31,2023-04-28,80.43669128417969,103.96754455566406,0.29253880158186507,,0.29253880158186507,0.9
2023-05-31,MSFT,2022-05-31,2023-04-28,262.5489807128906,298.9403991699219,0.13860811174440224,,0.13860811174440224,0.74
2023-05-31,MU,2022-05-31,2023-04-28,72.28028106689453,63.529151916503906,-0.12107215164660967,,-0.12107215164660967,0.24
2023-05-31,NFLX,2022-05-31,2023-04-28,19.743999481201172,32.99300003051758,0.671039348533774,,0.5638981429139379,0.98
2023-05-31,NKE,2022-05-31,2023-04-28,108.8866729736328,117.41094970703124,0.07828576721655023,,0.07828576721655023,0.58
2023-05-31,NVDA,2022-05-31,2023-04-28,18.595563888549805,27.661231994628903,0.48751778437121085,,0.48751778437121085,0.94
2023-05-31,ORCL,2022-05-31,2023-04-28,67.98152160644531,91.11458587646484,0.34028459092075236,,0.34028459092075236,0.92
2023-05-31,PEP,2022-05-31,2023-04-28,144.5510711669922,168.92213439941406,0.1685982887270845,,0.1685982887270845,0.78
2023-05-31,PFE,2022-05-31,2023-04-28,41.716331481933594,31.374202728271484,-0.24791558572548622,,-0.24791558572548622,0.12
2023-05-31,PG,2022-05-31,2023-04-28,132.30462646484375,143.6003875732422,0.08537691696971739,,0.08537691696971739,0.66
2023-05-31,PLTR,2022-05-31,2023-04-28,8.680000305175781,7.75,-0.10714288853437404,,-0.10714288853437404,0.28
2023-05-31,QCOM,2022-05-31,2023-04-28,129.48870849609375,108.09024047851562,-0.16525354423643546,,-0.16525354423643546,0.18
2023-05-31,RKLB,2022-05-31,2023-04-28,4.760000228881836,3.9200000762939458,-0.1764706118060867,,-0.1764706118060867,0.16
2023-05-31,SMCI,2022-05-31,2023-04-28,5.00600004196167,10.54300022125244,1.106072739288476,,0.5638981429139379,0.98
2023-05-31,STX,2022-05-31,2023-04-28,74.52147674560547,54.179344177246094,-0.2729700679148035,,-0.2729700679148035,0.08
2023-05-31,TMO,2022-05-31,2023-04-28,560.05810546875,548.8134155273438,-0.020077720207253846,,-0.020077720207253846,0.42
2023-05-31,TSLA,2022-05-31,2023-04-28,252.7533264160156,164.30999755859375,-0.34991954452797136,,-0.2743311358779999,0.04
2023-05-31,TSM,2022-05-31,2023-04-28,88.7622299194336,80.24227142333984,-0.09598630525423957,,-0.09598630525423957,0.3
2023-05-31,TXN,2022-05-31,2023-04-28,156.43862915039062,151.20994567871094,-0.033423224813950214,,-0.033423224813950214,0.4
2023-05-31,UNH,2022-05-31,2023-04-28,456.6839599609375,458.441162109375,0.0038477422079545853,,0.0038477422079545853,0.46
2023-05-31,V,2022-05-31,2023-04-28,205.36663818359375,226.6136932373047,0.10345913650646832,,0.10345913650646832,0.68
2023-05-31,WDC,2022-05-31,2023-04-28,45.649295806884766,25.90479278564453,-0.43252590587087203,,-0.2743311358779999,0.04
2023-05-31,WFC,2022-05-31,2023-04-28,41.08403015136719,36.38795471191406,-0.11430415716645193,,-0.11430415716645193,0.26
2023-05-31,WMT,2022-05-31,2023-04-28,40.74333953857422,48.40641784667969,0.18808174280486667,,0.18808174280486667,0.8
2023-05-31,XOM,2022-05-31,2023-04-28,83.3993148803711,105.4468002319336,0.2643605092342505,,0.2643605092342505,0.88
2023-06-30,AAPL,2022-06-30,2023-05-31,133.9139862060547,174.64883422851562,0.30418665873915396,,0.30418665873915396,0.78
2023-06-30,ABT,2022-06-30,2023-05-31,99.70716857910156,95.36613464355467,-0.04353783180697768,,-0.04353783180697768,0.22
2023-06-30,ADBE,2022-06-30,2023-05-31,366.05999755859375,417.7900085449219,0.1413156622721332,,0.1413156622721332,0.5
2023-06-30,AMD,2022-06-30,2023-05-31,76.47000122070312,118.20999908447266,0.5458349313125033,,0.5458349313125033,0.86
2023-06-30,AMZN,2022-06-30,2023-05-31,106.20999908447266,120.58000183105467,0.13529802156530502,,0.13529802156530502,0.48
2023-06-30,ASML,2022-06-30,2023-05-31,458.3313598632813,703.6137084960938,0.5351637922091548,,0.5351637922091548,0.82
2023-06-30,AVGO,2022-06-30,2023-05-31,45.431121826171875,77.3796157836914,0.7032292550415231,,0.7032292550415231,0.92
2023-06-30,BAC,2022-06-30,2023-05-31,27.97132110595703,25.445667266845703,-0.0902944065296023,,-0.0902944065296023,0.14
2023-06-30,CAT,2022-06-30,2023-05-31,166.53033447265625,196.28660583496097,0.17868379029281667,,0.17868379029281667,0.58
2023-06-30,COST,2022-06-30,2023-05-31,456.36614990234375,490.69671630859375,0.0752259264049191,,0.0752259264049191,0.36
2023-06-30,CRM,2022-06-30,2023-05-31,161.9483642578125,219.19549560546875,0.35349002510776883,,0.35349002510776883,0.8
2023-06-30,CRWD,2022-06-30,2023-05-31,42.13999938964844,40.032501220703125,-0.05001182248386582,,-0.05001182248386582,0.2
2023-06-30,CSCO,2022-06-30,2023-05-31,37.80445098876953,45.544166564941406,0.2047302731223657,,0.2047302731223657,0.6
2023-06-30,CVX,2022-06-30,2023-05-31,122.10614776611328,131.59547424316406,0.07771374865765979,,0.07771374865765979,0.38
2023-06-30,GE,2022-06-30,2023-05-31,38.87506866455078,79.65998077392578,1.0491277188808095,,1.0491277188808095,0.94
2023-06-30,GOOGL,2022-06-30,2023-05-31,107.9359130859375,121.71182250976562,0.1276304524598766,,0.1276304524598766,0.44
2023-06-30,HD,2022-06-30,2023-05-31,245.6305999755859,260.77960205078125,0.061673920418307215,,0.061673920418307215,0.34
2023-06-30,HON,2022-06-30,2023-05-31,157.35482788085938,177.03231811523438,0.12505170956224965,,0.12505170956224965,0.42
2023-06-30,INTC,2022-06-30,2023-05-31,35.23717498779297,30.81196403503418,-0.1255835904635315,,-0.1255835904635315,0.08
2023-06-30,JNJ,2022-06-30,2023-05-31,157.38999938964844,141.3621826171875,-0.10183503929484794,,-0.10183503929484794,0.1
2023-06-30,JPM,2022-06-30,2023-05-31,101.31120300292967,126.17596435546876,0.24542953410414103,,0.24542953410414103,0.74
2023-06-30,KO,2022-06-30,2023-05-31,55.584999084472656,53.88450241088867,-0.030592726483627986,,-0.030592726483627986,0.26
2023-06-30,MA,2022-06-30,2023-05-31,307.50115966796875,358.048583984375,0.16438124776825536,,0.16438124776825536,0.52
2023-06-30,MCD,2022-06-30,2023-05-31,223.41390991210935,262.38970947265625,0.17445556355859804,,0.17445556355859804,0.56
2023-06-30,META,2022-06-30,2023-05-31,159.72024536132812,262.2085876464844,0.641674084918298,,0.641674084918298,0.9
2023-06-30,MRK,2022-06-30,2023-05-31,80.3371810913086,99.4115753173828,0.23742921978299036,,0.23742921978299036,0.7
2023-06-30,MSFT,2022-06-30,2023-05-31,248.02459716796875,320.1967468261719,0.2909878716961538,,0.2909878716961538,0.76
2023-06-30,MU,2022-06-30,2023-05-31,54.112335205078125,67.319580078125,0.24407087262069327,,0.24407087262069327,0.72
2023-06-30,NFLX,2022-06-30,2023-05-31,17.48699951171875,39.52299880981445,1.2601360961512285,,1.1651823263795393,0.98
2023-06-30,NKE,2022-06-30,2023-05-31,93.86444091796876,97.5274429321289,0.03902438429651278,,0.03902438429651278,0.3
2023-06-30,NVDA,2022-06-30,2023-05-31,15.100137710571287,37.714332580566406,1.4976151412290366,,1.1651823263795393,0.98
2023-06-30,ORCL,2022-06-30,2023-05-31,66.04377746582031,101.9075164794922,0.5430297961413924,,0.5430297961413924,0.84
2023-06-30,PEP,2022-06-30,2023-05-31,144.61065673828125,161.3649444580078,0.1158579049263897,,0.1158579049263897,0.4
2023-06-30,PFE,2022-06-30,2023-05-31,41.236568450927734,31.004230499267575,-0.24813747448061363,,-0.1266077896885806,0.04
2023-06-30,PG,2022-06-30,2023-05-31,128.6453857421875,130.8546905517578,0.017173603210284494,,0.017173603210284494,0.28
2023-06-30,PLTR,2022-06-30,2023-05-31,9.06999969482422,14.710000038146973,0.6218302682569228,,0.6218302682569228,0.88
2023-06-30,QCOM,2022-06-30,2023-05-31,116.10081481933594,105.68186950683594,-0.08974050120761756,,-0.08974050120761756,0.16
2023-06-30,RKLB,2022-06-30,2023-05-31,3.7899999618530273,4.579999923706055,0.20844326380066147,,0.20844326380066147,0.62
2023-06-30,SMCI,2022-06-30,2023-05-31,4.034999847412109,22.395000457763672,4.55018619694049,,1.1651823263795393,0.98
2023-06-30,STX,2022-06-30,2023-05-31,63.49800491333008,55.40545272827149,-0.1274457708727117,,-0.1266077896885806,0.04
2023-06-30,TMO,2022-06-30,2023-05-31,536.4039916992188,502.88275146484375,-0.06249252569539332,,-0.06249252569539332,0.18
2023-06-30,TSLA,2022-06-30,2023-05-31,224.47332763671875,203.92999267578125,-0.09151793300887956,,-0.09151793300887956,0.12
2023-06-30,TSM,2022-06-30,2023-05-31,76.54281616210938,93.84442901611328,0.2260383628603495,,0.2260383628603495,0.64
2023-06-30,TXN,2022-06-30,2023-05-31,135.98548889160156,158.46182250976562,0.16528479473336066,,0.16528479473336066,0.54
2023-06-30,UNH,2022-06-30,2023-05-31,473.8578796386719,453.9228210449219,-0.04206969948236583,,-0.04206969948236583,0.24
2023-06-30,V,2022-06-30,2023-05-31,190.57659912109375,215.64080810546875,0.13151776818332772,,0.13151776818332772,0.46
2023-06-30,WDC,2022-06-30,2023-05-31,33.719852447509766,29.13160514831543,-0.1360696137783124,,-0.1266077896885806,0.04
2023-06-30,WFC,2022-06-30,2023-05-31,35.15974044799805,36.72795867919922,0.04460266802937851,,0.04460266802937851,0.32
2023-06-30,WMT,2022-06-30,2023-05-31,38.5102653503418,47.27069091796875,0.22748286691691666,,0.22748286691691666,0.66
2023-06-30,XOM,2022-06-30,2023-05-31,74.3991470336914,91.8375015258789,0.23438917228836775,,0.23438917228836775,0.68
2023-07-31,AAPL,2022-07-29,2023-06-30,159.1746826171875,191.12347412109375,0.20071528322592957,,0.20071528322592957,0.68
2023-07-31,ABT,2022-07-29,2023-06-30,100.32546997070312,101.92955780029295,0.015988839424906365,,0.015988839424906365,0.36
2023-07-31,ADBE,2022-07-29,2023-06-30,410.1199951171875,488.989990234375,0.19230955831512486,,0.19230955831512486,0.66
2023-07-31,AMD,2022-07-29,2023-06-30,94.47000122070312,113.91000366210938,0.20577963575961045,,0.20577963575961045,0.7
2023-07-31,AMZN,2022-07-29,2023-06-30,134.9499969482422,130.36000061035156,-0.03401257089061693,,-0.03401257089061693,0.22
2023-07-31,ASML,2022-07-29,2023-06-30,553.2568359375,705.3851928710938,0.27496877951053333,,0.27496877951053333,0.78
2023-07-31,AVGO,2022-07-29,2023-06-30,50.07607650756836,83.5177230834961,0.667816828079042,,0.667816828079042,0.9
2023-07-31,BAC,2022-07-29,2023-06-30,30.37939453125,26.479368209838867,-0.12837735516418347,,-0.12837735516418347,0.12
2023-07-31,CAT,2022-07-29,2023-06-30,185.97325134277344,234.7330322265625,0.2621870647081299,,0.2621870647081299,0.76
2023-07-31,COST,2022-07-29,2023-06-30,516.310791015625,516.4227905273438,0.00021692266299222496,,0.00021692266299222496,0.34
2023-07-31,CRM,2022-07-29,2023-06-30,180.5728454589844,207.3025360107422,0.1480271880515347,,0.1480271880515347,0.58
2023-07-31,CRWD,2022-07-29,2023-06-30,45.900001525878906,36.717498779296875,-0.20005451941880303,,-0.19500344863467317,0.04
2023-07-31,CSCO,2022-07-29,2023-06-30,40.586891174316406,47.44222259521485,0.16890506324949905,,0.16890506324949905,0.64
2023-07-31,CVX,2022-07-29,2023-06-30,138.13058471679688,137.47540283203125,-0.004743206481815143,,-0.004743206481815143,0.3
2023-07-31,GE,2022-07-29,2023-06-30,45.1273193359375,86.18782806396484,0.9098814051498176,,0.9098814051498176,0.94
2023-07-31,GOOGL,2022-07-29,2023-06-30,115.22356414794922,118.57170104980467,0.02905774462553845,,0.02905774462553845,0.4
2023-07-31,HD,2022-07-29,2023-06-30,269.5157470703125,285.7949523925781,0.060401685241859404,,0.060401685241859404,0.44
2023-07-31,HON,2022-07-29,2023-06-30,174.2391357421875,191.7234344482422,0.10034656468868897,,0.10034656468868897,0.48
2023-07-31,INTC,2022-07-29,2023-06-30,34.201072692871094,32.772010803222656,-0.04178412479870297,,-0.04178412479870297,0.2
2023-07-31,JNJ,2022-07-29,2023-06-30,154.7388916015625,150.89817810058594,-0.024820608841286118,,-0.024820608841286118,0.28
2023-07-31,JPM,2022-07-29,2023-06-30,104.70333099365234,135.222412109375,0.2914814727104802,,0.2914814727104802,0.82
2023-07-31,KO,2022-07-29,2023-06-30,56.69829177856445,54.80451965332031,-0.03340086739544601,,-0.03340086739544601,0.24
2023-07-31,MA,2022-07-29,2023-06-30,345.3708190917969,385.7884521484375,0.11702677476610424,,0.11702677476610424,0.52
2023-07-31,MCD,2022-07-29,2023-06-30,238.33648681640625,276.0876770019531,0.15839450639644248,,0.15839450639644248,0.6
2023-07-31,META,2022-07-29,2023-06-30,157.5906524658203,284.2574768066406,0.8037711777879273,,0.8037711777879273,0.92
2023-07-31,MRK,2022-07-29,2023-06-30,78.72462463378906,104.58966827392578,0.32855086652309407,,0.32855086652309407,0.84
2023-07-31,MSFT,2022-07-29,2023-06-30,271.1149597167969,332.04351806640625,0.22473329547456378,,0.22473329547456378,0.74
2023-07-31,MU,2022-07-29,2023-06-30,60.67190170288086,62.29529571533203,0.026756933059411514,,0.026756933059411514,0.38
2023-07-31,NFLX,2022-07-29,2023-06-30,22.489999771118164,44.04899978637695,0.9586038343559713,,0.936678741213202,0.98
2023-07-31,NKE,2022-07-29,2023-06-30,105.54698944091795,102.5986785888672,-0.02793363285554562,,-0.02793363285554562,0.26
2023-07-31,NVDA,2022-07-29,2023-06-30,18.092472076416016,42.17256164550781,1.330945238847752,,0.936678741213202,0.98
2023-07-31,ORCL,2022-07-29,2023-06-30,73.9063949584961,114.5569839477539,0.550028032243842,,0.550028032243842,0.88
2023-07-31,PEP,2022-07-29,2023-06-30,151.81259155273438,165.0496368408203,0.08719332930620483,,0.08719332930620483,0.46
2023-07-31,PFE,2022-07-29,2023-06-30,40.03472900390625,29.911500930786133,-0.25286116142143433,,-0.19500344863467317,0.04
2023-07-31,PG,2022-07-29,2023-06-30,125.08621215820312,139.33956909179688,0.11394826566150051,,0.11394826566150051,0.5
2023-07-31,PLTR,2022-07-29,2023-06-30,10.350000381469728,15.329999923706056,0.48115935832740075,,0.48115935832740075,0.86
2023-07-31,QCOM,2022-07-29,2023-06-30,131.84274291992188,110.92822265625,-0.15863232060011712,,-0.15863232060011712,0.1
2023-07-31,RKLB,2022-07-29,2023-06-30,4.670000076293945,6.0,0.284796552886039,,0.284796552886039,0.8
2023-07-31,SMCI,2022-07-29,2023-06-30,5.401000022888184,24.924999237060547,3.6148859713820016,,0.936678741213202,0.98
2023-07-31,STX,2022-07-29,2023-06-30,71.08863067626953,57.66497039794922,-0.1888299176762922,,-0.1888299176762922,0.08
2023-07-31,TMO,2022-07-29,2023-06-30,590.8361206054688,516.3705444335938,-0.126034231108899,,-0.126034231108899,0.14
2023-07-31,TSLA,2022-07-29,2023-06-30,297.1499938964844,261.7699890136719,-0.11906446444396546,,-0.11906446444396546,0.16
2023-07-31,TSM,2022-07-29,2023-06-30,82.84416198730469,96.46463012695312,0.16441071782144023,,0.16441071782144023,0.62
2023-07-31,TXN,2022-07-29,2023-06-30,159.36656188964844,164.05738830566406,0.02943419472940456,,0.02943419472940456,0.42
2023-07-31,UNH,2022-07-29,2023-06-30,500.3448181152344,449.6122131347656,-0.10139528409942389,,-0.10139528409942389,0.18
2023-07-31,V,2022-07-29,2023-06-30,205.30853271484375,231.689697265625,0.12849521742684922,,0.12849521742684922,0.54
2023-07-31,WDC,2022-07-29,2023-06-30,36.93162536621094,28.529869079589844,-0.22749489640138976,,-0.19500344863467317,0.04
2023-07-31,WFC,2022-07-29,2023-06-30,39.3785514831543,39.37576675415039,-7.071689788029634e-05,,-7.071689788029634e-05,0.32
2023-07-31,WMT,2022-07-29,2023-06-30,41.82661819458008,50.58899688720703,0.20949287967446506,,0.20949287967446506,0.72
2023-07-31,XOM,2022-07-29,2023-06-30,84.2072525024414,96.39431762695312,0.14472702483860744,,0.14472702483860744,0.56
2023-08-31,AAPL,2022-08-31,2023-07-31,154.20712280273438,193.5670623779297,0.25524073635395905,,0.25524073635395905,0.64
2023-08-31,ABT,2022-08-31,2023-07-31,94.61973571777344,104.58853149414062,0.1053564111202081,,0.1053564111202081,0.36
2023-08-31,ADBE,2022-08-31,2023-07-31,373.44000244140625,546.1699829101562,0.46253743396397873,,0.46253743396397873,0.8
2023-08-31,AMD,2022-08-31,2023-07-31,84.87000274658203,114.4000015258789,0.3479438885783015,,0.3479438885783015,0.74
2023-08-31,AMZN,2022-08-31,2023-07-31,126.7699966430664,133.67999267578125,0.05450813454046721,,0.05450813454046721,0.26
2023-08-31,ASML,2022-08-31,2023-07-31,473.0037841796875,697.2680053710938,0.47412775265707263,,0.47412775265707263,0.84
2023-08-31,AVGO,2022-08-31,2023-07-31,46.67489242553711,86.52365112304688,0.8537514845070628,,0.8537514845070628,0.88
2023-08-31,BAC,2022-08-31,2023-07-31,30.19967460632324,29.534320831298828,-0.022031819339043412,,-0.022031819339043412,0.08
2023-08-31,CAT,2022-08-31,2023-07-31,173.27175903320312,254.22637939453125,0.46721185733339987,,0.46721185733339987,0.82
2023-08-31,COST,2022-08-31,2023-07-31,497.9970703125,537.8038940429688,0.07993385122826013,,0.07993385122826013,0.34
2023-08-31,CRM,2022-08-31,2023-07-31,153.19546508789062,220.79495239257812,0.4412629790699394,,0.4412629790699394,0.78
2023-08-31,CRWD,2022-08-31,2023-07-31,45.65250015258789,40.415000915527344,-0.11472535391391159,,-0.026238095818049822,0.04
2023-08-31,CSCO,2022-08-31,2023-07-31,40.00541687011719,48.07914352416992,0.20181583609702503,,0.20181583609702503,0.52
2023-08-31,CVX,2022-08-31,2023-07-31,134.5176239013672,142.98843383789062,0.0629717481683627,,0.0629717481683627,0.3
2023-08-31,GE,2022-08-31,2023-07-31,44.84033966064453,89.69847869873047,1.0003969501028784,,1.0003969501028784,0.94
2023-08-31,GOOGL,2022-08-31,2023-07-31,107.19991302490234,131.46897888183594,0.22639072338888866,,0.22639072338888866,0.62
2023-08-31,HD,2022-08-31,2023-07-31,259.988525390625,307.139404296875,0.18135753812752786,,0.18135753812752786,0.48
2023-08-31,HON,2022-08-31,2023-07-31,172.2796173095703,179.3699951171875,0.04115621986132245,,0.04115621986132245,0.22
2023-08-31,INTC,2022-08-31,2023-07-31,30.369571685791016,35.05546569824219,0.15429568980861053,,0.15429568980861053,0.44
2023-08-31,JNJ,2022-08-31,2023-07-31,144.0139617919922,152.73062133789062,0.06052648949751438,,0.06052648949751438,0.28
2023-08-31,JPM,2022-08-31,2023-07-31,103.22391510009766,147.8714599609375,0.43253101587499865,,0.43253101587499865,0.76
2023-08-31,KO,2022-08-31,2023-07-31,54.52472305297851,56.36074447631836,0.0336731911789061,,0.0336731911789061,0.2
2023-08-31,MA,2022-08-31,2023-07-31,316.6509094238281,387.30908203125,0.2231421748827127,,0.2231421748827127,0.6
2023-08-31,MCD,2022-08-31,2023-07-31,229.55026245117188,271.26739501953125,0.18173419678504232,,0.18173419678504232,0.5
2023-08-31,META,2022-08-31,2023-07-31,161.3843231201172,315.5774841308594,0.9554407641935414,,0.9554407641935414,0.9
2023-08-31,MRK,2022-08-31,2023-07-31,75.217529296875,96.66771697998048,0.28517538243570906,,0.28517538243570906,0.68
2023-08-31,MSFT,2022-08-31,2023-07-31,253.04151916503903,327.5387878417969,0.29440729301095114,,0.29440729301095114,0.7
2023-08-31,MU,2022-08-31,2023-07-31,55.444278717041016,70.60099029541016,0.2733683606151893,,0.2733683606151893,0.66
2023-08-31,NFLX,2022-08-31,2023-07-31,22.356000900268555,43.89699935913086,0.9635443545989275,,0.9635443545989275,0.92
2023-08-31,NKE,2022-08-31,2023-07-31,97.767822265625,102.61726379394533,0.04960161140896546,,0.04960161140896546,0.24
2023-08-31,NVDA,2022-08-31,2023-07-31,15.03538417816162,46.58601760864258,2.098425491269267,,1.3136501794221322,0.98
2023-08-31,ORCL,2022-08-31,2023-07-31,70.40287017822266,113.1635284423828,0.6073709517227477,,0.6073709517227477,0.86
2023-08-31,PEP,2022-08-31,2023-07-31,149.47848510742188,167.04568481445312,0.11752326560177995,,0.11752326560177995,0.38
2023-08-31,PFE,2022-08-31,2023-07-31,35.8497428894043,29.73352813720703,-0.17060693492462864,,-0.026238095818049822,0.04
2023-08-31,PG,2022-08-31,2023-07-31,124.2127456665039,144.43121337890625,0.16277289100980408,,0.16277289100980408,0.46
2023-08-31,PLTR,2022-08-31,2023-07-31,7.71999979019165,19.84000015258789,1.5699482761378882,,1.3136501794221322,0.98
2023-08-31,QCOM,2022-08-31,2023-07-31,120.89265441894533,123.16350555419922,0.018784029072473007,,0.018784029072473007,0.18
2023-08-31,RKLB,2022-08-31,2023-07-31,5.5,7.369999885559082,0.3399999791925603,,0.3399999791925603,0.72
2023-08-31,SMCI,2022-08-31,2023-07-31,6.507999897003174,33.027000427246094,4.074831123223355,,1.3136501794221322,0.98
2023-08-31,STX,2022-08-31,2023-07-31,59.51605987548828,59.184181213378906,-0.005576287523127221,,-0.005576287523127221,0.12
2023-08-31,TMO,2022-08-31,2023-07-31,538.418212890625,543.0029907226562,0.008515272556284481,,0.008515272556284481,0.16
2023-08-31,TSLA,2022-08-31,2023-07-31,275.6099853515625,267.42999267578125,-0.029679594755418703,,-0.026238095818049822,0.04
2023-08-31,TSM,2022-08-31,2023-07-31,78.04092407226562,94.77278137207033,0.21439850307655317,,0.21439850307655317,0.56
2023-08-31,TXN,2022-08-31,2023-07-31,147.17958068847656,165.19174194335938,0.12238220254892385,,0.12238220254892385,0.4
2023-08-31,UNH,2022-08-31,2023-07-31,479.1165161132813,473.6811828613281,-0.011344491515437705,,-0.011344491515437705,0.1
2023-08-31,V,2022-08-31,2023-07-31,192.6789093017578,231.93360900878903,0.2037311704186251,,0.2037311704186251,0.54
2023-08-31,WDC,2022-08-31,2023-07-31,31.786771774291992,32.012428283691406,0.007099069732583452,,0.007099069732583452,0.14
2023-08-31,WFC,2022-08-31,2023-07-31,39.50495910644531,42.58635711669922,0.07800028350747423,,0.07800028350747423,0.32
2023-08-31,WMT,2022-08-31,2023-07-31,42.16785430908203,51.45156478881836,0.22016084602476016,,0.22016084602476016,0.58
2023-08-31,XOM,2022-08-31,2023-07-31,83.85000610351562,96.38531494140624,0.14949681485312416,,0.14949681485312416,0.42
2023-09-29,AAPL,2022-09-30,2023-08-31,135.55165100097656,185.36294555664065,0.36747095433979804,,0.36747095433979804,0.5
2023-09-29,ABT,2022-09-30,2023-08-31,89.19049835205078,96.6689910888672,0.08384853627902689,,0.08384853627902689,0.18
2023-09-29,ADBE,2022-09-30,2023-08-31,275.20001220703125,559.3400268554688,1.0324854725467119,,1.0324854725467119,0.9
2023-09-29,AMD,2022-09-30,2023-08-31,63.36000061035156,105.72000122070312,0.6685606092533862,,0.6685606092533862,0.8
2023-09-29,AMZN,2022-09-30,2023-08-31,113.0,138.00999450683594,0.22132738501624716,,0.22132738501624716,0.34
2023-09-29,ASML,2022-09-30,2023-08-31,400.9922180175781,644.3138427734375,0.6067988699600972,,0.6067988699600972,0.78
2023-09-29,AVGO,2022-09-30,2023-08-31,41.87031555175781,88.85752868652344,1.1222082402670832,,1.1222082402670832,0.92
2023-09-29,BAC,2022-09-30,2023-08-31,27.314476013183594,26.681413650512695,-0.023176807871596927,,-0.023176807871596927,0.08
2023-09-29,CAT,2022-09-30,2023-08-31,153.91925048828125,269.5277404785156,0.7510983169648187,,0.7510983169648187,0.82
2023-09-29,COST,2022-09-30,2023-08-31,450.4674377441406,527.8739624023438,0.17183600449755265,,0.17183600449755265,0.32
2023-09-29,CRM,2022-09-30,2023-08-31,141.14552307128906,217.31149291992188,0.5396272456347291,,0.5396272456347291,0.74
2023-09-29,CRWD,2022-09-30,2023-08-31,41.20249938964844,40.75749969482422,-0.010800308268095526,,-0.010800308268095526,0.1
2023-09-29,CSCO,2022-09-30,2023-08-31,35.783016204833984,52.98500061035156,0.4807304199022142,,0.4807304199022142,0.72
2023-09-29,CVX,2022-09-30,2023-08-31,122.27091979980467,142.10446166992188,0.16220980346423208,,0.16220980346423208,0.3
2023-09-29,GE,2022-09-30,2023-08-31,37.847373962402344,89.87120056152344,1.3745689899331368,,1.287369863876166,0.98
2023-09-29,GOOGL,2022-09-30,2023-08-31,94.74840545654295,134.88645935058594,0.42362775078523707,,0.42362775078523707,0.66
2023-09-29,HD,2022-09-30,2023-08-31,248.7387237548828,305.82305908203125,0.22949516852631935,,0.22949516852631935,0.36
2023-09-29,HON,2022-09-30,2023-08-31,151.91725158691406,174.60092163085938,0.14931595856950874,,0.14931595856950874,0.28
2023-09-29,INTC,2022-09-30,2023-08-31,24.518293380737305,34.56195068359375,0.409639331208395,,0.409639331208395,0.62
2023-09-29,JNJ,2022-09-30,2023-08-31,145.81703186035156,148.4675750732422,0.018177185333391188,,0.018177185333391188,0.12
2023-09-29,JPM,2022-09-30,2023-08-31,94.8465576171875,136.98422241210938,0.44427194674786974,,0.44427194674786974,0.68
2023-09-29,KO,2022-09-30,2023-08-31,49.85812759399414,54.4495964050293,0.09209067874398547,,0.09209067874398547,0.2
2023-09-29,MA,2022-09-30,2023-08-31,277.5735778808594,405.3444519042969,0.4603135319971974,,0.4603135319971974,0.7
2023-09-29,MCD,2022-09-30,2023-08-31,209.95098876953125,261.5173034667969,0.24561120192613783,,0.24561120192613783,0.4
2023-09-29,META,2022-09-30,2023-08-31,134.392822265625,293.08294677734375,1.1807931542509804,,1.1807931542509804,0.94
2023-09-29,MRK,2022-09-30,2023-08-31,76.4990005493164,98.77964782714844,0.2912540963651993,,0.2912540963651993,0.46
2023-09-29,MSFT,2022-09-30,2023-08-31,225.3924865722656,320.259033203125,0.42089489349700737,,0.42089489349700737,0.64
2023-09-29,MU,2022-09-30,2023-08-31,49.13776779174805,69.16703033447266,0.4076144164222337,,0.4076144164222337,0.6
2023-09-29,NFLX,2022-09-30,2023-08-31,23.54400062561035,43.36800003051758,0.8419979136147051,,0.8419979136147051,0.84
2023-09-29,NKE,2022-09-30,2023-08-31,76.55992889404297,94.54843139648438,0.23495975978944594,,0.23495975978944594,0.38
2023-09-29,NVDA,2022-09-30,2023-08-31,12.095455169677734,49.203975677490234,3.0679722248766934,,1.287369863876166,0.98
2023-09-29,ORCL,2022-09-30,2023-08-31,57.98385238647461,116.21390533447266,1.0042460193897167,,1.0042460193897167,0.88
2023-09-29,PEP,2022-09-30,2023-08-31,142.6125030517578,159.65997314453125,0.11953699520010863,,0.11953699520010863,0.26
2023-09-29,PFE,2022-09-30,2023-08-31,34.684608459472656,29.172828674316406,-0.1589114027796078,,-0.025296697888133435,0.04
2023-09-29,PG,2022-09-30,2023-08-31,113.68606567382812,142.6200714111328,0.25450793433487284,,0.25450793433487284,0.42
2023-09-29,PLTR,2022-09-30,2023-08-31,8.130000114440918,14.979999542236328,0.8425583433422215,,0.8425583433422215,0.86
2023-09-29,QCOM,2022-09-30,2023-08-31,103.2619171142578,107.48126983642578,0.0408606855274567,,0.0408606855274567,0.14
2023-09-29,RKLB,2022-09-30,2023-08-31,4.070000171661377,6.309999942779541,0.5503684709192025,,0.5503684709192025,0.76
2023-09-29,SMCI,2022-09-30,2023-08-31,5.506999969482422,27.507999420166016,3.995097071473449,,1.287369863876166,0.98
2023-09-29,STX,2022-09-30,2023-08-31,47.852508544921875,65.97870635986328,0.3787930531985655,,0.3787930531985655,0.52
2023-09-29,TMO,2022-09-30,2023-08-31,501.0392456054687,551.3560791015625,0.10042493464816249,,0.10042493464816249,0.22
2023-09-29,TSLA,2022-09-30,2023-08-31,265.25,258.0799865722656,-0.02703115335620876,,-0.025296697888133435,0.04
2023-09-29,TSM,2022-09-30,2023-08-31,64.5560302734375,89.43912506103516,0.3854495804993163,,0.3854495804993163,0.56
2023-09-29,TXN,2022-09-30,2023-08-31,137.88784790039062,154.2340087890625,0.11854678376357164,,0.11854678376357164,0.24
2023-09-29,UNH,2022-09-30,2023-08-31,467.3949279785156,445.8143310546875,-0.04617208196324307,,-0.025296697888133435,0.04
2023-09-29,V,2022-09-30,2023-08-31,172.25807189941406,240.14048767089844,0.39407393234450394,,0.39407393234450394,0.58
2023-09-29,WDC,2022-09-30,2023-08-31,24.48318672180176,33.847721099853516,0.3824883780228181,,0.3824883780228181,0.54
2023-09-29,WFC,2022-09-30,2023-08-31,36.350711822509766,38.39132308959961,0.05613676224701103,,0.05613676224701103,0.16
2023-09-29,WMT,2022-09-30,2023-08-31,41.26118087768555,52.52272415161133,0.2729331307145437,,0.2729331307145437,0.44
2023-09-29,XOM,2022-09-30,2023-08-31,76.58692169189453,100.7547378540039,0.3155606156797284,,0.3155606156797284,0.48
2023-10-31,AAPL,2022-10-31,2023-09-29,150.40147399902344,168.92526245117188,0.12316227999380325,,0.12316227999380325,0.48
2023-10-31,ABT,2022-10-31,2023-09-29,91.63028717041016,90.9853515625,-0.00703845450915952,,-0.00703845450915952,0.28
2023-10-31,ADBE,2022-10-31,2023-09-29,318.5,509.8999938964844,0.6009418960643151,,0.6009418960643151,0.86
2023-10-31,AMD,2022-10-31,2023-09-29,60.060001373291016,102.81999969482422,0.7119546677291417,,0.7119546677291417,0.88
2023-10-31,AMZN,2022-10-31,2023-09-29,102.44000244140624,127.12000274658205,0.24092151227048553,,0.24092151227048553,0.6
2023-10-31,ASML,2022-10-31,2023-09-29,456.0895080566406,574.2081298828125,0.25898123008675533,,0.25898123008675533,0.64
2023-10-31,AVGO,2022-10-31,2023-09-29,44.33249282836914,80.4052963256836,0.8136876858463242,,0.8136876858463242,0.9
2023-10-31,BAC,2022-10-31,2023-09-29,32.59647750854492,25.480892181396484,-0.2182930755411575,,-0.11541338457809157,0.04
2023-10-31,CAT,2022-10-31,2023-09-29,204.4142913818359,261.73321533203125,0.2804056583457093,,0.2804056583457093,0.68
2023-10-31,COST,2022-10-31,2023-09-29,479.2116394042969,542.9428100585938,0.13299170014634965,,0.13299170014634965,0.5
2023-10-31,CRM,2022-10-31,2023-09-29,159.54425048828125,198.98141479492188,0.24718637109105557,,0.24718637109105557,0.62
2023-10-31,CRWD,2022-10-31,2023-09-29,40.29999923706055,41.845001220703125,0.03833751893031723,,0.03833751893031723,0.32
2023-10-31,CSCO,2022-10-31,2023-09-29,41.0180549621582,49.66823959350586,0.2108872456124018,,0.2108872456124018,0.56
2023-10-31,CVX,2022-10-31,2023-09-29,153.95570373535156,148.73773193359375,-0.03389268260387068,,-0.03389268260387068,0.2
2023-10-31,GE,2022-10-31,2023-09-29,47.56749725341797,86.86363220214844,0.826113149055931,,0.826113149055931,0.94
2023-10-31,GOOGL,2022-10-31,2023-09-29,93.6191635131836,129.62652587890625,0.3846152968526795,,0.3846152968526795,0.8
2023-10-31,HD,2022-10-31,2023-09-29,266.9384460449219,279.7684326171875,0.0480634646764464,,0.0480634646764464,0.38
2023-10-31,HON,2022-10-31,2023-09-29,185.6270446777344,171.6280517578125,-0.07541461937416205,,-0.07541461937416205,0.14
2023-10-31,INTC,2022-10-31,2023-09-29,27.04909324645996,34.96520233154297,0.2926570962270252,,0.2926570962270252,0.7
2023-10-31,JNJ,2022-10-31,2023-09-29,155.28761291503906,143.02220153808594,-0.07898512409784919,,-0.07898512409784919,0.1
2023-10-31,JPM,2022-10-31,2023-09-29,115.2737274169922,135.7578887939453,0.1777001736297945,,0.1777001736297945,0.54
2023-10-31,KO,2022-10-31,2023-09-29,53.266849517822266,51.350006103515625,-0.03598567273375708,,-0.03598567273375708,0.18
2023-10-31,MA,2022-10-31,2023-09-29,320.88714599609375,388.9102478027344,0.21198450188923634,,0.21198450188923634,0.58
2023-10-31,MCD,2022-10-31,2023-09-29,248.0941467285156,245.04396057128903,-0.012294470455864182,,-0.012294470455864182,0.26
2023-10-31,META,2022-10-31,2023-09-29,92.27619934082033,297.3619384765625,2.222520439731832,,1.5941371589276727,0.98
2023-10-31,MRK,2022-10-31,2023-09-29,89.89431762695312,93.95018005371094,0.045118117961459925,,0.045118117961459925,0.36
2023-10-31,MSFT,2022-10-31,2023-09-29,224.64732360839844,308.52386474609375,0.37336986611025713,,0.37336986611025713,0.78
2023-10-31,MU,2022-10-31,2023-09-29,53.17290496826172,67.27812957763672,0.2652709047548605,,0.2652709047548605,0.66
2023-10-31,NFLX,2022-10-31,2023-09-29,29.187999725341797,37.7599983215332,0.2936822898743887,,0.2936822898743887,0.72
2023-10-31,NKE,2022-10-31,2023-09-29,85.36541748046875,89.18538665771484,0.04474843900482406,,0.04474843900482406,0.34
2023-10-31,NVDA,2022-10-31,2023-09-29,13.44858455657959,43.369476318359375,2.224835753970947,,1.5941371589276727,0.98
2023-10-31,ORCL,2022-10-31,2023-09-29,74.50580596923828,102.245849609375,0.37232056319999995,,0.37232056319999995,0.76
2023-10-31,PEP,2022-10-31,2023-09-29,158.6156005859375,152.05027770996094,-0.041391406972099754,,-0.041391406972099754,0.16
2023-10-31,PFE,2022-10-31,2023-09-29,36.89598846435547,27.350557327270508,-0.2587118961809798,,-0.11541338457809157,0.04
2023-10-31,PG,2022-10-31,2023-09-29,122.1287841796875,134.78404235839844,0.10362223994706543,,0.10362223994706543,0.44
2023-10-31,PLTR,2022-10-31,2023-09-29,8.789999961853027,16.0,0.8202502923136563,,0.8202502923136563,0.92
2023-10-31,QCOM,2022-10-31,2023-09-29,107.5393524169922,104.22482299804688,-0.03082154899067069,,-0.03082154899067069,0.22
2023-10-31,RKLB,2022-10-31,2023-09-29,5.090000152587891,4.380000114440918,-0.13948919781190772,,-0.11541338457809157,0.04
2023-10-31,SMCI,2022-10-31,2023-09-29,6.959000110626221,27.42200088500977,2.94050875831099,,1.5941371589276727,0.98
2023-10-31,STX,2022-10-31,2023-09-29,44.64315414428711,62.127593994140625,0.39164884706272396,,0.39164884706272396,0.82
2023-10-31,TMO,2022-10-31,2023-09-29,507.7369995117187,501.2945556640625,-0.012688545159899256,,-0.012688545159899256,0.24
2023-10-31,TSLA,2022-10-31,2023-09-29,227.5399932861328,250.22000122070312,0.09967482026796959,,0.09967482026796959,0.42
2023-10-31,TSM,2022-10-31,2023-09-29,57.95542526245117,83.49468231201172,0.4406706867201131,,0.4406706867201131,0.84
2023-10-31,TXN,2022-10-31,2023-09-29,144.24037170410156,145.92852783203125,0.011703769950016651,,0.011703769950016651,0.3
2023-10-31,UNH,2022-10-31,2023-09-29,513.7698974609375,473.4780578613281,-0.07842390104739994,,-0.07842390104739994,0.12
2023-10-31,V,2022-10-31,2023-09-29,200.87245178222656,224.82379150390625,0.1192365578712915,,0.1192365578712915,0.46
2023-10-31,WDC,2022-10-31,2023-09-29,25.852140426635746,34.321590423583984,0.3276111709582883,,0.3276111709582883,0.74
2023-10-31,WFC,2022-10-31,2023-09-29,41.56562423706055,37.99150466918945,-0.08598739062564964,,-0.08598739062564964,0.08
2023-10-31,WMT,2022-10-31,2023-09-29,45.27913284301758,51.65708923339844,0.14085862493200096,,0.14085862493200096,0.52
2023-10-31,XOM,2022-10-31,2023-09-29,97.20075225830078,106.5450210571289,0.09613370865687032,,0.09613370865687032,0.4
2023-11-30,AAPL,2022-11-30,2023-10-31,145.4341278076172,168.49118041992188,0.15853949110765098,,0.15853949110765098,0.64
2023-11-30,ABT,2022-11-30,2023-10-31,99.6319580078125,89.31632995605469,-0.10353734141156723,,-0.10353734141156723,0.2
2023-11-30,ADBE,2022-11-30,2023-10-31,344.92999267578125,532.0599975585938,0.542515898461478,,0.542515898461478,0.88
2023-11-30,AMD,2022-11-30,2023-10-31,77.62999725341797,98.5,0.2688394111164696,,0.2688394111164696,0.76
2023-11-30,AMZN,2022-11-30,2023-10-31,96.54000091552734,133.08999633789062,0.3785994932229655,,0.3785994932229655,0.84
2023-11-30,ASML,2022-11-30,2023-10-31,588.8663940429688,584.1090698242188,-0.008078783688244995,,-0.008078783688244995,0.38
2023-11-30,AVGO,2022-11-30,2023-10-31,51.96233749389648,81.44984436035156,0.5674784524448828,,0.5674784524448828,0.9
2023-11-30,BAC,2022-11-30,2023-10-31,34.23353958129883,24.513023376464844,-0.28394715602660403,,-0.19700893675208897,0.04
2023-11-30,CAT,2022-11-30,2023-10-31,223.25408935546875,217.8407287597656,-0.024247531641330533,,-0.024247531641330533,0.34
2023-11-30,COST,2022-11-30,2023-10-31,515.283935546875,530.9107666015625,0.03032664124897,,0.03032664124897,0.44
2023-11-30,CRM,2022-11-30,2023-10-31,157.24810791015625,197.0679473876953,0.2532293711304312,,0.2532293711304312,0.72
2023-11-30,CRWD,2022-11-30,2023-10-31,29.412500381469727,44.192501068115234,0.5025074541420869,,0.5025074541420869,0.86
2023-11-30,CSCO,2022-11-30,2023-10-31,44.89143753051758,48.51013946533203,0.08061007029134304,,0.08061007029134304,0.56
2023-11-30,CVX,2022-11-30,2023-10-31,157.21353149414062,128.54673767089844,-0.1823430435713519,,-0.1823430435713519,0.1
2023-11-30,GE,2022-11-30,2023-10-31,52.55593490600586,85.35501098632812,0.6240793953904935,,0.6240793953904935,0.92
2023-11-30,GOOGL,2022-11-30,2023-10-31,100.03807067871094,122.9104232788086,0.22863648254029267,,0.22863648254029267,0.68
2023-11-30,HD,2022-11-30,2023-10-31,293.8189392089844,263.5929870605469,-0.10287271552273458,,-0.10287271552273458,0.22
2023-11-30,HON,2022-11-30,2023-10-31,200.73521423339844,170.2530975341797,-0.15185236340135444,,-0.15185236340135444,0.14
2023-11-30,INTC,2022-11-30,2023-10-31,28.995832443237305,35.899574279785156,0.2380942795852723,,0.2380942795852723,0.7
2023-11-30,JNJ,2022-11-30,2023-10-31,159.910400390625,136.2177276611328,-0.1481621750156109,,-0.1481621750156109,0.16
2023-11-30,JPM,2022-11-30,2023-10-31,126.537353515625,131.1390838623047,0.03636657649957464,,0.03636657649957464,0.5
2023-11-30,KO,2022-11-30,2023-10-31,57.01477813720703,51.81782913208008,-0.09115091165698141,,-0.09115091165698141,0.26
2023-11-30,MA,2022-11-30,2023-10-31,348.4800109863281,370.23193359375,0.062419427002013306,,0.062419427002013306,0.54
2023-11-30,MCD,2022-11-30,2023-10-31,249.6103057861328,243.8626708984375,-0.023026432621014892,,-0.023026432621014892,0.36
2023-11-30,META,2022-11-30,2023-10-31,116.9795913696289,298.4118957519531,1.55097399690036,,1.2138275879374338,0.98
2023-11-30,MRK,2022-11-30,2023-10-31,97.81781768798828,93.72203063964844,-0.041871584800677764,,-0.041871584800677764,0.3
2023-11-30,MSFT,2022-11-30,2023-10-31,247.61138916015625,330.3721618652344,0.33423653486127836,,0.33423653486127836,0.78
2023-11-30,MU,2022-11-30,2023-10-31,56.66207504272461,66.24127960205078,0.16905848492317332,,0.16905848492317332,0.66
2023-11-30,NFLX,2022-11-30,2023-10-31,30.55299949645996,41.16899871826172,0.34746176796919026,,0.34746176796919026,0.8
2023-11-30,NKE,2022-11-30,2023-10-31,101.03292083740234,95.85421752929688,-0.05125758282728288,,-0.05125758282728288,0.28
2023-11-30,NVDA,2022-11-30,2023-10-31,16.866605758666992,40.658565521240234,1.4105955936242607,,1.2138275879374338,0.98
2023-11-30,ORCL,2022-11-30,2023-10-31,79.2393798828125,100.17852020263672,0.264251693423033,,0.264251693423033,0.74
2023-11-30,PEP,2022-11-30,2023-10-31,162.04855346679688,146.5224609375,-0.09581136145394908,,-0.09581136145394908,0.24
2023-11-30,PFE,2022-11-30,2023-10-31,40.07407760620117,25.198461532592773,-0.37120295617999466,,-0.19700893675208897,0.04
2023-11-30,PG,2022-11-30,2023-10-31,135.2694091796875,139.5123748779297,0.031366779259055955,,0.031366779259055955,0.46
2023-11-30,PLTR,2022-11-30,2023-10-31,7.5,14.800000190734863,0.9733333587646484,,0.9733333587646484,0.94
2023-11-30,QCOM,2022-11-30,2023-10-31,116.34696197509766,102.28221893310548,-0.12088620796993843,,-0.12088620796993843,0.18
2023-11-30,RKLB,2022-11-30,2023-10-31,4.190000057220459,4.230000019073486,0.00954653014481388,,0.00954653014481388,0.42
2023-11-30,SMCI,2022-11-30,2023-10-31,9.02299976348877,23.94700050354004,1.65399547060177,,1.2138275879374338,0.98
2023-11-30,STX,2022-11-30,2023-10-31,47.6187744140625,64.2942886352539,0.3501878077791707,,0.3501878077791707,0.82
2023-11-30,TMO,2022-11-30,2023-10-31,553.4260864257812,440.4859313964844,-0.2040745057008494,,-0.19700893675208897,0.04
2023-11-30,TSLA,2022-11-30,2023-10-31,194.6999969482422,200.83999633789065,0.03153569330194017,,0.03153569330194017,0.48
2023-11-30,TSM,2022-11-30,2023-10-31,78.1339111328125,82.92780303955078,0.06135481812230803,,0.06135481812230803,0.52
2023-11-30,TXN,2022-11-30,2023-10-31,162.04705810546875,131.521728515625,-0.18837324137027067,,-0.18837324137027067,0.08
2023-11-30,UNH,2022-11-30,2023-10-31,506.9306945800781,502.9371337890625,-0.007877922630673884,,-0.007877922630673884,0.4
2023-11-30,V,2022-11-30,2023-10-31,210.8840789794922,229.7990570068359,0.08969372234678352,,0.08969372234678352,0.6
2023-11-30,WDC,2022-11-30,2023-10-31,27.642309188842773,30.199689865112305,0.09251689715205713,,0.09251689715205713,0.62
2023-11-30,WFC,2022-11-30,2023-10-31,43.616180419921875,36.978031158447266,-0.15219464881071076,,-0.15219464881071076,0.12
2023-11-30,WMT,2022-11-30,2023-10-31,48.48904037475586,52.781124114990234,0.08851657420031978,,0.08851657420031978,0.58
2023-11-30,XOM,2022-11-30,2023-10-31,98.45187377929688,95.9158935546875,-0.02575857753905597,,-0.02575857753905597,0.32
2023-12-29,AAPL,2022-12-30,2023-11-30,127.6515121459961,187.66209411621097,0.4701125819926071,,0.4701125819926071,0.62
2023-12-29,ABT,2022-12-30,2023-11-30,101.67867279052734,98.51718139648438,-0.031092964800554568,,-0.031092964800554568,0.26
2023-12-29,ADBE,2022-12-30,2023-11-30,336.5299987792969,611.010009765625,0.8156182568625556,,0.8156182568625556,0.82
2023-12-29,AMD,2022-12-30,2023-11-30,64.7699966430664,121.16000366210938,0.870619267278895,,0.870619267278895,0.86
2023-12-29,AMZN,2022-12-30,2023-11-30,84.0,146.08999633789062,0.7391666230701266,,0.7391666230701266,0.8
2023-12-29,ASML,2022-12-30,2023-11-30,529.1007080078125,668.6820068359375,0.2638085655823088,,0.2638085655823088,0.54
2023-12-29,AVGO,2022-12-30,2023-11-30,53.16610336303711,89.61641693115234,0.6855930990319057,,0.6855930990319057,0.76
2023-12-29,BAC,2022-12-30,2023-11-30,30.130611419677734,28.601652145385746,-0.0507443826146009,,-0.0507443826146009,0.16
2023-12-29,CAT,2022-12-30,2023-11-30,226.22879028320312,241.61476135253903,0.06801066765231378,,0.06801066765231378,0.36
2023-12-29,COST,2022-12-30,2023-11-30,436.2115783691406,570.685546875,0.30827693526296507,,0.30827693526296507,0.56
2023-12-29,CRM,2022-12-30,2023-11-30,130.10623168945312,247.18125915527344,0.8998418134595072,,0.8998418134595072,0.88
2023-12-29,CRWD,2022-12-30,2023-11-30,26.322500228881836,59.247501373291016,1.2508310706854084,,1.2508310706854084,0.92
2023-12-29,CSCO,2022-12-30,2023-11-30,43.01343536376953,45.020538330078125,0.04666223354015542,,0.04666223354015542,0.32
2023-12-29,CVX,2022-12-30,2023-11-30,153.93734741210938,127.99571990966795,-0.1685206867505159,,-0.09793323340426165,0.04
2023-12-29,GE,2022-12-30,2023-11-30,51.272735595703125,95.70320892333984,0.8665516440936727,,0.8665516440936727,0.84
2023-12-29,GOOGL,2022-12-30,2023-11-30,87.39834594726562,131.28076171875,0.5020966391968347,,0.5020966391968347,0.64
2023-12-29,HD,2022-12-30,2023-11-30,286.4460144042969,292.2077941894531,0.02011471445025559,,0.02011471445025559,0.28
2023-12-29,HON,2022-12-30,2023-11-30,195.9351501464844,183.08560180664065,-0.06558061853749675,,-0.06558061853749675,0.1
2023-12-29,INTC,2022-12-30,2023-11-30,25.485862731933594,44.1092529296875,0.7307341483252572,,0.7307341483252572,0.78
2023-12-29,JNJ,2022-12-30,2023-11-30,158.6975555419922,143.15858459472656,-0.09791562884630534,,-0.09791562884630534,0.08
2023-12-29,JPM,2022-12-30,2023-11-30,122.80115509033205,147.18966674804688,0.1986016470266483,,0.1986016470266483,0.48
2023-12-29,KO,2022-12-30,2023-11-30,57.01477813720703,54.03339385986328,-0.0522914299546865,,-0.0522914299546865,0.14
2023-12-29,MA,2022-12-30,2023-11-30,340.0027160644531,407.1026916503906,0.1973512928444301,,0.1973512928444301,0.46
2023-12-29,MCD,2022-12-30,2023-11-30,241.1371612548828,263.7299499511719,0.09369268750911597,,0.09369268750911597,0.38
2023-12-29,META,2022-12-30,2023-11-30,119.19834899902344,324.0464172363281,1.7185478654488993,,1.7185478654488993,0.94
2023-12-29,MRK,2022-12-30,2023-11-30,99.20806884765624,93.5212631225586,-0.05732200809019161,,-0.05732200809019161,0.12
2023-12-29,MSFT,2022-12-30,2023-11-30,232.7434844970703,370.9899291992187,0.5939863150235192,,0.5939863150235192,0.72
2023-12-29,MU,2022-12-30,2023-11-30,49.23528289794922,75.40430450439453,0.5315095205340097,,0.5315095205340097,0.68
2023-12-29,NFLX,2022-12-30,2023-11-30,29.488000869750977,47.39699935913086,0.6073317268432081,,0.6073317268432081,0.74
2023-12-29,NKE,2022-12-30,2023-11-30,108.10602569580078,102.84951782226562,-0.048623634433906826,,-0.048623634433906826,0.18
2023-12-29,NVDA,2022-12-30,2023-11-30,14.565301895141602,46.63072967529297,2.2014942093886227,,1.941025581404463,0.98
2023-12-29,ORCL,2022-12-30,2023-11-30,78.00826263427734,112.5894012451172,0.4433009715004814,,0.4433009715004814,0.6
2023-12-29,PEP,2022-12-30,2023-11-30,158.79637145996094,152.1698455810547,-0.04172970589933833,,-0.04172970589933833,0.22
2023-12-29,PFE,2022-12-30,2023-11-30,40.96141815185547,25.462987899780273,-0.37836654469867637,,-0.09793323340426165,0.04
2023-12-29,PG,2022-12-30,2023-11-30,137.44586181640625,142.7577667236328,0.03864725235832833,,0.03864725235832833,0.3
2023-12-29,PLTR,2022-12-30,2023-11-30,6.420000076293945,20.049999237060547,2.1230528035499265,,1.941025581404463,0.98
2023-12-29,QCOM,2022-12-30,2023-11-30,101.12407684326172,121.87786102294922,0.2052308888995351,,0.2052308888995351,0.5
2023-12-29,RKLB,2022-12-30,2023-11-30,3.7699999809265137,4.380000114440918,0.1618037497614233,,0.1618037497614233,0.44
2023-12-29,SMCI,2022-12-30,2023-11-30,8.210000038146973,27.347000122070312,2.3309378800249836,,1.941025581404463,0.98
2023-12-29,STX,2022-12-30,2023-11-30,47.953460693359375,74.51543426513672,0.553911504773954,,0.553911504773954,0.7
2023-12-29,TMO,2022-12-30,2023-11-30,544.2974853515625,490.9848327636719,-0.09794763713349863,,-0.09793323340426165,0.04
2023-12-29,TSLA,2022-12-30,2023-11-30,123.18000030517578,240.0800018310547,0.9490177077144153,,0.9490177077144153,0.9
2023-12-29,TSM,2022-12-30,2023-11-30,70.53728485107422,93.49673461914062,0.32549381247861797,,0.32549381247861797,0.58
2023-12-29,TXN,2022-12-30,2023-11-30,148.362060546875,141.43150329589844,-0.04671381096642868,,-0.04671381096642868,0.2
2023-12-29,UNH,2022-12-30,2023-11-30,492.1737060546875,519.28662109375,0.0550881014274458,,0.0550881014274458,0.34
2023-12-29,V,2022-12-30,2023-11-30,201.90447998046875,251.42662048339844,0.24527509497421862,,0.24527509497421862,0.52
2023-12-29,WDC,2022-12-30,2023-11-30,23.731016159057617,36.33740997314453,0.5312201436968524,,0.5312201436968524,0.66
2023-12-29,WFC,2022-12-30,2023-11-30,37.55812454223633,41.82925796508789,0.11372062569440655,,0.11372062569440655,0.42
2023-12-29,WMT,2022-12-30,2023-11-30,45.27738952636719,50.28757095336914,0.11065526258054881,,0.11065526258054881,0.4
2023-12-29,XOM,2022-12-30,2023-11-30,97.53225708007812,93.9490737915039,-0.036738443217122274,,-0.036738443217122274,0.24
2024-01-31,AAPL,2023-01-31,2023-12-29,141.7596893310547,190.21099853515625,0.34178481508203706,,0.34178481508203706,0.66
2024-01-31,ABT,2023-01-31,2023-12-29,102.84608459472656,103.97723388671876,0.010998467238199527,,0.010998467238199527,0.2
2024-01-31,ADBE,2023-01-31,2023-12-29,370.3399963378906,596.5999755859375,0.6109520480785766,,0.6109520480785766,0.84
2024-01-31,AMD,2023-01-31,2023-12-29,75.1500015258789,147.41000366210938,0.9615435884102648,,0.9615435884102648,0.9
2024-01-31,AMZN,2023-01-31,2023-12-29,103.12999725341795,151.94000244140625,0.47328620661211773,,0.47328620661211773,0.76
2024-01-31,ASML,2023-01-31,2023-12-29,639.9173583984375,740.228759765625,0.15675680625111243,,0.15675680625111243,0.52
2024-01-31,AVGO,2023-01-31,2023-12-29,55.6269645690918,108.55680084228516,0.9515140127312096,,0.9515140127312096,0.88
2024-01-31,BAC,2023-01-31,2023-12-29,32.27759552001953,31.584699630737305,-0.021466775269938343,,-0.021466775269938343,0.12
2024-01-31,CAT,2023-01-31,2023-12-29,239.38658142089844,284.9323425292969,0.1902602929456525,,0.1902602929456525,0.54
2024-01-31,COST,2023-01-31,2023-12-29,488.4231262207031,649.97216796875,0.3307563321132503,,0.3307563321132503,0.64
2024-01-31,CRM,2023-01-31,2023-12-29,164.823486328125,258.21075439453125,0.5665895689191651,,0.5665895689191651,0.8
2024-01-31,CRWD,2023-01-31,2023-12-29,26.475000381469727,63.83000183105469,1.4109537643568957,,1.39524658560392,0.98
2024-01-31,CSCO,2023-01-31,2023-12-29,44.29450607299805,47.011932373046875,0.061349059758572855,,0.061349059758572855,0.3
2024-01-31,CVX,2023-01-31,2023-12-29,149.24607849121094,132.95150756835938,-0.10917922325048657,,-0.10898754041695186,0.04
2024-01-31,GE,2023-01-31,2023-12-29,63.08576583862305,100.34706115722656,0.590645050008904,,0.590645050008904,0.82
2024-01-31,GOOGL,2023-01-31,2023-12-29,97.90833282470705,138.373291015625,0.41329432361355334,,0.41329432361355334,0.7
2024-01-31,HD,2023-01-31,2023-12-29,293.9821472167969,323.0234680175781,0.09878600138043336,,0.09878600138043336,0.36
2024-01-31,HON,2023-01-31,2023-12-29,190.6138916015625,195.9722137451172,0.028110869037578423,,0.028110869037578423,0.24
2024-01-31,INTC,2023-01-31,2023-12-29,27.250490188598633,49.58590316772461,0.8196334386847441,,0.8196334386847441,0.86
2024-01-31,JNJ,2023-01-31,2023-12-29,146.8120880126953,145.08392333984375,-0.011771269629392678,,-0.011771269629392678,0.16
2024-01-31,JPM,2023-01-31,2023-12-29,129.11410522460938,160.4110565185547,0.24239761596535514,,0.24239761596535514,0.6
2024-01-31,KO,2023-01-31,2023-12-29,54.962215423583984,54.4864501953125,-0.00865622363663554,,-0.00865622363663554,0.18
2024-01-31,MA,2023-01-31,2023-12-29,362.9526672363281,419.57659912109375,0.1560091356151856,,0.1560091356151856,0.5
2024-01-31,MCD,2023-01-31,2023-12-29,244.6783142089844,277.4573059082031,0.13396770288036874,,0.13396770288036874,0.44
2024-01-31,META,2023-01-31,2023-12-29,147.55674743652344,350.60205078125,1.3760489226836166,,1.3760489226836166,0.94
2024-01-31,MRK,2023-01-31,2023-12-29,96.04271697998048,100.20994567871094,0.04338932539360685,,0.04338932539360685,0.26
2024-01-31,MSFT,2023-01-31,2023-12-29,240.4977264404297,368.1798400878906,0.5309077783697356,,0.5309077783697356,0.78
2024-01-31,MU,2023-01-31,2023-12-29,59.401519775390625,84.65081787109375,0.4250614831266257,,0.4250614831266257,0.72
2024-01-31,NFLX,2023-01-31,2023-12-29,35.38600158691406,48.6879997253418,0.3759113079152432,,0.3759113079152432,0.68
2024-01-31,NKE,2023-01-31,2023-12-29,117.64070892333984,101.6048583984375,-0.13631208679090878,,-0.10898754041695186,0.04
2024-01-31,NVDA,2023-01-31,2023-12-29,19.471899032592773,49.378875732421875,1.535904466727653,,1.39524658560392,0.98
2024-01-31,ORCL,2023-01-31,2023-12-29,84.73802185058594,102.145263671875,0.20542421738357697,,0.20542421738357697,0.58
2024-01-31,PEP,2023-01-31,2023-12-29,150.322998046875,153.57138061523438,0.021609351932606158,,0.021609351932606158,0.22
2024-01-31,PFE,2023-01-31,2023-12-29,35.625728607177734,24.059057235717773,-0.32467185440607527,,-0.10898754041695186,0.04
2024-01-31,PG,2023-01-31,2023-12-29,129.93104553222656,136.26707458496094,0.04876455066439722,,0.04876455066439722,0.28
2024-01-31,PLTR,2023-01-31,2023-12-29,7.78000020980835,17.170000076293945,1.2069408243263924,,1.2069408243263924,0.92
2024-01-31,QCOM,2023-01-31,2023-12-29,122.5280990600586,136.59197998046875,0.1147808627433009,,0.1147808627433009,0.42
2024-01-31,RKLB,2023-01-31,2023-12-29,4.96999979019165,5.53000020980835,0.1126761455245664,,0.1126761455245664,0.4
2024-01-31,SMCI,2023-01-31,2023-12-29,7.232999801635742,28.426000595092773,2.9300430491736273,,1.39524658560392,0.98
2024-01-31,STX,2023-01-31,2023-12-29,61.780757904052734,81.09866333007812,0.31268482423000776,,0.31268482423000776,0.62
2024-01-31,TMO,2023-01-31,2023-12-29,563.7095336914062,526.0323486328125,-0.06683794189512415,,-0.06683794189512415,0.1
2024-01-31,TSLA,2023-01-31,2023-12-29,173.22000122070312,248.47999572753903,0.43447635363392956,,0.43447635363392956,0.74
2024-01-31,TSM,2023-01-31,2023-12-29,87.80940246582031,100.39552307128906,0.14333454336359797,,0.14333454336359797,0.48
2024-01-31,TXN,2023-01-31,2023-12-29,160.26268005371094,157.8705596923828,-0.014926247087134858,,-0.014926247087134858,0.14
2024-01-31,UNH,2023-01-31,2023-12-29,463.4051513671875,496.0875549316406,0.07052662981417024,,0.07052662981417024,0.32
2024-01-31,V,2023-01-31,2023-12-29,223.72178649902344,255.021484375,0.13990455898720966,,0.13990455898720966,0.46
2024-01-31,WDC,2023-01-31,2023-12-29,33.057945251464844,39.39122772216797,0.19158124990912695,,0.19158124990912695,0.56
2024-01-31,WFC,2023-01-31,2023-12-29,42.633792877197266,46.1725959777832,0.08300465104709631,,0.08300465104709631,0.34
2024-01-31,WMT,2023-01-31,2023-12-29,45.94160079956055,51.109771728515625,0.11249435890367399,,0.11249435890367399,0.38
2024-01-31,XOM,2023-01-31,2023-12-29,102.58130645751952,91.42525482177734,-0.1087532613981872,,-0.1087532613981872,0.08
2024-02-29,AAPL,2023-02-28,2024-01-31,145.0460968017578,182.1789398193359,0.25600718555239377,,0.25600718555239377,0.52
2024-02-29,ABT,2023-02-28,2024-01-31,94.63142395019533,107.40311431884766,0.1349624663301494,,0.1349624663301494,0.36
2024-02-29,ADBE,2023-02-28,2024-01-31,323.95001220703125,617.780029296875,0.9070227072628159,,0.9070227072628159,0.86
2024-02-29,AMD,2023-02-28,2024-01-31,78.58000183105469,167.69000244140625,1.1340035445905965,,1.1340035445905965,0.92
2024-02-29,AMZN,2023-02-28,2024-01-31,94.2300033569336,155.1999969482422,0.6470337622759124,,0.6470337622759124,0.78
2024-02-29,ASML,2023-02-28,2024-01-31,599.4705200195312,850.63916015625,0.41898413975141846,,0.41898413975141846,0.64
2024-02-29,AVGO,2023-02-28,2024-01-31,56.509376525878906,114.75657653808594,1.0307528341873011,,1.0307528341873011,0.88
2024-02-29,BAC,2023-02-28,2024-01-31,31.2041072845459,31.903640747070312,0.02241799312332393,,0.02241799312332393,0.18
2024-02-29,CAT,2023-02-28,2024-01-31,227.29820251464844,290.74462890625,0.2791329878093194,,0.2791329878093194,0.56
2024-02-29,COST,2023-02-28,2024-01-31,463.46673583984375,684.2391967773438,0.4763501754606838,,0.4763501754606838,0.66
2024-02-29,CRM,2023-02-28,2024-01-31,160.54515075683594,275.8244934082031,0.7180493593728718,,0.7180493593728718,0.8
2024-02-29,CRWD,2023-02-28,2024-01-31,30.17250061035156,73.125,1.4235644550757693,,1.336521733908181,0.98
2024-02-29,CSCO,2023-02-28,2024-01-31,44.066986083984375,47.058895111083984,0.06789456899542734,,0.06789456899542734,0.24
2024-02-29,CVX,2023-02-28,2024-01-31,139.10128784179688,131.4095001220703,-0.055296308460311416,,-0.055296308460311416,0.08
2024-02-29,GE,2023-02-28,2024-01-31,66.40151977539062,104.11312103271484,0.5679328031178692,,0.5679328031178692,0.74
2024-02-29,GOOGL,2023-02-28,2024-01-31,89.21109771728516,138.7794189453125,0.5556295404537233,,0.5556295404537233,0.72
2024-02-29,HD,2023-02-28,2024-01-31,268.92523193359375,328.9982604980469,0.2233818973865831,,0.2233818973865831,0.44
2024-02-29,HON,2023-02-28,2024-01-31,175.99801635742188,189.01025390625,0.07393400117875482,,0.07393400117875482,0.26
2024-02-29,INTC,2023-02-28,2024-01-31,24.33236312866211,42.51066589355469,0.7470833255599245,,0.7470833255599245,0.82
2024-02-29,JNJ,2023-02-28,2024-01-31,138.6749267578125,147.08326721191406,0.06063345877071358,,0.06063345877071358,0.22
2024-02-29,JPM,2023-02-28,2024-01-31,132.24139404296875,165.4423370361328,0.25106316545919194,,0.25106316545919194,0.5
2024-02-29,KO,2023-02-28,2024-01-31,53.339874267578125,55.00421905517578,0.031202637997392202,,0.031202637997392202,0.2
2024-02-29,MA,2023-02-28,2024-01-31,347.9584655761719,442.6237487792969,0.27205914661789343,,0.27205914661789343,0.54
2024-02-29,MCD,2023-02-28,2024-01-31,242.87911987304688,273.9107971191406,0.12776593254419755,,0.12776593254419755,0.34
2024-02-29,META,2023-02-28,2024-01-31,173.28036499023438,386.4388122558594,1.2301361858144633,,1.2301361858144633,0.94
2024-02-29,MRK,2023-02-28,2024-01-31,94.99652862548828,111.01959228515624,0.1686699913302816,,0.1686699913302816,0.38
2024-02-29,MSFT,2023-02-28,2024-01-31,242.6664581298828,389.2696228027344,0.6041344395210355,,0.6041344395210355,0.76
2024-02-29,MU,2023-02-28,2024-01-31,56.95847702026367,85.0574951171875,0.4933246035867016,,0.4933246035867016,0.7
2024-02-29,NFLX,2023-02-28,2024-01-31,32.2130012512207,56.4109992980957,0.7511873190008342,,0.7511873190008342,0.84
2024-02-29,NKE,2023-02-28,2024-01-31,109.75056457519533,95.01648712158205,-0.13425058459283157,,-0.07413231578736867,0.04
2024-02-29,NVDA,2023-02-28,2024-01-31,23.13863754272461,61.34918212890625,1.6513740065994522,,1.336521733908181,0.98
2024-02-29,ORCL,2023-02-28,2024-01-31,83.72262573242188,108.63925170898438,0.2976092275963276,,0.2976092275963276,0.58
2024-02-29,PEP,2023-02-28,2024-01-31,152.5292205810547,152.38687133789062,-0.0009332588380231988,,-0.0009332588380231988,0.16
2024-02-29,PFE,2023-02-28,2024-01-31,32.72951889038086,22.970598220825195,-0.2981687785341627,,-0.07413231578736867,0.04
2024-02-29,PG,2023-02-28,2024-01-31,125.53245544433594,147.0467987060547,0.17138470832555908,,0.17138470832555908,0.4
2024-02-29,PLTR,2023-02-28,2024-01-31,7.840000152587891,16.09000015258789,1.0522958978867845,,1.0522958978867845,0.9
2024-02-29,QCOM,2023-02-28,2024-01-31,113.6243133544922,140.25631713867188,0.23438648822538077,,0.23438648822538077,0.46
2024-02-29,RKLB,2023-02-28,2024-01-31,4.5,4.849999904632568,0.07777775658501529,,0.07777775658501529,0.28
2024-02-29,SMCI,2023-02-28,2024-01-31,9.79699993133545,52.96099853515625,4.40583841036498,,1.336521733908181,0.98
2024-02-29,STX,2023-02-28,2024-01-31,58.845760345458984,81.39314270019531,0.38316069369093064,,0.38316069369093064,0.62
2024-02-29,TMO,2023-02-28,2024-01-31,535.47119140625,534.14892578125,-0.002469349698398293,,-0.002469349698398293,0.14
2024-02-29,TSLA,2023-02-28,2024-01-31,205.7100067138672,187.2899932861328,-0.08954359450950644,,-0.07413231578736867,0.04
2024-02-29,TSM,2023-02-28,2024-01-31,82.44973754882812,109.04497528076172,0.3225630368584671,,0.3225630368584671,0.6
2024-02-29,TXN,2023-02-28,2024-01-31,155.05352783203125,149.46444702148438,-0.03604613767060816,,-0.03604613767060816,0.12
2024-02-29,UNH,2023-02-28,2024-01-31,441.8218078613281,482.20758056640625,0.09140737733288562,,0.09140737733288562,0.3
2024-02-29,V,2023-02-28,2024-01-31,214.1598663330078,267.6673278808594,0.2498482206962631,,0.2498482206962631,0.48
2024-02-29,WDC,2023-02-28,2024-01-31,28.943565368652344,43.06182861328125,0.48778590559958634,,0.48778590559958634,0.68
2024-02-29,WFC,2023-02-28,2024-01-31,42.8141975402832,47.07316207885742,0.09947551941308785,,0.09947551941308785,0.32
2024-02-29,WMT,2023-02-28,2024-01-31,45.38597106933594,53.573673248291016,0.18040160838349717,,0.18040160838349717,0.42
2024-02-29,XOM,2023-02-28,2024-01-31,97.93526458740234,94.01309967041016,-0.04004854567469773,,-0.04004854567469773,0.1
2024-03-28,AAPL,2023-03-31,2024-02-29,162.25563049316406,178.80078125,0.10196965557711724,,0.10196965557711724,0.32
2024-03-28,ABT,2023-03-31,2024-02-29,94.2034683227539,112.6142807006836,0.19543667240415963,,0.19543667240415963,0.36
2024-03-28,ADBE,2023-03-31,2024-02-29,385.3699951171875,560.280029296875,0.4538755907202867,,0.4538755907202867,0.66
2024-03-28,AMD,2023-03-31,2024-02-29,98.01000213623048,192.52999877929688,0.9643913333629652,,0.9643913333629652,0.88
2024-03-28,AMZN,2023-03-31,2024-02-29,103.29000091552734,176.75999450683594,0.7112982180278402,,0.7112982180278402,0.84
2024-03-28,ASML,2023-03-31,2024-02-29,660.589111328125,932.3226928710938,0.4113503793555484,,0.4113503793555484,0.6
2024-03-28,AVGO,2023-03-31,2024-02-29,61.441307067871094,126.47440338134766,1.0584588677717712,,1.0584588677717712,0.9
2024-03-28,BAC,2023-03-31,2024-02-29,26.18733787536621,32.610164642333984,0.24526459304630466,,0.24526459304630466,0.44
2024-03-28,CAT,2023-03-31,2024-02-29,217.13595581054688,323.3228454589844,0.48903411345234105,,0.48903411345234105,0.7
2024-03-28,COST,2023-03-31,2024-02-29,475.6138610839844,733.575439453125,0.5423760732734186,,0.5423760732734186,0.76
2024-03-28,CRM,2023-03-31,2024-02-29,196.03759765625,303.03497314453125,0.5458002789643448,,0.5458002789643448,0.78
2024-03-28,CRWD,2023-03-31,2024-02-29,34.314998626708984,81.0374984741211,1.3615766200569155,,1.3615766200569155,0.94
2024-03-28,CSCO,2023-03-31,2024-02-29,47.5799674987793,45.36147689819336,-0.04662656822207489,,-0.04662656822207489,0.1
2024-03-28,CVX,2023-03-31,2024-02-29,141.16917419433594,136.97027587890625,-0.02974373364010341,,-0.02974373364010341,0.12
2024-03-28,GE,2023-03-31,2024-02-29,75.00732421875,123.35226440429688,0.6445362594798685,,0.6445362594798685,0.82
2024-03-28,GOOGL,2023-03-31,2024-02-29,102.7522430419922,137.15487670898438,0.3348115101772786,,0.3348115101772786,0.54
2024-03-28,HD,2023-03-31,2024-02-29,269.5754699707031,354.7711486816406,0.3160364654847727,,0.3160364654847727,0.52
2024-03-28,HON,2023-03-31,2024-02-29,175.66714477539062,186.7322540283203,0.06298906529776871,,0.06298906529776871,0.24
2024-03-28,INTC,2023-03-31,2024-02-29,31.886812210083008,42.60557556152344,0.3361503583619758,,0.3361503583619758,0.56
2024-03-28,JNJ,2023-03-31,2024-02-29,140.2493438720703,150.51303100585938,0.07318171230199244,,0.07318171230199244,0.28
2024-03-28,JPM,2023-03-31,2024-02-29,120.2119140625,176.54391479492188,0.46860580477184666,,0.46860580477184666,0.68
2024-03-28,KO,2023-03-31,2024-02-29,56.02506637573242,55.4942626953125,-0.009474396279338326,,-0.009474396279338326,0.18
2024-03-28,MA,2023-03-31,2024-02-29,355.9110107421875,467.7783203125,0.31431258430873954,,0.31431258430873954,0.5
2024-03-28,MCD,2023-03-31,2024-02-29,257.3279724121094,275.05517578125,0.06888953114180141,,0.06888953114180141,0.26
2024-03-28,META,2023-03-31,2024-02-29,209.9293670654297,485.9953002929687,1.3150419928694217,,1.3150419928694217,0.92
2024-03-28,MRK,2023-03-31,2024-02-29,95.79203033447266,116.87483215332033,0.22008930957234973,,0.22008930957234973,0.4
2024-03-28,MSFT,2023-03-31,2024-02-29,280.49371337890625,405.7428894042969,0.4465311343937224,,0.4465311343937224,0.62
2024-03-28,MU,2023-03-31,2024-02-29,59.44093322753906,89.87826538085938,0.5120601326497791,,0.5120601326497791,0.72
2024-03-28,NFLX,2023-03-31,2024-02-29,34.54800033569336,60.29199981689453,0.7451661233950981,,0.7451661233950981,0.86
2024-03-28,NKE,2023-03-31,2024-02-29,113.63067626953124,97.26252746582033,-0.1440469188521396,,-0.06910497681319556,0.04
2024-03-28,NVDA,2023-03-31,2024-02-29,27.68914222717285,78.88336181640625,1.8488914957789393,,1.6295998017040272,0.98
2024-03-28,ORCL,2023-03-31,2024-02-29,89.01036071777344,108.61979675292967,0.22030509568804235,,0.22030509568804235,0.42
2024-03-28,PEP,2023-03-31,2024-02-29,161.3206787109375,150.64329528808594,-0.06618732023799523,,-0.06618732023799523,0.08
2024-03-28,PFE,2023-03-31,2024-02-29,32.91507339477539,22.52950859069824,-0.31552610196292785,,-0.06910497681319556,0.04
2024-03-28,PG,2023-03-31,2024-02-29,135.68930053710938,148.73118591308594,0.09611579781421131,,0.09611579781421131,0.3
2024-03-28,PLTR,2023-03-31,2024-02-29,8.449999809265137,25.079999923706055,1.968047395244517,,1.6295998017040272,0.98
2024-03-28,QCOM,2023-03-31,2024-02-29,118.06639099121094,149.7775115966797,0.2685871935208841,,0.2685871935208841,0.48
2024-03-28,RKLB,2023-03-31,2024-02-29,4.039999961853027,4.585000038146973,0.1349010102574284,,0.1349010102574284,0.34
2024-03-28,SMCI,2023-03-31,2024-02-29,10.654999732971191,86.61199951171875,7.1287659955263685,,1.6295998017040272,0.98
2024-03-28,STX,2023-03-31,2024-02-29,60.955223083496094,88.39440155029297,0.45015303166409315,,0.45015303166409315,0.64
2024-03-28,TMO,2023-03-31,2024-02-29,570.0478515625,565.0694580078125,-0.008733290619448386,,-0.008733290619448386,0.2
2024-03-28,TSLA,2023-03-31,2024-02-29,207.4600067138672,201.8800048828125,-0.026896759136572967,,-0.026896759136572967,0.14
2024-03-28,TSM,2023-03-31,2024-02-29,88.54254913330078,124.21046447753906,0.402833617208606,,0.402833617208606,0.58
2024-03-28,TXN,2023-03-31,2024-02-29,168.2211151123047,156.1946258544922,-0.07149215037472312,,-0.06910497681319556,0.04
2024-03-28,UNH,2023-03-31,2024-02-29,440.2745971679687,465.1144104003906,0.05641891081657224,,0.05641891081657224,0.22
2024-03-28,V,2023-03-31,2024-02-29,219.53480529785156,277.3715515136719,0.26345137454332535,,0.26345137454332535,0.46
2024-03-28,WDC,2023-03-31,2024-02-29,28.334306716918945,44.73164749145508,0.578709792985511,,0.578709792985511,0.8
2024-03-28,WFC,2023-03-31,2024-02-29,34.218406677246094,52.51448822021485,0.5346853731542953,,0.5346853731542953,0.74
2024-03-28,WMT,2023-03-31,2024-02-29,47.277774810791016,57.00368881225586,0.20571852292940251,,0.20571852292940251,0.38
2024-03-28,XOM,2023-03-31,2024-02-29,97.71249389648438,96.46503448486328,-0.012766631593116862,,-0.012766631593116862,0.16
2024-04-30,AAPL,2023-04-28,2024-03-28,166.95895385742188,169.6307373046875,0.016002636489608424,,0.016002636489608424,0.16
2024-04-30,ABT,2023-04-28,2024-03-28,103.28526306152344,107.88721466064452,0.044555742636583684,,0.044555742636583684,0.22
2024-04-30,ADBE,2023-04-28,2024-03-28,377.55999755859375,504.6000061035156,0.33647634645194757,,0.33647634645194757,0.5
2024-04-30,AMD,2023-04-28,2024-03-28,89.37000274658203,180.4900054931641,1.0195815144480003,,1.0195815144480003,0.88
2024-04-30,AMZN,2023-04-28,2024-03-28,105.4499969482422,180.3800048828125,0.7105738274354625,,0.7105738274354625,0.78
2024-04-30,ASML,2023-04-28,2024-03-28,618.0352783203125,950.7305908203124,0.5383112002994304,,0.5383112002994304,0.7
2024-04-30,AVGO,2023-04-28,2024-03-28,60.00090789794922,129.4468536376953,1.157414915418633,,1.157414915418633,0.92
2024-04-30,BAC,2023-04-28,2024-03-28,26.80997085571289,35.822059631347656,0.3361469068406091,,0.3361469068406091,0.48
2024-04-30,CAT,2023-04-28,2024-03-28,208.7363739013672,354.75860595703125,0.6995533616228429,,0.6995533616228429,0.76
2024-04-30,COST,2023-04-28,2024-03-28,481.6922912597656,722.4716186523438,0.4998612843956254,,0.4998612843956254,0.64
2024-04-30,CRM,2023-04-28,2024-03-28,194.65402221679688,295.92413330078125,0.5202569663379177,,0.5202569663379177,0.68
2024-04-30,CRWD,2023-04-28,2024-03-28,30.012500762939453,80.14749908447266,1.6704705388443255,,1.6704705388443255,0.94
2024-04-30,CSCO,2023-04-28,2024-03-28,43.32518005371094,46.80569076538086,0.08033459312471591,,0.08033459312471591,0.36
2024-04-30,CVX,2023-04-28,2024-03-28,145.85865783691406,142.1333770751953,-0.02554034718929077,,-0.02554034718929077,0.08
2024-04-30,GE,2023-04-28,2024-03-28,77.65140533447266,138.00765991210938,0.7772718898989726,,0.7772718898989726,0.8
2024-04-30,GOOGL,2023-04-28,2024-03-28,106.32820892333984,149.50733947753906,0.40609289850194275,,0.40609289850194275,0.56
2024-04-30,HD,2023-04-28,2024-03-28,274.5263671875,359.69671630859375,0.3102446952314888,,0.3102446952314888,0.46
2024-04-30,HON,2023-04-28,2024-03-28,183.68211364746097,192.8585968017578,0.04995850152241377,,0.04995850152241377,0.26
2024-04-30,INTC,2023-04-28,2024-03-28,30.315414428710938,43.714012145996094,0.44197310080629126,,0.44197310080629126,0.58
2024-04-30,JNJ,2023-04-28,2024-03-28,148.12139892578125,147.53787231445312,-0.003939515934632154,,-0.003939515934632154,0.14
2024-04-30,JPM,2023-04-28,2024-03-28,128.5282440185547,190.05563354492188,0.4787071510716736,,0.4787071510716736,0.6
2024-04-30,KO,2023-04-28,2024-03-28,57.939842224121094,57.01925277709961,-0.01588871166511796,,-0.01588871166511796,0.12
2024-04-30,MA,2023-04-28,2024-03-28,372.77191162109375,474.4881896972656,0.2728646523656588,,0.2728646523656588,0.44
2024-04-30,MCD,2023-04-28,2024-03-28,272.1817932128906,265.33392333984375,-0.02515917685827984,,-0.02515917685827984,0.1
2024-04-30,META,2023-04-28,2024-03-28,238.0401306152344,481.4837036132813,1.0226997118882721,,1.0226997118882721,0.9
2024-04-30,MRK,2023-04-28,2024-03-28,103.96754455566406,122.0562744140625,0.17398439037591928,,0.17398439037591928,0.38
2024-04-30,MSFT,2023-04-28,2024-03-28,298.9403991699219,412.6876831054687,0.38050154563047633,,0.38050154563047633,0.54
2024-04-30,MU,2023-04-28,2024-03-28,63.529151916503906,117.05084228515624,0.8424744979910272,,0.8424744979910272,0.84
2024-04-30,NFLX,2023-04-28,2024-03-28,32.99300003051758,60.733001708984375,0.8407844589097109,,0.8407844589097109,0.82
2024-04-30,NKE,2023-04-28,2024-03-28,117.41094970703124,88.26507568359375,-0.24823812511663945,,-0.04232157733088569,0.04
2024-04-30,NVDA,2023-04-28,2024-03-28,27.661231994628903,90.09909057617188,2.257233466451053,,1.8346795006586565,0.98
2024-04-30,ORCL,2023-04-28,2024-03-28,91.11458587646484,122.16809844970705,0.34081823754700746,,0.34081823754700746,0.52
2024-04-30,PEP,2023-04-28,2024-03-28,168.92213439941406,159.45376586914062,-0.056051674719463374,,-0.04232157733088569,0.04
2024-04-30,PFE,2023-04-28,2024-03-28,31.374202728271484,23.53892707824707,-0.24973624725653987,,-0.04232157733088569,0.04
2024-04-30,PG,2023-04-28,2024-03-28,143.6003875732422,151.82858276367188,0.05729925475467801,,0.05729925475467801,0.3
2024-04-30,PLTR,2023-04-28,2024-03-28,7.75,23.010000228881836,1.9690322875976562,,1.8346795006586565,0.98
2024-04-30,QCOM,2023-04-28,2024-03-28,108.09024047851562,160.70303344726562,0.4867487826452519,,0.4867487826452519,0.62
2024-04-30,RKLB,2023-04-28,2024-03-28,3.9200000762939458,4.110000133514404,0.048469401408810286,,0.048469401408810286,0.24
2024-04-30,SMCI,2023-04-28,2024-03-28,10.54300022125244,101.00299835205078,8.580100183290359,,1.8346795006586565,0.98
2024-04-30,STX,2023-04-28,2024-03-28,54.179344177246094,89.11499786376953,0.6448149976166655,,0.6448149976166655,0.74
2024-04-30,TMO,2023-04-28,2024-03-28,548.8134155273438,576.3793334960938,0.05022821452398807,,0.05022821452398807,0.28
2024-04-30,TSLA,2023-04-28,2024-03-28,164.30999755859375,175.7899932861328,0.06986790760218486,,0.06986790760218486,0.32
2024-04-30,TSM,2023-04-28,2024-03-28,80.24227142333984,131.86802673339844,0.643373553543779,,0.643373553543779,0.72
2024-04-30,TXN,2023-04-28,2024-03-28,151.20994567871094,162.61680603027344,0.07543723595933072,,0.07543723595933072,0.34
2024-04-30,UNH,2023-04-28,2024-03-28,458.441162109375,467.9885864257813,0.020825844416929806,,0.020825844416929806,0.2
2024-04-30,V,2023-04-28,2024-03-28,226.6136932373047,273.87786865234375,0.2085671644102507,,0.2085671644102507,0.4
2024-04-30,WDC,2023-04-28,2024-03-28,25.90479278564453,51.32819366455078,0.9814168786941599,,0.9814168786941599,0.86
2024-04-30,WFC,2023-04-28,2024-03-28,36.38795471191406,54.75336456298828,0.5047112429504332,,0.5047112429504332,0.66
2024-04-30,WMT,2023-04-28,2024-03-28,48.40641784667969,58.720237731933594,0.21306719943461694,,0.21306719943461694,0.42
2024-04-30,XOM,2023-04-28,2024-03-28,105.4468002319336,107.2818374633789,0.017402493270626485,,0.017402493270626485,0.18
2024-05-31,AAPL,2023-05-31,2024-04-30,174.64883422851562,168.4931640625,-0.03524598485416375,,-0.03524598485416375,0.12
2024-05-31,ABT,2023-05-31,2024-04-30,95.36613464355467,101.0866470336914,0.05998473579240704,,0.05998473579240704,0.28
2024-05-31,ADBE,2023-05-31,2024-04-30,417.7900085449219,462.8299865722656,0.10780530196068816,,0.10780530196068816,0.36
2024-05-31,AMD,2023-05-31,2024-04-30,118.20999908447266,158.3800048828125,0.33981901792956126,,0.33981901792956126,0.62
2024-05-31,AMZN,2023-05-31,2024-04-30,120.58000183105467,175.0,0.4513186045990736,,0.4513186045990736,0.72
2024-05-31,ASML,2023-05-31,2024-04-30,703.6137084960938,856.5013427734375,0.21728916368631634,,0.21728916368631634,0.52
2024-05-31,AVGO,2023-05-31,2024-04-30,77.3796157836914,126.99150848388672,0.6411493802047483,,0.6411493802047483,0.86
2024-05-31,BAC,2023-05-31,2024-04-30,25.445667266845703,34.9624137878418,0.37400263161484815,,0.37400263161484815,0.64
2024-05-31,CAT,2023-05-31,2024-04-30,196.28660583496097,325.0942077636719,0.6562220655902173,,0.6562220655902173,0.88
2024-05-31,COST,2023-05-31,2024-04-30,490.69671630859375,714.020751953125,0.45511622193959256,,0.45511622193959256,0.74
2024-05-31,CRM,2023-05-31,2024-04-30,219.19549560546875,264.2467041015625,0.20552980968724688,,0.20552980968724688,0.5
2024-05-31,CRWD,2023-05-31,2024-04-30,40.032501220703125,73.13500213623047,0.8268906490011703,,0.8268906490011703,0.92
2024-05-31,CSCO,2023-05-31,2024-04-30,45.544166564941406,44.41788101196289,-0.024729523843027068,,-0.024729523843027068,0.14
2024-05-31,CVX,2023-05-31,2024-04-30,131.59547424316406,145.31410217285156,0.10424847821390881,,0.10424847821390881,0.34
2024-05-31,GE,2023-05-31,2024-04-30,79.65998077392578,159.7007598876953,1.004780296657671,,0.9255959305724852,0.98
2024-05-31,GOOGL,2023-05-31,2024-04-30,121.71182250976562,161.24563598632812,0.32481490015803915,,0.32481490015803915,0.6
2024-05-31,HD,2023-05-31,2024-04-30,260.77960205078125,313.3937072753906,0.2017569810324502,,0.2017569810324502,0.46
2024-05-31,HON,2023-05-31,2024-04-30,177.03231811523438,181.094482421875,0.022945891179013245,,0.022945891179013245,0.24
2024-05-31,INTC,2023-05-31,2024-04-30,30.81196403503418,30.155445098876953,-0.021307273220582235,,-0.021307273220582235,0.16
2024-05-31,JNJ,2023-05-31,2024-04-30,141.3621826171875,134.8536376953125,-0.046041627268166296,,-0.046041627268166296,0.1
2024-05-31,JPM,2023-05-31,2024-04-30,126.17596435546876,182.9946746826172,0.45031326384061643,,0.45031326384061643,0.7
2024-05-31,KO,2023-05-31,2024-04-30,53.88450241088867,57.569114685058594,0.06837981440514063,,0.06837981440514063,0.3
2024-05-31,MA,2023-05-31,2024-04-30,358.048583984375,445.1805419921875,0.24335233235167575,,0.24335233235167575,0.58
2024-05-31,MCD,2023-05-31,2024-04-30,262.38970947265625,256.9490661621094,-0.020734972120215134,,-0.020734972120215134,0.18
2024-05-31,META,2023-05-31,2024-04-30,262.2085876464844,426.5411987304687,0.6267247482585936,,0.6267247482585936,0.84
2024-05-31,MRK,2023-05-31,2024-04-30,99.4115753173828,119.53099060058594,0.20238503633977833,,0.20238503633977833,0.48
2024-05-31,MSFT,2023-05-31,2024-04-30,320.1967468261719,381.89697265625,0.19269473047948815,,0.19269473047948815,0.44
2024-05-31,MU,2023-05-31,2024-04-30,67.319580078125,112.15592956542967,0.6660224177761014,,0.6660224177761014,0.9
2024-05-31,NFLX,2023-05-31,2024-04-30,39.52299880981445,55.06399917602539,0.3932140989856203,,0.3932140989856203,0.66
2024-05-31,NKE,2023-05-31,2024-04-30,97.5274429321289,86.64967346191406,-0.11153547292104105,,-0.10691160463489764,0.04
2024-05-31,NVDA,2023-05-31,2024-04-30,37.714332580566406,86.15633392333984,1.284445409163487,,0.9255959305724852,0.98
2024-05-31,ORCL,2023-05-31,2024-04-30,101.9075164794922,110.9901123046875,0.0891258676392439,,0.0891258676392439,0.32
2024-05-31,PEP,2023-05-31,2024-04-30,161.3649444580078,160.2737579345703,-0.006762227862455394,,-0.006762227862455394,0.2
2024-05-31,PFE,2023-05-31,2024-04-30,31.004230499267575,21.732154846191406,-0.2990584027974894,,-0.10691160463489764,0.04
2024-05-31,PG,2023-05-31,2024-04-30,130.8546905517578,153.70367431640625,0.17461341025150978,,0.17461341025150978,0.4
2024-05-31,PLTR,2023-05-31,2024-04-30,14.710000038146973,21.969999313354492,0.49354175774169917,,0.49354175774169917,0.8
2024-05-31,QCOM,2023-05-31,2024-04-30,105.68186950683594,157.42823791503906,0.4896428181075654,,0.4896428181075654,0.78
2024-05-31,RKLB,2023-05-31,2024-04-30,4.579999923706055,3.759999990463257,-0.1790392897166838,,-0.10691160463489764,0.04
2024-05-31,SMCI,2023-05-31,2024-04-30,22.395000457763672,85.87999725341797,2.834784349095468,,0.9255959305724852,0.98
2024-05-31,STX,2023-05-31,2024-04-30,55.40545272827149,82.27692413330078,0.4849968745281583,,0.4849968745281583,0.76
2024-05-31,TMO,2023-05-31,2024-04-30,502.88275146484375,563.9931030273438,0.12152007875492266,,0.12152007875492266,0.38
2024-05-31,TSLA,2023-05-31,2024-04-30,203.92999267578125,183.27999877929688,-0.10126021006294461,,-0.10126021006294461,0.08
2024-05-31,TSM,2023-05-31,2024-04-30,93.84442901611328,133.11839294433594,0.41850075001766207,,0.41850075001766207,0.68
2024-05-31,TXN,2023-05-31,2024-04-30,158.46182250976562,164.6797332763672,0.03923917236417229,,0.03923917236417229,0.26
2024-05-31,UNH,2023-05-31,2024-04-30,453.9228210449219,457.58251953125,0.008062380467903196,,0.008062380467903196,0.22
2024-05-31,V,2023-05-31,2024-04-30,215.64080810546875,263.6030578613281,0.22241731598594883,,0.22241731598594883,0.54
2024-05-31,WDC,2023-05-31,2024-04-30,29.13160514831543,53.27631759643555,0.8288150386905926,,0.8288150386905926,0.94
2024-05-31,WFC,2023-05-31,2024-04-30,36.72795867919922,56.03812026977539,0.5257619068688517,,0.5257619068688517,0.82
2024-05-31,WMT,2023-05-31,2024-04-30,47.27069091796875,57.92000579833984,0.22528367310838315,,0.22528367310838315,0.56
2024-05-31,XOM,2023-05-31,2024-04-30,91.8375015258789,109.15538024902344,0.18857088265042266,,0.18857088265042266,0.42
2024-06-28,AAPL,2023-06-30,2024-05-31,191.12347412109375,190.43472290039065,-0.0036036976821942623,,-0.0036036976821942623,0.26
2024-06-28,ABT,2023-06-30,2024-05-31,101.92955780029295,97.48084259033205,-0.04364499666207833,,-0.04364499666207833,0.22
2024-06-28,ADBE,2023-06-30,2024-05-31,488.989990234375,444.760009765625,-0.09045170934388735,,-0.09045170934388735,0.12
2024-06-28,AMD,2023-06-30,2024-05-31,113.91000366210938,166.89999389648438,0.46519171741543364,,0.46519171741543364,0.76
2024-06-28,AMZN,2023-06-30,2024-05-31,130.36000061035156,176.44000244140625,0.35348267578479575,,0.35348267578479575,0.6
2024-06-28,ASML,2023-06-30,2024-05-31,705.3851928710938,942.77294921875,0.33653634744079164,,0.33653634744079164,0.58
2024-06-28,AVGO,2023-06-30,2024-05-31,83.5177230834961,129.75350952148438,0.5536044893341316,,0.5536044893341316,0.84
2024-06-28,BAC,2023-06-30,2024-05-31,26.479368209838867,37.77753448486328,0.42667809086269615,,0.42667809086269615,0.66
2024-06-28,CAT,2023-06-30,2024-05-31,234.7330322265625,328.9322814941406,0.4013037635736658,,0.4013037635736658,0.62
2024-06-28,COST,2023-06-30,2024-05-31,516.4227905273438,799.9422607421875,0.5490065028410707,,0.5490065028410707,0.82
2024-06-28,CRM,2023-06-30,2024-05-31,207.3025360107422,230.34881591796875,0.11117220440579811,,0.11117220440579811,0.42
2024-06-28,CRWD,2023-06-30,2024-05-31,36.717498779296875,78.4175033569336,1.1356983989647254,,1.0711640381622256,0.98
2024-06-28,CSCO,2023-06-30,2024-05-31,47.44222259521485,43.96405792236328,-0.07331369574583102,,-0.07331369574583102,0.16
2024-06-28,CVX,2023-06-30,2024-05-31,137.47540283203125,147.71893310546875,0.07451173128005406,,0.07451173128005406,0.34
2024-06-28,GE,2023-06-30,2024-05-31,86.18782806396484,162.977294921875,0.8909548898357245,,0.8909548898357245,0.9
2024-06-28,GOOGL,2023-06-30,2024-05-31,118.57170104980467,170.87400817871094,0.4411027814042854,,0.4411027814042854,0.7
2024-06-28,HD,2023-06-30,2024-05-31,285.7949523925781,316.1861267089844,0.10633908703418893,,0.10633908703418893,0.38
2024-06-28,HON,2023-06-30,2024-05-31,191.7234344482422,190.98924255371097,-0.0038294322060531405,,-0.0038294322060531405,0.24
2024-06-28,INTC,2023-06-30,2024-05-31,32.772010803222656,30.655534744262695,-0.06458181866435353,,-0.06458181866435353,0.18
2024-06-28,JNJ,2023-06-30,2024-05-31,150.89817810058594,137.89930725097656,-0.08614332534183788,,-0.08614332534183788,0.14
2024-06-28,JPM,2023-06-30,2024-05-31,135.222412109375,193.38796997070312,0.4301473176967201,,0.4301473176967201,0.68
2024-06-28,KO,2023-06-30,2024-05-31,54.80451965332031,58.65023422241211,0.07017148573546161,,0.07017148573546161,0.32
2024-06-28,MA,2023-06-30,2024-05-31,385.7884521484375,441.1056213378906,0.14338731209136624,,0.14338731209136624,0.5
2024-06-28,MCD,2023-06-30,2024-05-31,276.0876770019531,243.6329345703125,-0.11755230361625679,,-0.11755230361625679,0.1
2024-06-28,META,2023-06-30,2024-05-31,284.2574768066406,462.8918762207031,0.6284246290400104,,0.6284246290400104,0.86
2024-06-28,MRK,2023-06-30,2024-05-31,104.58966827392578,116.1269073486328,0.11030954840099882,,0.11030954840099882,0.4
2024-06-28,MSFT,2023-06-30,2024-05-31,332.04351806640625,407.93890380859375,0.22857059877015584,,0.22857059877015584,0.54
2024-06-28,MU,2023-06-30,2024-05-31,62.29529571533203,124.11021423339844,0.9922887082925045,,0.9922887082925045,0.94
2024-06-28,NFLX,2023-06-30,2024-05-31,44.04899978637695,64.16200256347656,0.45660520953122674,,0.45660520953122674,0.74
2024-06-28,NKE,2023-06-30,2024-05-31,102.5986785888672,89.27001190185547,-0.12991070518970604,,-0.12991070518970604,0.08
2024-06-28,NVDA,2023-06-30,2024-05-31,42.17256164550781,109.32129669189452,1.5922375218945075,,1.0711640381622256,0.98
2024-06-28,ORCL,2023-06-30,2024-05-31,114.5569839477539,114.34664154052734,-0.0018361377890543373,,-0.0018361377890543373,0.28
2024-06-28,PEP,2023-06-30,2024-05-31,165.0496368408203,157.5313262939453,-0.04555181514350093,,-0.04555181514350093,0.2
2024-06-28,PFE,2023-06-30,2024-05-31,29.911500930786133,24.677459716796875,-0.1749842385409075,,-0.15470114853286684,0.04
2024-06-28,PG,2023-06-30,2024-05-31,139.33956909179688,154.96572875976562,0.11214445236065163,,0.11214445236065163,0.44
2024-06-28,PLTR,2023-06-30,2024-05-31,15.329999923706056,21.68000030517578,0.41422050965898505,,0.41422050965898505,0.64
2024-06-28,QCOM,2023-06-30,2024-05-31,110.92822265625,194.48223876953125,0.7532259519942248,,0.7532259519942248,0.88
2024-06-28,RKLB,2023-06-30,2024-05-31,6.0,4.369999885559082,-0.27166668574015296,,-0.15470114853286684,0.04
2024-06-28,SMCI,2023-06-30,2024-05-31,24.924999237060547,78.45099639892578,2.147482399208196,,1.0711640381622256,0.98
2024-06-28,STX,2023-06-30,2024-05-31,57.66497039794922,89.29695129394531,0.5485475961871134,,0.5485475961871134,0.8
2024-06-28,TMO,2023-06-30,2024-05-31,516.3705444335938,563.25927734375,0.09080442991106019,,0.09080442991106019,0.36
2024-06-28,TSLA,2023-06-30,2024-05-31,261.7699890136719,178.0800018310547,-0.3197081051878953,,-0.15470114853286684,0.04
2024-06-28,TSM,2023-06-30,2024-05-31,96.46463012695312,146.39724731445312,0.51762617160078,,0.51762617160078,0.78
2024-06-28,TXN,2023-06-30,2024-05-31,164.05738830566406,183.3446044921875,0.11756383778698454,,0.11756383778698454,0.46
2024-06-28,UNH,2023-06-30,2024-05-31,449.6122131347656,468.6223754882813,0.04228124102985076,,0.04228124102985076,0.3
2024-06-28,V,2023-06-30,2024-05-31,231.689697265625,267.8761291503906,0.1561848986460499,,0.1561848986460499,0.52
2024-06-28,WDC,2023-06-30,2024-05-31,28.529869079589844,56.63100814819336,0.9849725910136391,,0.9849725910136391,0.92
2024-06-28,WFC,2023-06-30,2024-05-31,39.37576675415039,56.93034744262695,0.44582193911503265,,0.44582193911503265,0.72
2024-06-28,WMT,2023-06-30,2024-05-31,50.58899688720703,64.39768981933594,0.2729584253848065,,0.2729584253848065,0.56
2024-06-28,XOM,2023-06-30,2024-05-31,96.39431762695312,109.1022491455078,0.13183278673888732,,0.13183278673888732,0.48
2024-07-31,AAPL,2023-07-31,2024-06-28,193.5670623779297,208.6312561035156,0.07782415841065893,,0.07782415841065893,0.36
2024-07-31,ABT,2023-07-31,2024-06-28,104.58853149414062,99.12157440185548,-0.05227109525475471,,-0.05227109525475471,0.2
2024-07-31,ADBE,2023-07-31,2024-06-28,546.1699829101562,555.5399780273438,0.017155822198908544,,0.017155822198908544,0.26
2024-07-31,AMD,2023-07-31,2024-06-28,114.4000015258789,162.2100067138672,0.4179196201948736,,0.4179196201948736,0.7
2024-07-31,AMZN,2023-07-31,2024-06-28,133.67999267578125,193.25,0.44561647657100023,,0.44561647657100023,0.74
2024-07-31,ASML,2023-07-31,2024-06-28,697.2680053710938,1004.0111694335938,0.43992146735493454,,0.43992146735493454,0.72
2024-07-31,AVGO,2023-07-31,2024-06-28,86.52365112304688,157.30282592773438,0.8180326868549632,,0.8180326868549632,0.92
2024-07-31,BAC,2023-07-31,2024-06-28,29.534320831298828,37.798213958740234,0.279806438571758,,0.279806438571758,0.58
2024-07-31,CAT,2023-07-31,2024-06-28,254.22637939453125,323.6658020019531,0.2731401154073769,,0.2731401154073769,0.54
2024-07-31,COST,2023-07-31,2024-06-28,537.8038940429688,839.5496215820312,0.5610701798208884,,0.5610701798208884,0.8
2024-07-31,CRM,2023-07-31,2024-06-28,220.79495239257812,252.6134033203125,0.14410859751522076,,0.14410859751522076,0.48
2024-07-31,CRWD,2023-07-31,2024-06-28,40.415000915527344,95.79750061035156,1.3703451302792473,,1.1360743749182767,0.98
2024-07-31,CSCO,2023-07-31,2024-06-28,48.07914352416992,44.918975830078125,-0.06572845234863944,,-0.06572845234863944,0.18
2024-07-31,CVX,2023-07-31,2024-06-28,142.98843383789062,142.36720275878906,-0.004344624683461196,,-0.004344624683461196,0.22
2024-07-31,GE,2023-07-31,2024-06-28,89.69847869873047,156.88812255859375,0.7490611305185295,,0.7490611305185295,0.86
2024-07-31,GOOGL,2023-07-31,2024-06-28,131.46897888183594,180.64012145996097,0.37401326910981747,,0.37401326910981747,0.68
2024-07-31,HD,2023-07-31,2024-06-28,307.139404296875,325.0333251953125,0.0582599322916626,,0.0582599322916626,0.3
2024-07-31,HON,2023-07-31,2024-06-28,179.3699951171875,201.7104949951172,0.12454981594515857,,0.12454981594515857,0.46
2024-07-31,INTC,2023-07-31,2024-06-28,35.05546569824219,30.77477645874023,-0.12211189194718375,,-0.12211189194718375,0.1
2024-07-31,JNJ,2023-07-31,2024-06-28,152.73062133789062,137.41983032226562,-0.10024702892913973,,-0.10024702892913973,0.14
2024-07-31,JPM,2023-07-31,2024-06-28,147.8714599609375,193.0348358154297,0.3054232092279523,,0.3054232092279523,0.62
2024-07-31,KO,2023-07-31,2024-06-28,56.36074447631836,59.78155899047851,0.06069498453125477,,0.06069498453125477,0.32
2024-07-31,MA,2023-07-31,2024-06-28,387.30908203125,435.27447509765625,0.12384267576389063,,0.12384267576389063,0.44
2024-07-31,MCD,2023-07-31,2024-06-28,271.26739501953125,241.3786468505859,-0.11018186747726666,,-0.11018186747726666,0.12
2024-07-31,META,2023-07-31,2024-06-28,315.5774841308594,500.462890625,0.5858637443775134,,0.5858637443775134,0.82
2024-07-31,MRK,2023-07-31,2024-06-28,96.66771697998048,115.20246887207033,0.19173672939776076,,0.19173672939776076,0.5
2024-07-31,MSFT,2023-07-31,2024-06-28,327.5387878417969,439.2076721191406,0.34093331361805146,,0.34093331361805146,0.66
2024-07-31,MU,2023-07-31,2024-06-28,70.60099029541016,130.59371948242188,0.8497434516993156,,0.8497434516993156,0.94
2024-07-31,NFLX,2023-07-31,2024-06-28,43.89699935913086,67.48799896240234,0.537417134375596,,0.537417134375596,0.76
2024-07-31,NKE,2023-07-31,2024-06-28,102.61726379394533,71.06336975097656,-0.3074910875262542,,-0.22841942892396266,0.04
2024-07-31,NVDA,2023-07-31,2024-06-28,46.58601760864258,123.19886779785156,1.6445460273684325,,1.1360743749182767,0.98
2024-07-31,ORCL,2023-07-31,2024-06-28,113.1635284423828,137.77407836914062,0.21747775334955444,,0.21747775334955444,0.52
2024-07-31,PEP,2023-07-31,2024-06-28,167.04568481445312,151.4546356201172,-0.09333404338851237,,-0.09333404338851237,0.16
2024-07-31,PFE,2023-07-31,2024-06-28,29.73352813720703,24.09195327758789,-0.18973782168015108,,-0.18973782168015108,0.08
2024-07-31,PG,2023-07-31,2024-06-28,144.43121337890625,155.3236083984375,0.07541579665993492,,0.07541579665993492,0.34
2024-07-31,PLTR,2023-07-31,2024-06-28,19.84000015258789,25.329999923706055,0.2767136960128531,,0.2767136960128531,0.56
2024-07-31,QCOM,2023-07-31,2024-06-28,123.16350555419922,189.840576171875,0.5413703541292427,,0.5413703541292427,0.78
2024-07-31,RKLB,2023-07-31,2024-06-28,7.369999885559082,4.800000190734863,-0.34871095450895795,,-0.22841942892396266,0.04
2024-07-31,SMCI,2023-07-31,2024-06-28,33.027000427246094,81.93499755859375,1.4808488963169757,,1.1360743749182767,0.98
2024-07-31,STX,2023-07-31,2024-06-28,59.184181213378906,99.560302734375,0.6822113729245756,,0.6822113729245756,0.84
2024-07-31,TMO,2023-07-31,2024-06-28,543.0029907226562,548.7774658203125,0.010634333873504653,,0.010634333873504653,0.24
2024-07-31,TSLA,2023-07-31,2024-06-28,267.42999267578125,197.8800048828125,-0.26006801666889945,,-0.22841942892396266,0.04
2024-07-31,TSM,2023-07-31,2024-06-28,94.77278137207033,168.9988250732422,0.7832000140395414,,0.7832000140395414,0.9
2024-07-31,TXN,2023-07-31,2024-06-28,165.19174194335938,182.893310546875,0.10715770894640175,,0.10715770894640175,0.38
2024-07-31,UNH,2023-07-31,2024-06-28,473.6811828613281,483.80615234375,0.021375072197845846,,0.021375072197845846,0.28
2024-07-31,V,2023-07-31,2024-06-28,231.93360900878903,258.05419921875,0.11262097943283034,,0.11262097943283034,0.42
2024-07-31,WDC,2023-07-31,2024-06-28,32.012428283691406,56.99204635620117,0.7803100049500313,,0.7803100049500313,0.88
2024-07-31,WFC,2023-07-31,2024-06-28,42.58635711669922,56.426788330078125,0.3249968335035567,,0.3249968335035567,0.64
2024-07-31,WMT,2023-07-31,2024-06-28,51.45156478881836,66.30729675292969,0.28873236460516405,,0.28873236460516405,0.6
2024-07-31,XOM,2023-07-31,2024-06-28,96.38531494140624,107.11113739013672,0.11128067024785704,,0.11128067024785704,0.4
2024-08-30,AAPL,2023-08-31,2024-07-31,185.36294555664065,219.9830322265625,0.1867691871531203,,0.1867691871531203,0.48
2024-08-30,ABT,2023-08-31,2024-07-31,96.6689910888672,101.59417724609376,0.05094897652028729,,0.05094897652028729,0.24
2024-08-30,ADBE,2023-08-31,2024-07-31,559.3400268554688,551.6500244140625,-0.013748349969942897,,-0.013748349969942897,0.16
2024-08-30,AMD,2023-08-31,2024-07-31,105.72000122070312,144.47999572753906,0.36662877468114874,,0.36662877468114874,0.64
2024-08-30,AMZN,2023-08-31,2024-07-31,138.00999450683594,186.97999572753903,0.3548293831594749,,0.3548293831594749,0.62
2024-08-30,ASML,2023-08-31,2024-07-31,644.3138427734375,921.2597045898438,0.4298306872071811,,0.4298306872071811,0.68
2024-08-30,AVGO,2023-08-31,2024-07-31,88.85752868652344,157.42723083496094,0.7716814001247045,,0.7716814001247045,0.9
2024-08-30,BAC,2023-08-31,2024-07-31,26.681413650512695,38.31145095825195,0.43588534925756384,,0.43588534925756384,0.7
2024-08-30,CAT,2023-08-31,2024-07-31,269.5277404785156,337.7647705078125,0.25317256735113736,,0.25317256735113736,0.54
2024-08-30,COST,2023-08-31,2024-07-31,527.8739624023438,813.0593872070312,0.540252873066166,,0.540252873066166,0.82
2024-08-30,CRM,2023-08-31,2024-07-31,217.31149291992188,254.6795654296875,0.1719562642898762,,0.1719562642898762,0.44
2024-08-30,CRWD,2023-08-31,2024-07-31,40.75749969482422,57.9900016784668,0.422805670432991,,0.422805670432991,0.66
2024-08-30,CSCO,2023-08-31,2024-07-31,52.98500061035156,46.20015335083008,-0.12805222575001618,,-0.12271384830093929,0.04
2024-08-30,CVX,2023-08-31,2024-07-31,142.10446166992188,146.0533447265625,0.02778859305496706,,0.02778859305496706,0.22
2024-08-30,GE,2023-08-31,2024-07-31,89.87120056152344,168.25534057617188,0.8721830744988073,,0.8408082478083018,0.98
2024-08-30,GOOGL,2023-08-31,2024-07-31,134.88645935058594,170.1180877685547,0.2611947009921698,,0.2611947009921698,0.56
2024-08-30,HD,2023-08-31,2024-07-31,305.82305908203125,347.6186828613281,0.13666603134751187,,0.13666603134751187,0.4
2024-08-30,HON,2023-08-31,2024-07-31,174.60092163085938,193.4074249267578,0.10771136326335706,,0.10771136326335706,0.36
2024-08-30,INTC,2023-08-31,2024-07-31,34.56195068359375,30.546226501464844,-0.11618916475206753,,-0.11618916475206753,0.08
2024-08-30,JNJ,2023-08-31,2024-07-31,148.4675750732422,148.41078186035156,-0.0003825294032222537,,-0.0003825294032222537,0.2
2024-08-30,JPM,2023-08-31,2024-07-31,136.98422241210938,204.2194976806641,0.4908249584122262,,0.4908249584122262,0.78
2024-08-30,KO,2023-08-31,2024-07-31,54.4495964050293,62.68375778198242,0.1512253886273538,,0.1512253886273538,0.42
2024-08-30,MA,2023-08-31,2024-07-31,405.3444519042969,458.2013244628906,0.13039989152503173,,0.13039989152503173,0.38
2024-08-30,MCD,2023-08-31,2024-07-31,261.5173034667969,251.3808135986328,-0.038760302793696466,,-0.038760302793696466,0.14
2024-08-30,META,2023-08-31,2024-07-31,293.08294677734375,471.2918395996094,0.6080493416003887,,0.6080493416003887,0.88
2024-08-30,MRK,2023-08-31,2024-07-31,98.77964782714844,105.27347564697266,0.06574054435978116,,0.06574054435978116,0.26
2024-08-30,MSFT,2023-08-31,2024-07-31,320.259033203125,411.1031494140625,0.2836582478325269,,0.2836582478325269,0.6
2024-08-30,MU,2023-08-31,2024-07-31,69.16703033447266,109.13363647460938,0.5778274120902582,,0.5778274120902582,0.84
2024-08-30,NFLX,2023-08-31,2024-07-31,43.36800003051758,62.834999084472656,0.4488793359217942,,0.4488793359217942,0.72
2024-08-30,NKE,2023-08-31,2024-07-31,94.54843139648438,70.58251953125,-0.25347762528956674,,-0.12271384830093929,0.04
2024-08-30,NVDA,2023-08-31,2024-07-31,49.203975677490234,116.69685363769533,1.3716956207480129,,0.8408082478083018,0.98
2024-08-30,ORCL,2023-08-31,2024-07-31,116.21390533447266,136.45071411132812,0.17413414271392358,,0.17413414271392358,0.46
2024-08-30,PEP,2023-08-31,2024-07-31,159.65997314453125,158.56222534179688,-0.006875535433922719,,-0.006875535433922719,0.18
2024-08-30,PFE,2023-08-31,2024-07-31,29.172828674316406,26.66733741760254,-0.0858844126733479,,-0.0858844126733479,0.12
2024-08-30,PG,2023-08-31,2024-07-31,142.6200714111328,152.3162384033203,0.06798599170684905,,0.06798599170684905,0.28
2024-08-30,PLTR,2023-08-31,2024-07-31,14.979999542236328,26.88999938964844,0.7950600942164046,,0.7950600942164046,0.92
2024-08-30,QCOM,2023-08-31,2024-07-31,107.48126983642578,172.4653778076172,0.6046086734003961,,0.6046086734003961,0.86
2024-08-30,RKLB,2023-08-31,2024-07-31,6.309999942779541,5.239999771118164,-0.16957213650782443,,-0.12271384830093929,0.04
2024-08-30,SMCI,2023-08-31,2024-07-31,27.507999420166016,70.16500091552734,1.5507126070422133,,0.8408082478083018,0.98
2024-08-30,STX,2023-08-31,2024-07-31,65.97870635986328,98.49983215332033,0.49290335606277624,,0.49290335606277624,0.8
2024-08-30,TMO,2023-08-31,2024-07-31,551.3560791015625,608.6567993164062,0.1039268857037281,,0.1039268857037281,0.34
2024-08-30,TSLA,2023-08-31,2024-07-31,258.0799865722656,232.07000732421875,-0.10078262787247838,,-0.10078262787247838,0.1
2024-08-30,TSM,2023-08-31,2024-07-31,89.43912506103516,161.21055603027344,0.8024612374087954,,0.8024612374087954,0.94
2024-08-30,TXN,2023-08-31,2024-07-31,154.2340087890625,192.86561584472656,0.25047398663221165,,0.25047398663221165,0.52
2024-08-30,UNH,2023-08-31,2024-07-31,445.8143310546875,547.3623657226562,0.22778100117986555,,0.22778100117986555,0.5
2024-08-30,V,2023-08-31,2024-07-31,240.14048767089844,261.20037841796875,0.08769820929127081,,0.08769820929127081,0.3
2024-08-30,WDC,2023-08-31,2024-07-31,33.847721099853516,50.43310546875,0.4900000304294714,,0.4900000304294714,0.76
2024-08-30,WFC,2023-08-31,2024-07-31,38.39132308959961,56.37928771972656,0.4685424513280183,,0.4685424513280183,0.74
2024-08-30,WMT,2023-08-31,2024-07-31,52.52272415161133,67.21803283691406,0.2797895372464587,,0.2797895372464587,0.58
2024-08-30,XOM,2023-08-31,2024-07-31,100.7547378540039,110.3397216796875,0.09513184223229754,,0.09513184223229754,0.32
2024-09-30,AAPL,2023-09-29,2024-08-30,168.92526245117188,227.1002655029297,0.34438308520357275,,0.34438308520357275,0.52
2024-09-30,ABT,2023-09-29,2024-08-30,90.9853515625,108.6234893798828,0.19385689580225174,,0.19385689580225174,0.3
2024-09-30,ADBE,2023-09-29,2024-08-30,509.8999938964844,574.4099731445312,0.12651496375805626,,0.12651496375805626,0.22
2024-09-30,AMD,2023-09-29,2024-08-30,102.81999969482422,148.55999755859375,0.44485506710298117,,0.44485506710298117,0.66
2024-09-30,AMZN,2023-09-29,2024-08-30,127.12000274658205,178.5,0.40418499168730904,,0.40418499168730904,0.58
2024-09-30,ASML,2023-09-29,2024-08-30,574.2081298828125,888.9708862304688,0.5481684078765912,,0.5481684078765912,0.76
2024-09-30,AVGO,2023-09-29,2024-08-30,80.4052963256836,159.52391052246094,0.9839975450908791,,0.9839975450908791,0.94
2024-09-30,BAC,2023-09-29,2024-08-30,25.480892181396484,38.7296257019043,0.5199477877851024,,0.5199477877851024,0.72
2024-09-30,CAT,2023-09-29,2024-08-30,261.73321533203125,347.4235534667969,0.3273957339578013,,0.3273957339578013,0.48
2024-09-30,COST,2023-09-29,2024-08-30,542.9428100585938,882.6738891601562,0.6257216649851189,,0.6257216649851189,0.84
2024-09-30,CRM,2023-09-29,2024-08-30,198.98141479492188,248.87347412109375,0.2507372830653185,,0.2507372830653185,0.42
2024-09-30,CRWD,2023-09-29,2024-08-30,41.845001220703125,69.31999969482422,0.6565897400554415,,0.6565897400554415,0.86
2024-09-30,CSCO,2023-09-29,2024-08-30,49.66823959350586,48.1931037902832,-0.029699780288076294,,-0.029699780288076294,0.12
2024-09-30,CVX,2023-09-29,2024-08-30,148.73773193359375,136.16522216796875,-0.08452804545411641,,-0.08452804545411641,0.08
2024-09-30,GE,2023-09-29,2024-08-30,86.86363220214844,172.6248321533203,0.9873084716465577,,0.9858185546965023,0.98
2024-09-30,GOOGL,2023-09-29,2024-08-30,129.62652587890625,162.02574157714844,0.2499427912502159,,0.2499427912502159,0.4
2024-09-30,HD,2023-09-29,2024-08-30,279.7684326171875,350.05303955078125,0.2512242223902563,,0.2512242223902563,0.44
2024-09-30,HON,2023-09-29,2024-08-30,171.6280517578125,197.46701049804688,0.1505520716199482,,0.1505520716199482,0.24
2024-09-30,INTC,2023-09-29,2024-08-30,34.96520233154297,22.040000915527344,-0.36965899105796063,,-0.10356910469086913,0.04
2024-09-30,JNJ,2023-09-29,2024-08-30,143.02220153808594,157.12539672851562,0.09860843308774059,,0.09860843308774059,0.18
2024-09-30,JPM,2023-09-29,2024-08-30,135.7578887939453,215.7356414794922,0.5891204805559249,,0.5891204805559249,0.78
2024-09-30,KO,2023-09-29,2024-08-30,51.350006103515625,68.06552124023438,0.32552119084508413,,0.32552119084508413,0.46
2024-09-30,MA,2023-09-29,2024-08-30,388.9102478027344,477.5981140136719,0.22804198838165446,,0.22804198838165446,0.38
2024-09-30,MCD,2023-09-29,2024-08-30,245.04396057128903,273.4122009277344,0.11576796379844811,,0.11576796379844811,0.2
2024-09-30,META,2023-09-29,2024-08-30,297.3619384765625,517.425537109375,0.7400530133756762,,0.7400530133756762,0.88
2024-09-30,MRK,2023-09-29,2024-08-30,93.95018005371094,110.22400665283205,0.17321762012395747,,0.17321762012395747,0.26
2024-09-30,MSFT,2023-09-29,2024-08-30,308.52386474609375,410.6529541015625,0.33102492554188,,0.33102492554188,0.5
2024-09-30,MU,2023-09-29,2024-08-30,67.27812957763672,95.63851165771484,0.42153939561222775,,0.42153939561222775,0.6
2024-09-30,NFLX,2023-09-29,2024-08-30,37.7599983215332,70.13500213623047,0.8573889103229895,,0.8573889103229895,0.9
2024-09-30,NKE,2023-09-29,2024-08-30,89.18538665771484,78.55911254882812,-0.1191481531573032,,-0.10356910469086913,0.04
2024-09-30,NVDA,2023-09-29,2024-08-30,43.369476318359375,119.0403823852539,1.7447963980801209,,0.9858185546965023,0.98
2024-09-30,ORCL,2023-09-29,2024-08-30,102.245849609375,138.25112915039062,0.3521441670109049,,0.3521441670109049,0.54
2024-09-30,PEP,2023-09-29,2024-08-30,152.05027770996094,158.75509643554688,0.044096063661097196,,0.044096063661097196,0.16
2024-09-30,PFE,2023-09-29,2024-08-30,27.350557327270508,25.331348419189453,-0.07382697485538092,,-0.07382697485538092,0.1
2024-09-30,PG,2023-09-29,2024-08-30,134.78404235839844,162.53005981445312,0.2058553592143828,,0.2058553592143828,0.32
2024-09-30,PLTR,2023-09-29,2024-08-30,16.0,31.479999542236328,0.9674999713897705,,0.9674999713897705,0.92
2024-09-30,QCOM,2023-09-29,2024-08-30,104.22482299804688,167.08030700683594,0.6030759487110566,,0.6030759487110566,0.82
2024-09-30,RKLB,2023-09-29,2024-08-30,4.380000114440918,6.269999980926514,0.4315068075578905,,0.4315068075578905,0.62
2024-09-30,SMCI,2023-09-29,2024-08-30,27.42200088500977,43.77000045776367,0.5961636293903898,,0.5961636293903898,0.8
2024-09-30,STX,2023-09-29,2024-08-30,62.127593994140625,95.97396087646484,0.5447879872109056,,0.5447879872109056,0.74
2024-09-30,TMO,2023-09-29,2024-08-30,501.2945556640625,610.3736572265625,0.2175948258963305,,0.2175948258963305,0.36
2024-09-30,TSLA,2023-09-29,2024-08-30,250.22000122070312,214.11000061035156,-0.14431300629121668,,-0.10356910469086913,0.04
2024-09-30,TSM,2023-09-29,2024-08-30,83.49468231201172,166.94723510742188,0.9994954227570549,,0.9858185546965023,0.98
2024-09-30,TXN,2023-09-29,2024-08-30,145.92852783203125,202.8301696777344,0.38992815655071156,,0.38992815655071156,0.56
2024-09-30,UNH,2023-09-29,2024-08-30,473.4780578613281,560.70068359375,0.1842168275471967,,0.1842168275471967,0.28
2024-09-30,V,2023-09-29,2024-08-30,224.82379150390625,272.2652282714844,0.21101608708860264,,0.21101608708860264,0.34
2024-09-30,WDC,2023-09-29,2024-08-30,34.321590423583984,49.33494186401367,0.4374316940194387,,0.4374316940194387,0.64
2024-09-30,WFC,2023-09-29,2024-08-30,37.99150466918945,55.977088928222656,0.4734106852477271,,0.4734106852477271,0.7
2024-09-30,WMT,2023-09-29,2024-08-30,51.65708923339844,75.84564971923828,0.4682524866345148,,0.4682524866345148,0.68
2024-09-30,XOM,2023-09-29,2024-08-30,106.5450210571289,110.618408203125,0.03823160487069566,,0.03823160487069566,0.14
2024-10-31,AAPL,2023-10-31,2024-09-30,168.49118041992188,231.06707763671875,0.37138974907079536,,0.37138974907079536,0.46
2024-10-31,ABT,2023-10-31,2024-09-30,89.31632995605469,109.3331298828125,0.22411131241740967,,0.22411131241740967,0.32
2024-10-31,ADBE,2023-10-31,2024-09-30,532.0599975585938,517.780029296875,-0.02683901877089745,,-0.013479848158726316,0.04
2024-10-31,AMD,2023-10-31,2024-09-30,98.5,164.0800018310547,0.6657868206198445,,0.6657868206198445,0.78
2024-10-31,AMZN,2023-10-31,2024-09-30,133.08999633789062,186.3300018310547,0.4000301071314003,,0.4000301071314003,0.5
2024-10-31,ASML,2023-10-31,2024-09-30,584.1090698242188,819.5148315429688,0.4030167889527769,,0.4030167889527769,0.52
2024-10-31,AVGO,2023-10-31,2024-09-30,81.44984436035156,169.56382751464844,1.0818189260677005,,1.0818189260677005,0.92
2024-10-31,BAC,2023-10-31,2024-09-30,24.513023376464844,37.95854568481445,0.5485052619522555,,0.5485052619522555,0.64
2024-10-31,CAT,2023-10-31,2024-09-30,217.8407287597656,381.59027099609375,0.7516938782228868,,0.7516938782228868,0.86
2024-10-31,COST,2023-10-31,2024-09-30,530.9107666015625,876.8776245117188,0.6516478468213043,,0.6516478468213043,0.72
2024-10-31,CRM,2023-10-31,2024-09-30,197.0679473876953,269.7750244140625,0.36894420422073626,,0.36894420422073626,0.44
2024-10-31,CRWD,2023-10-31,2024-09-30,44.192501068115234,70.11750030517578,0.5866379727434201,,0.5866379727434201,0.68
2024-10-31,CSCO,2023-10-31,2024-09-30,48.51013946533203,50.7486457824707,0.04614512227363177,,0.04614512227363177,0.1
2024-10-31,CVX,2023-10-31,2024-09-30,128.54673767089844,135.53939819335938,0.05439780619219858,,0.05439780619219858,0.12
2024-10-31,GE,2023-10-31,2024-09-30,85.35501098632812,186.7014617919922,1.1873520913950486,,1.1873520913950486,0.94
2024-10-31,GOOGL,2023-10-31,2024-09-30,122.9104232788086,164.69349670410156,0.33994735605549686,,0.33994735605549686,0.42
2024-10-31,HD,2023-10-31,2024-09-30,263.5929870605469,384.9158630371094,0.460265947624376,,0.460265947624376,0.54
2024-10-31,HON,2023-10-31,2024-09-30,170.2530975341797,196.3272247314453,0.15314920888315142,,0.15314920888315142,0.24
2024-10-31,INTC,2023-10-31,2024-09-30,35.899574279785156,23.459999084472656,-0.3465103819439205,,-0.013479848158726316,0.04
2024-10-31,JNJ,2023-10-31,2024-09-30,136.2177276611328,153.5255126953125,0.12705971044558928,,0.12705971044558928,0.18
2024-10-31,JPM,2023-10-31,2024-09-30,131.1390838623047,202.35772705078125,0.5430771749424126,,0.5430771749424126,0.62
2024-10-31,KO,2023-10-31,2024-09-30,51.81782913208008,67.95527648925781,0.3114265423208775,,0.3114265423208775,0.38
2024-10-31,MA,2023-10-31,2024-09-30,370.23193359375,487.9338684082031,0.31791405369047854,,0.31791405369047854,0.4
2024-10-31,MCD,2023-10-31,2024-09-30,243.8626708984375,290.1033020019531,0.18961750452890613,,0.18961750452890613,0.3
2024-10-31,META,2023-10-31,2024-09-30,298.4118957519531,568.716552734375,0.9058105954566416,,0.9058105954566416,0.88
2024-10-31,MRK,2023-10-31,2024-09-30,93.72203063964844,106.38059997558594,0.13506503486473087,,0.13506503486473087,0.2
2024-10-31,MSFT,2023-10-31,2024-09-30,330.3721618652344,423.6082458496094,0.28221531577593373,,0.28221531577593373,0.34
2024-10-31,MU,2023-10-31,2024-09-30,66.24127960205078,103.06182861328124,0.5558550383149681,,0.5558550383149681,0.66
2024-10-31,NFLX,2023-10-31,2024-09-30,41.16899871826172,70.927001953125,0.7228255279782465,,0.7228255279782465,0.82
2024-10-31,NKE,2023-10-31,2024-09-30,95.85421752929688,83.72061920166016,-0.1265838753931532,,-0.013479848158726316,0.04
2024-10-31,NVDA,2023-10-31,2024-09-30,40.658565521240234,121.11502075195312,1.9788316237738894,,1.2494383995437388,0.98
2024-10-31,ORCL,2023-10-31,2024-09-30,100.17852020263672,166.73504638671875,0.6643792107275532,,0.6643792107275532,0.76
2024-10-31,PEP,2023-10-31,2024-09-30,146.5224609375,157.34542846679688,0.07386558661414688,,0.07386558661414688,0.14
2024-10-31,PFE,2023-10-31,2024-09-30,25.198461532592773,25.270227432250977,0.0028480270339272806,,0.0028480270339272806,0.08
2024-10-31,PG,2023-10-31,2024-09-30,139.5123748779297,164.10287475585938,0.17626034894356746,,0.17626034894356746,0.26
2024-10-31,PLTR,2023-10-31,2024-09-30,14.800000190734863,37.20000076293945,1.513513532670594,,1.2494383995437388,0.98
2024-10-31,QCOM,2023-10-31,2024-09-30,102.28221893310548,162.9140625,0.5927896774174297,,0.5927896774174297,0.7
2024-10-31,RKLB,2023-10-31,2024-09-30,4.230000019073486,9.729999542236328,1.3002362880290312,,1.2494383995437388,0.98
2024-10-31,SMCI,2023-10-31,2024-09-30,23.94700050354004,41.63999938964844,0.7388398761461952,,0.7388398761461952,0.84
2024-10-31,STX,2023-10-31,2024-09-30,64.2942886352539,106.30591583251952,0.6534270475500643,,0.6534270475500643,0.74
2024-10-31,TMO,2023-10-31,2024-09-30,440.4859313964844,614.237060546875,0.39445329978994503,,0.39445329978994503,0.48
2024-10-31,TSLA,2023-10-31,2024-09-30,200.83999633789065,261.6300048828125,0.30267879731808756,,0.30267879731808756,0.36
2024-10-31,TSM,2023-10-31,2024-09-30,82.92780303955078,169.4859619140625,1.0437773063061795,,1.0437773063061795,0.9
2024-10-31,TXN,2023-10-31,2024-09-30,131.521728515625,195.4774169921875,0.48627469543151913,,0.48627469543151913,0.58
2024-10-31,UNH,2023-10-31,2024-09-30,502.9371337890625,557.4261474609375,0.1083415997967021,,0.1083415997967021,0.16
2024-10-31,V,2023-10-31,2024-09-30,229.7990570068359,270.86627197265625,0.17870924058926274,,0.17870924058926274,0.28
2024-10-31,WDC,2023-10-31,2024-09-30,30.199689865112305,51.36580276489258,0.7008718630661197,,0.7008718630661197,0.8
2024-10-31,WFC,2023-10-31,2024-09-30,36.978031158447266,54.081504821777344,0.4625306736868535,,0.4625306736868535,0.56
2024-10-31,WMT,2023-10-31,2024-09-30,52.781124114990234,79.30256652832031,0.5024796810986787,,0.5024796810986787,0.6
2024-10-31,XOM,2023-10-31,2024-09-30,95.9158935546875,109.94310760498048,0.14624493950312023,,0.14624493950312023,0.22
2024-11-29,AAPL,2023-11-30,2024-10-31,187.66209411621097,224.0358734130859,0.19382592669114218,,0.19382592669114218,0.5
2024-11-29,ABT,2023-11-30,2024-10-31,98.51718139648438,109.23177337646484,0.10875861274247556,,0.10875861274247556,0.36
2024-11-29,ADBE,2023-11-30,2024-10-31,611.010009765625,478.0799865722656,-0.21755784859293792,,-0.13293973135216763,0.04
2024-11-29,AMD,2023-11-30,2024-10-31,121.16000366210938,144.07000732421875,0.18908883269763432,,0.18908883269763432,0.48
2024-11-29,AMZN,2023-11-30,2024-10-31,146.08999633789062,186.3999938964844,0.2759257893700062,,0.2759257893700062,0.56
2024-11-29,ASML,2023-11-30,2024-10-31,668.6820068359375,662.9991455078125,-0.00849860063532304,,-0.00849860063532304,0.1
2024-11-29,AVGO,2023-11-30,2024-10-31,89.61641693115234,166.8803253173828,0.8621624366614471,,0.8621624366614471,0.92
2024-11-29,BAC,2023-11-30,2024-10-31,28.601652145385746,40.00571060180664,0.39872026967018037,,0.39872026967018037,0.72
2024-11-29,CAT,2023-11-30,2024-10-31,241.61476135253903,368.3525390625,0.5245448456894504,,0.5245448456894504,0.82
2024-11-29,COST,2023-11-30,2024-10-31,570.685546875,864.6717529296875,0.5151457009285023,,0.5151457009285023,0.8
2024-11-29,CRM,2023-11-30,2024-10-31,247.18125915527344,287.1811218261719,0.16182401047553308,,0.16182401047553308,0.42
2024-11-29,CRWD,2023-11-30,2024-10-31,59.247501373291016,74.21749877929688,0.2526688393437362,,0.2526688393437362,0.54
2024-11-29,CSCO,2023-11-30,2024-10-31,45.020538330078125,52.62581634521485,0.16892907764400622,,0.16892907764400622,0.46
2024-11-29,CVX,2023-11-30,2024-10-31,127.99571990966795,136.96591186523438,0.07008196806812816,,0.07008196806812816,0.28
2024-11-29,GE,2023-11-30,2024-10-31,95.70320892333984,170.06883239746094,0.777044200614939,,0.777044200614939,0.9
2024-11-29,GOOGL,2023-11-30,2024-10-31,131.28076171875,169.91680908203125,0.29430090789733065,,0.29430090789733065,0.62
2024-11-29,HD,2023-11-30,2024-10-31,292.2077941894531,374.0390625,0.2800447829858075,,0.2800447829858075,0.6
2024-11-29,HON,2023-11-30,2024-10-31,183.08560180664065,195.3489990234375,0.06698176752177587,,0.06698176752177587,0.26
2024-11-29,INTC,2023-11-30,2024-10-31,44.1092529296875,21.520000457763672,-0.5121204956232721,,-0.13293973135216763,0.04
2024-11-29,JNJ,2023-11-30,2024-10-31,143.15858459472656,151.44139099121094,0.057857559991477236,,0.057857559991477236,0.22
2024-11-29,JPM,2023-11-30,2024-10-31,147.18966674804688,214.27684020996097,0.4557872501793969,,0.4557872501793969,0.74
2024-11-29,KO,2023-11-30,2024-10-31,54.03339385986328,61.76119613647461,0.1430190059253642,,0.1430190059253642,0.4
2024-11-29,MA,2023-11-30,2024-10-31,407.1026916503906,494.3114318847656,0.2142180388953745,,0.2142180388953745,0.52
2024-11-29,MCD,2023-11-30,2024-10-31,263.7299499511719,278.2898864746094,0.055207747645397154,,0.055207747645397154,0.2
2024-11-29,META,2023-11-30,2024-10-31,324.0464172363281,563.88818359375,0.7401463296614832,,0.7401463296614832,0.88
2024-11-29,MRK,2023-11-30,2024-10-31,93.5212631225586,95.85121154785156,0.024913568823804244,,0.024913568823804244,0.14
2024-11-29,MSFT,2023-11-30,2024-10-31,370.9899291992187,400.0307312011719,0.07827921923551329,,0.07827921923551329,0.3
2024-11-29,MU,2023-11-30,2024-10-31,75.40430450439453,99.1386947631836,0.31476174224782927,,0.31476174224782927,0.66
2024-11-29,NFLX,2023-11-30,2024-10-31,47.39699935913086,75.60299682617188,0.5951009103618969,,0.5951009103618969,0.84
2024-11-29,NKE,2023-11-30,2024-10-31,102.84951782226562,73.04718780517578,-0.28976635620782676,,-0.13293973135216763,0.04
2024-11-29,NVDA,2023-11-30,2024-10-31,46.63072967529297,132.4047088623047,1.8394303452741934,,1.0350254451601144,0.98
2024-11-29,ORCL,2023-11-30,2024-10-31,112.5894012451172,164.59938049316406,0.46194383017293505,,0.46194383017293505,0.76
2024-11-29,PEP,2023-11-30,2024-10-31,152.1698455810547,153.67201232910156,0.009871645346756441,,0.009871645346756441,0.12
2024-11-29,PFE,2023-11-30,2024-10-31,25.462987899780273,24.711381912231445,-0.02951758805789295,,-0.02951758805789295,0.08
2024-11-29,PG,2023-11-30,2024-10-31,142.7577667236328,157.4242706298828,0.10273699458077923,,0.10273699458077923,0.32
2024-11-29,PLTR,2023-11-30,2024-10-31,20.049999237060547,41.560001373291016,1.072818102480086,,1.0350254451601144,0.98
2024-11-29,QCOM,2023-11-30,2024-10-31,121.87786102294922,155.9395294189453,0.27947379540556905,,0.27947379540556905,0.58
2024-11-29,RKLB,2023-11-30,2024-10-31,4.380000114440918,10.699999809265137,1.4429222670536235,,1.0350254451601144,0.98
2024-11-29,SMCI,2023-11-30,2024-10-31,27.347000122070312,29.11000061035156,0.06446778368419359,,0.06446778368419359,0.24
2024-11-29,STX,2023-11-30,2024-10-31,74.51543426513672,97.4155502319336,0.3073204389484592,,0.3073204389484592,0.64
2024-11-29,TMO,2023-11-30,2024-10-31,490.9848327636719,542.4931030273438,0.1049080680837744,,0.1049080680837744,0.34
2024-11-29,TSLA,2023-11-30,2024-10-31,240.0800018310547,249.8500061035156,0.04069478589614506,,0.04069478589614506,0.18
2024-11-29,TSM,2023-11-30,2024-10-31,93.49673461914062,185.94952392578125,0.9888344195468162,,0.9888344195468162,0.94
2024-11-29,TXN,2023-11-30,2024-10-31,141.43150329589844,193.5162811279297,0.3682685725475261,,0.3682685725475261,0.7
2024-11-29,UNH,2023-11-30,2024-10-31,519.28662109375,538.1868286132812,0.03639648462292855,,0.03639648462292855,0.16
2024-11-29,V,2023-11-30,2024-10-31,251.42662048339844,285.5450439453125,0.1356993280835468,,0.1356993280835468,0.38
2024-11-29,WDC,2023-11-30,2024-10-31,36.33740997314453,49.12432861328125,0.35189405765537507,,0.35189405765537507,0.68
2024-11-29,WFC,2023-11-30,2024-10-31,41.82925796508789,62.15208053588867,0.48585185488499216,,0.48585185488499216,0.78
2024-11-29,WMT,2023-11-30,2024-10-31,50.28757095336914,80.48104858398438,0.6004163068169104,,0.6004163068169104,0.86
2024-11-29,XOM,2023-11-30,2024-10-31,93.9490737915039,109.53042602539062,0.16584891798364687,,0.16584891798364687,0.44
2024-12-31,AAPL,2023-12-29,2024-11-29,190.21099853515625,235.6201171875,0.2387302469470549,,0.2387302469470549,0.54
2024-12-31,ABT,2023-12-29,2024-11-29,103.97723388671876,114.43465423583984,0.10057413491605516,,0.10057413491605516,0.24
2024-12-31,ADBE,2023-12-29,2024-11-29,596.5999755859375,515.9299926757812,-0.13521620216448715,,-0.11289236469951501,0.04
2024-12-31,AMD,2023-12-29,2024-11-29,147.41000366210938,137.17999267578125,-0.06939834971971903,,-0.06939834971971903,0.1
2024-12-31,AMZN,2023-12-29,2024-11-29,151.94000244140625,207.88999938964844,0.3682374361539096,,0.3682374361539096,0.66
2024-12-31,ASML,2023-12-29,2024-11-29,740.228759765625,676.8594970703125,-0.08560767446454909,,-0.08560767446454909,0.08
2024-12-31,AVGO,2023-12-29,2024-11-29,108.55680084228516,159.32119750976562,0.46762981474769716,,0.46762981474769716,0.76
2024-12-31,BAC,2023-12-29,2024-11-29,31.584699630737305,45.4488525390625,0.4389515515554565,,0.4389515515554565,0.74
2024-12-31,CAT,2023-12-29,2024-11-29,284.9323425292969,397.6385192871094,0.39555417176350915,,0.39555417176350915,0.72
2024-12-31,COST,2023-12-29,2024-11-29,649.97216796875,962.58642578125,0.48096560624966656,,0.48096560624966656,0.78
2024-12-31,CRM,2023-12-29,2024-11-29,258.21075439453125,325.2459411621094,0.2596142322761359,,0.2596142322761359,0.6
2024-12-31,CRWD,2023-12-29,2024-11-29,63.83000183105469,86.49250030517578,0.3550446157608489,,0.3550446157608489,0.64
2024-12-31,CSCO,2023-12-29,2024-11-29,47.011932373046875,56.891990661621094,0.21016065049558996,,0.21016065049558996,0.42
2024-12-31,CVX,2023-12-29,2024-11-29,132.95150756835938,150.55191040039062,0.1323821230306974,,0.1323821230306974,0.3
2024-12-31,GE,2023-12-29,2024-11-29,100.34706115722656,180.34542846679688,0.7972168430944544,,0.7972168430944544,0.92
2024-12-31,GOOGL,2023-12-29,2024-11-29,138.373291015625,167.77186584472656,0.2124584492666428,,0.2124584492666428,0.44
2024-12-31,HD,2023-12-29,2024-11-29,323.0234680175781,409.7946472167969,0.2686219045685463,,0.2686219045685463,0.62
2024-12-31,HON,2023-12-29,2024-11-29,195.9722137451172,222.31935119628903,0.13444323022976667,,0.13444323022976667,0.32
2024-12-31,INTC,2023-12-29,2024-11-29,49.58590316772461,24.049999237060547,-0.5149831363218034,,-0.11289236469951501,0.04
2024-12-31,JNJ,2023-12-29,2024-11-29,145.08392333984375,148.0250701904297,0.020272038299492534,,0.020272038299492534,0.22
2024-12-31,JPM,2023-12-29,2024-11-29,160.4110565185547,241.11941528320312,0.5031346374513339,,0.5031346374513339,0.8
2024-12-31,KO,2023-12-29,2024-11-29,54.4864501953125,61.057647705078125,0.12060241557690876,,0.12060241557690876,0.28
2024-12-31,MA,2023-12-29,2024-11-29,419.57659912109375,527.30908203125,0.256764755555549,,0.256764755555549,0.58
2024-12-31,MCD,2023-12-29,2024-11-29,277.4573059082031,282.0054626464844,0.01639227600582993,,0.01639227600582993,0.2
2024-12-31,META,2023-12-29,2024-11-29,350.60205078125,570.5842895507812,0.6274413919694499,,0.6274413919694499,0.84
2024-12-31,MRK,2023-12-29,2024-11-29,100.20994567871094,95.2142105102539,-0.049852688120140876,,-0.049852688120140876,0.12
2024-12-31,MSFT,2023-12-29,2024-11-29,368.1798400878906,417.7090759277344,0.1345245731760334,,0.1345245731760334,0.34
2024-12-31,MU,2023-12-29,2024-11-29,84.65081787109375,97.44743347167967,0.15116942662116517,,0.15116942662116517,0.38
2024-12-31,NFLX,2023-12-29,2024-11-29,48.6879997253418,88.68099975585938,0.8214139060163828,,0.8214139060163828,0.94
2024-12-31,NKE,2023-12-29,2024-11-29,101.6048583984375,74.6003646850586,-0.26577955167736533,,-0.11289236469951501,0.04
2024-12-31,NVDA,2023-12-29,2024-11-29,49.378875732421875,137.8800506591797,1.7922881720988326,,1.3553947523617274,0.98
2024-12-31,ORCL,2023-12-29,2024-11-29,102.145263671875,181.2711639404297,0.7746409126000569,,0.7746409126000569,0.86
2024-12-31,PEP,2023-12-29,2024-11-29,153.57138061523438,151.23851013183594,-0.015190789286731343,,-0.015190789286731343,0.16
2024-12-31,PFE,2023-12-29,2024-11-29,24.059057235717773,23.24188995361328,-0.033965058318716546,,-0.033965058318716546,0.14
2024-12-31,PG,2023-12-29,2024-11-29,136.26707458496094,170.84317016601562,0.25373771093542397,,0.25373771093542397,0.56
2024-12-31,PLTR,2023-12-29,2024-11-29,17.170000076293945,67.08000183105469,2.906814300115807,,1.3553947523617274,0.98
2024-12-31,QCOM,2023-12-29,2024-11-29,136.59197998046875,151.87747192382812,0.11190621839982873,,0.11190621839982873,0.26
2024-12-31,RKLB,2023-12-29,2024-11-29,5.53000020980835,27.280000686645508,3.933092161237176,,1.3553947523617274,0.98
2024-12-31,SMCI,2023-12-29,2024-11-29,28.426000595092773,32.63999938964844,0.14824451932513982,,0.14824451932513982,0.36
2024-12-31,STX,2023-12-29,2024-11-29,81.09866333007812,98.34729766845705,0.21268703613739692,,0.21268703613739692,0.46
2024-12-31,TMO,2023-12-29,2024-11-29,526.0323486328125,525.9200439453125,-0.0002134938807316633,,-0.0002134938807316633,0.18
2024-12-31,TSLA,2023-12-29,2024-11-29,248.47999572753903,345.1600036621094,0.389085679317948,,0.389085679317948,0.68
2024-12-31,TSM,2023-12-29,2024-11-29,100.39552307128906,180.2111968994141,0.79501228128917,,0.79501228128917,0.9
2024-12-31,TXN,2023-12-29,2024-11-29,157.8705596923828,191.4873962402344,0.21293923714057494,,0.21293923714057494,0.48
2024-12-31,UNH,2023-12-29,2024-11-29,496.0875549316406,581.7565307617188,0.17268922588046598,,0.17268922588046598,0.4
2024-12-31,V,2023-12-29,2024-11-29,255.021484375,310.9904479980469,0.21946764116840645,,0.21946764116840645,0.5
2024-12-31,WDC,2023-12-29,2024-11-29,39.39122772216797,54.90100860595703,0.39373692521547676,,0.39373692521547676,0.7
2024-12-31,WFC,2023-12-29,2024-11-29,46.1725959777832,73.34261322021484,0.5884446535235965,,0.5884446535235965,0.82
2024-12-31,WMT,2023-12-29,2024-11-29,51.109771728515625,90.8419418334961,0.7773889172510771,,0.7773889172510771,0.88
2024-12-31,XOM,2023-12-29,2024-11-29,91.42525482177734,111.5462875366211,0.22008177887026203,,0.22008177887026203,0.52
2025-01-31,AAPL,2024-01-31,2024-12-31,182.1789398193359,248.6157989501953,0.3646791401725349,,0.3646791401725349,0.72
2025-01-31,ABT,2024-01-31,2024-12-31,107.40311431884766,108.98126220703124,0.014693688336620658,,0.014693688336620658,0.28
2025-01-31,ADBE,2024-01-31,2024-12-31,617.780029296875,444.6799926757813,-0.28019687981514574,,-0.27996552272817604,0.04
2025-01-31,AMD,2024-01-31,2024-12-31,167.69000244140625,120.79000091552734,-0.27968275295521305,,-0.27968275295521305,0.08
2025-01-31,AMZN,2024-01-31,2024-12-31,155.1999969482422,219.38999938964844,0.41359538468813906,,0.41359538468813906,0.76
2025-01-31,ASML,2024-01-31,2024-12-31,850.63916015625,683.2376098632812,-0.19679501971461033,,-0.19679501971461033,0.12
2025-01-31,AVGO,2024-01-31,2024-12-31,114.75657653808594,228.50440979003903,0.9912097126233279,,0.9912097126233279,0.92
2025-01-31,BAC,2024-01-31,2024-12-31,31.903640747070312,42.27717590332031,0.3251520802434622,,0.3251520802434622,0.66
2025-01-31,CAT,2024-01-31,2024-12-31,290.74462890625,355.1928405761719,0.22166604388314615,,0.22166604388314615,0.64
2025-01-31,COST,2024-01-31,2024-12-31,684.2391967773438,907.50830078125,0.32630270971827935,,0.32630270971827935,0.68
2025-01-31,CRM,2024-01-31,2024-12-31,275.8244934082031,329.89947509765625,0.1960485126657172,,0.1960485126657172,0.6
2025-01-31,CRWD,2024-01-31,2024-12-31,73.125,85.54000091552734,0.16977779029780993,,0.16977779029780993,0.54
2025-01-31,CSCO,2024-01-31,2024-12-31,47.058895111083984,56.88238525390625,0.20874884800490134,,0.20874884800490134,0.62
2025-01-31,CVX,2024-01-31,2024-12-31,131.4095001220703,134.6627655029297,0.024756698547953704,,0.024756698547953704,0.32
2025-01-31,GE,2024-01-31,2024-12-31,104.11312103271484,165.39755249023438,0.5886331218354552,,0.5886331218354552,0.86
2025-01-31,GOOGL,2024-01-31,2024-12-31,138.7794189453125,188.19541931152344,0.3560758557843784,,0.3560758557843784,0.7
2025-01-31,HD,2024-01-31,2024-12-31,328.9982604980469,371.4632263183594,0.12907352688135143,,0.12907352688135143,0.48
2025-01-31,HON,2024-01-31,2024-12-31,189.01025390625,215.60003662109375,0.14067904870405812,,0.14067904870405812,0.5
2025-01-31,INTC,2024-01-31,2024-12-31,42.51066589355469,20.049999237060547,-0.5283536774684949,,-0.27996552272817604,0.04
2025-01-31,JNJ,2024-01-31,2024-12-31,147.08326721191406,138.10325622558594,-0.06105392650402541,,-0.06105392650402541,0.18
2025-01-31,JPM,2024-01-31,2024-12-31,165.4423370361328,231.4541473388672,0.3990019210639977,,0.3990019210639977,0.74
2025-01-31,KO,2024-01-31,2024-12-31,55.00421905517578,59.323490142822266,0.07852617784308036,,0.07852617784308036,0.42
2025-01-31,MA,2024-01-31,2024-12-31,442.6237487792969,521.0064697265625,0.17708656881479068,,0.17708656881479068,0.56
2025-01-31,MCD,2024-01-31,2024-12-31,273.9107971191406,277.8363342285156,0.014331443486937712,,0.014331443486937712,0.26
2025-01-31,META,2024-01-31,2024-12-31,386.4388122558594,582.1708374023438,0.5065019841146057,,0.5065019841146057,0.82
2025-01-31,MRK,2024-01-31,2024-12-31,111.01959228515624,93.93672943115234,-0.15387250576570477,,-0.15387250576570477,0.14
2025-01-31,MSFT,2024-01-31,2024-12-31,389.2696228027344,415.7757263183594,0.06809188789194875,,0.06809188789194875,0.4
2025-01-31,MU,2024-01-31,2024-12-31,85.0574951171875,83.83696746826172,-0.014349442659276623,,-0.014349442659276623,0.22
2025-01-31,NFLX,2024-01-31,2024-12-31,56.4109992980957,89.13200378417969,0.5800465315846401,,0.5800465315846401,0.84
2025-01-31,NKE,2024-01-31,2024-12-31,95.01648712158205,72.0302505493164,-0.24191840035985235,,-0.24191840035985235,0.1
2025-01-31,NVDA,2024-01-31,2024-12-31,61.34918212890625,133.93988037109375,1.1832382392590124,,1.1710837966441663,0.98
2025-01-31,ORCL,2024-01-31,2024-12-31,108.63925170898438,163.4225311279297,0.5042678273014538,,0.5042678273014538,0.8
2025-01-31,PEP,2024-01-31,2024-12-31,152.38687133789062,141.89747619628906,-0.06883398188773893,,-0.06883398188773893,0.16
2025-01-31,PFE,2024-01-31,2024-12-31,22.970598220825195,23.525651931762695,0.024163659370189494,,0.024163659370189494,0.3
2025-01-31,PG,2024-01-31,2024-12-31,147.0467987060547,159.77828979492188,0.08658121904657934,,0.08658121904657934,0.46
2025-01-31,PLTR,2024-01-31,2024-12-31,16.09000015258789,75.62999725341797,3.700434837550561,,1.1710837966441663,0.98
2025-01-31,QCOM,2024-01-31,2024-12-31,140.25631713867188,147.94338989257812,0.0548073192760794,,0.0548073192760794,0.38
2025-01-31,RKLB,2024-01-31,2024-12-31,4.849999904632568,25.469999313354492,4.251546353439378,,1.1710837966441663,0.98
2025-01-31,SMCI,2024-01-31,2024-12-31,52.96099853515625,30.479999542236328,-0.424482158847453,,-0.27996552272817604,0.04
2025-01-31,STX,2024-01-31,2024-12-31,81.39314270019531,84.39171600341797,0.03684061339500855,,0.03684061339500855,0.34
2025-01-31,TMO,2024-01-31,2024-12-31,534.14892578125,516.969970703125,-0.03216135846945478,,-0.03216135846945478,0.2
2025-01-31,TSLA,2024-01-31,2024-12-31,187.2899932861328,403.8399963378906,1.1562283667815767,,1.1562283667815767,0.94
2025-01-31,TSM,2024-01-31,2024-12-31,109.04497528076172,193.3441467285156,0.7730679128561955,,0.7730679128561955,0.9
2025-01-31,TXN,2024-01-31,2024-12-31,149.46444702148438,178.60914611816406,0.1949941921137297,,0.1949941921137297,0.58
2025-01-31,UNH,2024-01-31,2024-12-31,482.20758056640625,484.1300048828125,0.003986715252688899,,0.003986715252688899,0.24
2025-01-31,V,2024-01-31,2024-12-31,267.6673278808594,311.9380187988281,0.16539445164437083,,0.16539445164437083,0.52
2025-01-31,WDC,2024-01-31,2024-12-31,43.06182861328125,44.85199737548828,0.04157205627015337,,0.04157205627015337,0.36
2025-01-31,WFC,2024-01-31,2024-12-31,47.07316207885742,67.63272857666016,0.4367577105477034,,0.4367577105477034,0.78
2025-01-31,WMT,2024-01-31,2024-12-31,53.573673248291016,88.92706298828125,0.6599022914882544,,0.6599022914882544,0.88
2025-01-31,XOM,2024-01-31,2024-12-31,94.01309967041016,101.72119903564452,0.08198963114988556,,0.08198963114988556,0.44
2025-02-28,AAPL,2024-02-29,2025-01-31,178.80078125,234.2996826171875,0.31039518384200293,,0.31039518384200293,0.66
2025-02-28,ABT,2024-02-29,2025-01-31,112.6142807006836,123.90713500976562,0.10027906086881822,,0.10027906086881822,0.42
2025-02-28,ADBE,2024-02-29,2025-01-31,560.280029296875,437.4500122070313,-0.21922968991771774,,-0.21922968991771774,0.1
2025-02-28,AMD,2024-02-29,2025-01-31,192.52999877929688,115.9499969482422,-0.3977562058723155,,-0.33008985332764,0.04
2025-02-28,AMZN,2024-02-29,2025-01-31,176.75999450683594,237.67999267578125,0.3446481107838535,,0.3446481107838535,0.7
2025-02-28,ASML,2024-02-29,2025-01-31,932.3226928710938,728.8110961914062,-0.21828450410551758,,-0.21828450410551758,0.12
2025-02-28,AVGO,2024-02-29,2025-01-31,126.47440338134766,218.08648681640625,0.7243527621856287,,0.7243527621856287,0.94
2025-02-28,BAC,2024-02-29,2025-01-31,32.610164642333984,44.5377311706543,0.36576222963425775,,0.36576222963425775,0.72
2025-02-28,CAT,2024-02-29,2025-01-31,323.3228454589844,365.0250549316406,0.12898008927719418,,0.12898008927719418,0.52
2025-02-28,COST,2024-02-29,2025-01-31,733.575439453125,970.510009765625,0.32298596377372313,,0.32298596377372313,0.68
2025-02-28,CRM,2024-02-29,2025-01-31,303.03497314453125,337.1718444824219,0.1126499393243603,,0.1126499393243603,0.48
2025-02-28,CRWD,2024-02-29,2025-01-31,81.0374984741211,99.51750183105467,0.22804261860125252,,0.22804261860125252,0.62
2025-02-28,CSCO,2024-02-29,2025-01-31,45.36147689819336,58.62435531616211,0.2923819797079177,,0.2923819797079177,0.64
2025-02-28,CVX,2024-02-29,2025-01-31,136.97027587890625,138.70712280273438,0.012680465982003675,,0.012680465982003675,0.26
2025-02-28,GE,2024-02-29,2025-01-31,123.35226440429688,201.8704833984375,0.6365365027819101,,0.6365365027819101,0.88
2025-02-28,GOOGL,2024-02-29,2025-01-31,137.15487670898438,202.8295440673828,0.47883581637237116,,0.47883581637237116,0.8
2025-02-28,HD,2024-02-29,2025-01-31,354.7711486816406,393.4173278808594,0.10893270025714097,,0.10893270025714097,0.44
2025-02-28,HON,2024-02-29,2025-01-31,186.7322540283203,213.52891540527344,0.14350312170970247,,0.14350312170970247,0.56
2025-02-28,INTC,2024-02-29,2025-01-31,42.60557556152344,19.43000030517578,-0.5439563942254833,,-0.33008985332764,0.04
2025-02-28,JNJ,2024-02-29,2025-01-31,150.51303100585938,145.29396057128906,-0.03467520652326206,,-0.03467520652326206,0.18
2025-02-28,JPM,2024-02-29,2025-01-31,176.54391479492188,259.4268798828125,0.4694750605489273,,0.4694750605489273,0.78
2025-02-28,KO,2024-02-29,2025-01-31,55.4942626953125,60.48595428466797,0.08994968753368271,,0.08994968753368271,0.38
2025-02-28,MA,2024-02-29,2025-01-31,467.7783203125,550.3714599609375,0.17656470182983486,,0.17656470182983486,0.58
2025-02-28,MCD,2024-02-29,2025-01-31,275.05517578125,276.6958312988281,0.005964823286521037,,0.005964823286521037,0.2
2025-02-28,META,2024-02-29,2025-01-31,485.9953002929687,685.2495727539062,0.40999217963799794,,0.40999217963799794,0.74
2025-02-28,MRK,2024-02-29,2025-01-31,116.87483215332033,93.31350708007812,-0.20159451473978307,,-0.20159451473978307,0.14
2025-02-28,MSFT,2024-02-29,2025-01-31,405.7428894042969,409.4231262207031,0.009070366758144432,,0.009070366758144432,0.22
2025-02-28,MU,2024-02-29,2025-01-31,89.87826538085938,90.88978576660156,0.011254338092261396,,0.011254338092261396,0.24
2025-02-28,NFLX,2024-02-29,2025-01-31,60.29199981689453,97.6760025024414,0.6200491408326356,,0.6200491408326356,0.86
2025-02-28,NKE,2024-02-29,2025-01-31,97.26252746582033,73.20108795166016,-0.2473865335508144,,-0.2473865335508144,0.08
2025-02-28,NVDA,2024-02-29,2025-01-31,78.88336181640625,119.75694274902344,0.5181521171441283,,0.5181521171441283,0.82
2025-02-28,ORCL,2024-02-29,2025-01-31,108.61979675292967,167.1864471435547,0.5391894676791076,,0.5391894676791076,0.84
2025-02-28,PEP,2024-02-29,2025-01-31,150.64329528808594,140.61904907226562,-0.06654292975104026,,-0.06654292975104026,0.16
2025-02-28,PFE,2024-02-29,2025-01-31,22.52950859069824,23.90556907653809,0.06107814026658298,,0.06107814026658298,0.32
2025-02-28,PG,2024-02-29,2025-01-31,148.73118591308594,159.160888671875,0.07012451823576438,,0.07012451823576438,0.36
2025-02-28,PLTR,2024-02-29,2025-01-31,25.079999923706055,82.48999786376953,2.289074884956381,,0.8782472211619827,0.98
2025-02-28,QCOM,2024-02-29,2025-01-31,149.7775115966797,166.5398406982422,0.11191485906575904,,0.11191485906575904,0.46
2025-02-28,RKLB,2024-02-29,2025-01-31,4.585000038146973,29.049999237060547,5.335877643482224,,0.8782472211619827,0.98
2025-02-28,SMCI,2024-02-29,2025-01-31,86.61199951171875,28.520000457763672,-0.6707153671714406,,-0.33008985332764,0.04
2025-02-28,STX,2024-02-29,2025-01-31,88.39440155029297,94.21835327148438,0.06588597941780061,,0.06588597941780061,0.34
2025-02-28,TMO,2024-02-29,2025-01-31,565.0694580078125,594.004150390625,0.05120554999525817,,0.05120554999525817,0.3
2025-02-28,TSLA,2024-02-29,2025-01-31,201.8800048828125,404.6000061035156,1.0041608694153648,,0.8782472211619827,0.98
2025-02-28,TSM,2024-02-29,2025-01-31,124.21046447753906,204.92579650878903,0.6498271491919725,,0.6498271491919725,0.9
2025-02-28,TXN,2024-02-29,2025-01-31,156.1946258544922,177.1471710205078,0.13414382890186372,,0.13414382890186372,0.54
2025-02-28,UNH,2024-02-29,2025-01-31,465.1144104003906,519.1864624023438,0.11625537887636206,,0.11625537887636206,0.5
2025-02-28,V,2024-02-29,2025-01-31,277.3715515136719,337.3636169433594,0.21628773788190903,,0.21628773788190903,0.6
2025-02-28,WDC,2024-02-29,2025-01-31,44.73164749145508,48.98894119262695,0.09517408680252903,,0.09517408680252903,0.4
2025-02-28,WFC,2024-02-29,2025-01-31,52.51448822021485,75.87499237060547,0.4448392232716887,,0.4448392232716887,0.76
2025-02-28,WMT,2024-02-29,2025-01-31,57.00368881225586,96.61408233642578,0.6948742151517331,,0.6948742151517331,0.92
2025-02-28,XOM,2024-02-29,2025-01-31,96.46503448486328,101.02144622802734,0.04723381655846537,,0.04723381655846537,0.28
2025-03-31,AAPL,2024-03-28,2025-02-28,169.6307373046875,240.361572265625,0.4169694483723909,,0.4169694483723909,0.84
2025-03-31,ABT,2024-03-28,2025-02-28,107.88721466064452,133.67015075683594,0.23898045915163113,,0.23898045915163113,0.66
2025-03-31,ADBE,2024-03-28,2025-02-28,504.6000061035156,438.55999755859375,-0.13087595669068253,,-0.13087595669068253,0.16
2025-03-31,AMD,2024-03-28,2025-02-28,180.4900054931641,99.86000061035156,-0.44672836405817673,,-0.3745428233376543,0.04
2025-03-31,AMZN,2024-03-28,2025-02-28,180.3800048828125,212.27999877929688,0.17684883597385892,,0.17684883597385892,0.56
2025-03-31,ASML,2024-03-28,2025-02-28,950.7305908203124,700.4884033203125,-0.2632104088331534,,-0.2632104088331534,0.1
2025-03-31,AVGO,2024-03-28,2025-02-28,129.4468536376953,196.56069946289065,0.5184664125791589,,0.5184664125791589,0.9
2025-03-31,BAC,2024-03-28,2025-02-28,35.822059631347656,44.34534454345703,0.2379339714082409,,0.2379339714082409,0.64
2025-03-31,CAT,2024-03-28,2025-02-28,354.75860595703125,338.0099182128906,-0.047211505127430886,,-0.047211505127430886,0.28
2025-03-31,COST,2024-03-28,2025-02-28,722.4716186523438,1039.7303466796875,0.43912967628976163,,0.43912967628976163,0.86
2025-03-31,CRM,2024-03-28,2025-02-28,295.92413330078125,293.9029541015625,-0.006830058693335417,,-0.006830058693335417,0.34
2025-03-31,CRWD,2024-03-28,2025-02-28,80.14749908447266,97.41500091552734,0.21544654578498257,,0.21544654578498257,0.62
2025-03-31,CSCO,2024-03-28,2025-02-28,46.80569076538086,62.019920349121094,0.32505085033363534,,0.32505085033363534,0.7
2025-03-31,CVX,2024-03-28,2025-02-28,142.1333770751953,149.11024475097656,0.04908676497632336,,0.04908676497632336,0.38
2025-03-31,GE,2024-03-28,2025-02-28,138.00765991210938,205.2520294189453,0.48725099425394736,,0.48725099425394736,0.88
2025-03-31,GOOGL,2024-03-28,2025-02-28,149.50733947753906,169.28639221191406,0.1322948612656334,,0.1322948612656334,0.52
2025-03-31,HD,2024-03-28,2025-02-28,359.69671630859375,378.7303771972656,0.05291585946073063,,0.05291585946073063,0.4
2025-03-31,HON,2024-03-28,2025-02-28,192.8585968017578,204.2796936035156,0.05922005547669573,,0.05922005547669573,0.42
2025-03-31,INTC,2024-03-28,2025-02-28,43.714012145996094,23.729999542236328,-0.4571534760300002,,-0.3745428233376543,0.04
2025-03-31,JNJ,2024-03-28,2025-02-28,147.53787231445312,158.8454132080078,0.07664161558094373,,0.07664161558094373,0.44
2025-03-31,JPM,2024-03-28,2025-02-28,190.05563354492188,256.8549499511719,0.3514724355195775,,0.3514724355195775,0.76
2025-03-31,KO,2024-03-28,2025-02-28,57.01925277709961,67.85136413574219,0.18997287461811552,,0.18997287461811552,0.58
2025-03-31,MA,2024-03-28,2025-02-28,474.4881896972656,571.0613403320312,0.20353119999969138,,0.20353119999969138,0.6
2025-03-31,MCD,2024-03-28,2025-02-28,265.33392333984375,295.5095520019531,0.11372699081323256,,0.11372699081323256,0.48
2025-03-31,META,2024-03-28,2025-02-28,481.4837036132813,664.38916015625,0.3798788103737669,,0.3798788103737669,0.78
2025-03-31,MRK,2024-03-28,2025-02-28,122.0562744140625,87.10960388183594,-0.28631605134590477,,-0.28631605134590477,0.08
2025-03-31,MSFT,2024-03-28,2025-02-28,412.6876831054687,392.38372802734375,-0.049199324111972476,,-0.049199324111972476,0.26
2025-03-31,MU,2024-03-28,2025-02-28,117.05084228515624,93.2706069946289,-0.20316159052144656,,-0.20316159052144656,0.12
2025-03-31,NFLX,2024-03-28,2025-02-28,60.733001708984375,98.05599975585938,0.6145422916146384,,0.6145422916146384,0.92
2025-03-31,NKE,2024-03-28,2025-02-28,88.26507568359375,75.60939025878906,-0.14338270631718342,,-0.14338270631718342,0.14
2025-03-31,NVDA,2024-03-28,2025-02-28,90.09909057617188,124.59429931640624,0.3828585673800038,,0.3828585673800038,0.8
2025-03-31,ORCL,2024-03-28,2025-02-28,122.16809844970705,163.2540283203125,0.33630653494634943,,0.33630653494634943,0.72
2025-03-31,PEP,2024-03-28,2025-02-28,159.45376586914062,143.2132568359375,-0.10185089668268654,,-0.10185089668268654,0.18
2025-03-31,PFE,2024-03-28,2025-02-28,23.53892707824707,23.824440002441406,0.01212939414125569,,0.01212939414125569,0.36
2025-03-31,PG,2024-03-28,2025-02-28,151.82858276367188,166.6879119873047,0.09786911629651462,,0.09786911629651462,0.46
2025-03-31,PLTR,2024-03-28,2025-02-28,23.010000228881836,84.91999816894531,2.6905692014011757,,0.6604483020577699,0.98
2025-03-31,QCOM,2024-03-28,2025-02-28,160.70303344726562,151.36219787597656,-0.058124824223397376,,-0.058124824223397376,0.22
2025-03-31,RKLB,2024-03-28,2025-02-28,4.110000133514404,20.489999771118164,3.9854012422129657,,0.6604483020577699,0.98
2025-03-31,SMCI,2024-03-28,2025-02-28,101.00299835205078,41.459999084472656,-0.5895171454221404,,-0.3745428233376543,0.04
2025-03-31,STX,2024-03-28,2025-02-28,89.11499786376953,99.64500427246094,0.11816200034912949,,0.11816200034912949,0.5
2025-03-31,TMO,2024-03-28,2025-02-28,576.3793334960938,525.6452026367188,-0.08802212000149523,,-0.08802212000149523,0.2
2025-03-31,TSLA,2024-03-28,2025-02-28,175.7899932861328,292.9800109863281,0.6666478307979993,,0.6604483020577699,0.98
2025-03-31,TSM,2024-03-28,2025-02-28,131.86802673339844,176.74017333984375,0.34028071639507185,,0.34028071639507185,0.74
2025-03-31,TXN,2024-03-28,2025-02-28,162.61680603027344,188.0671234130859,0.15650484106836116,,0.15650484106836116,0.54
2025-03-31,UNH,2024-03-28,2025-02-28,467.9885864257813,454.5573425292969,-0.02869993902856538,,-0.02869993902856538,0.3
2025-03-31,V,2024-03-28,2025-02-28,273.87786865234375,358.6046142578125,0.3093595916398033,,0.3093595916398033,0.68
2025-03-31,WDC,2024-03-28,2025-02-28,51.32819366455078,48.691375732421875,-0.05137172660626854,,-0.05137172660626854,0.24
2025-03-31,WFC,2024-03-28,2025-02-28,54.75336456298828,75.78511810302734,0.3841180118866325,,0.3841180118866325,0.82
2025-03-31,WMT,2024-03-28,2025-02-28,58.720237731933594,97.0569839477539,0.6528711002641563,,0.6528711002641563,0.94
2025-03-31,XOM,2024-03-28,2025-02-28,107.2818374633789,106.21844482421876,-0.00991214043591615,,-0.00991214043591615,0.32
2025-04-30,AAPL,2024-04-30,2025-03-31,168.4931640625,220.77210998535156,0.3102733942574636,,0.3102733942574636,0.82
2025-04-30,ABT,2024-04-30,2025-03-31,101.0866470336914,128.4786834716797,0.27097581373787905,,0.27097581373787905,0.76
2025-04-30,ADBE,2024-04-30,2025-03-31,462.8299865722656,383.5299987792969,-0.17133718664226383,,-0.17133718664226383,0.18
2025-04-30,AMD,2024-04-30,2025-03-31,158.3800048828125,102.73999786376952,-0.3513070166919857,,-0.29265946529847275,0.04
2025-04-30,AMZN,2024-04-30,2025-03-31,175.0,190.2599945068359,0.08719996861049095,,0.08719996861049095,0.46
2025-04-30,ASML,2024-04-30,2025-03-31,856.5013427734375,654.6012573242188,-0.23572652530286287,,-0.23572652530286287,0.14
2025-04-30,AVGO,2024-04-30,2025-03-31,126.99150848388672,165.52044677734375,0.30339775275876635,,0.30339775275876635,0.8
2025-04-30,BAC,2024-04-30,2025-03-31,34.9624137878418,40.394996643066406,0.15538351808861073,,0.15538351808861073,0.54
2025-04-30,CAT,2024-04-30,2025-03-31,325.0942077636719,324.1042175292969,-0.003045241073918681,,-0.003045241073918681,0.3
2025-04-30,COST,2024-04-30,2025-03-31,714.020751953125,937.7711181640624,0.3133667552363051,,0.3133667552363051,0.84
2025-04-30,CRM,2024-04-30,2025-03-31,264.2467041015625,264.8037109375,0.002107904572854924,,0.002107904572854924,0.32
2025-04-30,CRWD,2024-04-30,2025-03-31,73.13500213623047,88.1449966430664,0.20523680957684842,,0.20523680957684842,0.62
2025-04-30,CSCO,2024-04-30,2025-03-31,44.41788101196289,59.69816207885742,0.3440119321040811,,0.3440119321040811,0.88
2025-04-30,CVX,2024-04-30,2025-03-31,145.31410217285156,157.2604217529297,0.08221032509197168,,0.08221032509197168,0.44
2025-04-30,GE,2024-04-30,2025-03-31,159.7007598876953,198.84829711914065,0.24513056330461214,,0.24513056330461214,0.72
2025-04-30,GOOGL,2024-04-30,2025-03-31,161.24563598632812,153.91470336914062,-0.045464378445622455,,-0.045464378445622455,0.26
2025-04-30,HD,2024-04-30,2025-03-31,313.3937072753906,352.197998046875,0.12381962327464868,,0.12381962327464868,0.52
2025-04-30,HON,2024-04-30,2025-03-31,181.094482421875,203.1858062744141,0.12198783506322108,,0.12198783506322108,0.5
2025-04-30,INTC,2024-04-30,2025-03-31,30.155445098876953,22.709999084472656,-0.24690220920272798,,-0.24690220920272798,0.1
2025-04-30,JNJ,2024-04-30,2025-03-31,134.8536376953125,159.6347198486328,0.18376280074335516,,0.18376280074335516,0.58
2025-04-30,JPM,2024-04-30,2025-03-31,182.9946746826172,238.0748748779297,0.3009934594590944,,0.3009934594590944,0.78
2025-04-30,KO,2024-04-30,2025-03-31,57.569114685058594,68.74562072753906,0.19414066211758518,,0.19414066211758518,0.6
2025-04-30,MA,2024-04-30,2025-03-31,445.1805419921875,543.1279296875,0.22001722549911307,,0.22001722549911307,0.64
2025-04-30,MCD,2024-04-30,2025-03-31,256.9490661621094,301.110107421875,0.17186690700757157,,0.17186690700757157,0.56
2025-04-30,META,2024-04-30,2025-03-31,426.5411987304687,573.582763671875,0.3447300410348446,,0.3447300410348446,0.9
2025-04-30,MRK,2024-04-30,2025-03-31,119.53099060058594,85.49058532714844,-0.28478309350906217,,-0.28478309350906217,0.08
2025-04-30,MSFT,2024-04-30,2025-03-31,381.89697265625,371.034423828125,-0.02844366309733104,,-0.02844366309733104,0.28
2025-04-30,MU,2024-04-30,2025-03-31,112.15592956542967,86.669189453125,-0.22724380432722624,,-0.22724380432722624,0.16
2025-04-30,NFLX,2024-04-30,2025-03-31,55.06399917602539,93.25299835205078,0.6935384234251678,,0.6046177556487832,0.98
2025-04-30,NKE,2024-04-30,2025-03-31,86.64967346191406,60.73242950439453,-0.29910376948980866,,-0.29265946529847275,0.04
2025-04-30,NVDA,2024-04-30,2025-03-31,86.15633392333984,108.10736083984376,0.25478134824115783,,0.25478134824115783,0.74
2025-04-30,ORCL,2024-04-30,2025-03-31,110.9901123046875,137.44760131835938,0.23837699110567057,,0.23837699110567057,0.68
2025-04-30,PEP,2024-04-30,2025-03-31,160.2737579345703,141.15626525878906,-0.11928024226889167,,-0.11928024226889167,0.22
2025-04-30,PFE,2024-04-30,2025-03-31,21.732154846191406,22.841896057128903,0.05106448112447448,,0.05106448112447448,0.4
2025-04-30,PG,2024-04-30,2025-03-31,153.70367431640625,163.4086151123047,0.06314059074424172,,0.06314059074424172,0.42
2025-04-30,PLTR,2024-04-30,2025-03-31,21.969999313354492,84.4000015258789,2.8416023743148804,,0.6046177556487832,0.98
2025-04-30,QCOM,2024-04-30,2025-03-31,157.42823791503906,148.73143005371094,-0.05524299818449108,,-0.05524299818449108,0.24
2025-04-30,RKLB,2024-04-30,2025-03-31,3.759999990463257,17.8799991607666,3.7553189377970364,,0.6046177556487832,0.98
2025-04-30,SMCI,2024-04-30,2025-03-31,85.87999725341797,34.2400016784668,-0.6013041130237802,,-0.29265946529847275,0.04
2025-04-30,STX,2024-04-30,2025-03-31,82.27692413330078,83.7421646118164,0.01780864433072038,,0.01780864433072038,0.34
2025-04-30,TMO,2024-04-30,2025-03-31,563.9931030273438,494.89984130859375,-0.12250728129099164,,-0.12250728129099164,0.2
2025-04-30,TSLA,2024-04-30,2025-03-31,183.27999877929688,259.1600036621094,0.4140113781547221,,0.4140113781547221,0.92
2025-04-30,TSM,2024-04-30,2025-03-31,133.11839294433594,163.1483917236328,0.22558865168883213,,0.22558865168883213,0.66
2025-04-30,TXN,2024-04-30,2025-03-31,164.6797332763672,172.4356689453125,0.04709708665807244,,0.04709708665807244,0.38
2025-04-30,UNH,2024-04-30,2025-03-31,457.58251953125,503.3936462402344,0.1001155523946009,,0.1001155523946009,0.48
2025-04-30,V,2024-04-30,2025-03-31,263.6030578613281,346.4932556152344,0.31445082020828363,,0.31445082020828363,0.86
2025-04-30,WDC,2024-04-30,2025-03-31,53.27631759643555,40.232818603515625,-0.24482733757470876,,-0.24482733757470876,0.12
2025-04-30,WFC,2024-04-30,2025-03-31,56.03812026977539,69.46647644042969,0.2396289544689989,,0.2396289544689989,0.7
2025-04-30,WMT,2024-04-30,2025-03-31,57.92000579833984,86.6446762084961,0.4959369394776476,,0.4959369394776476,0.94
2025-04-30,XOM,2024-04-30,2025-03-31,109.15538024902344,113.46949005126952,0.03952264920340176,,0.03952264920340176,0.36
2025-05-30,AAPL,2024-05-31,2025-04-30,190.43472290039065,211.20095825195312,0.10904647553390001,,0.10904647553390001,0.58
2025-05-30,ABT,2024-05-31,2025-04-30,97.48084259033205,127.22506713867188,0.30512892336539776,,0.30512892336539776,0.86
2025-05-30,ADBE,2024-05-31,2025-04-30,444.760009765625,374.9800109863281,-0.15689359935050995,,-0.15689359935050995,0.24
2025-05-30,AMD,2024-05-31,2025-04-30,166.89999389648438,97.3499984741211,-0.4167165845763898,,-0.3892578613575057,0.04
2025-05-30,AMZN,2024-05-31,2025-04-30,176.44000244140625,184.4199981689453,0.04522781465155057,,0.04522781465155057,0.5
2025-05-30,ASML,2024-05-31,2025-04-30,942.77294921875,662.0291137695312,-0.29778520446716616,,-0.29778520446716616,0.14
2025-05-30,AVGO,2024-05-31,2025-04-30,129.75350952148438,190.27487182617188,0.4664333360067341,,0.4664333360067341,0.9
2025-05-30,BAC,2024-05-31,2025-04-30,37.77753448486328,38.60418701171875,0.021882119575238335,,0.021882119575238335,0.48
2025-05-30,CAT,2024-05-31,2025-04-30,328.9322814941406,305.3921203613281,-0.07156537213642811,,-0.07156537213642811,0.38
2025-05-30,COST,2024-05-31,2025-04-30,799.9422607421875,986.0785522460938,0.23268715835966547,,0.23268715835966547,0.74
2025-05-30,CRM,2024-05-31,2025-04-30,230.34881591796875,265.56573486328125,0.1528851746207971,,0.1528851746207971,0.62
2025-05-30,CRWD,2024-05-31,2025-04-30,78.4175033569336,107.21749877929688,0.3672648858925551,,0.3672648858925551,0.88
2025-05-30,CSCO,2024-05-31,2025-04-30,43.96405792236328,56.22078323364258,0.2787896725303114,,0.2787896725303114,0.84
2025-05-30,CVX,2024-05-31,2025-04-30,147.71893310546875,127.90279388427734,-0.13414759235394036,,-0.13414759235394036,0.3
2025-05-30,GE,2024-05-31,2025-04-30,162.977294921875,200.2292633056641,0.2285715221966731,,0.2285715221966731,0.72
2025-05-30,GOOGL,2024-05-31,2025-04-30,170.87400817871094,158.05520629882812,-0.07501902727345222,,-0.07501902727345222,0.36
2025-05-30,HD,2024-05-31,2025-04-30,316.1861267089844,346.4319152832031,0.0956581773179972,,0.0956581773179972,0.56
2025-05-30,HON,2024-05-31,2025-04-30,190.98924255371097,201.98634338378903,0.057579687122877754,,0.057579687122877754,0.52
2025-05-30,INTC,2024-05-31,2025-04-30,30.655534744262695,20.100000381469727,-0.3443271973837768,,-0.3443271973837768,0.1
2025-05-30,JNJ,2024-05-31,2025-04-30,137.89930725097656,150.46131896972656,0.09109553897821376,,0.09109553897821376,0.54
2025-05-30,JPM,2024-05-31,2025-04-30,193.38796997070312,238.87725830078125,0.23522294761649043,,0.23522294761649043,0.78
2025-05-30,KO,2024-05-31,2025-04-30,58.65023422241211,69.63829040527344,0.18734888834702113,,0.18734888834702113,0.66
2025-05-30,MA,2024-05-31,2025-04-30,441.1056213378906,543.929931640625,0.23310587153903017,,0.23310587153903017,0.76
2025-05-30,MCD,2024-05-31,2025-04-30,243.6329345703125,308.127685546875,0.264720987293076,,0.264720987293076,0.8
2025-05-30,META,2024-05-31,2025-04-30,462.8918762207031,546.3546752929688,0.1803073317114583,,0.1803073317114583,0.64
2025-05-30,MRK,2024-05-31,2025-04-30,116.1269073486328,81.1474838256836,-0.3012172141804742,,-0.3012172141804742,0.12
2025-05-30,MSFT,2024-05-31,2025-04-30,407.93890380859375,390.673828125,-0.04232269960624935,,-0.04232269960624935,0.4
2025-05-30,MU,2024-05-31,2025-04-30,124.11021423339844,76.75444793701172,-0.3815621992830558,,-0.3815621992830558,0.08
2025-05-30,NFLX,2024-05-31,2025-04-30,64.16200256347656,113.1719970703125,0.7638476442244693,,0.6831215970817536,0.98
2025-05-30,NKE,2024-05-31,2025-04-30,89.27001190185547,53.9588737487793,-0.3955543121456919,,-0.3892578613575057,0.04
2025-05-30,NVDA,2024-05-31,2025-04-30,109.32129669189452,108.64599609375,-0.006177209917732185,,-0.006177209917732185,0.42
2025-05-30,ORCL,2024-05-31,2025-04-30,114.34664154052734,138.8391876220703,0.21419558765844626,,0.21419558765844626,0.7
2025-05-30,PEP,2024-05-31,2025-04-30,157.5313262939453,127.63746643066406,-0.1897645412284592,,-0.1897645412284592,0.22
2025-05-30,PFE,2024-05-31,2025-04-30,24.677459716796875,22.003576278686523,-0.10835326929093736,,-0.10835326929093736,0.32
2025-05-30,PG,2024-05-31,2025-04-30,154.96572875976562,156.85325622558594,0.012180289673895839,,0.012180289673895839,0.46
2025-05-30,PLTR,2024-05-31,2025-04-30,21.68000030517578,118.44000244140624,4.4630996667066665,,0.6831215970817536,0.98
2025-05-30,QCOM,2024-05-31,2025-04-30,194.48223876953125,143.74497985839844,-0.26088376620992304,,-0.26088376620992304,0.16
2025-05-30,RKLB,2024-05-31,2025-04-30,4.369999885559082,21.790000915527344,3.9862703629658354,,0.6831215970817536,0.98
2025-05-30,SMCI,2024-05-31,2025-04-30,78.45099639892578,31.86000061035156,-0.5938866034493373,,-0.3892578613575057,0.04
2025-05-30,STX,2024-05-31,2025-04-30,89.29695129394531,89.73571014404297,0.004913480737470666,,0.004913480737470666,0.44
2025-05-30,TMO,2024-05-31,2025-04-30,563.25927734375,426.672119140625,-0.24249428939235662,,-0.24249428939235662,0.18
2025-05-30,TSLA,2024-05-31,2025-04-30,178.0800018310547,282.1600036621094,0.5844564283517688,,0.5844564283517688,0.94
2025-05-30,TSM,2024-05-31,2025-04-30,146.39724731445312,163.8265380859375,0.11905477111907192,,0.11905477111907192,0.6
2025-05-30,TXN,2024-05-31,2025-04-30,183.3446044921875,154.89027404785156,-0.15519589749120977,,-0.15519589749120977,0.28
2025-05-30,UNH,2024-05-31,2025-04-30,468.6223754882813,395.44879150390625,-0.15614615906492257,,-0.15614615906492257,0.26
2025-05-30,V,2024-05-31,2025-04-30,267.8761291503906,341.5893859863281,0.2751766537381668,,0.2751766537381668,0.82
2025-05-30,WDC,2024-05-31,2025-04-30,56.63100814819336,43.64609909057617,-0.22928973864703184,,-0.22928973864703184,0.2
2025-05-30,WFC,2024-05-31,2025-04-30,56.93034744262695,68.71170806884766,0.20694341692001217,,0.20694341692001217,0.68
2025-05-30,WMT,2024-05-31,2025-04-30,64.39768981933594,95.98125457763672,0.49044561764415273,,0.49044561764415273,0.92
2025-05-30,XOM,2024-05-31,2025-04-30,109.1022491455078,100.7801513671875,-0.07627796716840607,,-0.07627796716840607,0.34
2025-06-30,AAPL,2024-06-28,2025-05-30,208.6312561035156,199.8839569091797,-0.041927079181250826,,-0.041927079181250826,0.36
2025-06-30,ABT,2024-06-28,2025-05-30,99.12157440185548,129.97879028320312,0.3113067570562118,,0.3113067570562118,0.78
2025-06-30,ADBE,2024-06-28,2025-05-30,555.5399780273438,415.0899963378906,-0.25281705591769343,,-0.25281705591769343,0.2
2025-06-30,AMD,2024-06-28,2025-05-30,162.2100067138672,110.7300033569336,-0.317366384478009,,-0.317366384478009,0.1
2025-06-30,AMZN,2024-06-28,2025-05-30,193.25,205.0099945068359,0.06085378787495932,,0.06085378787495932,0.46
2025-06-30,ASML,2024-06-28,2025-05-30,1004.0111694335938,730.0969848632812,-0.27281985789544494,,-0.27281985789544494,0.14
2025-06-30,AVGO,2024-06-28,2025-05-30,157.30282592773438,239.3091583251953,0.5213277759875401,,0.5213277759875401,0.9
2025-06-30,BAC,2024-06-28,2025-05-30,37.798213958740234,42.71821594238281,0.1301649328990293,,0.1301649328990293,0.6
2025-06-30,CAT,2024-06-28,2025-05-30,323.6658020019531,343.66619873046875,0.06179335785494855,,0.06179335785494855,0.48
2025-06-30,COST,2024-06-28,2025-05-30,839.5496215820312,1032.7156982421875,0.2300829774613653,,0.2300829774613653,0.68
2025-06-30,CRM,2024-06-28,2025-05-30,252.6134033203125,262.26483154296875,0.03820631880889658,,0.03820631880889658,0.42
2025-06-30,CRWD,2024-06-28,2025-05-30,95.79750061035156,117.84249877929688,0.23012080720781558,,0.23012080720781558,0.7
2025-06-30,CSCO,2024-06-28,2025-05-30,44.918975830078125,61.3919677734375,0.3667267928297002,,0.3667267928297002,0.84
2025-06-30,CVX,2024-06-28,2025-05-30,142.36720275878906,130.06964111328125,-0.08637917587201183,,-0.08637917587201183,0.3
2025-06-30,GE,2024-06-28,2025-05-30,156.88812255859375,244.3107147216797,0.5572288758215957,,0.5572288758215957,0.92
2025-06-30,GOOGL,2024-06-28,2025-05-30,180.64012145996097,170.9345245361328,-0.053728910528768714,,-0.053728910528768714,0.34
2025-06-30,HD,2024-06-28,2025-05-30,325.0333251953125,353.92779541015625,0.08889694678993632,,0.08889694678993632,0.52
2025-06-30,HON,2024-06-28,2025-05-30,201.7104949951172,218.6136779785156,0.08379922414948004,,0.08379922414948004,0.5
2025-06-30,INTC,2024-06-28,2025-05-30,30.77477645874023,19.549999237060547,-0.3647395209102088,,-0.36473345974986193,0.04
2025-06-30,JNJ,2024-06-28,2025-05-30,137.41983032226562,150.6832733154297,0.09651767843156067,,0.09651767843156067,0.56
2025-06-30,JPM,2024-06-28,2025-05-30,193.0348358154297,257.8022766113281,0.3355220342603127,,0.3355220342603127,0.82
2025-06-30,KO,2024-06-28,2025-05-30,59.78155899047851,69.20634460449219,0.15765372755693408,,0.15765372755693408,0.62
2025-06-30,MA,2024-06-28,2025-05-30,435.27447509765625,581.18701171875,0.33521960273079987,,0.33521960273079987,0.8
2025-06-30,MCD,2024-06-28,2025-05-30,241.3786468505859,302.5367736816406,0.25337007903980746,,0.25337007903980746,0.72
2025-06-30,META,2024-06-28,2025-05-30,500.462890625,644.3700561523438,0.2875481243926521,,0.2875481243926521,0.74
2025-06-30,MRK,2024-06-28,2025-05-30,115.20246887207033,73.18512725830078,-0.3647260516649936,,-0.3647260516649936,0.08
2025-06-30,MSFT,2024-06-28,2025-05-30,439.2076721191406,455.8537902832031,0.03790033558327055,,0.03790033558327055,0.4
2025-06-30,MU,2024-06-28,2025-05-30,130.59371948242188,94.2199478149414,-0.27852619415113933,,-0.27852619415113933,0.12
2025-06-30,NFLX,2024-06-28,2025-05-30,67.48799896240234,120.7229995727539,0.7888069201756722,,0.7717303651611174,0.98
2025-06-30,NKE,2024-06-28,2025-05-30,71.06336975097656,57.96751403808594,-0.18428419252818584,,-0.18428419252818584,0.22
2025-06-30,NVDA,2024-06-28,2025-05-30,123.19886779785156,134.79010009765625,0.09408554239982081,,0.09408554239982081,0.54
2025-06-30,ORCL,2024-06-28,2025-05-30,137.77407836914062,163.31756591796875,0.18540125872146285,,0.18540125872146285,0.66
2025-06-30,PEP,2024-06-28,2025-05-30,151.4546356201172,123.74942779541016,-0.18292743375777565,,-0.18292743375777565,0.24
2025-06-30,PFE,2024-06-28,2025-05-30,24.09195327758789,21.578222274780273,-0.1043390286310274,,-0.1043390286310274,0.26
2025-06-30,PG,2024-06-28,2025-05-30,155.3236083984375,163.91583251953125,0.055318210861113215,,0.055318210861113215,0.44
2025-06-30,PLTR,2024-06-28,2025-05-30,25.329999923706055,131.77999877929688,4.202526615721206,,0.7717303651611174,0.98
2025-06-30,QCOM,2024-06-28,2025-05-30,189.840576171875,140.5885009765625,-0.25943913671396257,,-0.25943913671396257,0.18
2025-06-30,RKLB,2024-06-28,2025-05-30,4.800000190734863,26.790000915527344,4.581249968955915,,0.7717303651611174,0.98
2025-06-30,SMCI,2024-06-28,2025-05-30,81.93499755859375,40.02000045776367,-0.5115640245287811,,-0.36473345974986193,0.04
2025-06-30,STX,2024-06-28,2025-05-30,99.560302734375,116.26309967041016,0.16776563024921587,,0.16776563024921587,0.64
2025-06-30,TMO,2024-06-28,2025-05-30,548.7774658203125,400.6341857910156,-0.2699514634914032,,-0.2699514634914032,0.16
2025-06-30,TSLA,2024-06-28,2025-05-30,197.8800048828125,346.4599914550781,0.7508590201433283,,0.7508590201433283,0.94
2025-06-30,TSM,2024-06-28,2025-05-30,168.9988250732422,189.9990692138672,0.12426266355120363,,0.12426266355120363,0.58
2025-06-30,TXN,2024-06-28,2025-05-30,182.893310546875,176.9552459716797,-0.03246736885805024,,-0.03246736885805024,0.38
2025-06-30,UNH,2024-06-28,2025-05-30,483.80615234375,290.1758117675781,-0.40022298112198296,,-0.36473345974986193,0.04
2025-06-30,V,2024-06-28,2025-05-30,258.05419921875,361.65618896484375,0.4014737603950842,,0.4014737603950842,0.86
2025-06-30,WDC,2024-06-28,2025-05-30,56.99204635620117,51.2985954284668,-0.09989904366918534,,-0.09989904366918534,0.28
2025-06-30,WFC,2024-06-28,2025-05-30,56.426788330078125,72.75666809082031,0.2893994190351181,,0.2893994190351181,0.76
2025-06-30,WMT,2024-06-28,2025-05-30,66.30729675292969,97.66764831542967,0.47295475910220053,,0.47295475910220053,0.88
2025-06-30,XOM,2024-06-28,2025-05-30,107.11113739013672,98.50199127197266,-0.08037582578183722,,-0.08037582578183722,0.32
2025-07-31,AAPL,2024-07-31,2025-06-30,219.9830322265625,204.18316650390625,-0.07182311091331728,,-0.07182311091331728,0.22
2025-07-31,ABT,2024-07-31,2025-06-30,101.59417724609376,132.34326171875,0.30266581516942703,,0.30266581516942703,0.66
2025-07-31,ADBE,2024-07-31,2025-06-30,551.6500244140625,386.8800048828125,-0.298685783085501,,-0.298685783085501,0.08
2025-07-31,AMD,2024-07-31,2025-06-30,144.47999572753906,141.89999389648438,-0.01785715605861493,,-0.01785715605861493,0.3
2025-07-31,AMZN,2024-07-31,2025-06-30,186.97999572753903,219.38999938964844,0.1733340699682986,,0.1733340699682986,0.54
2025-07-31,ASML,2024-07-31,2025-06-30,921.2597045898438,794.1317138671875,-0.1379936516155943,,-0.1379936516155943,0.18
2025-07-31,AVGO,2024-07-31,2025-06-30,157.42723083496094,273.1475830078125,0.7350720174590835,,0.7350720174590835,0.92
2025-07-31,BAC,2024-07-31,2025-06-30,38.31145095825195,46.07609939575195,0.20267174025753154,,0.20267174025753154,0.58
2025-07-31,CAT,2024-07-31,2025-06-30,337.7647705078125,383.3424072265625,0.1349389891972046,,0.1349389891972046,0.5
2025-07-31,COST,2024-07-31,2025-06-30,813.0593872070312,982.8359985351562,0.2088120671127487,,0.2088120671127487,0.6
2025-07-31,CRM,2024-07-31,2025-06-30,254.6795654296875,269.926513671875,0.05986718336221175,,0.05986718336221175,0.42
2025-07-31,CRWD,2024-07-31,2025-06-30,57.9900016784668,127.32749938964844,1.1956802156280757,,1.166657274498451,0.98
2025-07-31,CSCO,2024-07-31,2025-06-30,46.20015335083008,67.56623077392578,0.46246767323147475,,0.46246767323147475,0.84
2025-07-31,CVX,2024-07-31,2025-06-30,146.0533447265625,136.24485778808594,-0.0671568799525939,,-0.0671568799525939,0.24
2025-07-31,GE,2024-07-31,2025-06-30,168.25534057617188,255.716064453125,0.519809496551215,,0.519809496551215,0.86
2025-07-31,GOOGL,2024-07-31,2025-06-30,170.1180877685547,175.61578369140625,0.03231693933881474,,0.03231693933881474,0.38
2025-07-31,HD,2024-07-31,2025-06-30,347.6186828613281,354.5317687988281,0.019886980413701627,,0.019886980413701627,0.36
2025-07-31,HON,2024-07-31,2025-06-30,193.4074249267578,224.6029510498047,0.1612943563819249,,0.1612943563819249,0.52
2025-07-31,INTC,2024-07-31,2025-06-30,30.546226501464844,22.399999618530273,-0.26668521175746274,,-0.26668521175746274,0.12
2025-07-31,JNJ,2024-07-31,2025-06-30,148.41078186035156,148.2950439453125,-0.0007798484287210306,,-0.0007798484287210306,0.32
2025-07-31,JPM,2024-07-31,2025-06-30,204.2194976806641,283.10400390625,0.38627313807683916,,0.38627313807683916,0.78
2025-07-31,KO,2024-07-31,2025-06-30,62.68375778198242,68.39337921142578,0.0910861382832493,,0.0910861382832493,0.44
2025-07-31,MA,2024-07-31,2025-06-30,458.2013244628906,557.705322265625,0.21716217847989472,,0.21716217847989472,0.62
2025-07-31,MCD,2024-07-31,2025-06-30,251.3808135986328,283.2356262207031,0.12671934729645407,,0.12671934729645407,0.48
2025-07-31,META,2024-07-31,2025-06-30,471.2918395996094,735.0987548828125,0.5597527754932548,,0.5597527754932548,0.88
2025-07-31,MRK,2024-07-31,2025-06-30,105.27347564697266,76.14965057373047,-0.27664922141363435,,-0.27664922141363435,0.1
2025-07-31,MSFT,2024-07-31,2025-06-30,411.1031494140625,492.5411682128906,0.19809631455001053,,0.19809631455001053,0.56
2025-07-31,MU,2024-07-31,2025-06-30,109.13363647460938,122.9367904663086,0.12647937370721274,,0.12647937370721274,0.46
2025-07-31,NFLX,2024-07-31,2025-06-30,62.834999084472656,133.91299438476562,1.1311847908955768,,1.1311847908955768,0.94
2025-07-31,NKE,2024-07-31,2025-06-30,70.58251953125,68.4168930053711,-0.030682193555304993,,-0.030682193555304993,0.28
2025-07-31,NVDA,2024-07-31,2025-06-30,116.69685363769533,157.603515625,0.35053783124527227,,0.35053783124527227,0.7
2025-07-31,ORCL,2024-07-31,2025-06-30,136.45071411132812,215.70785522460935,0.580848122558131,,0.580848122558131,0.9
2025-07-31,PEP,2024-07-31,2025-06-30,158.56222534179688,125.66881561279295,-0.20744795715435282,,-0.20744795715435282,0.14
2025-07-31,PFE,2024-07-31,2025-06-30,26.66733741760254,22.267179489135746,-0.16500177200151755,,-0.16500177200151755,0.16
2025-07-31,PG,2024-07-31,2025-06-30,152.3162384033203,153.71754455566406,0.009199978722119084,,0.009199978722119084,0.34
2025-07-31,PLTR,2024-07-31,2025-06-30,26.88999938964844,136.32000732421875,4.06954296833106,,1.166657274498451,0.98
2025-07-31,QCOM,2024-07-31,2025-06-30,172.4653778076172,155.12828063964844,-0.10052508734424392,,-0.10052508734424392,0.2
2025-07-31,RKLB,2024-07-31,2025-06-30,5.239999771118164,35.77000045776367,5.826336263394666,,1.166657274498451,0.98
2025-07-31,SMCI,2024-07-31,2025-06-30,70.16500091552734,49.0099983215332,-0.30150363169613514,,-0.3002355998213498,0.04
2025-07-31,STX,2024-07-31,2025-06-30,98.49983215332033,143.03341674804688,0.4521183805207669,,0.4521183805207669,0.82
2025-07-31,TMO,2024-07-31,2025-06-30,608.6567993164062,403.67779541015625,-0.33677271680274623,,-0.3002355998213498,0.04
2025-07-31,TSLA,2024-07-31,2025-06-30,232.07000732421875,317.6600036621094,0.3688111071514517,,0.3688111071514517,0.72
2025-07-31,TSM,2024-07-31,2025-06-30,161.21055603027344,223.4131774902344,0.38584707473051605,,0.38584707473051605,0.76
2025-07-31,TXN,2024-07-31,2025-06-30,192.86561584472656,200.9266815185547,0.04179628203047847,,0.04179628203047847,0.4
2025-07-31,UNH,2024-07-31,2025-06-30,547.3623657226562,301.9733581542969,-0.44831180025390316,,-0.3002355998213498,0.04
2025-07-31,V,2024-07-31,2025-06-30,261.20037841796875,351.61431884765625,0.34614781562455677,,0.34614781562455677,0.68
2025-07-31,WDC,2024-07-31,2025-06-30,50.43310546875,63.79657745361328,0.2649742041592844,,0.2649742041592844,0.64
2025-07-31,WFC,2024-07-31,2025-06-30,56.37928771972656,77.95220184326172,0.38263899733495577,,0.38263899733495577,0.74
2025-07-31,WMT,2024-07-31,2025-06-30,67.21803283691406,96.7376708984375,0.4391624808947423,,0.4391624808947423,0.8
2025-07-31,XOM,2024-07-31,2025-06-30,110.3397216796875,103.79779815673828,-0.059288925360353906,,-0.059288925360353906,0.26
2025-08-29,AAPL,2024-08-30,2025-07-31,227.1002655029297,206.57162475585935,-0.0903946135932876,,-0.0903946135932876,0.24
2025-08-29,ABT,2024-08-30,2025-07-31,108.6234893798828,123.33917236328124,0.13547422447399127,,0.13547422447399127,0.46
2025-08-29,ADBE,2024-08-30,2025-07-31,574.4099731445312,357.69000244140625,-0.3772914483303976,,-0.28173460337878825,0.04
2025-08-29,AMD,2024-08-30,2025-07-31,148.55999755859375,176.30999755859375,0.18679321793240522,,0.18679321793240522,0.54
2025-08-29,AMZN,2024-08-30,2025-07-31,178.5,234.11000061035156,0.311540619665835,,0.311540619665835,0.66
2025-08-29,ASML,2024-08-30,2025-07-31,888.9708862304688,690.1641235351562,-0.22363697818982475,,-0.22363697818982475,0.1
2025-08-29,AVGO,2024-08-30,2025-07-31,159.52391052246094,291.0337829589844,0.8243897231820108,,0.8201136287772893,0.98
2025-08-29,BAC,2024-08-30,2025-07-31,38.7296257019043,46.02740859985352,0.1884289549844631,,0.1884289549844631,0.56
2025-08-29,CAT,2024-08-30,2025-07-31,347.4235534667969,434.1123046875,0.24951892396376607,,0.24951892396376607,0.58
2025-08-29,COST,2024-08-30,2025-07-31,882.6738891601562,932.8970336914062,0.05689886734843386,,0.05689886734843386,0.38
2025-08-29,CRM,2024-08-30,2025-07-31,248.87347412109375,255.7120056152344,0.027477944438599522,,0.027477944438599522,0.36
2025-08-29,CRWD,2024-08-30,2025-07-31,69.31999969482422,113.64250183105467,0.6393898201292085,,0.6393898201292085,0.9
2025-08-29,CSCO,2024-08-30,2025-07-31,48.1931037902832,66.69890594482422,0.38399274375584413,,0.38399274375584413,0.72
2025-08-29,CVX,2024-08-30,2025-07-31,136.16522216796875,144.28500366210938,0.05963183083654311,,0.05963183083654311,0.4
2025-08-29,GE,2024-08-30,2025-07-31,172.6248321533203,269.71026611328125,0.5624071157603356,,0.5624071157603356,0.84
2025-08-29,GOOGL,2024-08-30,2025-07-31,162.02574157714844,191.2311859130859,0.18025187881662208,,0.18025187881662208,0.52
2025-08-29,HD,2024-08-30,2025-07-31,350.05303955078125,355.3730163574219,0.015197630660392702,,0.015197630660392702,0.32
2025-08-29,HON,2024-08-30,2025-07-31,197.46701049804688,214.4472198486328,0.08599010694373121,,0.08599010694373121,0.44
2025-08-29,INTC,2024-08-30,2025-07-31,22.040000915527344,19.799999237060547,-0.10163346576309351,,-0.10163346576309351,0.2
2025-08-29,JNJ,2024-08-30,2025-07-31,157.12539672851562,159.93536376953125,0.017883595520021167,,0.017883595520021167,0.34
2025-08-29,JPM,2024-08-30,2025-07-31,215.7356414794922,290.6790771484375,0.3473855092046505,,0.3473855092046505,0.7
2025-08-29,KO,2024-08-30,2025-07-31,68.06552124023438,65.6286392211914,-0.03580200334383832,,-0.03580200334383832,0.28
2025-08-29,MA,2024-08-30,2025-07-31,477.5981140136719,562.9617919921875,0.17873537493925684,,0.17873537493925684,0.5
2025-08-29,MCD,2024-08-30,2025-07-31,273.4122009277344,290.8940124511719,0.06393939796438763,,0.06393939796438763,0.42
2025-08-29,META,2024-08-30,2025-07-31,517.425537109375,770.3053588867188,0.4887269831907992,,0.4887269831907992,0.8
2025-08-29,MRK,2024-08-30,2025-07-31,110.22400665283205,75.1491928100586,-0.31821392551304295,,-0.28173460337878825,0.04
2025-08-29,MSFT,2024-08-30,2025-07-31,410.6529541015625,528.2778930664062,0.28643392867387685,,0.28643392867387685,0.64
2025-08-29,MU,2024-08-30,2025-07-31,95.63851165771484,108.96510314941406,0.13934335928809083,,0.13934335928809083,0.48
2025-08-29,NFLX,2024-08-30,2025-07-31,70.13500213623047,115.94000244140624,0.6530975819492237,,0.6530975819492237,0.92
2025-08-29,NKE,2024-08-30,2025-07-31,78.55911254882812,71.93212127685547,-0.08435674814750072,,-0.08435674814750072,0.26
2025-08-29,NVDA,2024-08-30,2025-07-31,119.0403823852539,177.4348602294922,0.4905434330280838,,0.4905434330280838,0.82
2025-08-29,ORCL,2024-08-30,2025-07-31,138.25112915039062,250.91021728515625,0.8148872911715188,,0.8148872911715188,0.94
2025-08-29,PEP,2024-08-30,2025-07-31,158.75509643554688,131.26507568359375,-0.17315992600662,,-0.17315992600662,0.12
2025-08-29,PFE,2024-08-30,2025-07-31,25.331348419189453,21.7636661529541,-0.14084059826569273,,-0.14084059826569273,0.16
2025-08-29,PG,2024-08-30,2025-07-31,162.53005981445312,146.17156982421875,-0.10064901230522827,,-0.10064901230522827,0.22
2025-08-29,PLTR,2024-08-30,2025-07-31,31.479999542236328,158.35000610351562,4.030178157755668,,0.8201136287772893,0.98
2025-08-29,QCOM,2024-08-30,2025-07-31,167.08030700683594,142.95257568359375,-0.14440799011851846,,-0.14440799011851846,0.14
2025-08-29,RKLB,2024-08-30,2025-07-31,6.269999980926514,45.91999816894531,6.323763685587722,,0.8201136287772893,0.98
2025-08-29,SMCI,2024-08-30,2025-07-31,43.77000045776367,58.970001220703125,0.3472698333098456,,0.3472698333098456,0.68
2025-08-29,STX,2024-08-30,2025-07-31,95.97396087646484,155.59947204589844,0.6212675878427272,,0.6212675878427272,0.88
2025-08-29,TMO,2024-08-30,2025-07-31,610.3736572265625,465.6242980957031,-0.2371487652146992,,-0.2371487652146992,0.08
2025-08-29,TSLA,2024-08-30,2025-07-31,214.11000061035156,308.2699890136719,0.4397738925547785,,0.4397738925547785,0.78
2025-08-29,TSM,2024-08-30,2025-07-31,166.94723510742188,238.337646484375,0.4276226038186084,,0.4276226038186084,0.76
2025-08-29,TXN,2024-08-30,2025-07-31,202.8301696777344,176.48944091796875,-0.129865930702602,,-0.129865930702602,0.18
2025-08-29,UNH,2024-08-30,2025-07-31,560.70068359375,241.5631866455078,-0.569176222334464,,-0.28173460337878825,0.04
2025-08-29,V,2024-08-30,2025-07-31,272.2652282714844,342.1269836425781,0.25659448257356,,0.25659448257356,0.6
2025-08-29,WDC,2024-08-30,2025-07-31,49.33494186401367,78.4521484375,0.5901944032638105,,0.5901944032638105,0.86
2025-08-29,WFC,2024-08-30,2025-07-31,55.977088928222656,78.44839477539062,0.4014375573546185,,0.4014375573546185,0.74
2025-08-29,WMT,2024-08-30,2025-07-31,75.84564971923828,96.93553924560548,0.2780632719798264,,0.2780632719798264,0.62
2025-08-29,XOM,2024-08-30,2025-07-31,110.618408203125,107.49522399902344,-0.028233855963345267,,-0.028233855963345267,0.3
2025-09-30,AAPL,2024-09-30,2025-08-29,231.06707763671875,231.28562927246097,0.000945836325873417,,0.000945836325873417,0.3
2025-09-30,ABT,2024-09-30,2025-08-29,109.3331298828125,129.66299438476562,0.18594422865003013,,0.18594422865003013,0.54
2025-09-30,ADBE,2024-09-30,2025-08-29,517.780029296875,356.70001220703125,-0.3110973926680488,,-0.2222409709029255,0.04
2025-09-30,AMD,2024-09-30,2025-08-29,164.0800018310547,162.6300048828125,-0.008837133910658879,,-0.008837133910658879,0.26
2025-09-30,AMZN,2024-09-30,2025-08-29,186.3300018310547,229.0,0.22900229565625274,,0.22900229565625274,0.62
2025-09-30,ASML,2024-09-30,2025-08-29,819.5148315429688,737.7606811523438,-0.09975920781897218,,-0.09975920781897218,0.14
2025-09-30,AVGO,2024-09-30,2025-08-29,169.56382751464844,294.69024658203125,0.7379310841315685,,0.7224424835646726,0.98
2025-09-30,BAC,2024-09-30,2025-08-29,37.95854568481445,49.40619659423828,0.30158296907574966,,0.30158296907574966,0.72
2025-09-30,CAT,2024-09-30,2025-08-29,381.59027099609375,415.3016357421875,0.0883444031685987,,0.0883444031685987,0.46
2025-09-30,COST,2024-09-30,2025-08-29,876.8776245117188,937.8480224609376,0.069531250706927,,0.069531250706927,0.42
2025-09-30,CRM,2024-09-30,2025-08-29,269.7750244140625,253.6531219482422,-0.05976054492381666,,-0.05976054492381666,0.2
2025-09-30,CRWD,2024-09-30,2025-08-29,70.11750030517578,105.9250030517578,0.5106785408882988,,0.5106785408882988,0.88
2025-09-30,CSCO,2024-09-30,2025-08-29,50.7486457824707,67.68840789794922,0.33379732314610355,,0.33379732314610355,0.74
2025-09-30,CVX,2024-09-30,2025-08-29,135.53939819335938,154.51150512695312,0.13997485001761856,,0.13997485001761856,0.5
2025-09-30,GE,2024-09-30,2025-08-29,186.7014617919922,273.80950927734375,0.4665632858429376,,0.4665632858429376,0.84
2025-09-30,GOOGL,2024-09-30,2025-08-29,164.69349670410156,212.16796875,0.28825954270188325,,0.28825954270188325,0.66
2025-09-30,HD,2024-09-30,2025-08-29,384.9158630371094,393.33648681640625,0.021876530919914483,,0.021876530919914483,0.36
2025-09-30,HON,2024-09-30,2025-08-29,196.3272247314453,212.8005523681641,0.08390750523394064,,0.08390750523394064,0.44
2025-09-30,INTC,2024-09-30,2025-08-29,23.459999084472656,24.350000381469727,0.03793697066195234,,0.03793697066195234,0.38
2025-09-30,JNJ,2024-09-30,2025-08-29,153.5255126953125,173.26531982421875,0.12857672176012835,,0.12857672176012835,0.48
2025-09-30,JPM,2024-09-30,2025-08-29,202.35772705078125,295.7618408203125,0.4615791802508815,,0.4615791802508815,0.82
2025-09-30,KO,2024-09-30,2025-08-29,67.95527648925781,66.6919937133789,-0.018589914442899813,,-0.018589914442899813,0.24
2025-09-30,MA,2024-09-30,2025-08-29,487.9338684082031,591.6033935546875,0.21246634402462705,,0.21246634402462705,0.58
2025-09-30,MCD,2024-09-30,2025-08-29,290.1033020019531,303.9521484375,0.04773763807574194,,0.04773763807574194,0.4
2025-09-30,META,2024-09-30,2025-08-29,568.716552734375,735.7061767578125,0.29362539778481134,,0.29362539778481134,0.7
2025-09-30,MRK,2024-09-30,2025-08-29,106.38059997558594,80.92102813720703,-0.23932532664998896,,-0.2222409709029255,0.04
2025-09-30,MSFT,2024-09-30,2025-08-29,423.6082458496094,502.5551452636719,0.18636771164763988,,0.18636771164763988,0.56
2025-09-30,MU,2024-09-30,2025-08-29,103.06182861328124,118.8192901611328,0.15289328512671996,,0.15289328512671996,0.52
2025-09-30,NFLX,2024-09-30,2025-08-29,70.927001953125,120.8249969482422,0.7035119717606888,,0.7035119717606888,0.94
2025-09-30,NKE,2024-09-30,2025-08-29,83.72061920166016,74.51315307617188,-0.10997847619007695,,-0.10997847619007695,0.1
2025-09-30,NVDA,2024-09-30,2025-08-29,121.11502075195312,173.75387573242188,0.43461871742791147,,0.43461871742791147,0.8
2025-09-30,ORCL,2024-09-30,2025-08-29,166.73504638671875,223.58169555664065,0.34094001472296354,,0.34094001472296354,0.76
2025-09-30,PEP,2024-09-30,2025-08-29,157.34542846679688,141.47732543945312,-0.1008488341985242,,-0.1008488341985242,0.12
2025-09-30,PFE,2024-09-30,2025-08-29,25.270227432250977,23.1373291015625,-0.08440360643396416,,-0.08440360643396416,0.16
2025-09-30,PG,2024-09-30,2025-08-29,164.10287475585938,152.5538787841797,-0.07037656097653056,,-0.07037656097653056,0.18
2025-09-30,PLTR,2024-09-30,2025-08-29,37.20000076293945,156.7100067138672,3.2126345026850034,,0.7224424835646726,0.98
2025-09-30,QCOM,2024-09-30,2025-08-29,162.9140625,156.5601348876953,-0.03900171363233107,,-0.03900171363233107,0.22
2025-09-30,RKLB,2024-09-30,2025-08-29,9.729999542236328,48.599998474121094,3.994861332023346,,0.7224424835646726,0.98
2025-09-30,SMCI,2024-09-30,2025-08-29,41.63999938964844,41.540000915527344,-0.0024015003743240726,,-0.0024015003743240726,0.28
2025-09-30,STX,2024-09-30,2025-08-29,106.30591583251952,165.89614868164062,0.5605542493326807,,0.5605542493326807,0.92
2025-09-30,TMO,2024-09-30,2025-08-29,614.237060546875,490.5542297363281,-0.20136009165651458,,-0.20136009165651458,0.08
2025-09-30,TSLA,2024-09-30,2025-08-29,261.6300048828125,333.8699951171875,0.2761150819330995,,0.2761150819330995,0.64
2025-09-30,TSM,2024-09-30,2025-08-29,169.4859619140625,227.7336883544922,0.3436728669597078,,0.3436728669597078,0.78
2025-09-30,TXN,2024-09-30,2025-08-29,195.4774169921875,197.3687286376953,0.0096753460047172,,0.0096753460047172,0.32
2025-09-30,UNH,2024-09-30,2025-08-29,557.4261474609375,299.9406433105469,-0.4619185973303025,,-0.2222409709029255,0.04
2025-09-30,V,2024-09-30,2025-08-29,270.86627197265625,348.98895263671875,0.28841789749278535,,0.28841789749278535,0.68
2025-09-30,WDC,2024-09-30,2025-08-29,51.36580276489258,80.09713745117188,0.5593475257806453,,0.5593475257806453,0.9
2025-09-30,WFC,2024-09-30,2025-08-29,54.081504821777344,80.42617797851562,0.4871290701609676,,0.4871290701609676,0.86
2025-09-30,WMT,2024-09-30,2025-08-29,79.30256652832031,96.1702880859375,0.21270082793087708,,0.21270082793087708,0.6
2025-09-30,XOM,2024-09-30,2025-08-29,109.94310760498048,111.07086181640624,0.010257616288942062,,0.010257616288942062,0.34
2025-10-31,AAPL,2024-10-31,2025-09-30,224.0358734130859,253.69287109375,0.13237611115065206,,0.13237611115065206,0.4
2025-10-31,ABT,2024-10-31,2025-09-30,109.23177337646484,130.91409301757812,0.1984982846189418,,0.1984982846189418,0.5
2025-10-31,ADBE,2024-10-31,2025-09-30,478.0799865722656,352.75,-0.2621527570540144,,-0.167130479906083,0.04
2025-10-31,AMD,2024-10-31,2025-09-30,144.07000732421875,161.7899932861328,0.1229956622549242,,0.1229956622549242,0.38
2025-10-31,AMZN,2024-10-31,2025-09-30,186.3999938964844,219.57000732421875,0.17795072164087644,,0.17795072164087644,0.44
2025-10-31,ASML,2024-10-31,2025-09-30,662.9991455078125,961.7553100585938,0.45061319697773405,,0.45061319697773405,0.72
2025-10-31,AVGO,2024-10-31,2025-09-30,166.8803253173828,327.4751281738281,0.9623351497608641,,0.9623351497608641,0.92
2025-10-31,BAC,2024-10-31,2025-09-30,40.00571060180664,50.51326370239258,0.2626513300856459,,0.2626513300856459,0.52
2025-10-31,CAT,2024-10-31,2025-09-30,368.3525390625,472.8932189941406,0.2838060522066952,,0.2838060522066952,0.58
2025-10-31,COST,2024-10-31,2025-09-30,864.6717529296875,920.2606811523438,0.0642890530820619,,0.0642890530820619,0.32
2025-10-31,CRM,2024-10-31,2025-09-30,287.1811218261719,235.0067138671875,-0.18167770787720883,,-0.167130479906083,0.04
2025-10-31,CRWD,2024-10-31,2025-09-30,74.21749877929688,122.59500122070312,0.6518341797703004,,0.6518341797703004,0.82
2025-10-31,CSCO,2024-10-31,2025-09-30,52.62581634521485,67.03201293945312,0.2737477077740038,,0.2737477077740038,0.56
2025-10-31,CVX,2024-10-31,2025-09-30,136.96591186523438,149.40280151367188,0.09080280983106648,,0.09080280983106648,0.36
2025-10-31,GE,2024-10-31,2025-09-30,170.06883239746094,299.665771484375,0.7620263940193246,,0.7620263940193246,0.88
2025-10-31,GOOGL,2024-10-31,2025-09-30,169.91680908203125,242.4694366455078,0.42698911282196983,,0.42698911282196983,0.68
2025-10-31,HD,2024-10-31,2025-09-30,374.0390625,394.0315246582031,0.0534501985556739,,0.0534501985556739,0.3
2025-10-31,HON,2024-10-31,2025-09-30,195.3489990234375,204.0752410888672,0.04467001166656992,,0.04467001166656992,0.24
2025-10-31,INTC,2024-10-31,2025-09-30,21.520000457763672,33.54999923706055,0.5590148012732439,,0.5590148012732439,0.76
2025-10-31,JNJ,2024-10-31,2025-09-30,151.44139099121094,181.33351135253903,0.19738408479794622,,0.19738408479794622,0.48
2025-10-31,JPM,2024-10-31,2025-09-30,214.27684020996097,309.50885009765625,0.44443445121918645,,0.44443445121918645,0.7
2025-10-31,KO,2024-10-31,2025-09-30,61.76119613647461,64.60261535644531,0.04600654452501174,,0.04600654452501174,0.28
2025-10-31,MA,2024-10-31,2025-09-30,494.3114318847656,565.2874145507812,0.14358555778366378,,0.14358555778366378,0.42
2025-10-31,MCD,2024-10-31,2025-09-30,278.2898864746094,296.26971435546875,0.0646082691276666,,0.0646082691276666,0.34
2025-10-31,META,2024-10-31,2025-09-30,563.88818359375,731.8973999023438,0.2979477513393596,,0.2979477513393596,0.62
2025-10-31,MRK,2024-10-31,2025-09-30,95.85121154785156,81.53578186035156,-0.14935053460804038,,-0.14935053460804038,0.08
2025-10-31,MSFT,2024-10-31,2025-09-30,400.0307312011719,513.7232666015625,0.2842095032524281,,0.2842095032524281,0.6
2025-10-31,MU,2024-10-31,2025-09-30,99.1386947631836,167.05189514160156,0.6850322221877627,,0.6850322221877627,0.84
2025-10-31,NFLX,2024-10-31,2025-09-30,75.60299682617188,119.89199829101562,0.5858101308692039,,0.5858101308692039,0.78
2025-10-31,NKE,2024-10-31,2025-09-30,73.04718780517578,67.50425720214844,-0.07588150577145969,,-0.07588150577145969,0.14
2025-10-31,NVDA,2024-10-31,2025-09-30,132.4047088623047,186.1340484619141,0.4057962897338163,,0.4057962897338163,0.66
2025-10-31,ORCL,2024-10-31,2025-09-30,164.59938049316406,278.0706481933594,0.6893784615726901,,0.6893784615726901,0.86
2025-10-31,PEP,2024-10-31,2025-09-30,153.67201232910156,134.97103881835938,-0.12169407576112479,,-0.12169407576112479,0.1
2025-10-31,PFE,2024-10-31,2025-09-30,24.711381912231445,23.810142517089844,-0.03647061901849824,,-0.03647061901849824,0.2
2025-10-31,PG,2024-10-31,2025-09-30,157.4242706298828,149.2607421875,-0.05185686050644589,,-0.05185686050644589,0.18
2025-10-31,PLTR,2024-10-31,2025-09-30,41.560001373291016,182.4199981689453,3.3893164615287885,,1.4257607259287832,0.98
2025-10-31,QCOM,2024-10-31,2025-09-30,155.9395294189453,162.96624755859375,0.04506053189868586,,0.04506053189868586,0.26
2025-10-31,RKLB,2024-10-31,2025-09-30,10.699999809265137,47.90999984741211,3.4775701590131627,,1.4257607259287832,0.98
2025-10-31,SMCI,2024-10-31,2025-09-30,29.11000061035156,47.939998626708984,0.6468566685519563,,0.6468566685519563,0.8
2025-10-31,STX,2024-10-31,2025-09-30,97.4155502319336,234.67674255371097,1.4090275320005539,,1.4090275320005539,0.94
2025-10-31,TMO,2024-10-31,2025-09-30,542.4931030273438,483.321533203125,-0.1090734047935652,,-0.1090734047935652,0.12
2025-10-31,TSLA,2024-10-31,2025-09-30,249.8500061035156,444.7200012207031,0.7799479301851637,,0.7799479301851637,0.9
2025-10-31,TSM,2024-10-31,2025-09-30,185.94952392578125,276.36505126953125,0.48623693911600396,,0.48623693911600396,0.74
2025-10-31,TXN,2024-10-31,2025-09-30,193.5162811279297,179.092041015625,-0.07453760494068773,,-0.07453760494068773,0.16
2025-10-31,UNH,2024-10-31,2025-09-30,538.1868286132812,336.343994140625,-0.3750423156819621,,-0.167130479906083,0.04
2025-10-31,V,2024-10-31,2025-09-30,285.5450439453125,338.6714782714844,0.18605272776629467,,0.18605272776629467,0.46
2025-10-31,WDC,2024-10-31,2025-09-30,49.12432861328125,119.83641815185548,1.4394515209609708,,1.4257607259287832,0.98
2025-10-31,WFC,2024-10-31,2025-09-30,62.15208053588867,82.03117370605469,0.31984598099957684,,0.31984598099957684,0.64
2025-10-31,WMT,2024-10-31,2025-09-30,80.48104858398438,102.19952392578124,0.26985825512863415,,0.26985825512863415,0.54
2025-10-31,XOM,2024-10-31,2025-09-30,109.53042602539062,109.57424926757812,0.0004001010840344321,,0.0004001010840344321,0.22
2025-11-28,AAPL,2024-11-29,2025-10-31,235.6201171875,269.37493896484375,0.1432595067868614,,0.1432595067868614,0.46
2025-11-28,ABT,2024-11-29,2025-10-31,114.43465423583984,121.3645248413086,0.06055744784431205,,0.06055744784431205,0.34
2025-11-28,ADBE,2024-11-29,2025-10-31,515.9299926757812,340.30999755859375,-0.3403950101957921,,-0.19018506860026152,0.04
2025-11-28,AMD,2024-11-29,2025-10-31,137.17999267578125,256.1199951171875,0.8670360751696176,,0.8670360751696176,0.88
2025-11-28,AMZN,2024-11-29,2025-10-31,207.88999938964844,244.22000122070312,0.17475588983461066,,0.17475588983461066,0.54
2025-11-28,ASML,2024-11-29,2025-10-31,676.8594970703125,1054.165771484375,0.5574366261346375,,0.5574366261346375,0.74
2025-11-28,AVGO,2024-11-29,2025-10-31,159.32119750976562,366.9020080566406,1.302907671994816,,1.302907671994816,0.92
2025-11-28,BAC,2024-11-29,2025-10-31,45.4488525390625,52.334442138671875,0.15150194592242627,,0.15150194592242627,0.48
2025-11-28,CAT,2024-11-29,2025-10-31,397.6385192871094,573.7537841796875,0.4429029290429898,,0.4429029290429898,0.7
2025-11-28,COST,2024-11-29,2025-10-31,962.58642578125,907.4449462890624,-0.05728470505641503,,-0.05728470505641503,0.22
2025-11-28,CRM,2024-11-29,2025-10-31,325.2459411621094,258.2198181152344,-0.20607827666469725,,-0.19018506860026152,0.04
2025-11-28,CRWD,2024-11-29,2025-10-31,86.49250030517578,135.75250244140625,0.5695291726152436,,0.5695291726152436,0.76
2025-11-28,CSCO,2024-11-29,2025-10-31,56.891990661621094,72.05937194824219,0.2665995882765426,,0.2665995882765426,0.62
2025-11-28,CVX,2024-11-29,2025-10-31,150.55191040039062,151.74070739746094,0.0078962597944372,,0.0078962597944372,0.28
2025-11-28,GE,2024-11-29,2025-10-31,180.34542846679688,307.7645568847656,0.7065281859441628,,0.7065281859441628,0.86
2025-11-28,GOOGL,2024-11-29,2025-10-31,167.77186584472656,280.46063232421875,0.6716785672741223,,0.6716785672741223,0.84
2025-11-28,HD,2024-11-29,2025-10-31,409.7946472167969,369.1365356445313,-0.09921581906548405,,-0.09921581906548405,0.16
2025-11-28,HON,2024-11-29,2025-10-31,222.31935119628903,207.0914306640625,-0.06849570426634422,,-0.06849570426634422,0.2
2025-11-28,INTC,2024-11-29,2025-10-31,24.049999237060547,39.9900016784668,0.6627859853252318,,0.6627859853252318,0.82
2025-11-28,JNJ,2024-11-29,2025-10-31,148.0250701904297,184.7074737548828,0.24781210045880964,,0.24781210045880964,0.58
2025-11-28,JPM,2024-11-29,2025-10-31,241.11941528320312,306.7639465332031,0.2722490479370905,,0.2722490479370905,0.64
2025-11-28,KO,2024-11-29,2025-10-31,61.057647705078125,67.11580657958984,0.09922031231491202,,0.09922031231491202,0.4
2025-11-28,MA,2024-11-29,2025-10-31,527.30908203125,549.2957763671875,0.041696028164814436,,0.041696028164814436,0.32
2025-11-28,MCD,2024-11-29,2025-10-31,282.0054626464844,290.9466247558594,0.03170563444220731,,0.03170563444220731,0.3
2025-11-28,META,2024-11-29,2025-10-31,570.5842895507812,646.1581420898438,0.1324499358343032,,0.1324499358343032,0.44
2025-11-28,MRK,2024-11-29,2025-10-31,95.2142105102539,83.52731323242188,-0.12274320414150186,,-0.12274320414150186,0.14
2025-11-28,MSFT,2024-11-29,2025-10-31,417.7090759277344,513.5844116210938,0.22952658014533123,,0.22952658014533123,0.56
2025-11-28,MU,2024-11-29,2025-10-31,97.44743347167967,223.55133056640625,1.2940709939926238,,1.2940709939926238,0.9
2025-11-28,NFLX,2024-11-29,2025-10-31,88.68099975585938,111.88600158691406,0.26166824793291155,,0.26166824793291155,0.6
2025-11-28,NKE,2024-11-29,2025-10-31,74.6003646850586,62.5283203125,-0.16182286002921453,,-0.16182286002921453,0.1
2025-11-28,NVDA,2024-11-29,2025-10-31,137.8800506591797,202.00604248046875,0.46508535146828156,,0.46508535146828156,0.72
2025-11-28,ORCL,2024-11-29,2025-10-31,181.2711639404297,260.10113525390625,0.43487320100941207,,0.43487320100941207,0.68
2025-11-28,PEP,2024-11-29,2025-10-31,151.23851013183594,140.40101623535156,-0.07165829580731276,,-0.07165829580731276,0.18
2025-11-28,PFE,2024-11-29,2025-10-31,23.24188995361328,23.03453826904297,-0.008921464002460633,,-0.008921464002460633,0.24
2025-11-28,PG,2024-11-29,2025-10-31,170.84317016601562,147.09591674804688,-0.1390003088498798,,-0.1390003088498798,0.12
2025-11-28,PLTR,2024-11-29,2025-10-31,67.08000183105469,200.47000122070312,1.988521105375038,,1.4614975641055288,0.98
2025-11-28,QCOM,2024-11-29,2025-10-31,151.87747192382812,177.20962524414062,0.16679335650923566,,0.16679335650923566,0.52
2025-11-28,RKLB,2024-11-29,2025-10-31,27.280000686645508,62.97999954223633,1.3086509515033549,,1.3086509515033549,0.94
2025-11-28,SMCI,2024-11-29,2025-10-31,32.63999938964844,51.959999084472656,0.5919117664245861,,0.5919117664245861,0.78
2025-11-28,STX,2024-11-29,2025-10-31,98.34729766845705,254.38058471679688,1.586553883507309,,1.4614975641055288,0.98
2025-11-28,TMO,2024-11-29,2025-10-31,525.9200439453125,565.4031372070312,0.07507432682262327,,0.07507432682262327,0.36
2025-11-28,TSLA,2024-11-29,2025-10-31,345.1600036621094,456.55999755859375,0.3227488489817556,,0.3227488489817556,0.66
2025-11-28,TSM,2024-11-29,2025-10-31,180.2111968994141,297.2836608886719,0.6496403442378913,,0.6496403442378913,0.8
2025-11-28,TXN,2024-11-29,2025-10-31,191.4873962402344,158.78900146484375,-0.17076003652150673,,-0.17076003652150673,0.08
2025-11-28,UNH,2024-11-29,2025-10-31,581.7565307617188,332.70098876953125,-0.4281095764685072,,-0.19018506860026152,0.04
2025-11-28,V,2024-11-29,2025-10-31,310.9904479980469,338.03656005859375,0.08696766165858816,,0.08696766165858816,0.38
2025-11-28,WDC,2024-11-29,2025-10-31,54.90100860595703,149.93028259277344,1.7309203673993205,,1.4614975641055288,0.98
2025-11-28,WFC,2024-11-29,2025-10-31,73.34261322021484,85.11394500732422,0.16049785070741018,,0.16049785070741018,0.5
2025-11-28,WMT,2024-11-29,2025-10-31,90.8419418334961,100.33522033691406,0.10450325380338277,,0.10450325380338277,0.42
2025-11-28,XOM,2024-11-29,2025-10-31,111.5462875366211,111.1388931274414,-0.003652245342956273,,-0.003652245342956273,0.26
2025-12-31,AAPL,2024-12-31,2025-11-28,248.6157989501953,278.0930480957031,0.11856547037629306,,0.11856547037629306,0.46
2025-12-31,ABT,2024-12-31,2025-11-28,108.98126220703124,126.54817199707033,0.1611920199333654,,0.1611920199333654,0.5
2025-12-31,ADBE,2024-12-31,2025-11-28,444.6799926757813,320.1300048828125,-0.28008902996402385,,-0.2131691726119032,0.04
2025-12-31,AMD,2024-12-31,2025-11-28,120.79000091552734,217.52999877929688,0.8008940899952735,,0.8008940899952735,0.9
2025-12-31,AMZN,2024-12-31,2025-11-28,219.38999938964844,233.22000122070312,0.06303843324458858,,0.06303843324458858,0.26
2025-12-31,ASML,2024-12-31,2025-11-28,683.2376098632812,1054.93212890625,0.5440194065390318,,0.5440194065390318,0.78
2025-12-31,AVGO,2024-12-31,2025-11-28,228.50440979003903,399.9859619140625,0.7504518283983626,,0.7504518283983626,0.86
2025-12-31,BAC,2024-12-31,2025-11-28,42.27717590332031,52.530269622802734,0.24252078102211128,,0.24252078102211128,0.62
2025-12-31,CAT,2024-12-31,2025-11-28,355.1928405761719,572.262939453125,0.611133091885623,,0.611133091885623,0.8
2025-12-31,COST,2024-12-31,2025-11-28,907.50830078125,909.5755615234376,0.0022779524335017065,,0.0022779524335017065,0.18
2025-12-31,CRM,2024-12-31,2025-11-28,329.89947509765625,228.60104370117188,-0.3070584800612314,,-0.2131691726119032,0.04
2025-12-31,CRWD,2024-12-31,2025-11-28,85.54000091552734,127.29000091552734,0.48807574880936766,,0.48807574880936766,0.74
2025-12-31,CSCO,2024-12-31,2025-11-28,56.88238525390625,75.83433532714844,0.33317783684081204,,0.33317783684081204,0.68
2025-12-31,CVX,2024-12-31,2025-11-28,134.6627655029297,147.02444458007812,0.09179730589209911,,0.09179730589209911,0.34
2025-12-31,GE,2024-12-31,2025-11-28,165.39755249023438,297.30487060546875,0.7975167475529761,,0.7975167475529761,0.88
2025-12-31,GOOGL,2024-12-31,2025-11-28,188.19541931152344,319.3494873046875,0.6969036147264682,,0.6969036147264682,0.84
2025-12-31,HD,2024-12-31,2025-11-28,371.4632263183594,347.0908203125,-0.06561189447315896,,-0.06561189447315896,0.16
2025-12-31,HON,2024-12-31,2025-11-28,215.60003662109375,198.8739318847656,-0.07757932233436238,,-0.07757932233436238,0.12
2025-12-31,INTC,2024-12-31,2025-11-28,20.049999237060547,40.560001373291016,1.02294278886154,,1.02294278886154,0.92
2025-12-31,JNJ,2024-12-31,2025-11-28,138.10325622558594,203.64450073242188,0.4745814566441289,,0.4745814566441289,0.72
2025-12-31,JPM,2024-12-31,2025-11-28,231.4541473388672,308.6965026855469,0.33372638267566135,,0.33372638267566135,0.7
2025-12-31,KO,2024-12-31,2025-11-28,59.323490142822266,71.22652435302734,0.20064622262696163,,0.20064622262696163,0.54
2025-12-31,MA,2024-12-31,2025-11-28,521.0064697265625,547.8428955078125,0.05150881484319081,,0.05150881484319081,0.24
2025-12-31,MCD,2024-12-31,2025-11-28,277.8363342285156,304.0008850097656,0.0941725309394923,,0.0941725309394923,0.36
2025-12-31,META,2024-12-31,2025-11-28,582.1708374023438,645.7595825195312,0.10922695028992102,,0.10922695028992102,0.38
2025-12-31,MRK,2024-12-31,2025-11-28,93.93672943115234,101.83959197998048,0.08412963275052343,,0.08412963275052343,0.32
2025-12-31,MSFT,2024-12-31,2025-11-28,415.7757263183594,488.9082946777344,0.1758942711902749,,0.1758942711902749,0.52
2025-12-31,MU,2024-12-31,2025-11-28,83.83696746826172,236.24891662597656,1.8179563712799327,,1.552156863380949,0.98
2025-12-31,NFLX,2024-12-31,2025-11-28,89.13200378417969,107.58000183105467,0.20697389561154877,,0.20697389561154877,0.56
2025-12-31,NKE,2024-12-31,2025-11-28,72.0302505493164,62.56704330444336,-0.1313782358482003,,-0.1313782358482003,0.08
2025-12-31,NVDA,2024-12-31,2025-11-28,133.93988037109375,176.5769500732422,0.31832990729884325,,0.31832990729884325,0.66
2025-12-31,ORCL,2024-12-31,2025-11-28,163.4225311279297,200.0206756591797,0.22394797264889021,,0.22394797264889021,0.58
2025-12-31,PEP,2024-12-31,2025-11-28,141.89747619628906,142.94781494140625,0.007402096029278438,,0.007402096029278438,0.2
2025-12-31,PFE,2024-12-31,2025-11-28,23.525651931762695,24.476640701293945,0.04042348209051294,,0.04042348209051294,0.22
2025-12-31,PG,2024-12-31,2025-11-28,159.77828979492188,144.9340362548828,-0.09290532248838002,,-0.09290532248838002,0.1
2025-12-31,PLTR,2024-12-31,2025-11-28,75.62999725341797,168.4499969482422,1.2272907981710839,,1.2272907981710839,0.94
2025-12-31,QCOM,2024-12-31,2025-11-28,147.94338989257812,164.66094970703125,0.1129997077030056,,0.1129997077030056,0.42
2025-12-31,RKLB,2024-12-31,2025-11-28,25.469999313354492,42.13999938964844,0.6544955055241595,,0.6544955055241595,0.82
2025-12-31,SMCI,2024-12-31,2025-11-28,30.479999542236328,33.849998474121094,0.11056427107930022,,0.11056427107930022,0.4
2025-12-31,STX,2024-12-31,2025-11-28,84.39171600341797,275.0686340332031,2.259426956338493,,1.552156863380949,0.98
2025-12-31,TMO,2024-12-31,2025-11-28,516.969970703125,588.7610473632812,0.13886894931733473,,0.13886894931733473,0.48
2025-12-31,TSLA,2024-12-31,2025-11-28,403.8399963378906,430.1700134277344,0.06519913165761215,,0.06519913165761215,0.28
2025-12-31,TSM,2024-12-31,2025-11-28,193.3441467285156,288.4570617675781,0.4919358390125739,,0.4919358390125739,0.76
2025-12-31,TXN,2024-12-31,2025-11-28,178.60914611816406,165.48634338378906,-0.07347217664706396,,-0.07347217664706396,0.14
2025-12-31,UNH,2024-12-31,2025-11-28,484.1300048828125,321.216796875,-0.3365071496596187,,-0.2131691726119032,0.04
2025-12-31,V,2024-12-31,2025-11-28,311.9380187988281,332.4437255859375,0.06573647824676887,,0.06573647824676887,0.3
2025-12-31,WDC,2024-12-31,2025-11-28,44.85199737548828,163.02586364746094,2.6347514756735215,,1.552156863380949,0.98
2025-12-31,WFC,2024-12-31,2025-11-28,67.63272857666016,84.45957946777344,0.2487974571666205,,0.2487974571666205,0.64
2025-12-31,WMT,2024-12-31,2025-11-28,88.92706298828125,109.58732604980467,0.2323281841012339,,0.2323281841012339,0.6
2025-12-31,XOM,2024-12-31,2025-11-28,101.72119903564452,113.64029693603516,0.11717417817906406,,0.11717417817906406,0.44
2026-01-30,AAPL,2025-01-31,2025-12-31,234.2996826171875,271.12200927734375,0.15715909748080503,,0.15715909748080503,0.56
2026-01-30,ABT,2025-01-31,2025-12-31,123.90713500976562,123.0040512084961,-0.007288392239868657,,-0.007288392239868657,0.32
2026-01-30,ADBE,2025-01-31,2025-12-31,437.4500122070313,349.989990234375,-0.19993146538367046,,-0.17838907835923845,0.04
2026-01-30,AMD,2025-01-31,2025-12-31,115.9499969482422,214.16000366210935,0.8470030987383825,,0.8470030987383825,0.88
2026-01-30,AMZN,2025-01-31,2025-12-31,237.67999267578125,230.82000732421875,-0.02886227517231621,,-0.02886227517231621,0.24
2026-01-30,ASML,2025-01-31,2025-12-31,728.8110961914062,1064.7449951171875,0.4609341167845715,,0.4609341167845715,0.74
2026-01-30,AVGO,2025-01-31,2025-12-31,218.08648681640625,344.2029724121094,0.5782865662001009,,0.5782865662001009,0.86
2026-01-30,BAC,2025-01-31,2025-12-31,44.5377311706543,54.1319465637207,0.2154176950842972,,0.2154176950842972,0.66
2026-01-30,CAT,2025-01-31,2025-12-31,365.0250549316406,569.3905029296875,0.5598669056739654,,0.5598669056739654,0.84
2026-01-30,COST,2025-01-31,2025-12-31,970.510009765625,858.55078125,-0.11536123006362686,,-0.11536123006362686,0.14
2026-01-30,CRM,2025-01-31,2025-12-31,337.1718444824219,263.10595703125,-0.21966806737634714,,-0.17838907835923845,0.04
2026-01-30,CRWD,2025-01-31,2025-12-31,99.51750183105467,117.19000244140624,0.17758183520676774,,0.17758183520676774,0.62
2026-01-30,CSCO,2025-01-31,2025-12-31,58.62435531616211,75.92304229736328,0.2950767968007335,,0.2950767968007335,0.7
2026-01-30,CVX,2025-01-31,2025-12-31,138.70712280273438,148.2696533203125,0.0689404431752052,,0.0689404431752052,0.42
2026-01-30,GE,2025-01-31,2025-12-31,201.8704833984375,307.1990051269531,0.5217628647603014,,0.5217628647603014,0.78
2026-01-30,GOOGL,2025-01-31,2025-12-31,202.8295440673828,312.3923034667969,0.5401716002626116,,0.5401716002626116,0.8
2026-01-30,HD,2025-01-31,2025-12-31,393.4173278808594,336.78814697265625,-0.1439417557260021,,-0.1439417557260021,0.1
2026-01-30,HON,2025-01-31,2025-12-31,213.52891540527344,201.87478637695312,-0.05457869256817527,,-0.05457869256817527,0.16
2026-01-30,INTC,2025-01-31,2025-12-31,19.43000030517578,36.900001525878906,0.8991251130371547,,0.8991251130371547,0.9
2026-01-30,JNJ,2025-01-31,2025-12-31,145.29396057128906,203.67401123046875,0.4018064510708639,,0.4018064510708639,0.72
2026-01-30,JPM,2025-01-31,2025-12-31,259.4268798828125,317.70855712890625,0.22465550706395798,,0.22465550706395798,0.68
2026-01-30,KO,2025-01-31,2025-12-31,60.48595428466797,68.57797241210938,0.13378342498090623,,0.13378342498090623,0.5
2026-01-30,MA,2025-01-31,2025-12-31,550.3714599609375,568.0935668945312,0.03220026513520802,,0.03220026513520802,0.38
2026-01-30,MCD,2025-01-31,2025-12-31,276.6958312988281,299.7541198730469,0.08333442707098859,,0.08333442707098859,0.44
2026-01-30,META,2025-01-31,2025-12-31,685.2495727539062,658.3950805664062,-0.03918935998686757,,-0.03918935998686757,0.2
2026-01-30,MRK,2025-01-31,2025-12-31,93.31350708007812,103.13131713867188,0.10521317187412627,,0.10521317187412627,0.46
2026-01-30,MSFT,2025-01-31,2025-12-31,409.4231262207031,480.5711669921875,0.173776311632019,,0.173776311632019,0.6
2026-01-30,MU,2025-01-31,2025-12-31,90.88978576660156,285.24627685546875,2.138375500058507,,1.6829827796736867,0.98
2026-01-30,NFLX,2025-01-31,2025-12-31,97.6760025024414,93.76000213623048,-0.040091734570249615,,-0.040091734570249615,0.18
2026-01-30,NKE,2025-01-31,2025-12-31,73.20108795166016,62.070167541503906,-0.15205949421826603,,-0.15205949421826603,0.08
2026-01-30,NVDA,2025-01-31,2025-12-31,119.75694274902344,186.0646209716797,0.5536854624087919,,0.5536854624087919,0.82
2026-01-30,ORCL,2025-01-31,2025-12-31,167.1864471435547,193.0479431152344,0.15468655751428062,,0.15468655751428062,0.54
2026-01-30,PEP,2025-01-31,2025-12-31,140.61904907226562,139.28018188476562,-0.009521236250231935,,-0.009521236250231935,0.3
2026-01-30,PFE,2025-01-31,2025-12-31,23.90556907653809,23.67786979675293,-0.00952494705548057,,-0.00952494705548057,0.28
2026-01-30,PG,2025-01-31,2025-12-31,159.160888671875,140.18963623046875,-0.11919544179297248,,-0.11919544179297248,0.12
2026-01-30,PLTR,2025-01-31,2025-12-31,82.48999786376953,177.75,1.1548066990321701,,1.1548066990321701,0.92
2026-01-30,QCOM,2025-01-31,2025-12-31,166.5398406982422,168.416748046875,0.011270020079060972,,0.011270020079060972,0.34
2026-01-30,RKLB,2025-01-31,2025-12-31,29.049999237060547,69.76000213623047,1.4013770729203365,,1.4013770729203365,0.94
2026-01-30,SMCI,2025-01-31,2025-12-31,28.520000457763672,29.270000457763672,0.026297334781277604,,0.026297334781277604,0.36
2026-01-30,STX,2025-01-31,2025-12-31,94.21835327148438,274.49456787109375,1.9133874488355214,,1.6829827796736867,0.98
2026-01-30,TMO,2025-01-31,2025-12-31,594.004150390625,577.8551025390625,-0.027186759286012885,,-0.027186759286012885,0.26
2026-01-30,TSLA,2025-01-31,2025-12-31,404.6000061035156,449.7200012207031,0.11151753444522616,,0.11151753444522616,0.48
2026-01-30,TSM,2025-01-31,2025-12-31,204.92579650878903,301.5192565917969,0.47135822687342865,,0.47135822687342865,0.76
2026-01-30,TXN,2025-01-31,2025-12-31,177.1471710205078,170.61997985839844,-0.03684614958572352,,-0.03684614958572352,0.22
2026-01-30,UNH,2025-01-31,2025-12-31,519.1864624023438,323.70989990234375,-0.3765055074731809,,-0.17838907835923845,0.04
2026-01-30,V,2025-01-31,2025-12-31,337.3636169433594,348.6165771484375,0.033355583234001784,,0.033355583234001784,0.4
2026-01-30,WDC,2025-01-31,2025-12-31,48.98894119262695,172.08746337890625,2.512781848096079,,1.6829827796736867,0.98
2026-01-30,WFC,2025-01-31,2025-12-31,75.87499237060547,91.69054412841795,0.2084422187558539,,0.2084422187558539,0.64
2026-01-30,WMT,2025-01-31,2025-12-31,96.61408233642578,110.70502471923828,0.14584770710490802,,0.14584770710490802,0.52
2026-01-30,XOM,2025-01-31,2025-12-31,101.02144622802734,117.97338104248048,0.16780530716407416,,0.16780530716407416,0.58
2026-02-27,AAPL,2025-02-28,2026-01-30,240.361572265625,258.775634765625,0.07660984377174285,,0.07660984377174285,0.38
2026-02-27,ABT,2025-02-28,2026-01-30,133.67015075683594,107.84934997558594,-0.19316803815252315,,-0.19316803815252315,0.12
2026-02-27,ADBE,2025-02-28,2026-01-30,438.55999755859375,293.25,-0.33133436329696175,,-0.29100516533047566,0.04
2026-02-27,AMD,2025-02-28,2026-01-30,99.86000061035156,236.72999572753903,1.370618809139076,,1.370618809139076,0.92
2026-02-27,AMZN,2025-02-28,2026-01-30,212.27999877929688,239.3000030517578,0.127284739155068,,0.127284739155068,0.46
2026-02-27,ASML,2025-02-28,2026-01-30,700.4884033203125,1416.19677734375,1.0217276554914863,,1.0217276554914863,0.9
2026-02-27,AVGO,2025-02-28,2026-01-30,196.56069946289065,329.4841003417969,0.6762460717840562,,0.6762460717840562,0.78
2026-02-27,BAC,2025-02-28,2026-01-30,44.34534454345703,52.360355377197266,0.18074075004391443,,0.18074075004391443,0.6
2026-02-27,CAT,2025-02-28,2026-01-30,338.0099182128906,654.8959350585938,0.9375050842328156,,0.9375050842328156,0.84
2026-02-27,COST,2025-02-28,2026-01-30,1039.7303466796875,937.3972778320312,-0.09842270082281468,,-0.09842270082281468,0.2
2026-02-27,CRM,2025-02-28,2026-01-30,293.9029541015625,210.84429931640625,-0.28260571602303153,,-0.28260571602303153,0.08
2026-02-27,CRWD,2025-02-28,2026-01-30,97.41500091552734,110.35124969482422,0.1327952436248956,,0.1327952436248956,0.48
2026-02-27,CSCO,2025-02-28,2026-01-30,62.019920349121094,77.6075668334961,0.25133290072978776,,0.25133290072978776,0.66
2026-02-27,CVX,2025-02-28,2026-01-30,149.11024475097656,172.0943603515625,0.15414176027254767,,0.15414176027254767,0.54
2026-02-27,GE,2025-02-28,2026-01-30,205.2520294189453,305.9623718261719,0.49066673149264717,,0.49066673149264717,0.74
2026-02-27,GOOGL,2025-02-28,2026-01-30,169.28639221191406,337.3437805175781,0.9927400903865238,,0.9927400903865238,0.88
2026-02-27,HD,2025-02-28,2026-01-30,378.7303771972656,366.6302490234375,-0.031949188399866935,,-0.031949188399866935,0.24
2026-02-27,HON,2025-02-28,2026-01-30,204.2796936035156,235.4326171875,0.15250132323210153,,0.15250132323210153,0.52
2026-02-27,INTC,2025-02-28,2026-01-30,23.729999542236328,46.470001220703125,0.9582807466132706,,0.9582807466132706,0.86
2026-02-27,JNJ,2025-02-28,2026-01-30,158.8454132080078,223.65267944335935,0.4079895347716873,,0.4079895347716873,0.7
2026-02-27,JPM,2025-02-28,2026-01-30,256.8549499511719,302.9676818847656,0.1795282977507724,,0.1795282977507724,0.58
2026-02-27,KO,2025-02-28,2026-01-30,67.85136413574219,73.38459777832031,0.08154933527214636,,0.08154933527214636,0.4
2026-02-27,MA,2025-02-28,2026-01-30,571.0613403320312,536.9655151367188,-0.05970606445795856,,-0.05970606445795856,0.22
2026-02-27,MCD,2025-02-28,2026-01-30,295.5095520019531,308.9440002441406,0.04546197627513138,,0.04546197627513138,0.32
2026-02-27,META,2025-02-28,2026-01-30,664.38916015625,714.6602172851562,0.07566507725243987,,0.07566507725243987,0.36
2026-02-27,MRK,2025-02-28,2026-01-30,87.10960388183594,108.04000091552734,0.24027657228338972,,0.24027657228338972,0.64
2026-02-27,MSFT,2025-02-28,2026-01-30,392.38372802734375,427.577392578125,0.08969195722695389,,0.08969195722695389,0.42
2026-02-27,MU,2025-02-28,2026-01-30,93.2706069946289,414.6419982910156,3.4455805708961798,,3.0014584849204424,0.98
2026-02-27,NFLX,2025-02-28,2026-01-30,98.05599975585938,83.48999786376953,-0.1485477882878803,,-0.1485477882878803,0.14
2026-02-27,NKE,2025-02-28,2026-01-30,75.60939025878906,60.21907424926758,-0.20355032565194464,,-0.20355032565194464,0.1
2026-02-27,NVDA,2025-02-28,2026-01-30,124.59429931640624,190.68380737304688,0.530437655809652,,0.530437655809652,0.76
2026-02-27,ORCL,2025-02-28,2026-01-30,163.2540283203125,163.43858337402344,0.0011304777934717514,,0.0011304777934717514,0.28
2026-02-27,PEP,2025-02-28,2026-01-30,143.2132568359375,149.09152221679688,0.041045539433499645,,0.041045539433499645,0.3
2026-02-27,PFE,2025-02-28,2026-01-30,23.824440002441406,25.56344413757324,0.07299244536088279,,0.07299244536088279,0.34
2026-02-27,PG,2025-02-28,2026-01-30,166.6879119873047,149.51954650878906,-0.10299706363724326,,-0.10299706363724326,0.18
2026-02-27,PLTR,2025-02-28,2026-01-30,84.91999816894531,146.58999633789062,0.7262129003612912,,0.7262129003612912,0.8
2026-02-27,QCOM,2025-02-28,2026-01-30,151.36219787597656,149.25631713867188,-0.01391285781295415,,-0.01391285781295415,0.26
2026-02-27,RKLB,2025-02-28,2026-01-30,20.489999771118164,80.06999969482422,2.90775991162711,,2.90775991162711,0.94
2026-02-27,SMCI,2025-02-28,2026-01-30,41.459999084472656,29.11000061035156,-0.2978774420365663,,-0.29100516533047566,0.04
2026-02-27,STX,2025-02-28,2026-01-30,99.64500427246094,406.3643798828125,3.0781209539786243,,3.0014584849204424,0.98
2026-02-27,TMO,2025-02-28,2026-01-30,525.6452026367188,577.017333984375,0.09773157081994777,,0.09773157081994777,0.44
2026-02-27,TSLA,2025-02-28,2026-01-30,292.9800109863281,430.4100036621094,0.46907634487799377,,0.46907634487799377,0.72
2026-02-27,TSM,2025-02-28,2026-01-30,176.74017333984375,327.98114013671875,0.8557248979611571,,0.8557248979611571,0.82
2026-02-27,TXN,2025-02-28,2026-01-30,188.0671234130859,213.36785888671875,0.13453034754011872,,0.13453034754011872,0.5
2026-02-27,UNH,2025-02-28,2026-01-30,454.5573425292969,281.3670654296875,-0.3810086448849894,,-0.29100516533047566,0.04
2026-02-27,V,2025-02-28,2026-01-30,358.6046142578125,319.908935546875,-0.10790624875539923,,-0.10790624875539923,0.16
2026-02-27,WDC,2025-02-28,2026-01-30,48.691375732421875,249.96485900878903,4.133657762771862,,3.0014584849204424,0.98
2026-02-27,WFC,2025-02-28,2026-01-30,75.78511810302734,89.0244369506836,0.17469549667598105,,0.17469549667598105,0.56
2026-02-27,WMT,2025-02-28,2026-01-30,97.0569839477539,118.38610076904295,0.2197587020916556,,0.2197587020916556,0.62
2026-02-27,XOM,2025-02-28,2026-01-30,106.21844482421876,138.61920166015625,0.30503889309957044,,0.30503889309957044,0.68
2026-03-31,AAPL,2025-03-31,2026-02-27,220.77210998535156,263.70941162109375,0.19448698315467072,,0.19448698315467072,0.52
2026-03-31,ABT,2025-03-31,2026-02-27,128.4786834716797,114.80577850341795,-0.10642158371178845,,-0.10642158371178845,0.08
2026-03-31,ADBE,2025-03-31,2026-02-27,383.5299987792969,262.4100036621094,-0.31580318489476555,,-0.1960640858010141,0.04
2026-03-31,AMD,2025-03-31,2026-02-27,102.73999786376952,200.2100067138672,0.9487055759855114,,0.9487055759855114,0.82
2026-03-31,AMZN,2025-03-31,2026-02-27,190.2599945068359,210.0,0.10375279124931769,,0.10375279124931769,0.36
2026-03-31,ASML,2025-03-31,2026-02-27,654.6012573242188,1445.5291748046875,1.2082590869340915,,1.2082590869340915,0.88
2026-03-31,AVGO,2025-03-31,2026-02-27,165.52044677734375,317.7984924316406,0.9199953759135244,,0.9199953759135244,0.8
2026-03-31,BAC,2025-03-31,2026-02-27,40.394996643066406,49.04354476928711,0.21409948867281758,,0.21409948867281758,0.54
2026-03-31,CAT,2025-03-31,2026-02-27,324.1042175292969,740.0455932617188,1.283356874844813,,1.283356874844813,0.92
2026-03-31,COST,2025-03-31,2026-02-27,937.7711181640624,1007.7232666015624,0.07459405294380361,,0.07459405294380361,0.34
2026-03-31,CRM,2025-03-31,2026-02-27,264.8037109375,193.46348571777344,-0.2694079511467442,,-0.1960640858010141,0.04
2026-03-31,CRWD,2025-03-31,2026-02-27,88.1449966430664,92.99500274658205,0.05502304484910492,,0.05502304484910492,0.3
2026-03-31,CSCO,2025-03-31,2026-02-27,59.69816207885742,78.73719787597656,0.3189216407026032,,0.3189216407026032,0.62
2026-03-31,CVX,2025-03-31,2026-02-27,157.2604217529297,183.46383666992188,0.16662434594102837,,0.16662434594102837,0.46
2026-03-31,GE,2025-03-31,2026-02-27,198.84829711914065,341.336669921875,0.7165682325021971,,0.7165682325021971,0.78
2026-03-31,GOOGL,2025-03-31,2026-02-27,153.91470336914062,311.15472412109375,1.021604936435717,,1.021604936435717,0.86
2026-03-31,HD,2025-03-31,2026-02-27,352.197998046875,372.6300048828125,0.05801284206396362,,0.05801284206396362,0.32
2026-03-31,HON,2025-03-31,2026-02-27,203.1858062744141,253.31292724609375,0.2467058201101906,,0.2467058201101906,0.58
2026-03-31,INTC,2025-03-31,2026-02-27,22.709999084472656,45.61000061035156,1.0083664662732708,,1.0083664662732708,0.84
2026-03-31,JNJ,2025-03-31,2026-02-27,159.6347198486328,245.79718017578125,0.5397476213749022,,0.5397476213749022,0.7
2026-03-31,JPM,2025-03-31,2026-02-27,238.0748748779297,297.4310607910156,0.24931730382519435,,0.24931730382519435,0.6
2026-03-31,KO,2025-03-31,2026-02-27,68.74562072753906,80.00598907470703,0.16379760962223933,,0.16379760962223933,0.44
2026-03-31,MA,2025-03-31,2026-02-27,543.1279296875,515.4586791992188,-0.05094426004606567,,-0.05094426004606567,0.16
2026-03-31,MCD,2025-03-31,2026-02-27,301.110107421875,334.5029602050781,0.11089914273922918,,0.11089914273922918,0.38
2026-03-31,META,2025-03-31,2026-02-27,573.582763671875,646.5156860351562,0.1271532671177047,,0.1271532671177047,0.4
2026-03-31,MRK,2025-03-31,2026-02-27,85.49058532714844,121.31597900390624,0.41905659599433176,,0.41905659599433176,0.66
2026-03-31,MSFT,2025-03-31,2026-02-27,371.034423828125,391.15484619140625,0.054227912751841245,,0.054227912751841245,0.28
2026-03-31,MU,2025-03-31,2026-02-27,86.669189453125,412.1334533691406,3.75524757955701,,3.3544801717127437,0.98
2026-03-31,NFLX,2025-03-31,2026-02-27,93.25299835205078,96.23999786376952,0.03203113641925115,,0.03203113641925115,0.22
2026-03-31,NKE,2025-03-31,2026-02-27,60.73242950439453,60.579551696777344,-0.0025172351717976937,,-0.0025172351717976937,0.18
2026-03-31,NVDA,2025-03-31,2026-02-27,108.10736083984376,176.77635192871094,0.6351925581699958,,0.6351925581699958,0.76
2026-03-31,ORCL,2025-03-31,2026-02-27,137.44760131835938,144.3916015625,0.05052107259447025,,0.05052107259447025,0.26
2026-03-31,PEP,2025-03-31,2026-02-27,141.15626525878906,164.72561645507812,0.16697346839743998,,0.16697346839743998,0.48
2026-03-31,PFE,2025-03-31,2026-02-27,22.841896057128903,26.73332977294922,0.17036386585805374,,0.17036386585805374,0.5
2026-03-31,PG,2025-03-31,2026-02-27,163.4086151123047,164.72073364257812,0.008029677807205315,,0.008029677807205315,0.2
2026-03-31,PLTR,2025-03-31,2026-02-27,84.4000015258789,137.19000244140625,0.6254739331887424,,0.6254739331887424,0.74
2026-03-31,QCOM,2025-03-31,2026-02-27,148.73143005371094,140.16842651367188,-0.057573597839721824,,-0.057573597839721824,0.12
2026-03-31,RKLB,2025-03-31,2026-02-27,17.8799991607666,69.0999984741211,2.8646533399030902,,2.8646533399030902,0.94
2026-03-31,SMCI,2025-03-31,2026-02-27,34.2400016784668,32.38999938964844,-0.05403043802949947,,-0.05403043802949947,0.14
2026-03-31,STX,2025-03-31,2026-02-27,83.7421646118164,406.5138549804687,3.854350933784051,,3.3544801717127437,0.98
2026-03-31,TMO,2025-03-31,2026-02-27,494.89984130859375,519.6756591796875,0.050062286958069135,,0.050062286958069135,0.24
2026-03-31,TSLA,2025-03-31,2026-02-27,259.1600036621094,402.510009765625,0.5531332153028294,,0.5531332153028294,0.72
2026-03-31,TSM,2025-03-31,2026-02-27,163.1483917236328,371.65771484375,1.2780348057204516,,1.2780348057204516,0.9
2026-03-31,TXN,2025-03-31,2026-02-27,172.4356689453125,209.96267700195312,0.21762903398218736,,0.21762903398218736,0.56
2026-03-31,UNH,2025-03-31,2026-02-27,503.3936462402344,287.5841369628906,-0.42870924352977047,,-0.1960640858010141,0.04
2026-03-31,V,2025-03-31,2026-02-27,346.4932556152344,318.88531494140625,-0.07967814734173506,,-0.07967814734173506,0.1
2026-03-31,WDC,2025-03-31,2026-02-27,40.232818603515625,279.4036560058594,5.944670189760071,,3.3544801717127437,0.98
2026-03-31,WFC,2025-03-31,2026-02-27,69.46647644042969,80.52467346191406,0.15918753315445944,,0.15918753315445944,0.42
2026-03-31,WMT,2025-03-31,2026-02-27,86.6446762084961,127.14035034179688,0.46737636869753696,,0.46737636869753696,0.68
2026-03-31,XOM,2025-03-31,2026-02-27,113.46949005126952,150.49740600585938,0.32632486440063624,,0.32632486440063624,0.64
2026-04-30,AAPL,2025-04-30,2026-03-31,211.20095825195312,253.33790588378903,0.19951115743314207,,0.19951115743314207,0.5
2026-04-30,ABT,2025-04-30,2026-03-31,127.22506713867188,101.30734252929688,-0.20371555065579472,,-0.20371555065579472,0.1
2026-04-30,ADBE,2025-04-30,2026-03-31,374.9800109863281,243.0800018310547,-0.3517521075545612,,-0.29441961017106,0.04
2026-04-30,AMD,2025-04-30,2026-03-31,97.3499984741211,203.42999267578125,1.0896763827876152,,1.0896763827876152,0.88
2026-04-30,AMZN,2025-04-30,2026-03-31,184.4199981689453,208.27000427246097,0.12932440266953527,,0.12932440266953527,0.4
2026-04-30,ASML,2025-04-30,2026-03-31,662.0291137695312,1316.2489013671875,0.9882039535581608,,0.9882039535581608,0.84
2026-04-30,AVGO,2025-04-30,2026-03-31,190.27487182617188,308.459228515625,0.6211243531800774,,0.6211243531800774,0.78
2026-04-30,BAC,2025-04-30,2026-03-31,38.60418701171875,48.2518310546875,0.2499118564532934,,0.2499118564532934,0.6
2026-04-30,CAT,2025-04-30,2026-03-31,305.3921203613281,705.804443359375,1.3111416316972897,,1.3111416316972897,0.92
2026-04-30,COST,2025-04-30,2026-03-31,986.0785522460938,993.4067993164062,0.007431707193732429,,0.007431707193732429,0.32
2026-04-30,CRM,2025-04-30,2026-03-31,265.56573486328125,185.39878845214844,-0.3018723272127122,,-0.29441961017106,0.04
2026-04-30,CRWD,2025-04-30,2026-03-31,107.21749877929688,97.60250091552734,-0.08967750575455635,,-0.08967750575455635,0.2
2026-04-30,CSCO,2025-04-30,2026-03-31,56.22078323364258,76.88420867919922,0.3675406897069271,,0.3675406897069271,0.66
2026-04-30,CVX,2025-04-30,2026-03-31,127.90279388427734,203.24838256835935,0.5890847759920903,,0.5890847759920903,0.72
2026-04-30,GE,2025-04-30,2026-03-31,200.2292633056641,283.4167175292969,0.4154610212825949,,0.4154610212825949,0.68
2026-04-30,GOOGL,2025-04-30,2026-03-31,158.05520629882812,287.2037353515625,0.8171102494944638,,0.8171102494944638,0.82
2026-04-30,HD,2025-04-30,2026-03-31,346.4319152832031,324.053466796875,-0.06459695974614255,,-0.06459695974614255,0.24
2026-04-30,HON,2025-04-30,2026-03-31,201.98634338378903,235.0520172119141,0.16370252203287738,,0.16370252203287738,0.46
2026-04-30,INTC,2025-04-30,2026-03-31,20.100000381469727,44.130001068115234,1.195522399531836,,1.195522399531836,0.9
2026-04-30,JNJ,2025-04-30,2026-03-31,150.46131896972656,241.84947204589844,0.607386361504378,,0.607386361504378,0.76
2026-04-30,JPM,2025-04-30,2026-03-31,238.87725830078125,291.3497314453125,0.2196629077116281,,0.2196629077116281,0.52
2026-04-30,KO,2025-04-30,2026-03-31,69.63829040527344,75.11393737792969,0.07862983052555816,,0.07862983052555816,0.38
2026-04-30,MA,2025-04-30,2026-03-31,543.929931640625,497.9680786132813,-0.08449958414443481,,-0.08449958414443481,0.22
2026-04-30,MCD,2025-04-30,2026-03-31,308.127685546875,306.5176696777344,-0.0052251580908191375,,-0.0052251580908191375,0.3
2026-04-30,META,2025-04-30,2026-03-31,546.3546752929688,571.1494750976562,0.04538224147417047,,0.04538224147417047,0.34
2026-04-30,MRK,2025-04-30,2026-03-31,81.1474838256836,118.73030853271484,0.46314220645170634,,0.46314220645170634,0.7
2026-04-30,MSFT,2025-04-30,2026-03-31,390.673828125,368.6759643554687,-0.05630749281339842,,-0.05630749281339842,0.26
2026-04-30,MU,2025-04-30,2026-03-31,76.75444793701172,337.7880554199219,3.400892254441417,,2.723757956737619,0.98
2026-04-30,NFLX,2025-04-30,2026-03-31,113.1719970703125,96.1500015258789,-0.15040819270740635,,-0.15040819270740635,0.12
2026-04-30,NKE,2025-04-30,2026-03-31,53.9588737487793,51.80203628540039,-0.039971876978394105,,-0.039971876978394105,0.28
2026-04-30,NVDA,2025-04-30,2026-03-31,108.64599609375,174.0022735595703,0.6015525635148558,,0.6015525635148558,0.74
2026-04-30,ORCL,2025-04-30,2026-03-31,138.8391876220703,146.08975219726562,0.05222275280759958,,0.05222275280759958,0.36
2026-04-30,PEP,2025-04-30,2026-03-31,127.63746643066406,152.0488739013672,0.1912558134641762,,0.1912558134641762,0.48
2026-04-30,PFE,2025-04-30,2026-03-31,22.003576278686523,27.14907455444336,0.23384827132582786,,0.23384827132582786,0.54
2026-04-30,PG,2025-04-30,2026-03-31,156.85325622558594,142.29823303222656,-0.09279388610477035,,-0.09279388610477035,0.18
2026-04-30,PLTR,2025-04-30,2026-03-31,118.44000244140624,146.27999877929688,0.23505568865268667,,0.23505568865268667,0.56
2026-04-30,QCOM,2025-04-30,2026-03-31,143.74497985839844,127.61157989501952,-0.11223626716753343,,-0.11223626716753343,0.16
2026-04-30,RKLB,2025-04-30,2026-03-31,21.790000915527344,64.22000122070312,1.9472234292078698,,1.9472234292078698,0.94
2026-04-30,SMCI,2025-04-30,2026-03-31,31.86000061035156,22.770000457763672,-0.2853107337868185,,-0.2853107337868185,0.08
2026-04-30,STX,2025-04-30,2026-03-31,89.73571014404297,391.1673278808594,3.3591043883528755,,2.723757956737619,0.98
2026-04-30,TMO,2025-04-30,2026-03-31,426.672119140625,490.66168212890625,0.14997362170550255,,0.14997362170550255,0.44
2026-04-30,TSLA,2025-04-30,2026-03-31,282.1600036621094,371.75,0.3175148680717197,,0.3175148680717197,0.64
2026-04-30,TSM,2025-04-30,2026-03-31,163.8265380859375,336.25836181640625,1.0525268112545798,,1.0525268112545798,0.86
2026-04-30,TXN,2025-04-30,2026-03-31,154.89027404785156,192.1746063232422,0.24071448323393163,,0.24071448323393163,0.58
2026-04-30,UNH,2025-04-30,2026-03-31,395.44879150390625,267.40673828125,-0.3237892136064132,,-0.29441961017106,0.04
2026-04-30,V,2025-04-30,2026-03-31,341.5893859863281,301.055419921875,-0.11866283827119695,,-0.11866283827119695,0.14
2026-04-30,WDC,2025-04-30,2026-03-31,43.64609909057617,270.33270263671875,5.19374258569393,,2.723757956737619,0.98
2026-04-30,WFC,2025-04-30,2026-03-31,68.71170806884766,78.70558166503906,0.14544644394777317,,0.14544644394777317,0.42
2026-04-30,WMT,2025-04-30,2026-03-31,95.98125457763672,123.7470245361328,0.28928325724308057,,0.28928325724308057,0.62
2026-04-30,XOM,2025-04-30,2026-03-31,100.7801513671875,167.4320526123047,0.6613594079877325,,0.6613594079877325,0.8
2026-05-29,AAPL,2025-05-30,2026-04-30,199.8839569091797,270.86663818359375,0.3551194521662693,,0.3551194521662693,0.64
2026-05-29,ABT,2025-05-30,2026-04-30,129.97879028320312,90.14704132080078,-0.3064480664546523,,-0.3064480664546523,0.08
2026-05-29,ADBE,2025-05-30,2026-04-30,415.0899963378906,246.1000061035156,-0.40711650901076923,,-0.3113399203140043,0.04
2026-05-29,AMD,2025-05-30,2026-04-30,110.7300033569336,354.489990234375,2.2013905850945488,,2.2013905850945488,0.92
2026-05-29,AMZN,2025-05-30,2026-04-30,205.0099945068359,265.05999755859375,0.2929125635860428,,0.2929125635860428,0.6
2026-05-29,ASML,2025-05-30,2026-04-30,730.0969848632812,1437.13134765625,0.9684115637395336,,0.9684115637395336,0.82
2026-05-29,AVGO,2025-05-30,2026-04-30,239.3091583251953,416.0128479003906,0.7383908364053251,,0.7383908364053251,0.8
2026-05-29,BAC,2025-05-30,2026-04-30,42.71821594238281,52.913700103759766,0.23866830429267805,,0.23866830429267805,0.52
2026-05-29,CAT,2025-05-30,2026-04-30,343.66619873046875,888.4617919921875,1.585246367766858,,1.585246367766858,0.88
2026-05-29,COST,2025-05-30,2026-04-30,1032.7156982421875,1011.4519653320312,-0.020590112986904163,,-0.020590112986904163,0.3
2026-05-29,CRM,2025-05-30,2026-04-30,262.26483154296875,175.76632690429688,-0.3298135862508893,,-0.3113399203140043,0.04
2026-05-29,CRWD,2025-05-30,2026-04-30,117.84249877929688,111.4375,-0.05435219759971799,,-0.05435219759971799,0.24
2026-05-29,CSCO,2025-05-30,2026-04-30,61.3919677734375,91.1589813232422,0.48486821044175765,,0.48486821044175765,0.72
2026-05-29,CVX,2025-05-30,2026-04-30,130.06964111328125,189.89822387695312,0.45997345922993293,,0.45997345922993293,0.66
2026-05-29,GE,2025-05-30,2026-04-30,244.3107147216797,289.56903076171875,0.18524900183603332,,0.18524900183603332,0.44
2026-05-29,GOOGL,2025-05-30,2026-04-30,170.9345245361328,384.3232421875,1.2483652335912998,,1.2483652335912998,0.86
2026-05-29,HD,2025-05-30,2026-04-30,353.92779541015625,323.9647521972656,-0.08465863264050044,,-0.08465863264050044,0.22
2026-05-29,HON,2025-05-30,2026-04-30,218.6136779785156,222.8849945068359,0.0195381943518651,,0.0195381943518651,0.34
2026-05-29,INTC,2025-05-30,2026-04-30,19.549999237060547,94.4800033569336,3.832736933197917,,3.832736933197917,0.94
2026-05-29,JNJ,2025-05-30,2026-04-30,150.6832733154297,227.41409301757812,0.5092192252920176,,0.5092192252920176,0.74
2026-05-29,JPM,2025-05-30,2026-04-30,257.8022766113281,311.82525634765625,0.20955198862644298,,0.20955198862644298,0.5
2026-05-29,KO,2025-05-30,2026-04-30,69.20634460449219,77.79057312011719,0.12403817257916261,,0.12403817257916261,0.42
2026-05-29,MA,2025-05-30,2026-04-30,581.18701171875,502.078369140625,-0.13611564089186412,,-0.13611564089186412,0.14
2026-05-29,MCD,2025-05-30,2026-04-30,302.5367736816406,289.5541076660156,-0.04291268746485233,,-0.04291268746485233,0.28
2026-05-29,META,2025-05-30,2026-04-30,644.3700561523438,610.8612670898438,-0.05200239946372953,,-0.05200239946372953,0.26
2026-05-29,MRK,2025-05-30,2026-04-30,73.18512725830078,107.7643585205078,0.47248986997265874,,0.47248986997265874,0.68
2026-05-29,MSFT,2025-05-30,2026-04-30,455.8537902832031,406.1341552734375,-0.10906925876140439,,-0.10906925876140439,0.18
2026-05-29,MU,2025-05-30,2026-04-30,94.2199478149414,517.0804443359375,4.488014548167038,,4.193139621430931,0.98
2026-05-29,NFLX,2025-05-30,2026-04-30,120.7229995727539,93.61000061035156,-0.22458851302864336,,-0.22458851302864336,0.12
2026-05-29,NKE,2025-05-30,2026-04-30,57.96751403808594,43.50508499145508,-0.2494919660886048,,-0.2494919660886048,0.1
2026-05-29,NVDA,2025-05-30,2026-04-30,134.79010009765625,199.11488342285156,0.4772218677676745,,0.4772218677676745,0.7
2026-05-29,ORCL,2025-05-30,2026-04-30,163.31756591796875,160.83047485351562,-0.015228558241569323,,-0.015228558241569323,0.32
2026-05-29,PEP,2025-05-30,2026-04-30,123.74942779541016,155.1820831298828,0.2540024297036667,,0.2540024297036667,0.54
2026-05-29,PFE,2025-05-30,2026-04-30,21.578222274780273,25.8148250579834,0.1963369701754667,,0.1963369701754667,0.48
2026-05-29,PG,2025-05-30,2026-04-30,163.91583251953125,146.00010681152344,-0.10929832361296199,,-0.10929832361296199,0.16
2026-05-29,PLTR,2025-05-30,2026-04-30,131.77999877929688,139.11000061035156,0.05562302245374018,,0.05562302245374018,0.36
2026-05-29,QCOM,2025-05-30,2026-04-30,140.5885009765625,177.95066833496094,0.2657554999083964,,0.2657554999083964,0.58
2026-05-29,RKLB,2025-05-30,2026-04-30,26.790000915527344,82.51000213623047,2.0798805269322744,,2.0798805269322744,0.9
2026-05-29,SMCI,2025-05-30,2026-04-30,40.02000045776367,27.399999618530273,-0.31534234619892876,,-0.3113399203140043,0.04
2026-05-29,STX,2025-05-30,2026-04-30,116.26309967041016,672.620849609375,4.785333880794184,,4.193139621430931,0.98
2026-05-29,TMO,2025-05-30,2026-04-30,400.6341857910156,478.1138610839844,0.19339257118059505,,0.19339257118059505,0.46
2026-05-29,TSLA,2025-05-30,2026-04-30,346.4599914550781,381.6300048828125,0.10151248136913527,,0.10151248136913527,0.38
2026-05-29,TSM,2025-05-30,2026-04-30,189.9990692138672,394.0774536132813,1.0741020218877964,,1.0741020218877964,0.84
2026-05-29,TXN,2025-05-30,2026-04-30,176.9552459716797,278.23443603515625,0.5723435296158754,,0.5723435296158754,0.78
2026-05-29,UNH,2025-05-30,2026-04-30,290.1758117675781,366.1216125488281,0.2617234025077191,,0.2617234025077191,0.56
2026-05-29,V,2025-05-30,2026-04-30,361.65618896484375,328.5472412109375,-0.09154812986519845,,-0.09154812986519845,0.2
2026-05-29,WDC,2025-05-30,2026-04-30,51.2985954284668,434.267333984375,7.465481956322527,,4.193139621430931,0.98
2026-05-29,WFC,2025-05-30,2026-04-30,72.75666809082031,81.29581451416016,0.11736582566811116,,0.11736582566811116,0.4
2026-05-29,WMT,2025-05-30,2026-04-30,97.66764831542967,131.3642120361328,0.34501254306723905,,0.34501254306723905,0.62
2026-05-29,XOM,2025-05-30,2026-04-30,98.50199127197266,152.30335998535156,0.5461957470974226,,0.5461957470974226,0.76
2026-06-30,AAPL,2025-06-30,2026-05-29,204.18316650390625,311.7911071777344,0.5270167101251682,,0.5270167101251682,0.72
2026-06-30,ABT,2025-06-30,2026-05-29,132.34326171875,84.9937973022461,-0.3577776745228547,,-0.334021239551925,0.04
2026-06-30,ADBE,2025-06-30,2026-05-29,386.8800048828125,259.2099914550781,-0.3299989966305086,,-0.3299989966305086,0.08
2026-06-30,AMD,2025-06-30,2026-05-29,141.89999389648438,516.0999755859375,2.6370683423878853,,2.6370683423878853,0.9
2026-06-30,AMZN,2025-06-30,2026-05-29,219.38999938964844,270.6400146484375,0.2336023310149442,,0.2336023310149442,0.52
2026-06-30,ASML,2025-06-30,2026-05-29,794.1317138671875,1610.6768798828125,1.0282238471994658,,1.0282238471994658,0.84
2026-06-30,AVGO,2025-06-30,2026-05-29,273.1475830078125,445.2532348632813,0.6300830121222281,,0.6300830121222281,0.78
2026-06-30,BAC,2025-06-30,2026-05-29,46.07609939575195,51.07270431518555,0.10844244597437136,,0.10844244597437136,0.38
2026-06-30,CAT,2025-06-30,2026-05-29,383.3424072265625,874.2481689453125,1.280593413263082,,1.280593413263082,0.88
2026-06-30,COST,2025-06-30,2026-05-29,982.8359985351562,954.8019409179688,-0.028523637370802657,,-0.028523637370802657,0.26
2026-06-30,CRM,2025-06-30,2026-05-29,269.926513671875,190.27330017089844,-0.2950922175722378,,-0.2950922175722378,0.1
2026-06-30,CRWD,2025-06-30,2026-05-29,127.32749938964844,182.75,0.4352751830988786,,0.4352751830988786,0.66
2026-06-30,CSCO,2025-06-30,2026-05-29,67.56623077392578,119.97119140625,0.7756087624255579,,0.7756087624255579,0.8
2026-06-30,CVX,2025-06-30,2026-05-29,136.24485778808594,180.8814239501953,0.32762018975818297,,0.32762018975818297,0.58
2026-06-30,GE,2025-06-30,2026-05-29,255.716064453125,323.35693359375,0.264515525394472,,0.264515525394472,0.56
2026-06-30,GOOGL,2025-06-30,2026-05-29,175.61578369140625,379.8687744140625,1.1630673873913953,,1.1630673873913953,0.86
2026-06-30,HD,2025-06-30,2026-05-29,354.5317687988281,312.47625732421875,-0.11862268822084865,,-0.11862268822084865,0.14
2026-06-30,HON,2025-06-30,2026-05-29,224.6029510498047,248.7136077880859,0.10734790716500786,,0.10734790716500786,0.36
2026-06-30,INTC,2025-06-30,2026-05-29,22.399999618530273,114.68000030517578,4.119642957953776,,4.119642957953776,0.94
2026-06-30,JNJ,2025-06-30,2026-05-29,148.2950439453125,224.22413635253903,0.5120136883011901,,0.5120136883011901,0.68
2026-06-30,JPM,2025-06-30,2026-05-29,283.10400390625,297.9676818847656,0.05250253537013827,,0.05250253537013827,0.34
2026-06-30,KO,2025-06-30,2026-05-29,68.39337921142578,78.0374984741211,0.1410095446941182,,0.1410095446941182,0.42
2026-06-30,MA,2025-06-30,2026-05-29,557.705322265625,493.1533203125,-0.11574571619809648,,-0.11574571619809648,0.16
2026-06-30,MCD,2025-06-30,2026-05-29,283.2356262207031,275.3619384765625,-0.02779907262797965,,-0.02779907262797965,0.28
2026-06-30,META,2025-06-30,2026-05-29,735.0987548828125,631.426025390625,-0.14103238347712166,,-0.14103238347712166,0.12
2026-06-30,MRK,2025-06-30,2026-05-29,76.14965057373047,117.18067169189452,0.5388208719150527,,0.5388208719150527,0.74
2026-06-30,MSFT,2025-06-30,2026-05-29,492.5411682128906,449.3940124511719,-0.08760111549308969,,-0.08760111549308969,0.18
2026-06-30,MU,2025-06-30,2026-05-29,122.9367904663086,970.8507080078124,6.897153523573389,,4.681776628480751,0.98
2026-06-30,NFLX,2025-06-30,2026-05-29,133.91299438476562,86.0199966430664,-0.3576426467179923,,-0.334021239551925,0.04
2026-06-30,NKE,2025-06-30,2026-05-29,68.4168930053711,45.33904266357422,-0.3373121655785384,,-0.334021239551925,0.04
2026-06-30,NVDA,2025-06-30,2026-05-29,157.603515625,210.6584930419922,0.3366357482991089,,0.3366357482991089,0.6
2026-06-30,ORCL,2025-06-30,2026-05-29,215.70785522460935,224.9972381591797,0.04306464836386059,,0.04306464836386059,0.32
2026-06-30,PEP,2025-06-30,2026-05-29,125.66881561279295,141.18055725097656,0.12343349909477874,,0.12343349909477874,0.4
2026-06-30,PFE,2025-06-30,2026-05-29,22.267179489135746,25.729883193969727,0.15550706395138403,,0.15550706395138403,0.46
2026-06-30,PG,2025-06-30,2026-05-29,153.71754455566406,142.4962615966797,-0.07299936380990613,,-0.07299936380990613,0.22
2026-06-30,PLTR,2025-06-30,2026-05-29,136.32000732421875,156.5399932861328,0.14832735384046414,,0.14832735384046414,0.44
2026-06-30,QCOM,2025-06-30,2026-05-29,155.12828063964844,248.74249267578125,0.6034632218582485,,0.6034632218582485,0.76
2026-06-30,RKLB,2025-06-30,2026-05-29,35.77000045776367,143.47999572753906,3.0111823844385093,,3.0111823844385093,0.92
2026-06-30,SMCI,2025-06-30,2026-05-29,49.0099983215332,46.09000015258789,-0.05957964229642443,,-0.05957964229642443,0.24
2026-06-30,STX,2025-06-30,2026-05-29,143.03341674804688,878.4689331054688,5.141704177093737,,4.681776628480751,0.98
2026-06-30,TMO,2025-06-30,2026-05-29,403.67779541015625,491.6399536132813,0.2179018989978163,,0.2179018989978163,0.5
2026-06-30,TSLA,2025-06-30,2026-05-29,317.6600036621094,435.7900085449219,0.37187560133779307,,0.37187560133779307,0.62
2026-06-30,TSM,2025-06-30,2026-05-29,223.4131774902344,416.3553771972656,0.8636115464382799,,0.8636115464382799,0.82
2026-06-30,TXN,2025-06-30,2026-05-29,200.9266815185547,304.12286376953125,0.5136011876125415,,0.5136011876125415,0.7
2026-06-30,UNH,2025-06-30,2026-05-29,301.9733581542969,375.8359680175781,0.24459975646441068,,0.24459975646441068,0.54
2026-06-30,V,2025-06-30,2026-05-29,351.61431884765625,325.75482177734375,-0.07354506254199689,,-0.07354506254199689,0.2
2026-06-30,WDC,2025-06-30,2026-05-29,63.79657745361328,530.901123046875,7.321780638356268,,4.681776628480751,0.98
2026-06-30,WFC,2025-06-30,2026-05-29,77.95220184326172,77.09737396240234,-0.010966051768212748,,-0.010966051768212748,0.3
2026-06-30,WMT,2025-06-30,2026-05-29,96.7376708984375,115.47355651855467,0.19367724533896946,,0.19367724533896946,0.48
2026-06-30,XOM,2025-06-30,2026-05-29,103.79779815673828,144.32546997070312,0.3904482805383467,,0.3904482805383467,0.64
2026-07-31,AAPL,2025-07-31,2026-06-30,206.57162475585935,289.11065673828125,0.3995661653916516,,0.3995661653916516,0.68
2026-07-31,ABT,2025-07-31,2026-06-30,123.33917236328124,90.09739685058594,-0.2695151497756568,,-0.2695151497756568,0.16
2026-07-31,ADBE,2025-07-31,2026-06-30,357.69000244140625,205.02000427246097,-0.4268221004973557,,-0.42283030239074315,0.04
2026-07-31,AMD,2025-07-31,2026-06-30,176.30999755859375,580.9099731445312,2.294821514313023,,2.294821514313023,0.92
2026-07-31,AMZN,2025-07-31,2026-06-30,234.11000061035156,238.33999633789065,0.018068411073901114,,0.018068411073901114,0.34
2026-07-31,ASML,2025-07-31,2026-06-30,690.1641235351562,1986.870361328125,1.8788375019422694,,1.8788375019422694,0.9
2026-07-31,AVGO,2025-07-31,2026-06-30,291.0337829589844,377.0633850097656,0.2956000543170807,,0.2956000543170807,0.62
2026-07-31,BAC,2025-07-31,2026-06-30,46.02740859985352,56.69075775146485,0.23167389770549152,,0.23167389770549152,0.56
2026-07-31,CAT,2025-07-31,2026-06-30,434.1123046875,1062.92822265625,1.4485097777207887,,1.4485097777207887,0.88
2026-07-31,COST,2025-07-31,2026-06-30,932.8970336914062,933.9849853515624,0.0011662076530045695,,0.0011662076530045695,0.32
2026-07-31,CRM,2025-07-31,2026-06-30,255.7120056152344,156.38487243652344,-0.3884335932516475,,-0.3884335932516475,0.1
2026-07-31,CRWD,2025-07-31,2026-06-30,113.64250183105467,190.78500366210935,0.6788173490384584,,0.6788173490384584,0.72
2026-07-31,CSCO,2025-07-31,2026-06-30,66.69890594482422,117.02222442626952,0.7544849164853558,,0.7544849164853558,0.8
2026-07-31,CVX,2025-07-31,2026-06-30,144.28500366210938,164.32589721679688,0.1388979661505212,,0.1388979661505212,0.5
2026-07-31,GE,2025-07-31,2026-06-30,269.71026611328125,373.2647399902344,0.3839470976364656,,0.3839470976364656,0.66
2026-07-31,GOOGL,2025-07-31,2026-06-30,191.2311859130859,357.14044189453125,0.8675847257300944,,0.8675847257300944,0.82
2026-07-31,HD,2025-07-31,2026-06-30,355.3730163574219,350.1000061035156,-0.014837959021072211,,-0.014837959021072211,0.26
2026-07-31,HON,2025-07-31,2026-06-30,214.4472198486328,223.2301788330078,0.04095627348572961,,0.04095627348572961,0.38
2026-07-31,INTC,2025-07-31,2026-06-30,19.799999237060547,139.6300048828125,6.052020720357441,,5.667195233573434,0.98
2026-07-31,JNJ,2025-07-31,2026-06-30,159.93536376953125,252.7235870361328,0.5801607666976671,,0.5801607666976671,0.7
2026-07-31,JPM,2025-07-31,2026-06-30,290.6790771484375,325.86199951171875,0.1210369962242408,,0.1210369962242408,0.46
2026-07-31,KO,2025-07-31,2026-06-30,65.6286392211914,80.78792572021484,0.230985842140218,,0.230985842140218,0.54
2026-07-31,MA,2025-07-31,2026-06-30,562.9617919921875,512.740478515625,-0.08920909765268659,,-0.08920909765268659,0.22
2026-07-31,MCD,2025-07-31,2026-06-30,290.8940124511719,268.4022216796875,-0.07731953841868688,,-0.07731953841868688,0.24
2026-07-31,META,2025-07-31,2026-06-30,770.3053588867188,562.8457641601562,-0.2693212403797798,,-0.2693212403797798,0.18
2026-07-31,MRK,2025-07-31,2026-06-30,75.1491928100586,127.74594116210938,0.69989771526875,,0.69989771526875,0.76
2026-07-31,MSFT,2025-07-31,2026-06-30,528.2778930664062,372.319091796875,-0.29522113894311064,,-0.29522113894311064,0.14
2026-07-31,MU,2025-07-31,2026-06-30,108.96510314941406,1154.112548828125,9.59157946416656,,5.667195233573434,0.98
2026-07-31,NFLX,2025-07-31,2026-06-30,115.94000244140624,71.4000015258789,-0.38416422268092465,,-0.38416422268092465,0.12
2026-07-31,NKE,2025-07-31,2026-06-30,71.93212127685547,40.619110107421875,-0.4353133289217861,,-0.42283030239074315,0.04
2026-07-31,NVDA,2025-07-31,2026-06-30,177.4348602294922,199.86634826660156,0.12642097504456995,,0.12642097504456995,0.48
2026-07-31,ORCL,2025-07-31,2026-06-30,250.91021728515625,146.04193115234375,-0.41795143803821677,,-0.41795143803821677,0.08
2026-07-31,PEP,2025-07-31,2026-06-30,131.26507568359375,133.9688262939453,0.020597638757080983,,0.020597638757080983,0.36
2026-07-31,PFE,2025-07-31,2026-06-30,21.7636661529541,23.66598892211914,0.08740819473132877,,0.08740819473132877,0.44
2026-07-31,PG,2025-07-31,2026-06-30,146.17156982421875,145.55343627929688,-0.004228821963567997,,-0.004228821963567997,0.28
2026-07-31,PLTR,2025-07-31,2026-06-30,158.35000610351562,116.66999816894533,-0.2632144384467121,,-0.2632144384467121,0.2
2026-07-31,QCOM,2025-07-31,2026-06-30,142.95257568359375,183.7897186279297,0.2856691650993646,,0.2856691650993646,0.6
2026-07-31,RKLB,2025-07-31,2026-06-30,45.91999816894531,101.6500015258789,1.2136325256785958,,1.2136325256785958,0.86
2026-07-31,SMCI,2025-07-31,2026-06-30,58.970001220703125,29.329999923706055,-0.5026284667362546,,-0.42283030239074315,0.04
2026-07-31,STX,2025-07-31,2026-06-30,155.59947204589844,964.22705078125,5.196852971948543,,5.196852971948543,0.94
2026-07-31,TMO,2025-07-31,2026-06-30,465.6242980957031,500.9759826660156,0.07592319540645276,,0.07592319540645276,0.42
2026-07-31,TSLA,2025-07-31,2026-06-30,308.2699890136719,420.6000061035156,0.3643884292767203,,0.3643884292767203,0.64
2026-07-31,TSM,2025-07-31,2026-06-30,238.337646484375,476.2922668457031,0.9983929264692475,,0.9983929264692475,0.84
2026-07-31,TXN,2025-07-31,2026-06-30,176.48944091796875,296.5516357421875,0.6802797617791931,,0.6802797617791931,0.74
2026-07-31,UNH,2025-07-31,2026-06-30,241.5631866455078,413.0863952636719,0.710055248897975,,0.710055248897975,0.78
2026-07-31,V,2025-07-31,2026-06-30,342.1269836425781,342.45379638671875,0.000955238141876702,,0.000955238141876702,0.3
2026-07-31,WDC,2025-07-31,2026-06-30,78.4521484375,638.5150146484375,7.1389104997821615,,5.667195233573434,0.98
2026-07-31,WFC,2025-07-31,2026-06-30,78.44839477539062,82.16825866699219,0.04741797333459896,,0.04741797333459896,0.4
2026-07-31,WMT,2025-07-31,2026-06-30,96.93553924560548,112.989501953125,0.16561482849797327,,0.16561482849797327,0.52
2026-07-31,XOM,2025-07-31,2026-06-30,107.49522399902344,135.8404083251953,0.2636878483683087,,0.2636878483683087,0.58
2026-08-31,AAPL,2025-08-29,2026-07-31,231.28562927246097,308.6438293457031,0.3344704135599883,,0.3344704135599883,0.66
2026-08-31,ABT,2025-08-29,2026-07-31,129.66299438476562,105.6999969482422,-0.18480984146806723,,-0.18480984146806723,0.18
2026-08-31,ADBE,2025-08-29,2026-07-31,356.70001220703125,250.41000366210935,-0.29798151081427615,,-0.29798151081427615,0.1
2026-08-31,AMD,2025-08-29,2026-07-31,162.6300048828125,476.1499938964844,1.9278114714414927,,1.9278114714414927,0.92
2026-08-31,AMZN,2025-08-29,2026-07-31,229.0,271.5799865722656,0.1859388059924263,,0.1859388059924263,0.52
2026-08-31,ASML,2025-08-29,2026-07-31,737.7606811523438,1629.0,1.2080330947639917,,1.2080330947639917,0.9
2026-08-31,AVGO,2025-08-29,2026-07-31,294.69024658203125,388.5724182128906,0.31857916140677545,,0.31857916140677545,0.64
2026-08-31,BAC,2025-08-29,2026-07-31,49.40619659423828,61.63553237915039,0.24752635555715474,,0.24752635555715474,0.56
2026-08-31,CAT,2025-08-29,2026-07-31,415.3016357421875,814.8099975585938,0.9619715585816151,,0.9619715585816151,0.88
2026-08-31,COST,2025-08-29,2026-07-31,937.8480224609376,951.8900146484376,0.014972566824476896,,0.014972566824476896,0.36
2026-08-31,CRM,2025-08-29,2026-07-31,253.6531219482422,183.6968231201172,-0.2757951421642646,,-0.2757951421642646,0.12
2026-08-31,CRWD,2025-08-29,2026-07-31,105.9250030517578,190.86000061035156,0.8018408790329914,,0.8018408790329914,0.86
2026-08-31,CSCO,2025-08-29,2026-07-31,67.68840789794922,115.98999786376952,0.7135873255970571,,0.7135873255970571,0.82
2026-08-31,CVX,2025-08-29,2026-07-31,154.51150512695312,195.12709045410156,0.2628644727379814,,0.2628644727379814,0.58
2026-08-31,GE,2025-08-29,2026-07-31,273.80950927734375,360.07000732421875,0.315038357413296,,0.315038357413296,0.62
2026-08-31,GOOGL,2025-08-29,2026-07-31,212.16796875,355.9012451171875,0.677450405044647,,0.677450405044647,0.8
2026-08-31,HD,2025-08-29,2026-07-31,393.33648681640625,329.5315856933594,-0.1622145497852795,,-0.1622145497852795,0.2
2026-08-31,HON,2025-08-29,2026-07-31,212.8005523681641,242.32290649414065,0.1387325070232912,,0.1387325070232912,0.44
2026-08-31,INTC,2025-08-29,2026-07-31,24.350000381469727,90.1999969482422,2.7043119316287205,,2.7043119316287205,0.94
2026-08-31,JNJ,2025-08-29,2026-07-31,173.26531982421875,255.09190368652344,0.47226175408511906,,0.47226175408511906,0.76
2026-08-31,JPM,2025-08-29,2026-07-31,295.7618408203125,351.7900085449219,0.18943676969690215,,0.18943676969690215,0.54
2026-08-31,KO,2025-08-29,2026-07-31,66.6919937133789,87.0704345703125,0.30556052866725936,,0.30556052866725936,0.6
2026-08-31,MA,2025-08-29,2026-07-31,591.6033935546875,573.0999755859375,-0.031276727230334145,,-0.031276727230334145,0.32
2026-08-31,MCD,2025-08-29,2026-07-31,303.9521484375,268.72991943359375,-0.1158808357992206,,-0.1158808357992206,0.22
2026-08-31,META,2025-08-29,2026-07-31,735.7061767578125,556.27099609375,-0.24389516675640321,,-0.24389516675640321,0.14
2026-08-31,MRK,2025-08-29,2026-07-31,80.92102813720703,129.4359588623047,0.5995342847453364,,0.5995342847453364,0.78
2026-08-31,MSFT,2025-08-29,2026-07-31,502.5551452636719,463.8468017578125,-0.07702307671240849,,-0.07702307671240849,0.24
2026-08-31,MU,2025-08-29,2026-07-31,118.8192901611328,823.030029296875,5.926737469822875,,3.503017969196865,0.98
2026-08-31,NFLX,2025-08-29,2026-07-31,120.8249969482422,71.70999908447266,-0.40649699237988757,,-0.3659180846950282,0.04
2026-08-31,NKE,2025-08-29,2026-07-31,74.51315307617188,41.27218246459961,-0.4461087638794633,,-0.3659180846950282,0.04
2026-08-31,NVDA,2025-08-29,2026-07-31,173.75387573242188,200.5256195068359,0.1540785416242576,,0.1540785416242576,0.48
2026-08-31,ORCL,2025-08-29,2026-07-31,223.58169555664065,129.8699951171875,-0.4191385176060304,,-0.3659180846950282,0.04
2026-08-31,PEP,2025-08-29,2026-07-31,141.47732543945312,138.08485412597656,-0.0239789047675234,,-0.0239789047675234,0.34
2026-08-31,PFE,2025-08-29,2026-07-31,23.1373291015625,25.010000228881836,0.0809372213663535,,0.0809372213663535,0.42
2026-08-31,PG,2025-08-29,2026-07-31,152.5538787841797,144.49000549316406,-0.05285918231173725,,-0.05285918231173725,0.3
2026-08-31,PLTR,2025-08-29,2026-07-31,156.7100067138672,123.05999755859376,-0.2147278904576535,,-0.2147278904576535,0.16
2026-08-31,QCOM,2025-08-29,2026-07-31,156.5601348876953,146.81097412109375,-0.06227102942645579,,-0.06227102942645579,0.28
2026-08-31,RKLB,2025-08-29,2026-07-31,48.599998474121094,64.94999694824219,0.3364197322521989,,0.3364197322521989,0.68
2026-08-31,SMCI,2025-08-29,2026-07-31,41.540000915527344,28.399999618530273,-0.31632164196908896,,-0.31632164196908896,0.08
2026-08-31,STX,2025-08-29,2026-07-31,165.89614868164062,855.4442749023438,4.156504727207172,,3.503017969196865,0.98
2026-08-31,TMO,2025-08-29,2026-07-31,490.5542297363281,573.860107421875,0.1698199151810873,,0.1698199151810873,0.5
2026-08-31,TSLA,2025-08-29,2026-07-31,333.8699951171875,311.2099914550781,-0.0678707400889852,,-0.0678707400889852,0.26
2026-08-31,TSM,2025-08-29,2026-07-31,227.7336883544922,403.1684265136719,0.77035040106186,,0.77035040106186,0.84
2026-08-31,TXN,2025-08-29,2026-07-31,197.3687286376953,275.739990234375,0.3970804399340475,,0.3970804399340475,0.74
2026-08-31,UNH,2025-08-29,2026-07-31,299.9406433105469,411.8638916015625,0.3731513243943223,,0.3731513243943223,0.7
2026-08-31,V,2025-08-29,2026-07-31,348.98895263671875,365.4510803222656,0.04717091346637314,,0.04717091346637314,0.38
2026-08-31,WDC,2025-08-29,2026-07-31,80.09713745117188,544.6651611328125,5.800057760676486,,3.503017969196865,0.98
2026-08-31,WFC,2025-08-29,2026-07-31,80.42617797851562,85.95650482177734,0.06876277080752291,,0.06876277080752291,0.4
2026-08-31,WMT,2025-08-29,2026-07-31,96.1702880859375,110.93441772460938,0.1535206968027245,,0.1535206968027245,0.46
2026-08-31,XOM,2025-08-29,2026-07-31,111.07086181640624,154.4399871826172,0.390463571246054,,0.390463571246054,0.72
