date,return_date,ticker,rank_pct,quintile,fwd_ret
2021-06-30,2021-07-30,INTC,0.041666666666666664,1,-0.0431063710161379
2021-06-30,2021-07-30,MRK,0.041666666666666664,1,-0.011572270840018217
2021-06-30,2021-07-30,NFLX,0.041666666666666664,1,-0.020143488257281073
2021-06-30,2021-07-30,PEP,0.08333333333333333,1,0.0592563955190899
2021-06-30,2021-07-30,PG,0.10416666666666667,1,0.06073171790545828
2021-06-30,2021-07-30,ADBE,0.125,1,0.06145411743420559
2021-06-30,2021-07-30,AMZN,0.14583333333333334,1,-0.032722282722282725
2021-06-30,2021-07-30,CSCO,0.16666666666666666,1,0.052000578795545094
2021-06-30,2021-07-30,V,0.1875,1,0.05375962331179096
2021-06-30,2021-07-30,WMT,0.20833333333333334,1,0.010849473536898913
2021-06-30,2021-07-30,SMCI,0.22916666666666666,2,0.08129619741330063
2021-06-30,2021-07-30,MA,0.25,2,0.05835448535127585
2021-06-30,2021-07-30,CVX,0.2708333333333333,2,-0.027974054833849182
2021-06-30,2021-07-30,JNJ,0.2916666666666667,2,0.045283882425781075
2021-06-30,2021-07-30,MSFT,0.3125,2,0.051716566636222705
2021-06-30,2021-07-30,KO,0.3333333333333333,2,0.053963915629092085
2021-06-30,2021-07-30,CRM,0.3541666666666667,2,-0.009579593953604637
2021-06-30,2021-07-30,COST,0.375,2,0.08809240204816038
2021-06-30,2021-07-30,HD,0.3958333333333333,2,0.029163660550202364
2021-06-30,2021-07-30,ABT,0.4166666666666667,3,0.04753361628886066
2021-06-30,2021-07-30,TMO,0.4375,3,0.0704499183530487
2021-06-30,2021-07-30,MCD,0.4583333333333333,3,0.0507379161634105
2021-06-30,2021-07-30,PFE,0.4791666666666667,3,0.10310871286905554
2021-06-30,2021-07-30,AAPL,0.5,3,0.06498224019492893
2021-06-30,2021-07-30,NKE,0.5208333333333334,3,0.08427733674048477
2021-06-30,2021-07-30,XOM,0.5416666666666666,3,-0.08734953000907131
2021-06-30,2021-07-30,UNH,0.5625,3,0.02941772538874554
2021-06-30,2021-07-30,META,0.5833333333333334,3,0.024704512474269302
2021-06-30,2021-07-30,ORCL,0.6041666666666666,3,0.1236055206591149
2021-06-30,2021-07-30,QCOM,0.625,4,0.04806569816557138
2021-06-30,2021-07-30,AMD,0.6458333333333334,4,0.13052275201105146
2021-06-30,2021-07-30,TXN,0.6666666666666666,4,-0.0032079159605816754
2021-06-30,2021-07-30,AVGO,0.6875,4,0.017951580428388736
2021-06-30,2021-07-30,HON,0.7083333333333334,4,0.06583081108978539
2021-06-30,2021-07-30,MU,0.7291666666666666,4,-0.08707935615902096
2021-06-30,2021-07-30,GOOGL,0.75,4,0.10350602674442744
2021-06-30,2021-07-30,WDC,0.7708333333333334,4,-0.08767737607929593
2021-06-30,2021-07-30,NVDA,0.7916666666666666,4,-0.0251717533870518
2021-06-30,2021-07-30,JPM,0.8125,5,-0.018550535230720477
2021-06-30,2021-07-30,BAC,0.8333333333333334,5,-0.06960945178539013
2021-06-30,2021-07-30,ASML,0.8541666666666666,5,0.1098660142100445
2021-06-30,2021-07-30,WFC,0.875,5,0.014351875695557181
2021-06-30,2021-07-30,CAT,0.8958333333333334,5,-0.04489475124383091
2021-06-30,2021-07-30,STX,0.9166666666666666,5,-0.000341308246807559
2021-06-30,2021-07-30,GE,0.9375,5,-0.037890114498037364
2021-06-30,2021-07-30,TSM,0.9791666666666666,5,-0.029294151253223766
2021-06-30,2021-07-30,CRWD,0.9791666666666666,5,0.009152055525453395
2021-06-30,2021-07-30,TSLA,0.9791666666666666,5,0.01103427987887895
2021-07-30,2021-08-31,PG,0.041666666666666664,1,0.0011249691676473716
2021-07-30,2021-08-31,MRK,0.041666666666666664,1,-0.007545576676391885
2021-07-30,2021-08-31,NFLX,0.041666666666666664,1,0.09973527738900967
2021-07-30,2021-08-31,AMZN,0.08333333333333333,1,0.043034169499993835
2021-07-30,2021-08-31,PFE,0.10416666666666667,1,0.07615026649702439
2021-07-30,2021-08-31,WMT,0.125,1,0.04275703245349205
2021-07-30,2021-08-31,PEP,0.14583333333333334,1,-0.0035681588445409806
2021-07-30,2021-08-31,CSCO,0.16666666666666666,1,0.0659200601908092
2021-07-30,2021-08-31,JNJ,0.1875,1,0.01137476986074959
2021-07-30,2021-08-31,SMCI,0.20833333333333334,1,-0.039432140078816014
2021-07-30,2021-08-31,ABT,0.22916666666666666,2,0.044552935646400726
2021-07-30,2021-08-31,KO,0.25,2,-0.01262490958078566
2021-07-30,2021-08-31,MA,0.2708333333333333,2,-0.10289154285147417
2021-07-30,2021-08-31,INTC,0.2916666666666667,2,0.01286856368122069
2021-07-30,2021-08-31,AMD,0.3125,2,0.04265937164655842
2021-07-30,2021-08-31,MCD,0.3333333333333333,2,-0.016266889486499903
2021-07-30,2021-08-31,TMO,0.3541666666666667,2,0.02766618834430501
2021-07-30,2021-08-31,HD,0.375,2,-0.006124302039726026
2021-07-30,2021-08-31,V,0.3958333333333333,2,-0.06890596407786664
2021-07-30,2021-08-31,CRM,0.4166666666666667,3,0.09647420700075715
2021-07-30,2021-08-31,COST,0.4375,3,0.05996932459018467
2021-07-30,2021-08-31,AAPL,0.4583333333333333,3,0.04248943736330113
2021-07-30,2021-08-31,ADBE,0.4791666666666667,3,0.06767692517054358
2021-07-30,2021-08-31,CVX,0.5,3,-0.03668917622156498
2021-07-30,2021-08-31,MSFT,0.5208333333333334,3,0.0615906959185617
2021-07-30,2021-08-31,UNH,0.5416666666666666,3,0.009825044405912253
2021-07-30,2021-08-31,META,0.5625,3,0.0647768969771052
2021-07-30,2021-08-31,QCOM,0.5833333333333334,3,-0.02076115053462757
2021-07-30,2021-08-31,ORCL,0.6041666666666666,3,0.02283675482081793
2021-07-30,2021-08-31,HON,0.625,4,-0.004086350182747389
2021-07-30,2021-08-31,TXN,0.6458333333333334,4,0.0015213178643114222
2021-07-30,2021-08-31,TSM,0.6666666666666666,4,0.020318844947649017
2021-07-30,2021-08-31,AVGO,0.6875,4,0.02433071044553703
2021-07-30,2021-08-31,NKE,0.7083333333333334,4,-0.014913342079790115
2021-07-30,2021-08-31,XOM,0.7291666666666666,4,-0.03864500390495251
2021-07-30,2021-08-31,GOOGL,0.75,4,0.07400908507799375
2021-07-30,2021-08-31,JPM,0.7708333333333334,4,0.05382812841789053
2021-07-30,2021-08-31,WDC,0.7916666666666666,4,-0.02664402356342843
2021-07-30,2021-08-31,CAT,0.8125,5,0.019927321020915878
2021-07-30,2021-08-31,BAC,0.8333333333333334,5,0.08837324111924438
2021-07-30,2021-08-31,MU,0.8541666666666666,5,-0.05001277765687018
2021-07-30,2021-08-31,NVDA,0.875,5,0.14820998289484955
2021-07-30,2021-08-31,WFC,0.8958333333333334,5,-0.0008942389365367287
2021-07-30,2021-08-31,ASML,0.9166666666666666,5,0.08647013012975258
2021-07-30,2021-08-31,STX,0.9375,5,-0.0035264763016820133
2021-07-30,2021-08-31,CRWD,0.9791666666666666,5,0.1080004705008879
2021-07-30,2021-08-31,GE,0.9791666666666666,5,0.017471182210367475
2021-07-30,2021-08-31,TSLA,0.9791666666666666,5,0.07060538379906944
2021-08-31,2021-09-30,CRM,0.041666666666666664,1,0.022429939632127693
2021-08-31,2021-09-30,AMZN,0.041666666666666664,1,-0.05351810876292584
2021-08-31,2021-09-30,MRK,0.041666666666666664,1,-0.006643876486236211
2021-08-31,2021-09-30,NFLX,0.08333333333333333,1,0.07229574959382656
2021-08-31,2021-09-30,WMT,0.10416666666666667,1,-0.05887922902101872
2021-08-31,2021-09-30,PG,0.125,1,-0.01818959445726598
2021-08-31,2021-09-30,INTC,0.14583333333333334,1,-0.014428679527792587
2021-08-31,2021-09-30,MA,0.16666666666666666,1,0.004187889981820625
2021-08-31,2021-09-30,ABT,0.1875,1,-0.06520547638941343
2021-08-31,2021-09-30,AAPL,0.20833333333333334,1,-0.06803667204999841
2021-08-31,2021-09-30,JNJ,0.22916666666666666,2,-0.0671748835478474
2021-08-31,2021-09-30,PEP,0.25,2,-0.031645293228142024
2021-08-31,2021-09-30,MCD,0.2708333333333333,2,0.015371131307669206
2021-08-31,2021-09-30,V,0.2916666666666667,2,-0.027716875162863364
2021-08-31,2021-09-30,AMD,0.3125,2,-0.07062860918178882
2021-08-31,2021-09-30,HD,0.3333333333333333,2,0.01149342348519844
2021-08-31,2021-09-30,KO,0.3541666666666667,2,-0.06116134761929781
2021-08-31,2021-09-30,ADBE,0.375,2,-0.13255995161329337
2021-08-31,2021-09-30,META,0.3958333333333333,2,-0.10540874801002376
2021-08-31,2021-09-30,PFE,0.4166666666666667,3,-0.06642065106964035
2021-08-31,2021-09-30,TMO,0.4375,3,0.029995101104868915
2021-08-31,2021-09-30,CVX,0.4583333333333333,3,0.04836203292119223
2021-08-31,2021-09-30,MSFT,0.4791666666666667,3,-0.06611869883605026
2021-08-31,2021-09-30,COST,0.5,3,-0.013479883748321875
2021-08-31,2021-09-30,QCOM,0.5208333333333334,3,-0.1166359473849774
2021-08-31,2021-09-30,UNH,0.5416666666666666,3,-0.058035680133571965
2021-08-31,2021-09-30,CSCO,0.5625,3,-0.07777027686973181
2021-08-31,2021-09-30,TXN,0.5833333333333334,3,0.006809516249460801
2021-08-31,2021-09-30,TSLA,0.6041666666666666,3,0.05404233150359339
2021-08-31,2021-09-30,SMCI,0.625,4,0.000821023794421949
2021-08-31,2021-09-30,HON,0.6458333333333334,4,-0.08464492520982914
2021-08-31,2021-09-30,AVGO,0.6666666666666666,4,-0.01755003621958695
2021-08-31,2021-09-30,NVDA,0.6875,4,-0.07455890474406723
2021-08-31,2021-09-30,CAT,0.7083333333333334,4,-0.0896285782870907
2021-08-31,2021-09-30,TSM,0.7291666666666666,4,-0.05799019187740395
2021-08-31,2021-09-30,NKE,0.75,4,-0.11842927639676493
2021-08-31,2021-09-30,XOM,0.7708333333333334,4,0.07887022439221414
2021-08-31,2021-09-30,BAC,0.7916666666666666,4,0.021976964611138294
2021-08-31,2021-09-30,ORCL,0.8125,5,-0.02243923405641679
2021-08-31,2021-09-30,JPM,0.8333333333333334,5,0.02338209684694137
2021-08-31,2021-09-30,GOOGL,0.8541666666666666,5,-0.07616919300338143
2021-08-31,2021-09-30,WDC,0.875,5,-0.10696206467786451
2021-08-31,2021-09-30,MU,0.8958333333333334,5,-0.03556008217556317
2021-08-31,2021-09-30,STX,0.9166666666666666,5,-0.05021183344916347
2021-08-31,2021-09-30,WFC,0.9375,5,0.015535857294546762
2021-08-31,2021-09-30,CRWD,0.9791666666666666,5,-0.12533808263595414
2021-08-31,2021-09-30,GE,0.9791666666666666,5,-0.02181861601077728
2021-08-31,2021-09-30,ASML,0.9791666666666666,5,-0.10555320181083983
2021-09-30,2021-10-29,MRK,0.04081632653061224,1,0.1722804842164718
2021-09-30,2021-10-29,MA,0.04081632653061224,1,-0.033755414644801474
2021-09-30,2021-10-29,PG,0.04081632653061224,1,0.02915909918483428
2021-09-30,2021-10-29,CRM,0.08163265306122448,1,0.1049702242463868
2021-09-30,2021-10-29,INTC,0.10204081632653061,1,-0.08033028597795733
2021-09-30,2021-10-29,WMT,0.12244897959183673,1,0.07203344164428693
2021-09-30,2021-10-29,AMZN,0.14285714285714285,1,0.02660245759664326
2021-09-30,2021-10-29,MCD,0.16326530612244897,1,0.01841467314922185
2021-09-30,2021-10-29,NFLX,0.1836734693877551,1,0.1310252937915013
2021-09-30,2021-10-29,V,0.20408163265306123,1,-0.04929315724992278
2021-09-30,2021-10-29,PEP,0.22448979591836735,2,0.07439673282513248
2021-09-30,2021-10-29,KO,0.24489795918367346,2,0.07432799323221384
2021-09-30,2021-10-29,ABT,0.2653061224489796,2,0.09529878544008641
2021-09-30,2021-10-29,JNJ,0.2857142857142857,2,0.008545073456343477
2021-09-30,2021-10-29,HD,0.30612244897959184,2,0.13245612887240021
2021-09-30,2021-10-29,TMO,0.32653061224489793,2,0.10806387676321383
2021-09-30,2021-10-29,QCOM,0.3469387755102041,2,0.031477965845960076
2021-09-30,2021-10-29,AAPL,0.3673469387755102,2,0.05865724881679868
2021-09-30,2021-10-29,NKE,0.3877551020408163,2,0.15189700112062443
2021-09-30,2021-10-29,COST,0.40816326530612246,2,0.0956608435053401
2021-09-30,2021-10-29,UNH,0.42857142857142855,3,0.17845613505958635
2021-09-30,2021-10-29,AMD,0.4489795918367347,3,0.16841595310080026
2021-09-30,2021-10-29,ADBE,0.46938775510204084,3,0.12964638790848237
2021-09-30,2021-10-29,TXN,0.4897959183673469,3,-0.01860118523594545
2021-09-30,2021-10-29,PFE,0.5102040816326531,3,0.016972826282902753
2021-09-30,2021-10-29,SMCI,0.5306122448979592,3,-0.032266893197996915
2021-09-30,2021-10-29,AVGO,0.5510204081632653,3,0.09638466727681316
2021-09-30,2021-10-29,CVX,0.5714285714285714,3,0.12853633108449913
2021-09-30,2021-10-29,HON,0.5918367346938775,3,0.02986646989614994
2021-09-30,2021-10-29,CAT,0.6122448979591837,4,0.06858596942004014
2021-09-30,2021-10-29,MSFT,0.6326530612244898,4,0.17629095783323945
2021-09-30,2021-10-29,META,0.6530612244897959,4,-0.04661313484686169
2021-09-30,2021-10-29,TSM,0.673469387755102,4,0.0183608631047667
2021-09-30,2021-10-29,ORCL,0.6938775510204082,4,0.10494372232494054
2021-09-30,2021-10-29,CSCO,0.7142857142857143,4,0.03523990789662035
2021-09-30,2021-10-29,MU,0.7346938775510204,4,-0.02648658834883788
2021-09-30,2021-10-29,NVDA,0.7551020408163265,4,0.23416683613043365
2021-09-30,2021-10-29,XOM,0.7755102040816326,4,0.09605569575060224
2021-09-30,2021-10-29,JPM,0.7959183673469388,4,0.04413067187599706
2021-09-30,2021-10-29,TSLA,0.8163265306122449,5,0.436529595729082
2021-09-30,2021-10-29,WDC,0.8367346938775511,5,-0.07352934569274394
2021-09-30,2021-10-29,BAC,0.8571428571428571,5,0.12555924509199912
2021-09-30,2021-10-29,STX,0.8775510204081632,5,0.07937506205996026
2021-09-30,2021-10-29,WFC,0.8979591836734694,5,0.10234875728981896
2021-09-30,2021-10-29,GOOGL,0.9183673469387755,5,0.10749880185706107
2021-09-30,2021-10-29,CRWD,0.9387755102040817,5,0.14655378465526292
2021-09-30,2021-10-29,GE,0.9795918367346939,5,0.017858959862697033
2021-09-30,2021-10-29,ASML,0.9795918367346939,5,0.0909529324796885
2021-09-30,2021-10-29,PLTR,0.9795918367346939,5,0.07653902558925485
2021-10-29,2021-11-30,WMT,0.04081632653061224,1,-0.05882756770167863
2021-10-29,2021-11-30,PG,0.04081632653061224,1,0.011119450020298682
2021-10-29,2021-11-30,QCOM,0.04081632653061224,1,0.35718572889170064
2021-10-29,2021-11-30,AMZN,0.08163265306122448,1,0.039923701306487036
2021-10-29,2021-11-30,MRK,0.10204081632653061,1,-0.1492330992563723
2021-10-29,2021-11-30,KO,0.12244897959183673,1,-0.062324965629614426
2021-10-29,2021-11-30,ABT,0.14285714285714285,1,-0.024206736166643816
2021-10-29,2021-11-30,MCD,0.16326530612244897,1,0.0016536356315641765
2021-10-29,2021-11-30,PEP,0.1836734693877551,1,-0.01126244071961291
2021-10-29,2021-11-30,CRM,0.20408163265306123,1,-0.049150896756467555
2021-10-29,2021-11-30,JNJ,0.22448979591836735,2,-0.03639915832325613
2021-10-29,2021-11-30,MA,0.24489795918367346,2,-0.06139706405234435
2021-10-29,2021-11-30,TMO,0.2653061224489796,2,-0.000379067345675832
2021-10-29,2021-11-30,NKE,0.2857142857142857,2,0.01165662110133514
2021-10-29,2021-11-30,V,0.30612244897959184,2,-0.08338715261121643
2021-10-29,2021-11-30,INTC,0.32653061224489793,2,0.011064332250310116
2021-10-29,2021-11-30,CAT,0.3469387755102041,2,-0.05225243614238306
2021-10-29,2021-11-30,HD,0.3673469387755102,2,0.07766159678101703
2021-10-29,2021-11-30,NFLX,0.3877551020408163,2,-0.07012785433648494
2021-10-29,2021-11-30,ADBE,0.40816326530612246,2,0.02996800337253136
2021-10-29,2021-11-30,META,0.42857142857142855,3,0.0027505780717786976
2021-10-29,2021-11-30,COST,0.4489795918367347,3,0.09732669695143814
2021-10-29,2021-11-30,UNH,0.46938775510204084,3,-0.03528983762013094
2021-10-29,2021-11-30,AAPL,0.4897959183673469,3,0.10508157064108592
2021-10-29,2021-11-30,HON,0.5102040816326531,3,-0.07092691524042216
2021-10-29,2021-11-30,PFE,0.5306122448979592,3,0.23917767253415212
2021-10-29,2021-11-30,TXN,0.5510204081632653,3,0.02608305996302218
2021-10-29,2021-11-30,TSM,0.5714285714285714,3,0.030343199422955047
2021-10-29,2021-11-30,AMD,0.5918367346938775,3,0.3172252407498115
2021-10-29,2021-11-30,MSFT,0.6122448979591837,4,-0.0012819187607358007
2021-10-29,2021-11-30,MU,0.6326530612244898,4,0.2156297294226126
2021-10-29,2021-11-30,AVGO,0.6530612244897959,4,0.04139790024168888
2021-10-29,2021-11-30,WDC,0.673469387755102,4,0.10613883979876237
2021-10-29,2021-11-30,CVX,0.6938775510204082,4,-0.0027556338792568136
2021-10-29,2021-11-30,CSCO,0.7142857142857143,4,-0.02018935161673252
2021-10-29,2021-11-30,ORCL,0.7346938775510204,4,-0.05420059829071422
2021-10-29,2021-11-30,SMCI,0.7551020408163265,4,0.16982193453601213
2021-10-29,2021-11-30,GOOGL,0.7755102040816326,4,-0.041530913529435165
2021-10-29,2021-11-30,NVDA,0.7959183673469388,4,0.2780534598101305
2021-10-29,2021-11-30,JPM,0.8163265306122449,5,-0.06510103313116156
2021-10-29,2021-11-30,GE,0.8367346938775511,5,-0.09421200007983022
2021-10-29,2021-11-30,STX,0.8571428571428571,5,0.15268857641886058
2021-10-29,2021-11-30,BAC,0.8775510204081632,5,-0.0692757627818047
2021-10-29,2021-11-30,XOM,0.8979591836734694,5,-0.0593422755431654
2021-10-29,2021-11-30,CRWD,0.9183673469387755,5,-0.22945348191719706
2021-10-29,2021-11-30,TSLA,0.9387755102040817,5,0.02761218887377903
2021-10-29,2021-11-30,ASML,0.9795918367346939,5,-0.023769490457253628
2021-10-29,2021-11-30,WFC,0.9795918367346939,5,-0.062461389583367555
2021-10-29,2021-11-30,PLTR,0.9795918367346939,5,-0.20208654218833477
2021-11-30,2021-12-31,QCOM,0.04081632653061224,1,0.016622136273648946
2021-11-30,2021-12-31,PLTR,0.04081632653061224,1,-0.11815983434053345
2021-11-30,2021-12-31,WMT,0.04081632653061224,1,0.033012631427574046
2021-11-30,2021-12-31,MA,0.08163265306122448,1,0.1409878768363937
2021-11-30,2021-12-31,V,0.10204081632653061,1,0.11838777317860982
2021-11-30,2021-12-31,INTC,0.12244897959183673,1,0.04674810188243872
2021-11-30,2021-12-31,PG,0.14285714285714285,1,0.13141512373967723
2021-11-30,2021-12-31,AMZN,0.16326530612244897,1,-0.04925196878828486
2021-11-30,2021-12-31,MU,0.1836734693877551,1,0.11011099572470928
2021-11-30,2021-12-31,HON,0.20408163265306123,1,0.031002683914244544
2021-11-30,2021-12-31,KO,0.22448979591836735,2,0.12888481380145778
2021-11-30,2021-12-31,JNJ,0.24489795918367346,2,0.09709509855662102
2021-11-30,2021-12-31,MCD,0.2653061224489796,2,0.09595250354594476
2021-11-30,2021-12-31,PEP,0.2857142857142857,2,0.0945289824309834
2021-11-30,2021-12-31,WDC,0.30612244897959184,2,0.12742040915461872
2021-11-30,2021-12-31,META,0.32653061224489793,2,0.03664546806997171
2021-11-30,2021-12-31,PFE,0.3469387755102041,2,0.09901348173165947
2021-11-30,2021-12-31,MRK,0.3673469387755102,2,0.032800257010252576
2021-11-30,2021-12-31,TXN,0.3877551020408163,2,-0.02027338551368507
2021-11-30,2021-12-31,TSM,0.40816326530612246,2,0.03122188156155703
2021-11-30,2021-12-31,CAT,0.42857142857142855,3,0.06925270709365927
2021-11-30,2021-12-31,ABT,0.4489795918367347,3,0.11902715228511007
2021-11-30,2021-12-31,CRM,0.46938775510204084,3,-0.10819067449031128
2021-11-30,2021-12-31,NKE,0.4897959183673469,3,-0.01341555442667941
2021-11-30,2021-12-31,SMCI,0.5102040816326531,3,0.061594232527689696
2021-11-30,2021-12-31,AAPL,0.5306122448979592,3,0.07422909693354951
2021-11-30,2021-12-31,GE,0.5510204081632653,3,-0.004603388057195734
2021-11-30,2021-12-31,COST,0.5714285714285714,3,0.05250465438681862
2021-11-30,2021-12-31,AMD,0.5918367346938775,3,-0.09136832523102556
2021-11-30,2021-12-31,CSCO,0.6122448979591837,4,0.15554343514478375
2021-11-30,2021-12-31,ADBE,0.6326530612244898,4,-0.15345223822308918
2021-11-30,2021-12-31,TMO,0.6530612244897959,4,0.05479923140290488
2021-11-30,2021-12-31,AVGO,0.673469387755102,4,0.20948315538681017
2021-11-30,2021-12-31,CVX,0.6938775510204082,4,0.039691697876134135
2021-11-30,2021-12-31,HD,0.7142857142857143,4,0.04022956651127774
2021-11-30,2021-12-31,UNH,0.7346938775510204,4,0.13407242972153766
2021-11-30,2021-12-31,NFLX,0.7551020408163265,4,-0.061473793583464276
2021-11-30,2021-12-31,JPM,0.7755102040816326,4,-0.003022058919813886
2021-11-30,2021-12-31,MSFT,0.7959183673469388,4,0.01733258099516588
2021-11-30,2021-12-31,STX,0.8163265306122449,5,0.10779474480624218
2021-11-30,2021-12-31,GOOGL,0.8367346938775511,5,0.020821256353305673
2021-11-30,2021-12-31,ORCL,0.8571428571428571,5,-0.0389021796094563
2021-11-30,2021-12-31,BAC,0.8775510204081632,5,0.005265076524231249
2021-11-30,2021-12-31,XOM,0.8979591836734694,5,0.0225602936253797
2021-11-30,2021-12-31,CRWD,0.9183673469387755,5,-0.057059958664801846
2021-11-30,2021-12-31,ASML,0.9387755102040817,5,0.005849425972676681
2021-11-30,2021-12-31,WFC,0.9795918367346939,5,0.004185941428081819
2021-11-30,2021-12-31,NVDA,0.9795918367346939,5,-0.09980996105649798
2021-11-30,2021-12-31,TSLA,0.9795918367346939,5,-0.07685451947850863
2021-12-31,2022-01-31,PLTR,0.04081632653061224,1,-0.24711692875167435
2021-12-31,2022-01-31,MA,0.04081632653061224,1,0.07672026944414512
2021-12-31,2022-01-31,V,0.04081632653061224,1,0.04365303525096276
2021-12-31,2022-01-31,HON,0.08163265306122448,1,-0.01932737815676222
2021-12-31,2022-01-31,MRK,0.10204081632653061,1,0.06315241294974716
2021-12-31,2022-01-31,KO,0.12244897959183673,1,0.030399921731550483
2021-12-31,2022-01-31,WMT,0.14285714285714285,1,-0.03372742642904647
2021-12-31,2022-01-31,INTC,0.16326530612244897,1,-0.05203885287835819
2021-12-31,2022-01-31,JNJ,0.1836734693877551,1,0.007131424528236563
2021-12-31,2022-01-31,CRWD,0.20408163265306123,1,-0.11775336073431775
2021-12-31,2022-01-31,WDC,0.22448979591836735,2,-0.20656332655697096
2021-12-31,2022-01-31,PG,0.24489795918367346,2,-0.01383814735208766
2021-12-31,2022-01-31,AMZN,0.2653061224489796,2,-0.10282991021845667
2021-12-31,2022-01-31,CAT,0.2857142857142857,2,-0.020324892059282895
2021-12-31,2022-01-31,TSM,0.30612244897959184,2,0.01928368191218821
2021-12-31,2022-01-31,PEP,0.32653061224489793,2,-0.0010938069798018812
2021-12-31,2022-01-31,GE,0.3469387755102041,2,0.00010583831868049565
2021-12-31,2022-01-31,MU,0.3673469387755102,2,-0.11680084871974428
2021-12-31,2022-01-31,MCD,0.3877551020408163,2,-0.03215565210035842
2021-12-31,2022-01-31,ABT,0.40816326530612246,2,-0.0911641487105419
2021-12-31,2022-01-31,NFLX,0.42857142857142855,3,-0.29098331668313326
2021-12-31,2022-01-31,META,0.4489795918367347,3,-0.0686487023216541
2021-12-31,2022-01-31,TXN,0.46938775510204084,3,-0.04134028065951756
2021-12-31,2022-01-31,QCOM,0.4897959183673469,3,-0.038880210495723655
2021-12-31,2022-01-31,NKE,0.5102040816326531,3,-0.1115976132826878
2021-12-31,2022-01-31,AAPL,0.5306122448979592,3,-0.015712334734794497
2021-12-31,2022-01-31,CSCO,0.5510204081632653,3,-0.11633219458793365
2021-12-31,2022-01-31,UNH,0.5714285714285714,3,-0.05888803014457755
2021-12-31,2022-01-31,CRM,0.5918367346938775,3,-0.08460223499491548
2021-12-31,2022-01-31,JPM,0.6122448979591837,4,-0.05594735566944953
2021-12-31,2022-01-31,AVGO,0.6326530612244898,4,-0.11952014835511882
2021-12-31,2022-01-31,SMCI,0.6530612244897959,4,-0.0780432165275774
2021-12-31,2022-01-31,ADBE,0.673469387755102,4,-0.0577716818443712
2021-12-31,2022-01-31,TMO,0.6938775510204082,4,-0.1287993555529069
2021-12-31,2022-01-31,CVX,0.7142857142857143,4,0.11913100809987331
2021-12-31,2022-01-31,ORCL,0.7346938775510204,4,-0.06591559971906802
2021-12-31,2022-01-31,COST,0.7551020408163265,4,-0.11021680421541036
2021-12-31,2022-01-31,BAC,0.7755102040816326,4,0.03708685941497314
2021-12-31,2022-01-31,MSFT,0.7959183673469388,4,-0.07534481930401093
2021-12-31,2022-01-31,PFE,0.8163265306122449,5,-0.10092123557638721
2021-12-31,2022-01-31,HD,0.8367346938775511,5,-0.11573210569112313
2021-12-31,2022-01-31,XOM,0.8571428571428571,5,0.24137912835931696
2021-12-31,2022-01-31,WFC,0.8775510204081632,5,0.12130056031364833
2021-12-31,2022-01-31,GOOGL,0.8979591836734694,5,-0.06591889862753819
2021-12-31,2022-01-31,TSLA,0.9183673469387755,5,-0.11360931817914044
2021-12-31,2022-01-31,ASML,0.9387755102040817,5,-0.14939574564669822
2021-12-31,2022-01-31,STX,0.9795918367346939,5,-0.051601871462089055
2021-12-31,2022-01-31,AMD,0.9795918367346939,5,-0.20604583150860545
2021-12-31,2022-01-31,NVDA,0.9795918367346939,5,-0.16745435012613885
2022-01-31,2022-02-28,PLTR,0.04081632653061224,1,-0.13566737064200907
2022-01-31,2022-02-28,CRWD,0.04081632653061224,1,0.08065770246594495
2022-01-31,2022-02-28,INTC,0.04081632653061224,1,-0.015498506899350839
2022-01-31,2022-02-28,TSM,0.08163265306122448,1,-0.12737509278407522
2022-01-31,2022-02-28,AMZN,0.10204081632653061,1,0.026672518265588474
2022-01-31,2022-02-28,WMT,0.12244897959183673,1,-0.03325917006687695
2022-01-31,2022-02-28,JNJ,0.14285714285714285,1,-0.03867638417420616
2022-01-31,2022-02-28,MRK,0.16326530612244897,1,-0.060137573299686164
2022-01-31,2022-02-28,HON,0.1836734693877551,1,-0.06692703909926678
2022-01-31,2022-02-28,GE,0.20408163265306123,1,0.010901717288519741
2022-01-31,2022-02-28,CRM,0.22448979591836735,2,-0.09500068515813787
2022-01-31,2022-02-28,V,0.24489795918367346,2,-0.04288105599856984
2022-01-31,2022-02-28,NFLX,0.2653061224489796,2,-0.0763684268388427
2022-01-31,2022-02-28,MA,0.2857142857142857,2,-0.06615255781797336
2022-01-31,2022-02-28,CAT,0.30612244897959184,2,-0.06935907200723246
2022-01-31,2022-02-28,ABT,0.32653061224489793,2,-0.05366383486475135
2022-01-31,2022-02-28,WDC,0.3469387755102041,2,-0.015462135979048774
2022-01-31,2022-02-28,TXN,0.3673469387755102,2,-0.052927648149747375
2022-01-31,2022-02-28,QCOM,0.3877551020408163,2,-0.021449639812592625
2022-01-31,2022-02-28,MU,0.40816326530612246,2,0.08010213718337433
2022-01-31,2022-02-28,ADBE,0.42857142857142855,3,-0.12468649941837817
2022-01-31,2022-02-28,JPM,0.4489795918367347,3,-0.045760568726112005
2022-01-31,2022-02-28,NKE,0.46938775510204084,3,-0.07780123463011546
2022-01-31,2022-02-28,KO,0.4897959183673469,3,0.020160958144317842
2022-01-31,2022-02-28,PG,0.5102040816326531,3,-0.02841996593571916
2022-01-31,2022-02-28,META,0.5306122448979592,3,-0.3263423156259396
2022-01-31,2022-02-28,PEP,0.5510204081632653,3,-0.056362439571867595
2022-01-31,2022-02-28,TMO,0.5714285714285714,3,-0.06416638612983305
2022-01-31,2022-02-28,MCD,0.5918367346938775,3,-0.0513330614565507
2022-01-31,2022-02-28,TSLA,0.6122448979591837,4,-0.0707681586632628
2022-01-31,2022-02-28,AAPL,0.6326530612244898,4,-0.05406593634455281
2022-01-31,2022-02-28,SMCI,0.6530612244897959,4,-0.030355415490852744
2022-01-31,2022-02-28,XOM,0.673469387755102,4,0.04383047368688309
2022-01-31,2022-02-28,CVX,0.6938775510204082,4,0.1079864278796896
2022-01-31,2022-02-28,CSCO,0.7142857142857143,4,0.0017966504235606973
2022-01-31,2022-02-28,ORCL,0.7346938775510204,4,-0.06394761061070431
2022-01-31,2022-02-28,MSFT,0.7551020408163265,4,-0.03721200253243129
2022-01-31,2022-02-28,ASML,0.7755102040816326,4,-0.015785879336928654
2022-01-31,2022-02-28,AVGO,0.7959183673469388,4,0.002662606991419514
2022-01-31,2022-02-28,UNH,0.8163265306122449,5,0.00698313680329532
2022-01-31,2022-02-28,BAC,0.8367346938775511,5,-0.0420457931330015
2022-01-31,2022-02-28,HD,0.8571428571428571,5,-0.13938090803301184
2022-01-31,2022-02-28,GOOGL,0.8775510204081632,5,-0.0018220176557199874
2022-01-31,2022-02-28,COST,0.8979591836734694,5,0.029511286271162618
2022-01-31,2022-02-28,WFC,0.9183673469387755,5,-0.003538602713859529
2022-01-31,2022-02-28,AMD,0.9387755102040817,5,0.0795623311850382
2022-01-31,2022-02-28,PFE,0.9795918367346939,5,-0.10912867776094348
2022-01-31,2022-02-28,STX,0.9795918367346939,5,-0.03723725417449397
2022-01-31,2022-02-28,NVDA,0.9795918367346939,5,-0.004124858161063227
2022-02-28,2022-03-31,PLTR,0.04081632653061224,1,0.15864971310097364
2022-02-28,2022-03-31,WDC,0.04081632653061224,1,-0.025323942848666015
2022-02-28,2022-03-31,NFLX,0.04081632653061224,1,-0.05051708525488763
2022-02-28,2022-03-31,INTC,0.08163265306122448,1,0.03899369088574911
2022-02-28,2022-03-31,CRWD,0.10204081632653061,1,0.1632600482612634
2022-02-28,2022-03-31,MU,0.12244897959183673,1,-0.12345273362579345
2022-02-28,2022-03-31,GE,0.14285714285714285,1,-0.04112450052978778
2022-02-28,2022-03-31,CAT,0.16326530612244897,1,0.1878668331585589
2022-02-28,2022-03-31,AMZN,0.1836734693877551,1,0.061437285030015776
2022-02-28,2022-03-31,TSM,0.20408163265306123,1,-0.02099945712277551
2022-02-28,2022-03-31,HON,0.22448979591836735,2,0.025454773362602934
2022-02-28,2022-03-31,JPM,0.24489795918367346,2,-0.03864572038140657
2022-02-28,2022-03-31,TXN,0.2653061224489796,2,0.07935735608294237
2022-02-28,2022-03-31,V,0.2857142857142857,2,0.026142888077244963
2022-02-28,2022-03-31,CRM,0.30612244897959184,2,0.008502282508059178
2022-02-28,2022-03-31,ABT,0.32653061224489793,2,-0.018736606478049533
2022-02-28,2022-03-31,WMT,0.3469387755102041,2,0.10606661954737295
2022-02-28,2022-03-31,MA,0.3673469387755102,2,-0.009533857711872429
2022-02-28,2022-03-31,NKE,0.3877551020408163,2,-0.012324886243409328
2022-02-28,2022-03-31,JNJ,0.40816326530612246,2,0.07692771575052904
2022-02-28,2022-03-31,ADBE,0.42857142857142855,3,-0.025786857995771406
2022-02-28,2022-03-31,ASML,0.4489795918367347,3,0.0021305584791633247
2022-02-28,2022-03-31,META,0.46938775510204084,3,0.05368884710114563
2022-02-28,2022-03-31,MRK,0.4897959183673469,3,0.08095943644712178
2022-02-28,2022-03-31,SMCI,0.5102040816326531,3,-0.031051153499334294
2022-02-28,2022-03-31,CSCO,0.5306122448979592,3,-0.00017951371745794642
2022-02-28,2022-03-31,ORCL,0.5510204081632653,3,0.08898232320808219
2022-02-28,2022-03-31,MCD,0.5714285714285714,3,0.010254418866390669
2022-02-28,2022-03-31,AVGO,0.5918367346938775,3,0.07915356391543904
2022-02-28,2022-03-31,KO,0.6122448979591837,4,0.003769162007224436
2022-02-28,2022-03-31,TMO,0.6326530612244898,4,0.08636179025962432
2022-02-28,2022-03-31,QCOM,0.6530612244897959,4,-0.10775357154963039
2022-02-28,2022-03-31,PG,0.673469387755102,4,-0.01982192840918262
2022-02-28,2022-03-31,GOOGL,0.6938775510204082,4,0.029695021422465384
2022-02-28,2022-03-31,MSFT,0.7142857142857143,4,0.03186161251006703
2022-02-28,2022-03-31,AMD,0.7346938775510204,4,-0.11350738134973604
2022-02-28,2022-03-31,BAC,0.7551020408163265,4,-0.06286115075089072
2022-02-28,2022-03-31,CVX,0.7755102040816326,4,0.1307640298354793
2022-02-28,2022-03-31,PEP,0.7959183673469388,4,0.028953598152403837
2022-02-28,2022-03-31,TSLA,0.8163265306122449,5,0.2380088093327557
2022-02-28,2022-03-31,UNH,0.8367346938775511,5,0.07482958308964416
2022-02-28,2022-03-31,AAPL,0.8571428571428571,5,0.05747351246610566
2022-02-28,2022-03-31,HD,0.8775510204081632,5,-0.04652386668200248
2022-02-28,2022-03-31,XOM,0.8979591836734694,5,0.05317514613395957
2022-02-28,2022-03-31,WFC,0.9183673469387755,5,-0.09199908534622803
2022-02-28,2022-03-31,STX,0.9387755102040817,5,-0.12202247164377633
2022-02-28,2022-03-31,COST,0.9795918367346939,5,0.10900378590253479
2022-02-28,2022-03-31,PFE,0.9795918367346939,5,0.10289723214670787
2022-02-28,2022-03-31,NVDA,0.9795918367346939,5,0.11915713877575285
2022-03-31,2022-04-29,PLTR,0.04081632653061224,1,-0.2425345983051409
2022-03-31,2022-04-29,META,0.04081632653061224,1,-0.09844394643439092
2022-03-31,2022-04-29,NFLX,0.04081632653061224,1,-0.49181773447775945
2022-03-31,2022-04-29,WDC,0.08163265306122448,1,0.06888235581930724
2022-03-31,2022-04-29,INTC,0.10204081632653061,1,-0.12046000016472702
2022-03-31,2022-04-29,CAT,0.12244897959183673,1,-0.050580650803388805
2022-03-31,2022-04-29,HON,0.14285714285714285,1,-0.00549913806613378
2022-03-31,2022-04-29,GE,0.16326530612244897,1,-0.18524586364746654
2022-03-31,2022-04-29,TSM,0.1836734693877551,1,-0.10867065438453338
2022-03-31,2022-04-29,TXN,0.20408163265306123,1,-0.07210597732638768
2022-03-31,2022-04-29,JPM,0.22448979591836735,2,-0.11792300797201638
2022-03-31,2022-04-29,ADBE,0.24489795918367346,2,-0.13096436405256706
2022-03-31,2022-04-29,AMZN,0.2653061224489796,2,-0.2375250931362105
2022-03-31,2022-04-29,CRM,0.2857142857142857,2,-0.17134497236183577
2022-03-31,2022-04-29,SMCI,0.30612244897959184,2,0.10585766341646252
2022-03-31,2022-04-29,WMT,0.32653061224489793,2,0.02733010350965337
2022-03-31,2022-04-29,MU,0.3469387755102041,2,-0.12333823718320613
2022-03-31,2022-04-29,MA,0.3673469387755102,2,0.018200163282723114
2022-03-31,2022-04-29,ABT,0.3877551020408163,2,-0.03723910990868795
2022-03-31,2022-04-29,JNJ,0.40816326530612246,2,0.018224933143158317
2022-03-31,2022-04-29,V,0.42857142857142855,3,-0.03895923534553403
2022-03-31,2022-04-29,NKE,0.4489795918367347,3,-0.07327579751454882
2022-03-31,2022-04-29,HD,0.46938775510204084,3,0.003574932854017776
2022-03-31,2022-04-29,MRK,0.4897959183673469,3,0.08092632030474212
2022-03-31,2022-04-29,CRWD,0.5102040816326531,3,-0.12471378851444859
2022-03-31,2022-04-29,ASML,0.5306122448979592,3,-0.1559443833527594
2022-03-31,2022-04-29,ORCL,0.5510204081632653,3,-0.10930573770572083
2022-03-31,2022-04-29,CSCO,0.5714285714285714,3,-0.11557693567197302
2022-03-31,2022-04-29,MCD,0.5918367346938775,3,0.007602636379630878
2022-03-31,2022-04-29,BAC,0.6122448979591837,4,-0.13440092210532462
2022-03-31,2022-04-29,PG,0.6326530612244898,4,0.05661479038150308
2022-03-31,2022-04-29,PEP,0.6530612244897959,4,0.025869294823760658
2022-03-31,2022-04-29,TMO,0.673469387755102,4,-0.06387900637241228
2022-03-31,2022-04-29,KO,0.6938775510204082,4,0.04209682068863452
2022-03-31,2022-04-29,MSFT,0.7142857142857143,4,-0.09986684352372655
2022-03-31,2022-04-29,UNH,0.7346938775510204,4,-0.0027845428707702347
2022-03-31,2022-04-29,AVGO,0.7551020408163265,4,-0.11956870982194268
2022-03-31,2022-04-29,TSLA,0.7755102040816326,4,-0.19194510982164714
2022-03-31,2022-04-29,GOOGL,0.7959183673469388,4,-0.1794669064238995
2022-03-31,2022-04-29,QCOM,0.8163265306122449,5,-0.08591793811040216
2022-03-31,2022-04-29,PFE,0.8367346938775511,5,-0.052153681634698024
2022-03-31,2022-04-29,AAPL,0.8571428571428571,5,-0.09713080969533605
2022-03-31,2022-04-29,STX,0.8775510204081632,5,-0.0874305516718703
2022-03-31,2022-04-29,WFC,0.8979591836734694,5,-0.09966999109242258
2022-03-31,2022-04-29,CVX,0.9183673469387755,5,-0.037830941339025426
2022-03-31,2022-04-29,XOM,0.9387755102040817,5,0.03220735046207479
2022-03-31,2022-04-29,COST,0.9795918367346939,5,-0.07513268931278505
2022-03-31,2022-04-29,AMD,0.9795918367346939,5,-0.21785257447068018
2022-03-31,2022-04-29,NVDA,0.9795918367346939,5,-0.32027412063514693
2022-04-29,2022-05-31,PLTR,0.04081632653061224,1,-0.16538455542727803
2022-04-29,2022-05-31,META,0.04081632653061224,1,-0.034069824994507614
2022-04-29,2022-05-31,WDC,0.04081632653061224,1,0.14358385195082768
2022-04-29,2022-05-31,NFLX,0.08163265306122448,1,0.037192698529690205
2022-04-29,2022-05-31,GE,0.10204081632653061,1,0.05016746429348484
2022-04-29,2022-05-31,INTC,0.12244897959183673,1,0.027096219701184365
2022-04-29,2022-05-31,HON,0.14285714285714285,1,0.005701309977607538
2022-04-29,2022-05-31,ADBE,0.16326530612244897,1,0.05184997637672062
2022-04-29,2022-05-31,JPM,0.1836734693877551,1,0.10782485010689147
2022-04-29,2022-05-31,MU,0.20408163265306123,1,0.08285646980132255
2022-04-29,2022-05-31,TSM,0.22448979591836735,2,0.025503060270272604
2022-04-29,2022-05-31,CRM,0.24489795918367346,2,-0.08923504723312592
2022-04-29,2022-05-31,MA,0.2653061224489796,2,-0.015163244885810445
2022-04-29,2022-05-31,AMZN,0.2857142857142857,2,-0.03276431760316634
2022-04-29,2022-05-31,HD,0.30612244897959184,2,0.007823001006469932
2022-04-29,2022-05-31,V,0.32653061224489793,2,-0.00260292846496879
2022-04-29,2022-05-31,CAT,0.3469387755102041,2,0.025220916115125336
2022-04-29,2022-05-31,ABT,0.3673469387755102,2,0.03488977924645531
2022-04-29,2022-05-31,STX,0.3877551020408163,2,0.03205770837621391
2022-04-29,2022-05-31,NKE,0.40816326530612246,2,-0.04691259519692359
2022-04-29,2022-05-31,SMCI,0.42857142857142855,3,0.18907363339717587
2022-04-29,2022-05-31,TXN,0.4489795918367347,3,0.04529733744069442
2022-04-29,2022-05-31,ASML,0.46938775510204084,3,0.029232637052461374
2022-04-29,2022-05-31,BAC,0.4897959183673469,3,0.04260132416822726
2022-04-29,2022-05-31,MCD,0.5102040816326531,3,0.01224115502053813
2022-04-29,2022-05-31,WMT,0.5306122448979592,3,-0.1561698758654384
2022-04-29,2022-05-31,CRWD,0.5510204081632653,3,-0.19505931819865518
2022-04-29,2022-05-31,WFC,0.5714285714285714,3,0.05478388154692437
2022-04-29,2022-05-31,ORCL,0.5918367346938775,3,-0.02016343596217962
2022-04-29,2022-05-31,JNJ,0.6122448979591837,4,0.0012391576108472524
2022-04-29,2022-05-31,CSCO,0.6326530612244898,4,-0.08023682933310494
2022-04-29,2022-05-31,QCOM,0.6530612244897959,4,0.025270422278773852
2022-04-29,2022-05-31,PG,0.673469387755102,4,-0.07891623206504805
2022-04-29,2022-05-31,GOOGL,0.6938775510204082,4,-0.003045375206370604
2022-04-29,2022-05-31,KO,0.7142857142857143,4,-0.01903735339657553
2022-04-29,2022-05-31,PEP,0.7346938775510204,4,-0.023062041285231483
2022-04-29,2022-05-31,MRK,0.7551020408163265,4,0.03765906904159366
2022-04-29,2022-05-31,MSFT,0.7755102040816326,4,-0.018077310388033396
2022-04-29,2022-05-31,TMO,0.7959183673469388,4,0.026495831479128595
2022-04-29,2022-05-31,UNH,0.8163265306122449,5,-0.023144268054713923
2022-04-29,2022-05-31,AAPL,0.8367346938775511,5,-0.05449627387070133
2022-04-29,2022-05-31,AMD,0.8571428571428571,5,0.19106647110246278
2022-04-29,2022-05-31,PFE,0.8775510204081632,5,0.0897196013959094
2022-04-29,2022-05-31,AVGO,0.8979591836734694,5,0.046429515491874795
2022-04-29,2022-05-31,TSLA,0.9183673469387755,5,-0.1291974857378615
2022-04-29,2022-05-31,XOM,0.9387755102040817,5,0.1376345106590191
2022-04-29,2022-05-31,COST,0.9795918367346939,5,-0.12318501244363977
2022-04-29,2022-05-31,CVX,0.9795918367346939,5,0.12399857443594797
2022-04-29,2022-05-31,NVDA,0.9795918367346939,5,0.006739767467747626
2022-05-31,2022-06-30,NFLX,0.04081632653061224,1,-0.11431321053423726
2022-05-31,2022-06-30,PLTR,0.04081632653061224,1,0.04493080367933722
2022-05-31,2022-06-30,META,0.04081632653061224,1,-0.1672692124105012
2022-05-31,2022-06-30,GE,0.08163265306122448,1,-0.18577045855524332
2022-05-31,2022-06-30,WDC,0.10204081632653061,1,-0.2613280916718066
2022-05-31,2022-06-30,CRM,0.12244897959183673,1,0.029954965511599596
2022-05-31,2022-06-30,JPM,0.14285714285714285,1,-0.14837781449589016
2022-05-31,2022-06-30,AMZN,0.16326530612244897,1,-0.11645921262241288
2022-05-31,2022-06-30,INTC,0.1836734693877551,1,-0.1578119226160416
2022-05-31,2022-06-30,ADBE,0.20408163265306123,1,-0.12106226492917938
2022-05-31,2022-06-30,TSM,0.22448979591836735,2,-0.13766456485394019
2022-05-31,2022-06-30,MU,0.24489795918367346,2,-0.25135411198805646
2022-05-31,2022-06-30,ASML,0.2653061224489796,2,-0.1742350323865256
2022-05-31,2022-06-30,HON,0.2857142857142857,2,-0.10231374918804903
2022-05-31,2022-06-30,BAC,0.30612244897959184,2,-0.1583523825210813
2022-05-31,2022-06-30,STX,0.32653061224489793,2,-0.1479234217258778
2022-05-31,2022-06-30,CAT,0.3469387755102041,2,-0.1718320679445231
2022-05-31,2022-06-30,CRWD,0.3673469387755102,2,0.05356579643217696
2022-05-31,2022-06-30,TXN,0.3877551020408163,2,-0.13074226212457185
2022-05-31,2022-06-30,NKE,0.40816326530612246,2,-0.13796208154235468
2022-05-31,2022-06-30,V,0.42857142857142855,3,-0.07201772981879362
2022-05-31,2022-06-30,WFC,0.4489795918367347,3,-0.14419933199206825
2022-05-31,2022-06-30,ORCL,0.46938775510204084,3,-0.02850398306532287
2022-05-31,2022-06-30,CSCO,0.4897959183673469,3,-0.05349601650606839
2022-05-31,2022-06-30,HD,0.5102040816326531,3,-0.08835003822127296
2022-05-31,2022-06-30,GOOGL,0.5306122448979592,3,-0.04218453303522485
2022-05-31,2022-06-30,ABT,0.5510204081632653,3,-0.07500413171518738
2022-05-31,2022-06-30,MA,0.5714285714285714,3,-0.11845096786075016
2022-05-31,2022-06-30,QCOM,0.5918367346938775,3,-0.10339043328369968
2022-05-31,2022-06-30,AMD,0.6122448979591837,4,-0.24926368778234786
2022-05-31,2022-06-30,MCD,0.6326530612244898,4,-0.015708036051133467
2022-05-31,2022-06-30,JNJ,0.6530612244897959,4,-0.011251345128864942
2022-05-31,2022-06-30,WMT,0.673469387755102,4,-0.054808324833516275
2022-05-31,2022-06-30,MSFT,0.6938775510204082,4,-0.0553206624740431
2022-05-31,2022-06-30,NVDA,0.7142857142857143,4,-0.18797096979300643
2022-05-31,2022-06-30,TMO,0.7346938775510204,4,-0.04223510656940421
2022-05-31,2022-06-30,PEP,0.7551020408163265,4,0.000412211205410129
2022-05-31,2022-06-30,KO,0.7755102040816326,4,-0.0002442566412763636
2022-05-31,2022-06-30,AVGO,0.7959183673469388,4,-0.15564179575578252
2022-05-31,2022-06-30,SMCI,0.8163265306122449,5,-0.19396727655021373
2022-05-31,2022-06-30,PG,0.8367346938775511,5,-0.02765769285950548
2022-05-31,2022-06-30,UNH,0.8571428571428571,5,0.0376056993094378
2022-05-31,2022-06-30,MRK,0.8775510204081632,5,-0.0012371243928909204
2022-05-31,2022-06-30,AAPL,0.8979591836734694,5,-0.08142949802384902
2022-05-31,2022-06-30,PFE,0.9183673469387755,5,-0.011500604534548597
2022-05-31,2022-06-30,TSLA,0.9387755102040817,5,-0.11188774122303657
2022-05-31,2022-06-30,COST,0.9795918367346939,5,0.028012649454715266
2022-05-31,2022-06-30,XOM,0.9795918367346939,5,-0.1079165681347578
2022-05-31,2022-06-30,CVX,0.9795918367346939,5,-0.1710752349571002
2022-06-30,2022-07-29,PLTR,0.04081632653061224,1,0.1411246670025732
2022-06-30,2022-07-29,NFLX,0.04081632653061224,1,0.28609826723256315
2022-06-30,2022-07-29,META,0.04081632653061224,1,-0.013333268369893458
2022-06-30,2022-07-29,CRWD,0.08163265306122448,1,0.0892264402157088
2022-06-30,2022-07-29,CRM,0.10204081632653061,1,0.11500258916800665
2022-06-30,2022-07-29,AMZN,0.12244897959183673,1,0.27059597129750057
2022-06-30,2022-07-29,ADBE,0.14285714285714285,1,0.12036277619092006
2022-06-30,2022-07-29,GE,0.16326530612244897,1,0.1608293151926441
2022-06-30,2022-07-29,NKE,0.1836734693877551,1,0.12446191985694521
2022-06-30,2022-07-29,TSM,0.20408163265306123,1,0.08232445761924612
2022-06-30,2022-07-29,INTC,0.22448979591836735,2,-0.029403670847075736
2022-06-30,2022-07-29,ASML,0.24489795918367346,2,0.20711102138534576
2022-06-30,2022-07-29,WDC,0.2653061224489796,2,0.0952487239883626
2022-06-30,2022-07-29,JPM,0.2857142857142857,2,0.03348225951501704
2022-06-30,2022-07-29,MU,0.30612244897959184,2,0.12122127926918891
2022-06-30,2022-07-29,CSCO,0.32653061224489793,2,0.07360086214116546
2022-06-30,2022-07-29,HON,0.3469387755102041,2,0.10730085685144664
2022-06-30,2022-07-29,V,0.3673469387755102,2,0.07730190202622533
2022-06-30,2022-07-29,BAC,0.3877551020408163,2,0.08609080050852946
2022-06-30,2022-07-29,WMT,0.40816326530612246,2,0.0861160735733244
2022-06-30,2022-07-29,GOOGL,0.42857142857142855,3,0.06751831576399758
2022-06-30,2022-07-29,NVDA,0.4489795918367347,3,0.19816603154220624
2022-06-30,2022-07-29,ORCL,0.46938775510204084,3,0.11905160174620422
2022-06-30,2022-07-29,TXN,0.4897959183673469,3,0.1719380000662032
2022-06-30,2022-07-29,HD,0.5102040816326531,3,0.09724011217291584
2022-06-30,2022-07-29,STX,0.5306122448979592,3,0.11954116941626869
2022-06-30,2022-07-29,MA,0.5510204081632653,3,0.12315289953611464
2022-06-30,2022-07-29,MSFT,0.5714285714285714,3,0.09309706703480991
2022-06-30,2022-07-29,CAT,0.5918367346938775,3,0.11675300438016989
2022-06-30,2022-07-29,QCOM,0.6122448979591837,4,0.13558843773044904
2022-06-30,2022-07-29,ABT,0.6326530612244898,4,0.006201172898727236
2022-06-30,2022-07-29,WFC,0.6530612244897959,4,0.11998982305901706
2022-06-30,2022-07-29,AMD,0.673469387755102,4,0.23538642229191908
2022-06-30,2022-07-29,AAPL,0.6938775510204082,4,0.188633742649285
2022-06-30,2022-07-29,MCD,0.7142857142857143,4,0.06679341008877837
2022-06-30,2022-07-29,TSLA,0.7346938775510204,4,0.32376526434081954
2022-06-30,2022-07-29,JNJ,0.7551020408163265,4,-0.016844194665269874
2022-06-30,2022-07-29,PG,0.7755102040816326,4,-0.02766654679023739
2022-06-30,2022-07-29,TMO,0.7959183673469388,4,0.10147599523601625
2022-06-30,2022-07-29,PEP,0.8163265306122449,5,0.049802241251744706
2022-06-30,2022-07-29,COST,0.8367346938775511,5,0.1313520757972706
2022-06-30,2022-07-29,KO,0.8571428571428571,5,0.020028653637286675
2022-06-30,2022-07-29,MRK,0.8775510204081632,5,-0.02007235548489994
2022-06-30,2022-07-29,AVGO,0.8979591836734694,5,0.10224169016052409
2022-06-30,2022-07-29,UNH,0.9183673469387755,5,0.05589637656075164
2022-06-30,2022-07-29,PFE,0.9387755102040817,5,-0.029144991743231374
2022-06-30,2022-07-29,SMCI,0.9795918367346939,5,0.3385378505905454
2022-06-30,2022-07-29,XOM,0.9795918367346939,5,0.13183088596847004
2022-06-30,2022-07-29,CVX,0.9795918367346939,5,0.131233662218035
2022-07-29,2022-08-31,NFLX,0.04081632653061224,1,-0.005958153499925456
2022-07-29,2022-08-31,PLTR,0.04081632653061224,1,-0.2541063279559619
2022-07-29,2022-08-31,META,0.04081632653061224,1,0.024072942112602025
2022-07-29,2022-08-31,ADBE,0.08163265306122448,1,-0.08943722108769736
2022-07-29,2022-08-31,NKE,0.10204081632653061,1,-0.07370335446325071
2022-07-29,2022-08-31,GE,0.12244897959183673,1,-0.006359333537111489
2022-07-29,2022-08-31,ASML,0.14285714285714285,1,-0.14505568941018654
2022-07-29,2022-08-31,AMZN,0.16326530612244897,1,-0.06061504624052039
2022-07-29,2022-08-31,CRWD,0.1836734693877551,1,-0.005392186602683924
2022-07-29,2022-08-31,CRM,0.20408163265306123,1,-0.15161404972882442
2022-07-29,2022-08-31,WDC,0.22448979591836735,2,-0.13930753225461923
2022-07-29,2022-08-31,TSM,0.24489795918367346,2,-0.057979196117345366
2022-07-29,2022-08-31,MU,0.2653061224489796,2,-0.08616217456707187
2022-07-29,2022-08-31,INTC,0.2857142857142857,2,-0.11202867937761263
2022-07-29,2022-08-31,AMD,0.30612244897959184,2,-0.10161954430055886
2022-07-29,2022-08-31,JPM,0.32653061224489793,2,-0.01412959721065965
2022-07-29,2022-08-31,HON,0.3469387755102041,2,-0.011246144124111068
2022-07-29,2022-08-31,NVDA,0.3673469387755102,2,-0.16897015981798236
2022-07-29,2022-08-31,CSCO,0.3877551020408163,2,-0.014326652950625074
2022-07-29,2022-08-31,V,0.40816326530612246,2,-0.06151533619222449
2022-07-29,2022-08-31,GOOGL,0.42857142857142855,3,-0.06963550539665964
2022-07-29,2022-08-31,ORCL,0.4489795918367347,3,-0.0474048934769572
2022-07-29,2022-08-31,MA,0.46938775510204084,3,-0.08315673496531051
2022-07-29,2022-08-31,TXN,0.4897959183673469,3,-0.076471381804739
2022-07-29,2022-08-31,BAC,0.5102040816326531,3,-0.0059158494663839045
2022-07-29,2022-08-31,STX,0.5306122448979592,3,-0.16279074010416061
2022-07-29,2022-08-31,HD,0.5510204081632653,3,-0.03534940641966278
2022-07-29,2022-08-31,WMT,0.5714285714285714,3,0.008158348181880326
2022-07-29,2022-08-31,QCOM,0.5918367346938775,3,-0.0830541617874817
2022-07-29,2022-08-31,WFC,0.6122448979591837,4,0.0032100628014488652
2022-07-29,2022-08-31,CAT,0.6326530612244898,4,-0.06829741491242614
2022-07-29,2022-08-31,ABT,0.6530612244897959,4,-0.056872240464917456
2022-07-29,2022-08-31,MSFT,0.673469387755102,4,-0.06666338357218327
2022-07-29,2022-08-31,AAPL,0.6938775510204082,4,-0.03120822817281832
2022-07-29,2022-08-31,TSLA,0.7142857142857143,4,-0.07248867234513756
2022-07-29,2022-08-31,TMO,0.7346938775510204,4,-0.08871818408990917
2022-07-29,2022-08-31,PG,0.7551020408163265,4,-0.006982915835635817
2022-07-29,2022-08-31,AVGO,0.7755102040816326,4,-0.0679203387972539
2022-07-29,2022-08-31,MCD,0.7959183673469388,4,-0.0368647892842463
2022-07-29,2022-08-31,JNJ,0.8163265306122449,5,-0.0693098528661169
2022-07-29,2022-08-31,SMCI,0.8367346938775511,5,0.2049620198896096
2022-07-29,2022-08-31,PEP,0.8571428571428571,5,-0.015374919968359269
2022-07-29,2022-08-31,COST,0.8775510204081632,5,-0.035470342711800495
2022-07-29,2022-08-31,KO,0.8979591836734694,5,-0.0383357003783259
2022-07-29,2022-08-31,MRK,0.9183673469387755,5,-0.04454889881315227
2022-07-29,2022-08-31,PFE,0.9387755102040817,5,-0.10453389391229839
2022-07-29,2022-08-31,UNH,0.9795918367346939,5,-0.04242734456992814
2022-07-29,2022-08-31,CVX,0.9795918367346939,5,-0.026156124820851057
2022-07-29,2022-08-31,XOM,0.9795918367346939,5,-0.004242465919612082
2022-08-31,2022-09-30,PLTR,0.04,1,0.05310885173470825
2022-08-31,2022-09-30,NFLX,0.04,1,0.05314008219276478
2022-08-31,2022-09-30,META,0.04,1,-0.1672498315366271
2022-08-31,2022-09-30,RKLB,0.08,1,-0.2599999687888406
2022-08-31,2022-09-30,ADBE,0.1,1,-0.2630676670740144
2022-08-31,2022-09-30,CRWD,0.12,1,-0.09747551060874804
2022-08-31,2022-09-30,INTC,0.14,1,-0.19266910859303765
2022-08-31,2022-09-30,CRM,0.16,1,-0.07865730235348889
2022-08-31,2022-09-30,ASML,0.18,1,-0.15224310792142248
2022-08-31,2022-09-30,NKE,0.2,1,-0.21692099588719893
2022-08-31,2022-09-30,GE,0.22,2,-0.15595255859267665
2022-08-31,2022-09-30,JPM,0.24,2,-0.0811571376147332
2022-08-31,2022-09-30,TSM,0.26,2,-0.17279259515611523
2022-08-31,2022-09-30,WDC,0.28,2,-0.22976806529303206
2022-08-31,2022-09-30,AMZN,0.3,2,-0.10862189009783763
2022-08-31,2022-09-30,CSCO,0.32,2,-0.10554572344519686
2022-08-31,2022-09-30,GOOGL,0.34,2,-0.11615221707751688
2022-08-31,2022-09-30,NVDA,0.36,2,-0.1955340132082578
2022-08-31,2022-09-30,BAC,0.38,2,-0.09553740663601518
2022-08-31,2022-09-30,HON,0.4,2,-0.11819370184731137
2022-08-31,2022-09-30,MU,0.42,3,-0.11374502601933278
2022-08-31,2022-09-30,AMD,0.44,3,-0.2534464644764812
2022-08-31,2022-09-30,ABT,0.46,3,-0.05737954481205365
2022-08-31,2022-09-30,ORCL,0.48,3,-0.17639931099839667
2022-08-31,2022-09-30,WMT,0.5,3,-0.02150153111303099
2022-08-31,2022-09-30,V,0.52,3,-0.10598377101233392
2022-08-31,2022-09-30,MSFT,0.54,3,-0.1092667823209682
2022-08-31,2022-09-30,HD,0.56,3,-0.04327037748623597
2022-08-31,2022-09-30,STX,0.58,3,-0.19597317690329907
2022-08-31,2022-09-30,CAT,0.6,3,-0.11168876366756031
2022-08-31,2022-09-30,TXN,0.62,4,-0.06313194224783814
2022-08-31,2022-09-30,WFC,0.64,4,-0.07984433740170416
2022-08-31,2022-09-30,PG,0.66,4,-0.08474718062298237
2022-08-31,2022-09-30,QCOM,0.68,4,-0.14583795342593275
2022-08-31,2022-09-30,MA,0.7,4,-0.12340824036814901
2022-08-31,2022-09-30,JNJ,0.72,4,0.012520106008635956
2022-08-31,2022-09-30,AAPL,0.74,4,-0.1209767192506559
2022-08-31,2022-09-30,TMO,0.76,4,-0.06942366805253208
2022-08-31,2022-09-30,AVGO,0.78,4,-0.10293707439056854
2022-08-31,2022-09-30,MCD,0.8,4,-0.08538118611739609
2022-08-31,2022-09-30,PFE,0.82,5,-0.032500496127017
2022-08-31,2022-09-30,PEP,0.84,5,-0.045932911687791456
2022-08-31,2022-09-30,KO,0.86,5,-0.08558677967882766
2022-08-31,2022-09-30,COST,0.88,5,-0.0954415907277002
2022-08-31,2022-09-30,TSLA,0.9,5,-0.03758929611475259
2022-08-31,2022-09-30,MRK,0.92,5,0.01703686978847152
2022-08-31,2022-09-30,UNH,0.94,5,-0.02446500535997853
2022-08-31,2022-09-30,SMCI,0.98,5,-0.15381068582709967
2022-08-31,2022-09-30,CVX,0.98,5,-0.09104163266028398
2022-08-31,2022-09-30,XOM,0.98,5,-0.08661996282569828
2022-09-30,2022-10-31,PLTR,0.04,1,0.08118079189688876
2022-09-30,2022-10-31,RKLB,0.04,1,0.250614235357673
2022-09-30,2022-10-31,NFLX,0.04,1,0.23972132814132263
2022-09-30,2022-10-31,META,0.08,1,-0.31338446663142416
2022-09-30,2022-10-31,CRM,0.1,1,0.13035289406734818
2022-09-30,2022-10-31,INTC,0.12,1,0.10322088191142087
2022-09-30,2022-10-31,ADBE,0.14,1,0.15734006494300012
2022-09-30,2022-10-31,ASML,0.16,1,0.1374023922744736
2022-09-30,2022-10-31,JPM,0.18,1,0.21537070309131612
2022-09-30,2022-10-31,GE,0.2,1,0.2568242462653185
2022-09-30,2022-10-31,NVDA,0.22,2,0.1118708943086355
2022-09-30,2022-10-31,NKE,0.24,2,0.11501432555681124
2022-09-30,2022-10-31,CRWD,0.26,2,-0.0219040147068027
2022-09-30,2022-10-31,WDC,0.28,2,0.05591403277641804
2022-09-30,2022-10-31,TSM,0.3,2,-0.10224614157698975
2022-09-30,2022-10-31,AMZN,0.32,2,-0.09345130582826344
2022-09-30,2022-10-31,MU,0.34,2,0.08211885394580976
2022-09-30,2022-10-31,BAC,0.36,2,0.1933773685723248
2022-09-30,2022-10-31,GOOGL,0.38,2,-0.011918321347131222
2022-09-30,2022-10-31,AMD,0.4,2,-0.05208332079026845
2022-09-30,2022-10-31,STX,0.42,3,-0.0670676313159625
2022-09-30,2022-10-31,CSCO,0.44,3,0.14629953851170896
2022-09-30,2022-10-31,ORCL,0.46,3,0.28494059816242223
2022-09-30,2022-10-31,TXN,0.48,3,0.046070222288913776
2022-09-30,2022-10-31,ABT,0.5,3,0.02735480643609689
2022-09-30,2022-10-31,V,0.52,3,0.16611343414734825
2022-09-30,2022-10-31,HD,0.54,3,0.07316802955045243
2022-09-30,2022-10-31,HON,0.56,3,0.2218957540285309
2022-09-30,2022-10-31,MSFT,0.58,3,-0.003306068339719248
2022-09-30,2022-10-31,MA,0.6,3,0.15604355589574714
2022-09-30,2022-10-31,TMO,0.62,4,0.013367723117490016
2022-09-30,2022-10-31,WFC,0.64,4,0.14346108103779986
2022-09-30,2022-10-31,WMT,0.66,4,0.09737850153253813
2022-09-30,2022-10-31,CAT,0.68,4,0.32806189435933564
2022-09-30,2022-10-31,PG,0.7,4,0.07426344166119736
2022-09-30,2022-10-31,JNJ,0.72,4,0.06494838726217833
2022-09-30,2022-10-31,QCOM,0.74,4,0.04142316375940891
2022-09-30,2022-10-31,AVGO,0.76,4,0.058804841668024244
2022-09-30,2022-10-31,TSLA,0.78,4,-0.14216779156971604
2022-09-30,2022-10-31,MCD,0.8,4,0.18167648641490852
2022-09-30,2022-10-31,PFE,0.82,5,0.063756810386564
2022-09-30,2022-10-31,AAPL,0.84,5,0.10955103009361267
2022-09-30,2022-10-31,MRK,0.86,5,0.17510447171138122
2022-09-30,2022-10-31,PEP,0.88,5,0.11221384655433564
2022-09-30,2022-10-31,COST,0.9,5,0.06380972130660978
2022-09-30,2022-10-31,KO,0.92,5,0.06836843035073659
2022-09-30,2022-10-31,UNH,0.94,5,0.09922009569721646
2022-09-30,2022-10-31,CVX,0.98,5,0.25913589255257663
2022-09-30,2022-10-31,XOM,0.98,5,0.26915601399067435
2022-09-30,2022-10-31,SMCI,0.98,5,0.26366445418380224
2022-10-31,2022-11-30,RKLB,0.04,1,-0.17681730223718128
2022-10-31,2022-11-30,PLTR,0.04,1,-0.1467576754779737
2022-10-31,2022-11-30,NFLX,0.04,1,0.046765786760407435
2022-10-31,2022-11-30,META,0.08,1,0.2677114164354244
2022-10-31,2022-11-30,ADBE,0.1,1,0.0829827085581829
2022-10-31,2022-11-30,NVDA,0.12,1,0.2541547170044127
2022-10-31,2022-11-30,CRM,0.14,1,-0.014391885455588116
2022-10-31,2022-11-30,NKE,0.16,1,0.18353454852508921
2022-10-31,2022-11-30,ASML,0.18,1,0.29112023767457273
2022-10-31,2022-11-30,AMD,0.2,1,0.292540717255801
2022-10-31,2022-11-30,INTC,0.22,2,0.071970589884085
2022-10-31,2022-11-30,CRWD,0.24,2,-0.27016126703988863
2022-10-31,2022-11-30,GE,0.26,2,0.10487071930675196
2022-10-31,2022-11-30,TSM,0.28,2,0.34817250980357817
2022-10-31,2022-11-30,STX,0.3,2,0.06665345060875749
2022-10-31,2022-11-30,WDC,0.32,2,0.06924644275731207
2022-10-31,2022-11-30,JPM,0.34,2,0.09771199692266097
2022-10-31,2022-11-30,ORCL,0.36,2,0.0635329536
2022-10-31,2022-11-30,GOOGL,0.38,2,0.06856403031867964
2022-10-31,2022-11-30,BAC,0.4,2,0.05022205458625906
2022-10-31,2022-11-30,AMZN,0.42,3,-0.05759470309709902
2022-10-31,2022-11-30,MSFT,0.44,3,0.10222274266569231
2022-10-31,2022-11-30,TSLA,0.46,3,-0.14432626046795272
2022-10-31,2022-11-30,MU,0.48,3,0.06561932391216052
2022-10-31,2022-11-30,CSCO,0.5,3,0.0944311613978972
2022-10-31,2022-11-30,HD,0.52,3,0.10069921947301252
2022-10-31,2022-11-30,ABT,0.54,3,0.08732561126345884
2022-10-31,2022-11-30,HON,0.56,3,0.08138991590311218
2022-10-31,2022-11-30,WFC,0.58,3,0.04933298177278478
2022-10-31,2022-11-30,TMO,0.6,3,0.08998573465790538
2022-10-31,2022-11-30,CAT,0.62,4,0.09216477892165087
2022-10-31,2022-11-30,TXN,0.64,4,0.12345147333574746
2022-10-31,2022-11-30,V,0.66,4,0.04984071787065969
2022-10-31,2022-11-30,MA,0.68,4,0.08598931223804862
2022-10-31,2022-11-30,AVGO,0.7,4,0.17210502227036661
2022-10-31,2022-11-30,QCOM,0.72,4,0.08190127018761717
2022-10-31,2022-11-30,WMT,0.74,4,0.07089154164826894
2022-10-31,2022-11-30,PG,0.76,4,0.10759646129503975
2022-10-31,2022-11-30,AAPL,0.78,4,-0.03302724407766444
2022-10-31,2022-11-30,MCD,0.8,4,0.006111224620209743
2022-10-31,2022-11-30,COST,0.82,5,0.07527424873782129
2022-10-31,2022-11-30,MRK,0.84,5,0.08814239064493923
2022-10-31,2022-11-30,KO,0.86,5,0.07036137209749493
2022-10-31,2022-11-30,JNJ,0.88,5,0.029769196581797885
2022-10-31,2022-11-30,PFE,0.9,5,0.08613644122628661
2022-10-31,2022-11-30,PEP,0.92,5,0.021643223416724533
2022-10-31,2022-11-30,UNH,0.94,5,-0.013311801478947838
2022-10-31,2022-11-30,CVX,0.98,5,0.0211608123619067
2022-10-31,2022-11-30,XOM,0.98,5,0.012871520970036965
2022-10-31,2022-11-30,SMCI,0.98,5,0.296594283668838
2022-11-30,2022-12-30,META,0.04,1,0.0189670488964504
2022-11-30,2022-12-30,RKLB,0.04,1,-0.10023868032416272
2022-11-30,2022-12-30,AMD,0.04,1,-0.1656576203187402
2022-11-30,2022-12-30,NVDA,0.08,1,-0.13644143323518743
2022-11-30,2022-12-30,PLTR,0.1,1,-0.14399998982747397
2022-11-30,2022-12-30,NFLX,0.12,1,-0.03485741643246454
2022-11-30,2022-12-30,ADBE,0.14,1,-0.02435275005029791
2022-11-30,2022-12-30,STX,0.16,1,0.007028452189606016
2022-11-30,2022-12-30,TSM,0.18,1,-0.09722572659681006
2022-11-30,2022-12-30,NKE,0.2,1,0.07000792216807783
2022-11-30,2022-12-30,CRM,0.22,2,-0.17260542324751305
2022-11-30,2022-12-30,AMZN,0.24,2,-0.1298943525647971
2022-11-30,2022-12-30,INTC,0.26,2,-0.12105083439749087
2022-11-30,2022-12-30,WDC,0.28,2,-0.141496609529419
2022-11-30,2022-12-30,TSLA,0.3,2,-0.3673343490707852
2022-11-30,2022-12-30,ASML,0.32,2,-0.101492777716222
2022-11-30,2022-12-30,MU,0.34,2,-0.13107165840953416
2022-11-30,2022-12-30,QCOM,0.36,2,-0.13084041794829304
2022-11-30,2022-12-30,GOOGL,0.38,2,-0.1263491453372777
2022-11-30,2022-12-30,MSFT,0.4,2,-0.06004531824450654
2022-11-30,2022-12-30,CRWD,0.42,3,-0.10505737739096244
2022-11-30,2022-12-30,HD,0.44,3,-0.025093429390688038
2022-11-30,2022-12-30,ABT,0.46,3,0.020542753787437862
2022-11-30,2022-12-30,TMO,0.48,3,-0.016494706877976162
2022-11-30,2022-12-30,JPM,0.5,3,-0.029526446709126075
2022-11-30,2022-12-30,GE,0.52,3,-0.024415878294196114
2022-11-30,2022-12-30,BAC,0.54,3,-0.11985112295727818
2022-11-30,2022-12-30,CSCO,0.56,3,-0.041834306719880976
2022-11-30,2022-12-30,TXN,0.58,3,-0.08445076213408842
2022-11-30,2022-12-30,AVGO,0.6,3,0.02316612237242066
2022-11-30,2022-12-30,ORCL,0.62,4,-0.015536684541901491
2022-11-30,2022-12-30,PFE,0.64,4,0.02214250704343068
2022-11-30,2022-12-30,AAPL,0.66,4,-0.1222726462467204
2022-11-30,2022-12-30,COST,0.68,4,-0.15345395368053583
2022-11-30,2022-12-30,PG,0.7,4,0.016089762274540842
2022-11-30,2022-12-30,WFC,0.72,4,-0.1388946904419559
2022-11-30,2022-12-30,HON,0.74,4,-0.023912416689046423
2022-11-30,2022-12-30,WMT,0.76,4,-0.06623457225729523
2022-11-30,2022-12-30,MA,0.78,4,-0.02432648833395379
2022-11-30,2022-12-30,V,0.8,4,-0.04258073460299805
2022-11-30,2022-12-30,MCD,0.82,5,-0.03394549157160931
2022-11-30,2022-12-30,JNJ,0.84,5,-0.00758452762090589
2022-11-30,2022-12-30,CAT,0.86,5,0.013324284165733724
2022-11-30,2022-12-30,KO,0.88,5,0.0
2022-11-30,2022-12-30,PEP,0.9,5,-0.0200691825829985
2022-11-30,2022-12-30,UNH,0.92,5,-0.029110465559034182
2022-11-30,2022-12-30,MRK,0.94,5,0.014212657699055109
2022-11-30,2022-12-30,CVX,0.98,5,-0.02083907187183409
2022-11-30,2022-12-30,SMCI,0.98,5,-0.09010304185439189
2022-11-30,2022-12-30,XOM,0.98,5,-0.009340773963127269
2022-12-30,2023-01-31,RKLB,0.04,1,0.31830233828548327
2022-12-30,2023-01-31,META,0.04,1,0.2379093223659694
2022-12-30,2023-01-31,PLTR,0.04,1,0.21183802450972666
2022-12-30,2023-01-31,STX,0.08,1,0.2883482653965821
2022-12-30,2023-01-31,NFLX,0.1,1,0.20001358326102392
2022-12-30,2023-01-31,AMD,0.12,1,0.16025946303524585
2022-12-30,2023-01-31,TSLA,0.14,1,0.4062347847991097
2022-12-30,2023-01-31,WDC,0.16,1,0.3930269580490484
2022-12-30,2023-01-31,CRWD,0.18,1,0.005793528398209125
2022-12-30,2023-01-31,NVDA,0.2,1,0.33686889381179363
2022-12-30,2023-01-31,AMZN,0.22,2,0.22773806254068996
2022-12-30,2023-01-31,INTC,0.24,2,0.0692394632752209
2022-12-30,2023-01-31,ADBE,0.26,2,0.10046651912528914
2022-12-30,2023-01-31,MU,0.28,2,0.20648275543603822
2022-12-30,2023-01-31,CRM,0.3,2,0.26683775394815457
2022-12-30,2023-01-31,NKE,0.32,2,0.08819751874302262
2022-12-30,2023-01-31,GOOGL,0.34,2,0.12025384191804878
2022-12-30,2023-01-31,TSM,0.36,2,0.2448650759837554
2022-12-30,2023-01-31,QCOM,0.38,2,0.21166098999323624
2022-12-30,2023-01-31,MSFT,0.4,2,0.033316687511641074
2022-12-30,2023-01-31,ASML,0.42,3,0.2094433984181867
2022-12-30,2023-01-31,ABT,0.44,3,0.011481383186464855
2022-12-30,2023-01-31,HD,0.46,3,0.026309085948262867
2022-12-30,2023-01-31,CSCO,0.48,3,0.029783036355835124
2022-12-30,2023-01-31,AAPL,0.5,3,0.11052103455635498
2022-12-30,2023-01-31,TMO,0.52,3,0.03566440937588666
2022-12-30,2023-01-31,AVGO,0.54,3,0.04628628111507527
2022-12-30,2023-01-31,BAC,0.56,3,0.07125590883096522
2022-12-30,2023-01-31,PFE,0.58,3,-0.13026134800550204
2022-12-30,2023-01-31,JPM,0.6,3,0.05140790515881988
2022-12-30,2023-01-31,GE,0.62,4,0.23039594251549755
2022-12-30,2023-01-31,PG,0.64,4,-0.05467473654621646
2022-12-30,2023-01-31,COST,0.66,4,0.11969317285608327
2022-12-30,2023-01-31,ORCL,0.68,4,0.08626982564474517
2022-12-30,2023-01-31,TXN,0.7,4,0.08021336090216913
2022-12-30,2023-01-31,MA,0.72,4,0.06749931717464408
2022-12-30,2023-01-31,V,0.74,4,0.10805756524404608
2022-12-30,2023-01-31,WFC,0.76,4,0.1351416876328062
2022-12-30,2023-01-31,MCD,0.78,4,0.014685222865166603
2022-12-30,2023-01-31,WMT,0.8,4,0.01466982262320049
2022-12-30,2023-01-31,JNJ,0.82,5,-0.07489382863337124
2022-12-30,2023-01-31,HON,0.84,5,-0.02715826405289523
2022-12-30,2023-01-31,PEP,0.86,5,-0.05335999390403212
2022-12-30,2023-01-31,UNH,0.88,5,-0.0584520349900679
2022-12-30,2023-01-31,KO,0.9,5,-0.03600053846887763
2022-12-30,2023-01-31,CAT,0.92,5,0.058161435249792115
2022-12-30,2023-01-31,MRK,0.94,5,-0.03190619376470738
2022-12-30,2023-01-31,CVX,0.98,5,-0.030475183571530118
2022-12-30,2023-01-31,XOM,0.98,5,0.051767994800898665
2022-12-30,2023-01-31,SMCI,0.98,5,-0.11900124628157038
2023-01-31,2023-02-28,META,0.04,1,0.17433033731498337
2023-01-31,2023-02-28,TSLA,0.04,1,0.18756497670132144
2023-01-31,2023-02-28,RKLB,0.04,1,-0.09456736620375727
2023-01-31,2023-02-28,PLTR,0.08,1,0.00771207469941948
2023-01-31,2023-02-28,STX,0.1,1,-0.047506661591168675
2023-01-31,2023-02-28,AMZN,0.12,1,-0.08629878923214451
2023-01-31,2023-02-28,INTC,0.14,1,-0.10708530524553439
2023-01-31,2023-02-28,AMD,0.16,1,0.04564205236901575
2023-01-31,2023-02-28,CRM,0.18,1,-0.025957074847767103
2023-01-31,2023-02-28,CRWD,0.2,1,0.13966006329011327
2023-01-31,2023-02-28,NVDA,0.22,2,0.18830924010001882
2023-01-31,2023-02-28,WDC,0.24,2,-0.12445963750969025
2023-01-31,2023-02-28,MU,0.26,2,-0.04112761364296069
2023-01-31,2023-02-28,TSM,0.28,2,-0.061037483076808674
2023-01-31,2023-02-28,ADBE,0.3,2,-0.1252632299767431
2023-01-31,2023-02-28,QCOM,0.32,2,-0.07266729651295822
2023-01-31,2023-02-28,GOOGL,0.34,2,-0.088830387123364
2023-01-31,2023-02-28,NFLX,0.36,2,-0.08966823583896388
2023-01-31,2023-02-28,BAC,0.38,2,-0.03325799887441505
2023-01-31,2023-02-28,AAPL,0.4,2,0.023182947749189164
2023-01-31,2023-02-28,MSFT,0.42,3,0.009017680630716063
2023-01-31,2023-02-28,WFC,0.44,3,0.004231494570646754
2023-01-31,2023-02-28,NKE,0.46,3,-0.06706984699731877
2023-01-31,2023-02-28,ASML,0.48,3,-0.06320634664472169
2023-01-31,2023-02-28,ABT,0.5,3,-0.0798733435200939
2023-01-31,2023-02-28,CSCO,0.52,3,-0.005136528413675401
2023-01-31,2023-02-28,HD,0.54,3,-0.0852327786582392
2023-01-31,2023-02-28,GE,0.56,3,0.0525594623872756
2023-01-31,2023-02-28,MA,0.58,3,-0.04131172743357503
2023-01-31,2023-02-28,COST,0.6,3,-0.05109584096470965
2023-01-31,2023-02-28,JPM,0.62,4,0.024221124507807223
2023-01-31,2023-02-28,V,0.64,4,-0.042740228011085346
2023-01-31,2023-02-28,TXN,0.66,4,-0.03250383819822478
2023-01-31,2023-02-28,TMO,0.68,4,-0.05009378163296219
2023-01-31,2023-02-28,PG,0.7,4,-0.03385326478266237
2023-01-31,2023-02-28,AVGO,0.72,4,0.01586302548813534
2023-01-31,2023-02-28,PFE,0.74,4,-0.08129545219219347
2023-01-31,2023-02-28,ORCL,0.76,4,-0.011982768726351178
2023-01-31,2023-02-28,WMT,0.78,4,-0.012094261422208041
2023-01-31,2023-02-28,MCD,0.8,4,-0.007353305264318655
2023-01-31,2023-02-28,JNJ,0.82,5,-0.05542568983951213
2023-01-31,2023-02-28,PEP,0.84,5,0.014676546921261746
2023-01-31,2023-02-28,HON,0.86,5,-0.07667791219903308
2023-01-31,2023-02-28,KO,0.88,5,-0.029517390147081324
2023-01-31,2023-02-28,UNH,0.9,5,-0.046575536422462926
2023-01-31,2023-02-28,CAT,0.92,5,-0.05049731206527308
2023-01-31,2023-02-28,MRK,0.94,5,-0.010892948339958686
2023-01-31,2023-02-28,CVX,0.98,5,-0.06797358263595177
2023-01-31,2023-02-28,XOM,0.98,5,-0.045291311161465564
2023-01-31,2023-02-28,SMCI,0.98,5,0.35448640951432875
2023-02-28,2023-03-31,RKLB,0.04,1,-0.10222223069932723
2023-02-28,2023-03-31,CRWD,0.04,1,0.13729382492534348
2023-02-28,2023-03-31,TSLA,0.04,1,0.008507121398494633
2023-02-28,2023-03-31,AMD,0.08,1,0.24726393296541116
2023-02-28,2023-03-31,INTC,0.1,1,0.3104691904142347
2023-02-28,2023-03-31,PLTR,0.12,1,0.07780607714349252
2023-02-28,2023-03-31,AMZN,0.14,1,0.0961476943206232
2023-02-28,2023-03-31,MU,0.16,1,0.04358361278501577
2023-02-28,2023-03-31,STX,0.18,1,0.035847318917341386
2023-02-28,2023-03-31,META,0.2,1,0.2115011823599331
2023-02-28,2023-03-31,GOOGL,0.22,2,0.1517876774436704
2023-02-28,2023-03-31,QCOM,0.24,2,0.03909442887333503
2023-02-28,2023-03-31,ADBE,0.26,2,0.18959710015662457
2023-02-28,2023-03-31,CRM,0.28,2,0.22107454963352624
2023-02-28,2023-03-31,NVDA,0.3,2,0.19666260280217052
2023-02-28,2023-03-31,BAC,0.32,2,-0.1607727265975747
2023-02-28,2023-03-31,MSFT,0.34,2,0.15588168031354832
2023-02-28,2023-03-31,WDC,0.36,2,-0.02104988255501039
2023-02-28,2023-03-31,AAPL,0.38,2,0.11864871975788116
2023-02-28,2023-03-31,TSM,0.4,2,0.07389728294604203
2023-02-28,2023-03-31,WFC,0.42,3,-0.20076963616915777
2023-02-28,2023-03-31,NFLX,0.44,3,0.0724862320732742
2023-02-28,2023-03-31,CSCO,0.46,3,0.07971912143253368
2023-02-28,2023-03-31,ABT,0.48,3,-0.004522341623715342
2023-02-28,2023-03-31,PG,0.5,3,0.08091011250295521
2023-02-28,2023-03-31,NKE,0.52,3,0.03535391101954155
2023-02-28,2023-03-31,PFE,0.54,3,0.0056693318657081715
2023-02-28,2023-03-31,COST,0.56,3,0.02620927092454428
2023-02-28,2023-03-31,ASML,0.58,3,0.1019542901068804
2023-02-28,2023-03-31,JNJ,0.6,3,0.01135329328139778
2023-02-28,2023-03-31,KO,0.62,4,0.05034117805910254
2023-02-28,2023-03-31,JPM,0.64,4,-0.09096607055246297
2023-02-28,2023-03-31,AVGO,0.66,4,0.08727632200531477
2023-02-28,2023-03-31,MA,0.68,4,0.02285486905124512
2023-02-28,2023-03-31,TMO,0.7,4,0.06457240036657264
2023-02-28,2023-03-31,HD,0.72,4,0.002417913828442586
2023-02-28,2023-03-31,UNH,0.74,4,-0.0035018884668659434
2023-02-28,2023-03-31,V,0.76,4,0.025097788193825243
2023-02-28,2023-03-31,PEP,0.78,4,0.05763786175784591
2023-02-28,2023-03-31,TXN,0.8,4,0.08492284867286481
2023-02-28,2023-03-31,WMT,0.82,5,0.04168256615166355
2023-02-28,2023-03-31,GE,0.84,5,0.12960252223848667
2023-02-28,2023-03-31,MCD,0.86,5,0.05948989170668484
2023-02-28,2023-03-31,HON,0.88,5,-0.0018799733592411716
2023-02-28,2023-03-31,ORCL,0.9,5,0.06315777771054631
2023-02-28,2023-03-31,CVX,0.92,5,0.014866047501234547
2023-02-28,2023-03-31,CAT,0.94,5,-0.04470887403276602
2023-02-28,2023-03-31,MRK,0.98,5,0.008374008192662874
2023-02-28,2023-03-31,XOM,0.98,5,-0.002274672885772988
2023-02-28,2023-03-31,SMCI,0.98,5,0.08757781031430367
2023-03-31,2023-04-28,INTC,0.04,1,-0.04928049160320813
2023-03-31,2023-04-28,CRWD,0.04,1,-0.1253824285576597
2023-03-31,2023-04-28,RKLB,0.04,1,-0.02970294225053438
2023-03-31,2023-04-28,PLTR,0.08,1,-0.08284021598410107
2023-03-31,2023-04-28,TSLA,0.1,1,-0.20799193945263272
2023-03-31,2023-04-28,AMZN,0.12,1,0.020911956758344452
2023-03-31,2023-04-28,GOOGL,0.14,1,0.0348018279258997
2023-03-31,2023-04-28,ADBE,0.16,1,-0.02026623156330265
2023-03-31,2023-04-28,AMD,0.18,1,-0.08815426182359587
2023-03-31,2023-04-28,STX,0.2,1,-0.11116157998418674
2023-03-31,2023-04-28,MU,0.22,2,0.06877783485187217
2023-03-31,2023-04-28,CRM,0.24,2,-0.007057704521962194
2023-03-31,2023-04-28,WDC,0.26,2,-0.08574460478412571
2023-03-31,2023-04-28,META,0.28,2,0.13390581766982268
2023-03-31,2023-04-28,PFE,0.3,2,-0.04681352667888894
2023-03-31,2023-04-28,MSFT,0.32,2,0.0657650596471544
2023-03-31,2023-04-28,QCOM,0.34,2,-0.0844961079011719
2023-03-31,2023-04-28,COST,0.36,2,0.012780178781854223
2023-03-31,2023-04-28,BAC,0.38,2,0.023776108259265794
2023-03-31,2023-04-28,TSM,0.4,2,-0.09374337864911564
2023-03-31,2023-04-28,AAPL,0.42,3,0.02898711958384692
2023-03-31,2023-04-28,NVDA,0.44,3,-0.0010079847297168598
2023-03-31,2023-04-28,NFLX,0.46,3,-0.045009849776145416
2023-03-31,2023-04-28,ABT,0.48,3,0.09640616105188471
2023-03-31,2023-04-28,JNJ,0.5,3,0.056128997372647316
2023-03-31,2023-04-28,NKE,0.52,3,0.03326807127798137
2023-03-31,2023-04-28,CSCO,0.54,3,-0.08942392499905594
2023-03-31,2023-04-28,TMO,0.56,3,-0.037250269388706014
2023-03-31,2023-04-28,PG,0.58,3,0.058302953916172795
2023-03-31,2023-04-28,ASML,0.6,3,-0.06441800550157017
2023-03-31,2023-04-28,UNH,0.62,4,0.04126189668507174
2023-03-31,2023-04-28,TXN,0.64,4,-0.1011238655874862
2023-03-31,2023-04-28,WMT,0.66,4,0.02387259215150417
2023-03-31,2023-04-28,AVGO,0.68,4,-0.02344349817185265
2023-03-31,2023-04-28,KO,0.7,4,0.03417712770828718
2023-03-31,2023-04-28,WFC,0.72,4,0.06340295312787414
2023-03-31,2023-04-28,V,0.74,4,0.032244945988627816
2023-03-31,2023-04-28,MA,0.76,4,0.047373923171822874
2023-03-31,2023-04-28,HON,0.78,4,0.045625884580285936
2023-03-31,2023-04-28,HD,0.8,4,0.018365533100377807
2023-03-31,2023-04-28,CVX,0.82,5,0.033218892646651677
2023-03-31,2023-04-28,PEP,0.84,5,0.04712015687770088
2023-03-31,2023-04-28,ORCL,0.86,5,0.02364022729177906
2023-03-31,2023-04-28,JPM,0.88,5,0.0691805801522376
2023-03-31,2023-04-28,MCD,0.9,5,0.05772330408368087
2023-03-31,2023-04-28,CAT,0.92,5,-0.03868351456498709
2023-03-31,2023-04-28,GE,0.94,5,0.03525097239852881
2023-03-31,2023-04-28,MRK,0.98,5,0.08534649691258589
2023-03-31,2023-04-28,XOM,0.98,5,0.07915370928555832
2023-03-31,2023-04-28,SMCI,0.98,5,-0.010511451386730375
2023-04-28,2023-05-31,RKLB,0.04,1,0.16836730473640382
2023-04-28,2023-05-31,CRWD,0.04,1,0.33386089806074204
2023-04-28,2023-05-31,WDC,0.04,1,0.12456429933147661
2023-04-28,2023-05-31,TSLA,0.08,1,0.2411295460159617
2023-04-28,2023-05-31,INTC,0.1,1,0.01637944312095474
2023-04-28,2023-05-31,PLTR,0.12,1,0.8980645210512224
2023-04-28,2023-05-31,BAC,0.14,1,-0.050887917641151414
2023-04-28,2023-05-31,AMZN,0.16,1,0.14348037288458815
2023-04-28,2023-05-31,STX,0.18,1,0.022630553574332968
2023-04-28,2023-05-31,PFE,0.2,1,-0.01179224320720429
2023-04-28,2023-05-31,WFC,0.22,2,0.009343860350959243
2023-04-28,2023-05-31,JNJ,0.24,2,-0.045632949442913184
2023-04-28,2023-05-31,MU,0.26,2,0.05966439102796195
2023-04-28,2023-05-31,ABT,0.28,2,-0.07667239433036654
2023-04-28,2023-05-31,GOOGL,0.3,2,0.14468045443629185
2023-04-28,2023-05-31,QCOM,0.32,2,-0.022281114011938774
2023-04-28,2023-05-31,COST,0.34,2,0.01869331357842352
2023-04-28,2023-05-31,UNH,0.36,2,-0.00985587996431947
2023-04-28,2023-05-31,PG,0.38,2,-0.08875809624805875
2023-04-28,2023-05-31,ADBE,0.4,2,0.10655263069834309
2023-04-28,2023-05-31,WMT,0.42,3,-0.023462321304340006
2023-04-28,2023-05-31,KO,0.44,3,-0.06999224812428173
2023-04-28,2023-05-31,NKE,0.46,3,-0.16934968011515528
2023-04-28,2023-05-31,MA,0.48,3,-0.03949688047227218
2023-04-28,2023-05-31,HON,0.5,3,-0.03620273852569811
2023-04-28,2023-05-31,HD,0.52,3,-0.05007448019493799
2023-04-28,2023-05-31,TSM,0.54,3,0.169513616096578
2023-04-28,2023-05-31,TMO,0.56,3,-0.08369085514858665
2023-04-28,2023-05-31,MSFT,0.58,3,0.07110563749587961
2023-04-28,2023-05-31,AAPL,0.6,3,0.04605850835445868
2023-04-28,2023-05-31,META,0.62,4,0.10153101902937367
2023-04-28,2023-05-31,V,0.64,4,-0.04842110366360508
2023-04-28,2023-05-31,CVX,0.66,4,-0.09778770629918865
2023-04-28,2023-05-31,PEP,0.68,4,-0.04473771284192618
2023-04-28,2023-05-31,CSCO,0.7,4,0.05121701764377096
2023-04-28,2023-05-31,CAT,0.72,4,-0.05964350071678948
2023-04-28,2023-05-31,JPM,0.74,4,-0.018301655648126247
2023-04-28,2023-05-31,TXN,0.76,4,0.04795899369254042
2023-04-28,2023-05-31,CRM,0.78,4,0.12607740189071803
2023-04-28,2023-05-31,AMD,0.8,4,0.32270331712609934
2023-04-28,2023-05-31,MCD,0.82,5,-0.0359762628669853
2023-04-28,2023-05-31,AVGO,0.84,5,0.2896407486916741
2023-04-28,2023-05-31,ASML,0.86,5,0.13846851980418506
2023-04-28,2023-05-31,MRK,0.88,5,-0.04382107183306616
2023-04-28,2023-05-31,ORCL,0.9,5,0.11845447684589883
2023-04-28,2023-05-31,XOM,0.92,5,-0.12906317381011656
2023-04-28,2023-05-31,NVDA,0.94,5,0.3634364726737247
2023-04-28,2023-05-31,GE,0.98,5,0.025866569069825207
2023-04-28,2023-05-31,NFLX,0.98,5,0.19792073389072873
2023-04-28,2023-05-31,SMCI,0.98,5,1.1241582080800994
2023-05-31,2023-06-30,WDC,0.04,1,-0.020655781432640463
2023-05-31,2023-06-30,TSLA,0.04,1,0.28362672689273194
2023-05-31,2023-06-30,INTC,0.04,1,0.06361317201200944
2023-05-31,2023-06-30,STX,0.08,1,0.040781503596031055
2023-05-31,2023-06-30,CRWD,0.1,1,-0.08280777718909726
2023-05-31,2023-06-30,PFE,0.12,1,-0.03524453117800341
2023-05-31,2023-06-30,BAC,0.14,1,0.04062384893085591
2023-05-31,2023-06-30,RKLB,0.16,1,0.3100436899450658
2023-05-31,2023-06-30,QCOM,0.18,1,0.04964288741196721
2023-05-31,2023-06-30,AMZN,0.2,1,0.0811079667505703
2023-05-31,2023-06-30,AMD,0.22,2,-0.03637590267884627
2023-05-31,2023-06-30,MU,0.24,2,-0.07463332892098018
2023-05-31,2023-06-30,WFC,0.26,2,0.07209243775507601
2023-05-31,2023-06-30,PLTR,0.28,2,0.042148190615313164
2023-05-31,2023-06-30,TSM,0.3,2,0.027920688934981452
2023-05-31,2023-06-30,ADBE,0.32,2,0.17042049889471578
2023-05-31,2023-06-30,JNJ,0.34,2,0.06745789649571377
2023-05-31,2023-06-30,GOOGL,0.36,2,-0.02579964209893415
2023-05-31,2023-06-30,ABT,0.38,2,0.06882341599845754
2023-05-31,2023-06-30,TXN,0.4,2,0.035311759686176725
2023-05-31,2023-06-30,TMO,0.42,3,0.026820949673580063
2023-05-31,2023-06-30,CVX,0.44,3,0.04468184504584238
2023-05-31,2023-06-30,UNH,0.46,3,-0.009496345436506792
2023-05-31,2023-06-30,HD,0.48,3,0.09592525697974508
2023-05-31,2023-06-30,CAT,0.5,3,0.19586882267416428
2023-05-31,2023-06-30,KO,0.52,3,0.017073874699931046
2023-05-31,2023-06-30,HON,0.54,3,0.08298550507283675
2023-05-31,2023-06-30,MA,0.56,3,0.07747515115231685
2023-05-31,2023-06-30,NKE,0.58,3,0.05199803772428924
2023-05-31,2023-06-30,JPM,0.6,3,0.0716970763815219
2023-05-31,2023-06-30,CSCO,0.62,4,0.041675063425894665
2023-05-31,2023-06-30,COST,0.64,4,0.05242764698382696
2023-05-31,2023-06-30,PG,0.66,4,0.0648419900292605
2023-05-31,2023-06-30,V,0.68,4,0.07442417463167184
2023-05-31,2023-06-30,ASML,0.7,4,0.002517694515626223
2023-05-31,2023-06-30,AVGO,0.72,4,0.07932460296731492
2023-05-31,2023-06-30,MSFT,0.74,4,0.03699841225015854
2023-05-31,2023-06-30,AAPL,0.76,4,0.09433008794677789
2023-05-31,2023-06-30,PEP,0.78,4,0.022834528250163855
2023-05-31,2023-06-30,WMT,0.8,4,0.07019795786350369
2023-05-31,2023-06-30,MCD,0.82,5,0.05220466746514818
2023-05-31,2023-06-30,CRM,0.84,5,-0.05425731747760354
2023-05-31,2023-06-30,META,0.86,5,0.0840891191171933
2023-05-31,2023-06-30,XOM,0.88,5,0.049618249901867806
2023-05-31,2023-06-30,MRK,0.9,5,0.05208742482966722
2023-05-31,2023-06-30,ORCL,0.92,5,0.12412693298052524
2023-05-31,2023-06-30,NVDA,0.94,5,0.11821047224997594
2023-05-31,2023-06-30,GE,0.98,5,0.08194638294685297
2023-05-31,2023-06-30,NFLX,0.98,5,0.11451562666946691
2023-05-31,2023-06-30,SMCI,0.98,5,0.11297158863954393
2023-06-30,2023-07-31,PFE,0.04,1,-0.005949978705211856
2023-06-30,2023-07-31,WDC,0.04,1,0.12206712881809101
2023-06-30,2023-07-31,STX,0.04,1,0.026345471175057034
2023-06-30,2023-07-31,INTC,0.08,1,0.06967698469069794
2023-06-30,2023-07-31,JNJ,0.1,1,0.012143574298711712
2023-06-30,2023-07-31,TSLA,0.12,1,0.021622049507798113
2023-06-30,2023-07-31,BAC,0.14,1,0.11537105406936554
2023-06-30,2023-07-31,QCOM,0.16,1,0.11029909796593906
2023-06-30,2023-07-31,TMO,0.18,1,0.05157623062770855
2023-06-30,2023-07-31,CRWD,0.2,1,0.10070136199787383
2023-06-30,2023-07-31,ABT,0.22,2,0.02608638506072314
2023-06-30,2023-07-31,UNH,0.24,2,0.053532731147915014
2023-06-30,2023-07-31,KO,0.26,2,0.028395921227707843
2023-06-30,2023-07-31,PG,0.28,2,0.03654126620525866
2023-06-30,2023-07-31,NKE,0.3,2,0.000181144682697143
2023-06-30,2023-07-31,WFC,0.32,2,0.081537215074305
2023-06-30,2023-07-31,HD,0.34,2,0.07468449573936975
2023-06-30,2023-07-31,COST,0.36,2,0.0414023236538259
2023-06-30,2023-07-31,CVX,0.38,2,0.040101944728216266
2023-06-30,2023-07-31,PEP,0.4,2,0.012093622329856224
2023-06-30,2023-07-31,HON,0.42,3,-0.06443364300564747
2023-06-30,2023-07-31,GOOGL,0.44,3,0.10877197272065708
2023-06-30,2023-07-31,V,0.46,3,0.0010527517884595383
2023-06-30,2023-07-31,AMZN,0.48,3,0.025467873963526566
2023-06-30,2023-07-31,ADBE,0.5,3,0.11693489400135704
2023-06-30,2023-07-31,MA,0.52,3,0.0039416158631606635
2023-06-30,2023-07-31,TXN,0.54,3,0.006914370936966563
2023-06-30,2023-07-31,MCD,0.56,3,-0.01745924350831407
2023-06-30,2023-07-31,CAT,0.58,3,0.08304475506946929
2023-06-30,2023-07-31,CSCO,0.6,3,0.013425191614427234
2023-06-30,2023-07-31,RKLB,0.62,4,0.22833331425984693
2023-06-30,2023-07-31,TSM,0.64,4,-0.017538539801129405
2023-06-30,2023-07-31,WMT,0.66,4,0.017050504154777046
2023-06-30,2023-07-31,XOM,0.68,4,-9.339435942401497e-05
2023-06-30,2023-07-31,MRK,0.7,4,-0.0757431534556291
2023-06-30,2023-07-31,MU,0.72,4,0.1333277976242746
2023-06-30,2023-07-31,JPM,0.74,4,0.09354253968884452
2023-06-30,2023-07-31,MSFT,0.76,4,-0.013566686230894742
2023-06-30,2023-07-31,AAPL,0.78,4,0.01278539053391059
2023-06-30,2023-07-31,CRM,0.8,4,0.06508563108526944
2023-06-30,2023-07-31,ASML,0.82,5,-0.011507453774243559
2023-06-30,2023-07-31,ORCL,0.84,5,-0.01216386340972997
2023-06-30,2023-07-31,AMD,0.86,5,0.004301622754951495
2023-06-30,2023-07-31,PLTR,0.88,5,0.29419440647926187
2023-06-30,2023-07-31,META,0.9,5,0.11018182415487865
2023-06-30,2023-07-31,AVGO,0.92,5,0.03599149891269948
2023-06-30,2023-07-31,GE,0.94,5,0.040732557179189666
2023-06-30,2023-07-31,NFLX,0.98,5,-0.0034507123426921193
2023-06-30,2023-07-31,NVDA,0.98,5,0.10465230924868152
2023-06-30,2023-07-31,SMCI,0.98,5,0.3250552231969108
2023-07-31,2023-08-31,PFE,0.04,1,-0.01885748170561008
2023-07-31,2023-08-31,WDC,0.04,1,0.057330634211747444
2023-07-31,2023-08-31,CRWD,0.04,1,0.008474545875001738
2023-07-31,2023-08-31,STX,0.08,1,0.11480306066899582
2023-07-31,2023-08-31,QCOM,0.1,1,-0.1273285917545789
2023-07-31,2023-08-31,BAC,0.12,1,-0.09659633607564733
2023-07-31,2023-08-31,TMO,0.14,1,0.015383135123785419
2023-07-31,2023-08-31,TSLA,0.16,1,-0.034962443852926794
2023-07-31,2023-08-31,UNH,0.18,1,-0.058830396509119365
2023-07-31,2023-08-31,INTC,0.2,1,-0.01407811891294275
2023-07-31,2023-08-31,AMZN,0.22,2,0.0323907994336623
2023-07-31,2023-08-31,KO,0.24,2,-0.03390920558354382
2023-07-31,2023-08-31,NKE,0.26,2,-0.07863036003048285
2023-07-31,2023-08-31,JNJ,0.28,2,-0.027912190936597914
2023-07-31,2023-08-31,CVX,0.3,2,-0.006182123576309206
2023-07-31,2023-08-31,WFC,0.32,2,-0.09850652441588215
2023-07-31,2023-08-31,COST,0.34,2,-0.018463852252865287
2023-07-31,2023-08-31,ABT,0.36,2,-0.07572092553682241
2023-07-31,2023-08-31,MU,0.38,2,-0.02031076270938259
2023-07-31,2023-08-31,GOOGL,0.4,2,0.02599457680295525
2023-07-31,2023-08-31,TXN,0.42,3,-0.0663334197302311
2023-07-31,2023-08-31,HD,0.44,3,-0.004285823298567748
2023-07-31,2023-08-31,PEP,0.46,3,-0.044213723198690214
2023-07-31,2023-08-31,HON,0.48,3,-0.026587911111958018
2023-07-31,2023-08-31,PG,0.5,3,-0.012539823805412631
2023-07-31,2023-08-31,MA,0.52,3,0.046565832586367595
2023-07-31,2023-08-31,V,0.54,3,0.03538460293522361
2023-07-31,2023-08-31,XOM,0.56,3,0.0453328695896662
2023-07-31,2023-08-31,CRM,0.58,3,-0.015776898135164696
2023-07-31,2023-08-31,MCD,0.6,3,-0.035942733007158334
2023-07-31,2023-08-31,TSM,0.62,4,-0.05627835580867535
2023-07-31,2023-08-31,CSCO,0.64,4,0.10203711477754207
2023-07-31,2023-08-31,ADBE,0.66,4,0.02411345251003838
2023-07-31,2023-08-31,AAPL,0.68,4,-0.042383847336955105
2023-07-31,2023-08-31,AMD,0.7,4,-0.07587412752972944
2023-07-31,2023-08-31,WMT,0.72,4,0.020818790782933805
2023-07-31,2023-08-31,MSFT,0.74,4,-0.02222562612092227
2023-07-31,2023-08-31,CAT,0.76,4,0.06018793612380535
2023-07-31,2023-08-31,ASML,0.78,4,-0.07594520641955094
2023-07-31,2023-08-31,RKLB,0.8,4,-0.14382631740015694
2023-07-31,2023-08-31,JPM,0.82,5,-0.07362636137970202
2023-07-31,2023-08-31,MRK,0.84,5,0.021847323110002925
2023-07-31,2023-08-31,PLTR,0.86,5,-0.24495970629907649
2023-07-31,2023-08-31,ORCL,0.88,5,0.026955477034660946
2023-07-31,2023-08-31,AVGO,0.9,5,0.026973868221967567
2023-07-31,2023-08-31,META,0.92,5,-0.07128055227218899
2023-07-31,2023-08-31,GE,0.94,5,0.0019255829675004499
2023-07-31,2023-08-31,NFLX,0.98,5,-0.012050922303035394
2023-07-31,2023-08-31,NVDA,0.98,5,0.05619621945023212
2023-07-31,2023-08-31,SMCI,0.98,5,-0.16710572972673288
2023-08-31,2023-09-29,PFE,0.04,1,-0.062464677916208244
2023-08-31,2023-09-29,CRWD,0.04,1,0.026682243366783487
2023-08-31,2023-09-29,TSLA,0.04,1,-0.030455617484936637
2023-08-31,2023-09-29,BAC,0.08,1,-0.0449946725027871
2023-08-31,2023-09-29,UNH,0.1,1,0.06205212546935179
2023-08-31,2023-09-29,STX,0.12,1,-0.05836901900922076
2023-08-31,2023-09-29,WDC,0.14,1,0.014000036289962159
2023-08-31,2023-09-29,TMO,0.16,1,-0.09079708256608965
2023-08-31,2023-09-29,QCOM,0.18,1,-0.030297807639738994
2023-08-31,2023-09-29,KO,0.2,1,-0.05692586366402108
2023-08-31,2023-09-29,HON,0.22,2,-0.01702665624716526
2023-08-31,2023-09-29,NKE,0.24,2,-0.05672272569261205
2023-08-31,2023-09-29,AMZN,0.26,2,-0.07890726899285894
2023-08-31,2023-09-29,JNJ,0.28,2,-0.03667719050755647
2023-08-31,2023-09-29,CVX,0.3,2,0.0466788317954403
2023-08-31,2023-09-29,WFC,0.32,2,-0.01041429125735105
2023-08-31,2023-09-29,COST,0.34,2,0.028546298415007998
2023-08-31,2023-09-29,ABT,0.36,2,-0.05879485719616406
2023-08-31,2023-09-29,PEP,0.38,2,-0.04766188597364773
2023-08-31,2023-09-29,TXN,0.4,2,-0.05384986762802879
2023-08-31,2023-09-29,XOM,0.42,3,0.05746909104676812
2023-08-31,2023-09-29,INTC,0.44,3,0.011667502556232723
2023-08-31,2023-09-29,PG,0.46,3,-0.05494338191814074
2023-08-31,2023-09-29,HD,0.48,3,-0.08519510119037521
2023-08-31,2023-09-29,MCD,0.5,3,-0.06299140698198336
2023-08-31,2023-09-29,CSCO,0.52,3,-0.06259811227024337
2023-08-31,2023-09-29,V,0.54,3,-0.06378223145770834
2023-08-31,2023-09-29,TSM,0.56,3,-0.06646356105302709
2023-08-31,2023-09-29,WMT,0.58,3,-0.01648115043907783
2023-08-31,2023-09-29,MA,0.6,3,-0.040543799290591154
2023-08-31,2023-09-29,GOOGL,0.62,4,-0.03899526681183396
2023-08-31,2023-09-29,AAPL,0.64,4,-0.08867836587353961
2023-08-31,2023-09-29,MU,0.66,4,-0.02730926494460928
2023-08-31,2023-09-29,MRK,0.68,4,-0.04889132406999919
2023-08-31,2023-09-29,MSFT,0.7,4,-0.036642739908567035
2023-08-31,2023-09-29,RKLB,0.72,4,-0.3058636839683492
2023-08-31,2023-09-29,AMD,0.74,4,-0.027430963794871754
2023-08-31,2023-09-29,JPM,0.76,4,-0.008952371277289872
2023-08-31,2023-09-29,CRM,0.78,4,-0.08434932675997275
2023-08-31,2023-09-29,ADBE,0.8,4,-0.08838994276331213
2023-08-31,2023-09-29,CAT,0.82,5,-0.028919194486794142
2023-08-31,2023-09-29,ASML,0.84,5,-0.10880677743761669
2023-08-31,2023-09-29,ORCL,0.86,5,-0.12019263688709636
2023-08-31,2023-09-29,AVGO,0.88,5,-0.09512117302584566
2023-08-31,2023-09-29,META,0.9,5,0.014599934067366593
2023-08-31,2023-09-29,NFLX,0.92,5,-0.1293119743829111
2023-08-31,2023-09-29,GE,0.94,5,-0.03346531859576196
2023-08-31,2023-09-29,PLTR,0.98,5,0.06809082035601977
2023-08-31,2023-09-29,NVDA,0.98,5,-0.11857780349647673
2023-08-31,2023-09-29,SMCI,0.98,5,-0.003126310054129222
2023-09-29,2023-10-31,PFE,0.04,1,-0.07868562855689731
2023-09-29,2023-10-31,UNH,0.04,1,0.06221846068390002
2023-09-29,2023-10-31,TSLA,0.04,1,-0.19734635377632148
2023-09-29,2023-10-31,BAC,0.08,1,-0.037984101892565514
2023-09-29,2023-10-31,CRWD,0.1,1,0.0560998871772207
2023-09-29,2023-10-31,JNJ,0.12,1,-0.04757634691521051
2023-09-29,2023-10-31,QCOM,0.14,1,-0.018638593082358046
2023-09-29,2023-10-31,WFC,0.16,1,-0.026676319339468013
2023-09-29,2023-10-31,ABT,0.18,1,-0.018343849617362018
2023-09-29,2023-10-31,KO,0.2,1,0.009110476591207783
2023-09-29,2023-10-31,TMO,0.22,2,-0.12130318109484595
2023-09-29,2023-10-31,TXN,0.24,2,-0.09872503704682722
2023-09-29,2023-10-31,PEP,0.26,2,-0.03635519024177891
2023-09-29,2023-10-31,HON,0.28,2,-0.008011244138417584
2023-09-29,2023-10-31,CVX,0.3,2,-0.13574897237043992
2023-09-29,2023-10-31,COST,0.32,2,-0.022160793428193215
2023-09-29,2023-10-31,AMZN,0.34,2,0.046963447626806376
2023-09-29,2023-10-31,HD,0.36,2,-0.05781726481905769
2023-09-29,2023-10-31,NKE,0.38,2,0.07477492806278208
2023-09-29,2023-10-31,MCD,0.4,2,-0.0048207255143015715
2023-09-29,2023-10-31,PG,0.42,3,0.03508080360847421
2023-09-29,2023-10-31,WMT,0.44,3,0.021759547397514956
2023-09-29,2023-10-31,MRK,0.46,3,-0.0024284084813043227
2023-09-29,2023-10-31,XOM,0.48,3,-0.09976184149179645
2023-09-29,2023-10-31,AAPL,0.5,3,-0.002569669124388496
2023-09-29,2023-10-31,STX,0.52,3,0.03487491631041806
2023-09-29,2023-10-31,WDC,0.54,3,-0.1200964322340764
2023-09-29,2023-10-31,TSM,0.56,3,-0.00678940570541442
2023-09-29,2023-10-31,V,0.58,3,0.02212962191255996
2023-09-29,2023-10-31,MU,0.6,3,-0.015411397167179652
2023-09-29,2023-10-31,INTC,0.62,4,0.02672290980565184
2023-09-29,2023-10-31,MSFT,0.64,4,0.07081558224716633
2023-09-29,2023-10-31,GOOGL,0.66,4,-0.051811174869961896
2023-09-29,2023-10-31,JPM,0.68,4,-0.03402236859068353
2023-09-29,2023-10-31,MA,0.7,4,-0.048027313022768414
2023-09-29,2023-10-31,CSCO,0.72,4,-0.023316713812527645
2023-09-29,2023-10-31,CRM,0.74,4,-0.009616312202818778
2023-09-29,2023-10-31,RKLB,0.76,4,-0.03424659622105475
2023-09-29,2023-10-31,ASML,0.78,4,0.01724277213460379
2023-09-29,2023-10-31,AMD,0.8,4,-0.042015169302141886
2023-09-29,2023-10-31,CAT,0.82,5,-0.16769933658051095
2023-09-29,2023-10-31,NFLX,0.84,5,0.09028073485862631
2023-09-29,2023-10-31,PLTR,0.86,5,-0.07499998807907104
2023-09-29,2023-10-31,ORCL,0.88,5,-0.02021920121585774
2023-09-29,2023-10-31,ADBE,0.9,5,0.04345950956533673
2023-09-29,2023-10-31,AVGO,0.92,5,0.012991035197942757
2023-09-29,2023-10-31,META,0.94,5,0.0035309067487578893
2023-09-29,2023-10-31,GE,0.98,5,-0.017367696670908983
2023-09-29,2023-10-31,NVDA,0.98,5,-0.06250734450237172
2023-09-29,2023-10-31,SMCI,0.98,5,-0.1267230788898901
2023-10-31,2023-11-30,PFE,0.04,1,0.01049771895182361
2023-10-31,2023-11-30,BAC,0.04,1,0.16679414473395515
2023-10-31,2023-11-30,RKLB,0.04,1,0.03546101529339629
2023-10-31,2023-11-30,WFC,0.08,1,0.1311921336713031
2023-10-31,2023-11-30,JNJ,0.1,1,0.05095413829586426
2023-10-31,2023-11-30,UNH,0.12,1,0.03250801383765922
2023-10-31,2023-11-30,HON,0.14,1,0.07537310309367351
2023-10-31,2023-11-30,PEP,0.16,1,0.03854279137424266
2023-10-31,2023-11-30,KO,0.18,1,0.04275680330289178
2023-10-31,2023-11-30,CVX,0.2,1,-0.004286516882607949
2023-10-31,2023-11-30,QCOM,0.22,2,0.19158405335984807
2023-10-31,2023-11-30,TMO,0.24,2,0.11464361916642707
2023-10-31,2023-11-30,MCD,0.26,2,0.08146912760177472
2023-10-31,2023-11-30,ABT,0.28,2,0.10301421302192648
2023-10-31,2023-11-30,TXN,0.3,2,0.07534705399721187
2023-10-31,2023-11-30,CRWD,0.32,2,0.3406686641693135
2023-10-31,2023-11-30,NKE,0.34,2,0.07297853420827005
2023-10-31,2023-11-30,MRK,0.36,2,-0.002142159273754718
2023-10-31,2023-11-30,HD,0.38,2,0.10855678463984875
2023-10-31,2023-11-30,XOM,0.4,2,-0.020505671065475628
2023-10-31,2023-11-30,TSLA,0.42,3,0.19537943740621833
2023-10-31,2023-11-30,PG,0.44,3,0.023262394096170924
2023-10-31,2023-11-30,V,0.46,3,0.09411510977575155
2023-10-31,2023-11-30,AAPL,0.48,3,0.11377992396106684
2023-10-31,2023-11-30,COST,0.5,3,0.07491801405355125
2023-10-31,2023-11-30,WMT,0.52,3,-0.04724327500468872
2023-10-31,2023-11-30,JPM,0.54,3,0.12239358712155712
2023-10-31,2023-11-30,CSCO,0.56,3,-0.07193549995352544
2023-10-31,2023-11-30,MA,0.58,3,0.09958827078676147
2023-10-31,2023-11-30,AMZN,0.6,3,0.0976782655173829
2023-10-31,2023-11-30,CRM,0.62,4,0.2542945843394273
2023-10-31,2023-11-30,ASML,0.64,4,0.14478963156173896
2023-10-31,2023-11-30,MU,0.66,4,0.1383280177766988
2023-10-31,2023-11-30,CAT,0.68,4,0.10913492957963533
2023-10-31,2023-11-30,INTC,0.7,4,0.22868456839960816
2023-10-31,2023-11-30,NFLX,0.72,4,0.151278895158228
2023-10-31,2023-11-30,WDC,0.74,4,0.2032378522907523
2023-10-31,2023-11-30,ORCL,0.76,4,0.12388764594821611
2023-10-31,2023-11-30,MSFT,0.78,4,0.12294549003360977
2023-10-31,2023-11-30,GOOGL,0.8,4,0.06810112776972721
2023-10-31,2023-11-30,STX,0.82,5,0.1589743948777178
2023-10-31,2023-11-30,TSM,0.84,5,0.1274473842572339
2023-10-31,2023-11-30,ADBE,0.86,5,0.14838554405386728
2023-10-31,2023-11-30,AMD,0.88,5,0.23005079860009525
2023-10-31,2023-11-30,AVGO,0.9,5,0.10026504820156701
2023-10-31,2023-11-30,PLTR,0.92,5,0.35472966072070067
2023-10-31,2023-11-30,GE,0.94,5,0.12123714609642855
2023-10-31,2023-11-30,META,0.98,5,0.0859031487996813
2023-10-31,2023-11-30,NVDA,0.98,5,0.14688575648181312
2023-10-31,2023-11-30,SMCI,0.98,5,0.14198018737368212
2023-11-30,2023-12-29,PFE,0.04,1,-0.05513613208270085
2023-11-30,2023-12-29,BAC,0.04,1,0.10429633470781186
2023-11-30,2023-12-29,TMO,0.04,1,0.07138207441534195
2023-11-30,2023-12-29,TXN,0.08,1,0.11623334273758723
2023-11-30,2023-12-29,CVX,0.1,1,0.038718385756874696
2023-11-30,2023-12-29,WFC,0.12,1,0.10383492856412624
2023-11-30,2023-12-29,HON,0.14,1,0.07038572018397304
2023-11-30,2023-12-29,JNJ,0.16,1,0.013448992601929666
2023-11-30,2023-12-29,QCOM,0.18,1,0.12072839836554827
2023-11-30,2023-12-29,ABT,0.2,1,0.055422337635303354
2023-11-30,2023-12-29,HD,0.22,2,0.10545808305217763
2023-11-30,2023-12-29,PEP,0.24,2,0.00921033355082912
2023-11-30,2023-12-29,KO,0.26,2,0.00838474697007241
2023-11-30,2023-12-29,NKE,0.28,2,-0.01210175263999802
2023-11-30,2023-12-29,MRK,0.3,2,0.0715204471456603
2023-11-30,2023-12-29,XOM,0.32,2,-0.02686369186914539
2023-11-30,2023-12-29,CAT,0.34,2,0.17928367014610225
2023-11-30,2023-12-29,MCD,0.36,2,0.05205080408794216
2023-11-30,2023-12-29,ASML,0.38,2,0.10699667734179319
2023-11-30,2023-12-29,UNH,0.4,2,-0.04467487745639631
2023-11-30,2023-12-29,RKLB,0.42,3,0.2625570925388485
2023-11-30,2023-12-29,COST,0.44,3,0.13893223952825373
2023-11-30,2023-12-29,PG,0.46,3,-0.045466472946703584
2023-11-30,2023-12-29,TSLA,0.48,3,0.03498831153123483
2023-11-30,2023-12-29,JPM,0.5,3,0.08982552962185619
2023-11-30,2023-12-29,TSM,0.52,3,0.073786410619052
2023-11-30,2023-12-29,MA,0.54,3,0.03064069023993432
2023-11-30,2023-12-29,CSCO,0.56,3,0.04423301268342028
2023-11-30,2023-12-29,WMT,0.58,3,0.01634997991668552
2023-11-30,2023-12-29,V,0.6,3,0.014297865057765202
2023-11-30,2023-12-29,WDC,0.62,4,0.08404060034219252
2023-11-30,2023-12-29,AAPL,0.64,4,0.013582414876852411
2023-11-30,2023-12-29,MU,0.66,4,0.12262580269751489
2023-11-30,2023-12-29,GOOGL,0.68,4,0.054025656189211624
2023-11-30,2023-12-29,INTC,0.7,4,0.12416102913298444
2023-11-30,2023-12-29,CRM,0.72,4,0.044621082022765046
2023-11-30,2023-12-29,ORCL,0.74,4,-0.09276306168912274
2023-11-30,2023-12-29,AMD,0.76,4,0.2166556553861283
2023-11-30,2023-12-29,MSFT,0.78,4,-0.007574569793292296
2023-11-30,2023-12-29,NFLX,0.8,4,0.027238018939319764
2023-11-30,2023-12-29,STX,0.82,5,0.08834718779893747
2023-11-30,2023-12-29,AMZN,0.84,5,0.04004385139407618
2023-11-30,2023-12-29,CRWD,0.86,5,0.07734504158903621
2023-11-30,2023-12-29,ADBE,0.88,5,-0.023583957626512553
2023-11-30,2023-12-29,AVGO,0.9,5,0.21134948885184435
2023-11-30,2023-12-29,GE,0.92,5,0.04852347466850904
2023-11-30,2023-12-29,PLTR,0.94,5,-0.14364086136438314
2023-11-30,2023-12-29,NVDA,0.98,5,0.05893422805658988
2023-11-30,2023-12-29,META,0.98,5,0.08195009150665844
2023-11-30,2023-12-29,SMCI,0.98,5,0.03945589893611978
2023-12-29,2024-01-31,PFE,0.04,1,-0.04524113327585699
2023-12-29,2024-01-31,CVX,0.04,1,-0.011598269733768984
2023-12-29,2024-01-31,TMO,0.04,1,0.01542980611274758
2023-12-29,2024-01-31,JNJ,0.08,1,0.013780602468180136
2023-12-29,2024-01-31,HON,0.1,1,-0.03552523955218445
2023-12-29,2024-01-31,MRK,0.12,1,0.10786999766572825
2023-12-29,2024-01-31,KO,0.14,1,0.009502708618514877
2023-12-29,2024-01-31,BAC,0.16,1,0.010097962623099477
2023-12-29,2024-01-31,NKE,0.18,1,-0.06484307326151217
2023-12-29,2024-01-31,TXN,0.2,1,-0.05324686684634605
2023-12-29,2024-01-31,PEP,0.22,2,-0.007713086075012088
2023-12-29,2024-01-31,XOM,0.24,2,0.028305579827778482
2023-12-29,2024-01-31,ABT,0.26,2,0.032948370562168705
2023-12-29,2024-01-31,HD,0.28,2,0.018496465650426508
2023-12-29,2024-01-31,PG,0.3,2,0.07910732767931195
2023-12-29,2024-01-31,CSCO,0.32,2,0.0009989535776673275
2023-12-29,2024-01-31,UNH,0.34,2,-0.027978880395713612
2023-12-29,2024-01-31,CAT,0.36,2,0.02039882986030439
2023-12-29,2024-01-31,MCD,0.38,2,-0.01278217842364493
2023-12-29,2024-01-31,WMT,0.4,2,0.048208032171677795
2023-12-29,2024-01-31,WFC,0.42,3,0.019504341958757054
2023-12-29,2024-01-31,RKLB,0.44,3,-0.12296569247315592
2023-12-29,2024-01-31,MA,0.46,3,0.05492954017569396
2023-12-29,2024-01-31,JPM,0.48,3,0.03136492350822562
2023-12-29,2024-01-31,QCOM,0.5,3,0.026826883677409707
2023-12-29,2024-01-31,V,0.52,3,0.04958736530316843
2023-12-29,2024-01-31,ASML,0.54,3,0.14915713410754772
2023-12-29,2024-01-31,COST,0.56,3,0.05272076328388464
2023-12-29,2024-01-31,TSM,0.58,3,0.08615376408100217
2023-12-29,2024-01-31,ORCL,0.6,3,0.06357600738072655
2023-12-29,2024-01-31,AAPL,0.62,4,-0.0422270992617485
2023-12-29,2024-01-31,GOOGL,0.64,4,0.0029350167702641983
2023-12-29,2024-01-31,WDC,0.66,4,0.09318320609356379
2023-12-29,2024-01-31,MU,0.68,4,0.004804173855863292
2023-12-29,2024-01-31,STX,0.7,4,0.0036311248302407506
2023-12-29,2024-01-31,MSFT,0.72,4,0.05728119907328244
2023-12-29,2024-01-31,NFLX,0.74,4,0.15862223990142965
2023-12-29,2024-01-31,AVGO,0.76,4,0.057110891696302124
2023-12-29,2024-01-31,INTC,0.78,4,-0.14268646575293564
2023-12-29,2024-01-31,AMZN,0.8,4,0.021455801332457725
2023-12-29,2024-01-31,ADBE,0.82,5,0.03550126479662685
2023-12-29,2024-01-31,GE,0.84,5,0.037530345503467455
2023-12-29,2024-01-31,AMD,0.86,5,0.13757545807937377
2023-12-29,2024-01-31,CRM,0.88,5,0.0682145832963994
2023-12-29,2024-01-31,TSLA,0.9,5,-0.2462572581033916
2023-12-29,2024-01-31,CRWD,0.92,5,0.14562114839895068
2023-12-29,2024-01-31,META,0.94,5,0.10221492257319653
2023-12-29,2024-01-31,PLTR,0.98,5,-0.06290040296488841
2023-12-29,2024-01-31,NVDA,0.98,5,0.24241755647394658
2023-12-29,2024-01-31,SMCI,0.98,5,0.8631181814686584
2024-01-31,2024-02-29,PFE,0.04,1,-0.019202357112626856
2024-01-31,2024-02-29,NKE,0.04,1,0.02363842752220746
2024-01-31,2024-02-29,CVX,0.04,1,0.04231639076071647
2024-01-31,2024-02-29,XOM,0.08,1,0.026080778349496958
2024-01-31,2024-02-29,TMO,0.1,1,0.05788747432438979
2024-01-31,2024-02-29,BAC,0.12,1,0.02214555701855292
2024-01-31,2024-02-29,TXN,0.14,1,0.04502862698873389
2024-01-31,2024-02-29,JNJ,0.16,1,0.023318517863788024
2024-01-31,2024-02-29,KO,0.18,1,0.008909200940479645
2024-01-31,2024-02-29,ABT,0.2,1,0.04851969530758238
2024-01-31,2024-02-29,PEP,0.22,2,-0.01144177339226693
2024-01-31,2024-02-29,HON,0.24,2,-0.01205225553032474
2024-01-31,2024-02-29,MRK,0.26,2,0.05274059963330413
2024-01-31,2024-02-29,PG,0.28,2,0.011454769650567576
2024-01-31,2024-02-29,CSCO,0.3,2,-0.036070082157343863
2024-01-31,2024-02-29,UNH,0.32,2,-0.03544774253846816
2024-01-31,2024-02-29,WFC,0.34,2,0.11559296000217834
2024-01-31,2024-02-29,HD,0.36,2,0.07833746033969313
2024-01-31,2024-02-29,WMT,0.38,2,0.06402427453626691
2024-01-31,2024-02-29,RKLB,0.4,2,-0.05463914880337961
2024-01-31,2024-02-29,QCOM,0.42,3,0.06788424687206196
2024-01-31,2024-02-29,MCD,0.44,3,0.004177924616865836
2024-01-31,2024-02-29,V,0.46,3,0.03625479325266001
2024-01-31,2024-02-29,TSM,0.48,3,0.13907554344187112
2024-01-31,2024-02-29,MA,0.5,3,0.056830596195022176
2024-01-31,2024-02-29,ASML,0.52,3,0.09602606668124669
2024-01-31,2024-02-29,CAT,0.54,3,0.11205096608418907
2024-01-31,2024-02-29,WDC,0.56,3,0.03877724035292873
2024-01-31,2024-02-29,ORCL,0.58,3,-0.00017907851673004682
2024-01-31,2024-02-29,JPM,0.6,3,0.06710239928709694
2024-01-31,2024-02-29,STX,0.62,4,0.08601779729634229
2024-01-31,2024-02-29,COST,0.64,4,0.0721037948544121
2024-01-31,2024-02-29,AAPL,0.66,4,-0.01854307952766643
2024-01-31,2024-02-29,NFLX,0.68,4,0.06879864861620777
2024-01-31,2024-02-29,GOOGL,0.7,4,-0.01170593052395108
2024-01-31,2024-02-29,MU,0.72,4,0.056676607476273455
2024-01-31,2024-02-29,TSLA,0.74,4,0.07790064669600238
2024-01-31,2024-02-29,AMZN,0.76,4,0.1389175127740745
2024-01-31,2024-02-29,MSFT,0.78,4,0.042318397420675335
2024-01-31,2024-02-29,CRM,0.8,4,0.0986514264926368
2024-01-31,2024-02-29,GE,0.82,5,0.1847907658587684
2024-01-31,2024-02-29,ADBE,0.84,5,-0.09307520035156125
2024-01-31,2024-02-29,INTC,0.86,5,0.0022326083577801636
2024-01-31,2024-02-29,AVGO,0.88,5,0.10211028593531424
2024-01-31,2024-02-29,AMD,0.9,5,0.14813045486459542
2024-01-31,2024-02-29,PLTR,0.92,5,0.5587321122350783
2024-01-31,2024-02-29,META,0.94,5,0.25762548915814754
2024-01-31,2024-02-29,CRWD,0.98,5,0.10820510733840805
2024-01-31,2024-02-29,NVDA,0.98,5,0.28580951007068633
2024-01-31,2024-02-29,SMCI,0.98,5,0.6353921169787706
2024-02-29,2024-03-28,PFE,0.04,1,0.044804283390610156
2024-02-29,2024-03-28,NKE,0.04,1,-0.09250686792391272
2024-02-29,2024-03-28,TSLA,0.04,1,-0.12923524353897475
2024-02-29,2024-03-28,CVX,0.08,1,0.03769504852902328
2024-02-29,2024-03-28,XOM,0.1,1,0.11213185208794929
2024-02-29,2024-03-28,TXN,0.12,1,0.04111652459646109
2024-02-29,2024-03-28,TMO,0.14,1,0.020015018203523027
2024-02-29,2024-03-28,PEP,0.16,1,0.05848564693307989
2024-02-29,2024-03-28,BAC,0.18,1,0.09849367595170144
2024-02-29,2024-03-28,KO,0.2,1,0.027480139526494085
2024-02-29,2024-03-28,JNJ,0.22,2,-0.019766784786165337
2024-02-29,2024-03-28,CSCO,0.24,2,0.031837893427253405
2024-02-29,2024-03-28,HON,0.26,2,0.032808165923538635
2024-02-29,2024-03-28,RKLB,0.28,2,-0.10359866972313914
2024-02-29,2024-03-28,UNH,0.3,2,0.006179503281604326
2024-02-29,2024-03-28,WFC,0.32,2,0.04263349827165608
2024-02-29,2024-03-28,MCD,0.34,2,-0.03534291770294662
2024-02-29,2024-03-28,ABT,0.36,2,-0.041975724665001435
2024-02-29,2024-03-28,MRK,0.38,2,0.04433325948177602
2024-02-29,2024-03-28,PG,0.4,2,0.020825470001940127
2024-02-29,2024-03-28,WMT,0.42,3,0.03011294453822555
2024-02-29,2024-03-28,HD,0.44,3,0.013883788592327528
2024-02-29,2024-03-28,QCOM,0.46,3,0.07294500846032315
2024-02-29,2024-03-28,V,0.48,3,-0.01259567840415643
2024-02-29,2024-03-28,JPM,0.5,3,0.07653460480750973
2024-02-29,2024-03-28,AAPL,0.52,3,-0.05128637515565948
2024-02-29,2024-03-28,MA,0.54,3,0.014344122190791397
2024-02-29,2024-03-28,CAT,0.56,3,0.09722715527082881
2024-02-29,2024-03-28,ORCL,0.58,3,0.12473142191192643
2024-02-29,2024-03-28,TSM,0.6,3,0.06164989631162743
2024-02-29,2024-03-28,STX,0.62,4,0.008152058284670582
2024-02-29,2024-03-28,ASML,0.64,4,0.019744127317690152
2024-02-29,2024-03-28,COST,0.66,4,-0.015136576558586912
2024-02-29,2024-03-28,WDC,0.68,4,0.14746933196135514
2024-02-29,2024-03-28,MU,0.7,4,0.30232644999492364
2024-02-29,2024-03-28,GOOGL,0.72,4,0.09006214773364696
2024-02-29,2024-03-28,GE,0.74,4,0.11880929449157307
2024-02-29,2024-03-28,MSFT,0.76,4,0.017116242533216086
2024-02-29,2024-03-28,AMZN,0.78,4,0.020479805886374214
2024-02-29,2024-03-28,CRM,0.8,4,-0.023465409850098484
2024-02-29,2024-03-28,INTC,0.82,5,0.026016233083673512
2024-02-29,2024-03-28,NFLX,0.84,5,0.0073144346418954065
2024-02-29,2024-03-28,ADBE,0.86,5,-0.09937891818709865
2024-02-29,2024-03-28,AVGO,0.88,5,0.023502386070840542
2024-02-29,2024-03-28,PLTR,0.9,5,-0.08253587325044687
2024-02-29,2024-03-28,AMD,0.92,5,-0.06253567424541773
2024-02-29,2024-03-28,META,0.94,5,-0.009283210510405593
2024-02-29,2024-03-28,CRWD,0.98,5,-0.010982562473009438
2024-02-29,2024-03-28,NVDA,0.98,5,0.1421811710544132
2024-02-29,2024-03-28,SMCI,0.98,5,0.1661547928862317
2024-03-28,2024-04-30,PFE,0.04,1,-0.07675677935743086
2024-03-28,2024-04-30,NKE,0.04,1,-0.018301714570216454
2024-03-28,2024-04-30,TXN,0.04,1,0.012685818252448744
2024-03-28,2024-04-30,PEP,0.08,1,0.005142506738301966
2024-03-28,2024-04-30,CSCO,0.1,1,-0.05101537258337141
2024-03-28,2024-04-30,CVX,0.12,1,0.02237845299329999
2024-03-28,2024-04-30,TSLA,0.14,1,0.042607689739043275
2024-03-28,2024-04-30,XOM,0.16,1,0.01746374624021585
2024-03-28,2024-04-30,KO,0.18,1,0.0096434428930261
2024-03-28,2024-04-30,TMO,0.2,1,-0.021489719962060283
2024-03-28,2024-04-30,UNH,0.22,2,-0.02223572795654416
2024-03-28,2024-04-30,HON,0.24,2,-0.060998651732260156
2024-03-28,2024-04-30,MCD,0.26,2,-0.03160115024943466
2024-03-28,2024-04-30,JNJ,0.28,2,-0.08597273649240533
2024-03-28,2024-04-30,PG,0.3,2,0.012350056350410865
2024-03-28,2024-04-30,AAPL,0.32,2,-0.006706174012226396
2024-03-28,2024-04-30,RKLB,0.34,2,-0.0851581828908281
2024-03-28,2024-04-30,ABT,0.36,2,-0.06303404577033578
2024-03-28,2024-04-30,WMT,0.38,2,-0.013627872851042167
2024-03-28,2024-04-30,MRK,0.4,2,-0.020689504292993655
2024-03-28,2024-04-30,ORCL,0.42,3,-0.09149676787038796
2024-03-28,2024-04-30,BAC,0.44,3,-0.023997666587367017
2024-03-28,2024-04-30,V,0.46,3,-0.0375160316588351
2024-03-28,2024-04-30,QCOM,0.48,3,-0.020377932276562705
2024-03-28,2024-04-30,MA,0.5,3,-0.06176686446880175
2024-03-28,2024-04-30,HD,0.52,3,-0.12872791697513997
2024-03-28,2024-04-30,GOOGL,0.54,3,0.0785131790172251
2024-03-28,2024-04-30,INTC,0.56,3,-0.31016523950801467
2024-03-28,2024-04-30,TSM,0.58,3,0.009481951325967852
2024-03-28,2024-04-30,ASML,0.6,3,-0.09911246041380839
2024-03-28,2024-04-30,MSFT,0.62,4,-0.07461019969755112
2024-03-28,2024-04-30,STX,0.64,4,-0.07673314138347553
2024-03-28,2024-04-30,ADBE,0.66,4,-0.08277847607215671
2024-03-28,2024-04-30,JPM,0.68,4,-0.0371520629544283
2024-03-28,2024-04-30,CAT,0.7,4,-0.08361854425866233
2024-03-28,2024-04-30,MU,0.72,4,-0.04181868856442483
2024-03-28,2024-04-30,WFC,0.74,4,0.02346441569465796
2024-03-28,2024-04-30,COST,0.76,4,-0.011697160803330275
2024-03-28,2024-04-30,CRM,0.78,4,-0.10704577840909446
2024-03-28,2024-04-30,WDC,0.8,4,0.037954266316412744
2024-03-28,2024-04-30,GE,0.82,5,0.1571876516810824
2024-03-28,2024-04-30,AMZN,0.84,5,-0.029825949313549094
2024-03-28,2024-04-30,NFLX,0.86,5,-0.09334303218081108
2024-03-28,2024-04-30,AMD,0.88,5,-0.12249986114155775
2024-03-28,2024-04-30,AVGO,0.9,5,-0.018967978632225213
2024-03-28,2024-04-30,META,0.92,5,-0.11411082965113484
2024-03-28,2024-04-30,CRWD,0.94,5,-0.08749489414325029
2024-03-28,2024-04-30,NVDA,0.98,5,-0.043760226963653226
2024-03-28,2024-04-30,PLTR,0.98,5,-0.045197779451646825
2024-03-28,2024-04-30,SMCI,0.98,5,-0.14972823921445255
2024-04-30,2024-05-31,PFE,0.04,1,0.13552751171942057
2024-04-30,2024-05-31,NKE,0.04,1,0.030240603746685135
2024-04-30,2024-05-31,PEP,0.04,1,-0.01711092118863622
2024-04-30,2024-05-31,CVX,0.08,1,0.016549191693429943
2024-04-30,2024-05-31,MCD,0.1,1,-0.05182401240328194
2024-04-30,2024-05-31,KO,0.12,1,0.018779506047087224
2024-04-30,2024-05-31,JNJ,0.14,1,0.022585001099825197
2024-04-30,2024-05-31,AAPL,0.16,1,0.13022224943055716
2024-04-30,2024-05-31,XOM,0.18,1,-0.0004867474548155837
2024-04-30,2024-05-31,UNH,0.2,1,0.024126480986075727
2024-04-30,2024-05-31,ABT,0.22,2,-0.03567043273438053
2024-04-30,2024-05-31,RKLB,0.24,2,0.1622340150646302
2024-04-30,2024-05-31,HON,0.26,2,0.05463866154014174
2024-04-30,2024-05-31,TMO,0.28,2,-0.0013011252791120809
2024-04-30,2024-05-31,PG,0.3,2,0.00821095818933637
2024-04-30,2024-05-31,TSLA,0.32,2,-0.02837187354253501
2024-04-30,2024-05-31,TXN,0.34,2,0.1133404265629745
2024-04-30,2024-05-31,CSCO,0.36,2,-0.010217126059601567
2024-04-30,2024-05-31,MRK,0.38,2,-0.028478666786322493
2024-04-30,2024-05-31,V,0.4,2,0.0162102493185432
2024-04-30,2024-05-31,WMT,0.42,3,0.11183845601724318
2024-04-30,2024-05-31,MA,0.44,3,-0.00915341141385373
2024-04-30,2024-05-31,HD,0.46,3,0.008910260061922415
2024-04-30,2024-05-31,BAC,0.48,3,0.08051848805703576
2024-04-30,2024-05-31,ADBE,0.5,3,-0.03904236400166605
2024-04-30,2024-05-31,ORCL,0.52,3,0.030241696004645657
2024-04-30,2024-05-31,MSFT,0.54,3,0.06819098609557295
2024-04-30,2024-05-31,GOOGL,0.56,3,0.05971245133852299
2024-04-30,2024-05-31,INTC,0.58,3,0.016583726214154382
2024-04-30,2024-05-31,JPM,0.6,3,0.05679561608069683
2024-04-30,2024-05-31,QCOM,0.62,4,0.23537073999703595
2024-04-30,2024-05-31,COST,0.64,4,0.12033475015121575
2024-04-30,2024-05-31,WFC,0.66,4,0.01592178982014847
2024-04-30,2024-05-31,CRM,0.68,4,-0.12828121470368536
2024-04-30,2024-05-31,ASML,0.7,4,0.10072559392137825
2024-04-30,2024-05-31,TSM,0.72,4,0.09975221362287479
2024-04-30,2024-05-31,STX,0.74,4,0.08532194457428965
2024-04-30,2024-05-31,CAT,0.76,4,0.011806035416228822
2024-04-30,2024-05-31,AMZN,0.78,4,0.00822858537946436
2024-04-30,2024-05-31,GE,0.8,4,0.020516715364935045
2024-04-30,2024-05-31,NFLX,0.82,5,0.16522598292156743
2024-04-30,2024-05-31,MU,0.84,5,0.1065862920871683
2024-04-30,2024-05-31,WDC,0.86,5,0.06296776322210107
2024-04-30,2024-05-31,AMD,0.88,5,0.05379460001896019
2024-04-30,2024-05-31,META,0.9,5,0.08522196120427838
2024-04-30,2024-05-31,AVGO,0.92,5,0.021749493887995852
2024-04-30,2024-05-31,CRWD,0.94,5,0.07222945329054986
2024-04-30,2024-05-31,PLTR,0.98,5,-0.013199773201742149
2024-04-30,2024-05-31,NVDA,0.98,5,0.26887126823625507
2024-04-30,2024-05-31,SMCI,0.98,5,-0.0865044374951528
2024-05-31,2024-06-28,PFE,0.04,1,-0.023726365919684023
2024-05-31,2024-06-28,RKLB,0.04,1,0.098398241747498
2024-05-31,2024-06-28,NKE,0.04,1,-0.20395026014890094
2024-05-31,2024-06-28,TSLA,0.08,1,0.11118599982126098
2024-05-31,2024-06-28,JNJ,0.1,1,-0.003477007522875275
2024-05-31,2024-06-28,AAPL,0.12,1,0.09555260157383638
2024-05-31,2024-06-28,CSCO,0.14,1,0.02172042238232752
2024-05-31,2024-06-28,INTC,0.16,1,0.003889728738131204
2024-05-31,2024-06-28,MCD,0.18,1,-0.009252803705305346
2024-05-31,2024-06-28,PEP,0.2,1,-0.038574490653937255
2024-05-31,2024-06-28,UNH,0.22,2,0.03240087893722099
2024-05-31,2024-06-28,HON,0.24,2,0.056135373375236775
2024-05-31,2024-06-28,TXN,0.26,2,-0.002461452010341203
2024-05-31,2024-06-28,ABT,0.28,2,0.016831325703848155
2024-05-31,2024-06-28,KO,0.3,2,0.01928934782726044
2024-05-31,2024-06-28,ORCL,0.32,2,0.2048808475088444
2024-05-31,2024-06-28,CVX,0.34,2,-0.03622914296882074
2024-05-31,2024-06-28,ADBE,0.36,2,0.2490780776808068
2024-05-31,2024-06-28,TMO,0.38,2,-0.025710737676140294
2024-05-31,2024-06-28,PG,0.4,2,0.0023094115165727125
2024-05-31,2024-06-28,XOM,0.42,3,-0.018249960665023157
2024-05-31,2024-06-28,MSFT,0.44,3,0.07665061610602919
2024-05-31,2024-06-28,HD,0.46,3,0.02798098252574821
2024-05-31,2024-06-28,MRK,0.48,3,-0.007960588098563148
2024-05-31,2024-06-28,CRM,0.5,3,0.09665596635961249
2024-05-31,2024-06-28,ASML,0.52,3,0.06495542777886243
2024-05-31,2024-06-28,V,0.54,3,-0.036665939450418183
2024-05-31,2024-06-28,WMT,0.56,3,0.02965334531333408
2024-05-31,2024-06-28,MA,0.58,3,-0.013219387734276111
2024-05-31,2024-06-28,GOOGL,0.6,3,0.057153884229343976
2024-05-31,2024-06-28,AMD,0.62,4,-0.0281005833081458
2024-05-31,2024-06-28,BAC,0.64,4,0.0005474013632424946
2024-05-31,2024-06-28,NFLX,0.66,4,0.05183747804061012
2024-05-31,2024-06-28,TSM,0.68,4,0.15438526456882173
2024-05-31,2024-06-28,JPM,0.7,4,-0.0018260399306478936
2024-05-31,2024-06-28,AMZN,0.72,4,0.09527316552932019
2024-05-31,2024-06-28,COST,0.74,4,0.049512774588375885
2024-05-31,2024-06-28,STX,0.76,4,0.11493507103781253
2024-05-31,2024-06-28,QCOM,0.78,4,-0.023866768641823355
2024-05-31,2024-06-28,PLTR,0.8,4,0.16835791361399988
2024-05-31,2024-06-28,WFC,0.82,5,-0.008845178980442792
2024-05-31,2024-06-28,META,0.84,5,0.08116585391613862
2024-05-31,2024-06-28,AVGO,0.86,5,0.21232039509257694
2024-05-31,2024-06-28,CAT,0.88,5,-0.01601083198117581
2024-05-31,2024-06-28,MU,0.9,5,0.05223990055186545
2024-05-31,2024-06-28,CRWD,0.92,5,0.22163415703646283
2024-05-31,2024-06-28,WDC,0.94,5,0.006375274250160601
2024-05-31,2024-06-28,GE,0.98,5,-0.03736209001505497
2024-05-31,2024-06-28,NVDA,0.98,5,0.12694297932697296
2024-05-31,2024-06-28,SMCI,0.98,5,0.04440990324650196
2024-06-28,2024-07-31,TSLA,0.04,1,0.17278149180183244
2024-06-28,2024-07-31,RKLB,0.04,1,0.09166657560401847
2024-06-28,2024-07-31,PFE,0.04,1,0.10689810453893167
2024-06-28,2024-07-31,NKE,0.08,1,-0.006766498991133907
2024-06-28,2024-07-31,MCD,0.1,1,0.04143766185845865
2024-06-28,2024-07-31,ADBE,0.12,1,-0.007002112840004848
2024-06-28,2024-07-31,JNJ,0.14,1,0.07998082600095535
2024-06-28,2024-07-31,CSCO,0.16,1,0.028521966431257484
2024-06-28,2024-07-31,INTC,0.18,1,-0.0074265350905734495
2024-06-28,2024-07-31,PEP,0.2,1,0.04692883577038298
2024-06-28,2024-07-31,ABT,0.22,2,0.024945153052290392
2024-06-28,2024-07-31,HON,0.24,2,-0.04116330222956599
2024-06-28,2024-07-31,AAPL,0.26,2,0.05441071647200624
2024-06-28,2024-07-31,ORCL,0.28,2,-0.009605321069662942
2024-06-28,2024-07-31,UNH,0.3,2,0.13136710451286038
2024-06-28,2024-07-31,KO,0.32,2,0.04854672311182373
2024-06-28,2024-07-31,CVX,0.34,2,0.025891791763436034
2024-06-28,2024-07-31,TMO,0.36,2,0.10911405300978627
2024-06-28,2024-07-31,HD,0.38,2,0.06948628314479466
2024-06-28,2024-07-31,MRK,0.4,2,-0.08618733020490721
2024-06-28,2024-07-31,CRM,0.42,3,0.008179146799883519
2024-06-28,2024-07-31,PG,0.44,3,-0.01936196323357786
2024-06-28,2024-07-31,TXN,0.46,3,0.05452525993451074
2024-06-28,2024-07-31,XOM,0.48,3,0.03014237705077427
2024-06-28,2024-07-31,MA,0.5,3,0.05267216590196466
2024-06-28,2024-07-31,V,0.52,3,0.012191931806355694
2024-06-28,2024-07-31,MSFT,0.54,3,-0.06398914338057016
2024-06-28,2024-07-31,WMT,0.56,3,0.013735080882242956
2024-06-28,2024-07-31,ASML,0.58,3,-0.08242086080619371
2024-06-28,2024-07-31,AMZN,0.6,3,-0.032445041513381456
2024-06-28,2024-07-31,CAT,0.62,4,0.043560266233422684
2024-06-28,2024-07-31,PLTR,0.64,4,0.06158703002925803
2024-06-28,2024-07-31,BAC,0.66,4,0.013578339973205011
2024-06-28,2024-07-31,JPM,0.68,4,0.057941157708594204
2024-06-28,2024-07-31,GOOGL,0.7,4,-0.058248597301449934
2024-06-28,2024-07-31,WFC,0.72,4,-0.0008418095687761085
2024-06-28,2024-07-31,NFLX,0.74,4,-0.06894558957840613
2024-06-28,2024-07-31,AMD,0.76,4,-0.10930281889207516
2024-06-28,2024-07-31,TSM,0.78,4,-0.04608475259868461
2024-06-28,2024-07-31,STX,0.8,4,-0.01065154034217819
2024-06-28,2024-07-31,COST,0.82,5,-0.03155291086318679
2024-06-28,2024-07-31,AVGO,0.84,5,0.0007908625067150066
2024-06-28,2024-07-31,META,0.86,5,-0.05828813998368698
2024-06-28,2024-07-31,QCOM,0.88,5,-0.09152520875477599
2024-06-28,2024-07-31,GE,0.9,5,0.07245429311153084
2024-06-28,2024-07-31,WDC,0.92,5,-0.11508519708974285
2024-06-28,2024-07-31,MU,0.94,5,-0.16432706789319274
2024-06-28,2024-07-31,CRWD,0.98,5,-0.3946605985647126
2024-06-28,2024-07-31,NVDA,0.98,5,-0.05277657397651525
2024-06-28,2024-07-31,SMCI,0.98,5,-0.14365041793831002
2024-07-31,2024-08-30,RKLB,0.04,1,0.19656493412184983
2024-07-31,2024-08-30,NKE,0.04,1,0.11301088528083114
2024-07-31,2024-08-30,TSLA,0.04,1,-0.07739046902676983
2024-07-31,2024-08-30,PFE,0.08,1,-0.05009832730924346
2024-07-31,2024-08-30,INTC,0.1,1,-0.27847058573763883
2024-07-31,2024-08-30,MCD,0.12,1,0.08764148310967745
2024-07-31,2024-08-30,JNJ,0.14,1,0.05871955365321213
2024-07-31,2024-08-30,PEP,0.16,1,0.0012163747912483647
2024-07-31,2024-08-30,CSCO,0.18,1,0.04313731221451267
2024-07-31,2024-08-30,ABT,0.2,1,0.06919010837364992
2024-07-31,2024-08-30,CVX,0.22,2,-0.06770213018473525
2024-07-31,2024-08-30,TMO,0.24,2,0.0028207323274536122
2024-07-31,2024-08-30,ADBE,0.26,2,0.041257949285225415
2024-07-31,2024-08-30,UNH,0.28,2,0.02436835030388651
2024-07-31,2024-08-30,HD,0.3,2,0.007002951249384548
2024-07-31,2024-08-30,KO,0.32,2,0.08585578862342658
2024-07-31,2024-08-30,PG,0.34,2,0.06705668100920059
2024-07-31,2024-08-30,AAPL,0.36,2,0.03235355565531561
2024-07-31,2024-08-30,TXN,0.38,2,0.051665787026704546
2024-07-31,2024-08-30,XOM,0.4,2,0.002525713489168746
2024-07-31,2024-08-30,V,0.42,3,0.042361538373462126
2024-07-31,2024-08-30,MA,0.44,3,0.042332460678760286
2024-07-31,2024-08-30,HON,0.46,3,0.02098981242745146
2024-07-31,2024-08-30,CRM,0.48,3,-0.022797633170128506
2024-07-31,2024-08-30,MRK,0.5,3,0.04702543518616831
2024-07-31,2024-08-30,ORCL,0.52,3,0.013194617930643915
2024-07-31,2024-08-30,CAT,0.54,3,0.028596182320799413
2024-07-31,2024-08-30,PLTR,0.56,3,0.17069543535783227
2024-07-31,2024-08-30,BAC,0.58,3,0.010915137202922143
2024-07-31,2024-08-30,WMT,0.6,3,0.1283527130771105
2024-07-31,2024-08-30,JPM,0.62,4,0.056391010308113554
2024-07-31,2024-08-30,WFC,0.64,4,-0.007133804057676718
2024-07-31,2024-08-30,MSFT,0.66,4,-0.0010950908869018505
2024-07-31,2024-08-30,GOOGL,0.68,4,-0.04756899338308973
2024-07-31,2024-08-30,AMD,0.7,4,0.028239216166290326
2024-07-31,2024-08-30,ASML,0.72,4,-0.035048551671703065
2024-07-31,2024-08-30,AMZN,0.74,4,-0.045352422298136075
2024-07-31,2024-08-30,NFLX,0.76,4,0.11617733998760782
2024-07-31,2024-08-30,QCOM,0.78,4,-0.03122406867532701
2024-07-31,2024-08-30,COST,0.8,4,0.08562043935346497
2024-07-31,2024-08-30,META,0.82,5,0.09788774944407908
2024-07-31,2024-08-30,STX,0.84,5,-0.025643406913869904
2024-07-31,2024-08-30,GE,0.86,5,0.02596940793787339
2024-07-31,2024-08-30,WDC,0.88,5,-0.0217746576287432
2024-07-31,2024-08-30,TSM,0.9,5,0.0355850089374492
2024-07-31,2024-08-30,AVGO,0.92,5,0.013318405439641134
2024-07-31,2024-08-30,MU,0.94,5,-0.12365687841836237
2024-07-31,2024-08-30,CRWD,0.98,5,0.19537847367513606
2024-07-31,2024-08-30,SMCI,0.98,5,-0.37618470909080426
2024-07-31,2024-08-30,NVDA,0.98,5,0.020082193088379663
2024-08-30,2024-09-30,NKE,0.04,1,0.06570220163350138
2024-08-30,2024-09-30,RKLB,0.04,1,0.5518340624936546
2024-08-30,2024-09-30,CSCO,0.04,1,0.05302713025722894
2024-08-30,2024-09-30,INTC,0.08,1,0.06442822640469648
2024-08-30,2024-09-30,TSLA,0.1,1,0.22194201175563166
2024-08-30,2024-09-30,PFE,0.12,1,-0.0024128595891158566
2024-08-30,2024-09-30,MCD,0.14,1,0.06104738931760534
2024-08-30,2024-09-30,ADBE,0.16,1,-0.09858802335489258
2024-08-30,2024-09-30,PEP,0.18,1,-0.008879513164620323
2024-08-30,2024-09-30,JNJ,0.2,1,-0.022910898608091146
2024-08-30,2024-09-30,CVX,0.22,2,-0.004596063257895522
2024-08-30,2024-09-30,ABT,0.24,2,0.00653302989050486
2024-08-30,2024-09-30,MRK,0.26,2,-0.03486905252275507
2024-08-30,2024-09-30,PG,0.28,2,0.009677071079662536
2024-08-30,2024-09-30,V,0.3,2,-0.005138211396694348
2024-08-30,2024-09-30,XOM,0.32,2,-0.0061047759510739485
2024-08-30,2024-09-30,TMO,0.34,2,0.006329570869534562
2024-08-30,2024-09-30,HON,0.36,2,-0.005772031306529701
2024-08-30,2024-09-30,MA,0.38,2,0.02164111224743115
2024-08-30,2024-09-30,HD,0.4,2,0.09959297462769401
2024-08-30,2024-09-30,KO,0.42,3,-0.0016196856935460913
2024-08-30,2024-09-30,CRM,0.44,3,0.0839846446745014
2024-08-30,2024-09-30,ORCL,0.46,3,0.20603026833396143
2024-08-30,2024-09-30,AAPL,0.48,3,0.017467228076569086
2024-08-30,2024-09-30,UNH,0.5,3,-0.005840078724043463
2024-08-30,2024-09-30,TXN,0.52,3,-0.036250784078272424
2024-08-30,2024-09-30,CAT,0.54,3,0.09834312379906662
2024-08-30,2024-09-30,GOOGL,0.56,3,0.016465007973334167
2024-08-30,2024-09-30,WMT,0.58,3,0.04557831361295839
2024-08-30,2024-09-30,MSFT,0.6,3,0.03154803007905005
2024-08-30,2024-09-30,AMZN,0.62,4,0.043865556476496925
2024-08-30,2024-09-30,AMD,0.64,4,0.10446960505865421
2024-08-30,2024-09-30,CRWD,0.66,4,0.011504625127849
2024-08-30,2024-09-30,ASML,0.68,4,-0.07813085418580656
2024-08-30,2024-09-30,BAC,0.7,4,-0.01990930723226514
2024-08-30,2024-09-30,NFLX,0.72,4,0.011292504352621968
2024-08-30,2024-09-30,WFC,0.74,4,-0.03386357066327528
2024-08-30,2024-09-30,WDC,0.76,4,0.04116475715075829
2024-08-30,2024-09-30,JPM,0.78,4,-0.06201068278271782
2024-08-30,2024-09-30,STX,0.8,4,0.10765373088387697
2024-08-30,2024-09-30,COST,0.82,5,-0.0065667113524254805
2024-08-30,2024-09-30,MU,0.84,5,0.07761849099172569
2024-08-30,2024-09-30,QCOM,0.86,5,-0.024935580868099994
2024-08-30,2024-09-30,META,0.88,5,0.09912733706871135
2024-08-30,2024-09-30,AVGO,0.9,5,0.06293675323846748
2024-08-30,2024-09-30,PLTR,0.92,5,0.18170270978017866
2024-08-30,2024-09-30,TSM,0.94,5,0.01520676161547141
2024-08-30,2024-09-30,GE,0.98,5,0.0815446391059742
2024-08-30,2024-09-30,NVDA,0.98,5,0.017428021694226414
2024-08-30,2024-09-30,SMCI,0.98,5,-0.0486634920228205
2024-09-30,2024-10-31,INTC,0.04,1,-0.08269389183365317
2024-09-30,2024-10-31,TSLA,0.04,1,-0.045025412068364745
2024-09-30,2024-10-31,NKE,0.04,1,-0.12748868197898766
2024-09-30,2024-10-31,CVX,0.08,1,0.010524715993204703
2024-09-30,2024-10-31,PFE,0.1,1,-0.022114779992296718
2024-09-30,2024-10-31,CSCO,0.12,1,0.03698956955010124
2024-09-30,2024-10-31,XOM,0.14,1,-0.0037535920948551516
2024-09-30,2024-10-31,PEP,0.16,1,-0.023346189167932963
2024-09-30,2024-10-31,JNJ,0.18,1,-0.013575083824912682
2024-09-30,2024-10-31,MCD,0.2,1,-0.04072141008330965
2024-09-30,2024-10-31,ADBE,0.22,2,-0.0766735688483785
2024-09-30,2024-10-31,HON,0.24,2,-0.004982628921413879
2024-09-30,2024-10-31,MRK,0.26,2,-0.09897846440188196
2024-09-30,2024-10-31,UNH,0.28,2,-0.034514561140145394
2024-09-30,2024-10-31,ABT,0.3,2,-0.0009270429416617931
2024-09-30,2024-10-31,PG,0.32,2,-0.04069766685021525
2024-09-30,2024-10-31,V,0.34,2,0.05419195186522918
2024-09-30,2024-10-31,TMO,0.36,2,-0.11680174012238087
2024-09-30,2024-10-31,MA,0.38,2,0.013070548878617805
2024-09-30,2024-10-31,GOOGL,0.4,2,0.03171535295843664
2024-09-30,2024-10-31,CRM,0.42,3,0.06452078894224744
2024-09-30,2024-10-31,HD,0.44,3,-0.028257605314802925
2024-09-30,2024-10-31,KO,0.46,3,-0.0911493657709177
2024-09-30,2024-10-31,CAT,0.48,3,-0.034690957657380284
2024-09-30,2024-10-31,MSFT,0.5,3,-0.05565877170579925
2024-09-30,2024-10-31,AAPL,0.52,3,-0.030429277487497464
2024-09-30,2024-10-31,ORCL,0.54,3,-0.012808740212908232
2024-09-30,2024-10-31,TXN,0.56,3,-0.010032544395326193
2024-09-30,2024-10-31,AMZN,0.58,3,0.0003756349741959042
2024-09-30,2024-10-31,MU,0.6,3,-0.03806582808479375
2024-09-30,2024-10-31,RKLB,0.62,4,0.09969170736526722
2024-09-30,2024-10-31,WDC,0.64,4,-0.04363747923634764
2024-09-30,2024-10-31,AMD,0.66,4,-0.12195267115756903
2024-09-30,2024-10-31,WMT,0.68,4,0.014860579010935293
2024-09-30,2024-10-31,WFC,0.7,4,0.14922986593489718
2024-09-30,2024-10-31,BAC,0.72,4,0.05393159511406598
2024-09-30,2024-10-31,STX,0.74,4,-0.08363001749208687
2024-09-30,2024-10-31,ASML,0.76,4,-0.19098578818942313
2024-09-30,2024-10-31,JPM,0.78,4,0.05890120102104457
2024-09-30,2024-10-31,SMCI,0.8,4,-0.30091255914887916
2024-09-30,2024-10-31,QCOM,0.82,5,-0.04281111755502809
2024-09-30,2024-10-31,COST,0.84,5,-0.013919697847037615
2024-09-30,2024-10-31,CRWD,0.86,5,0.05847325498308509
2024-09-30,2024-10-31,META,0.88,5,-0.008489939526835188
2024-09-30,2024-10-31,NFLX,0.9,5,0.06592686486505084
2024-09-30,2024-10-31,PLTR,0.92,5,0.1172043150788109
2024-09-30,2024-10-31,AVGO,0.94,5,-0.015825911909388757
2024-09-30,2024-10-31,GE,0.98,5,-0.08908676576438379
2024-09-30,2024-10-31,TSM,0.98,5,0.09713820440224175
2024-09-30,2024-10-31,NVDA,0.98,5,0.09321459914929253
2024-10-31,2024-11-29,INTC,0.04,1,0.11756499653716967
2024-10-31,2024-11-29,NKE,0.04,1,0.021262651260788967
2024-10-31,2024-11-29,ADBE,0.04,1,0.07917086505731463
2024-10-31,2024-11-29,PFE,0.08,1,-0.0594661991724067
2024-10-31,2024-11-29,CSCO,0.1,1,0.08106618790330944
2024-10-31,2024-11-29,CVX,0.12,1,0.09919255346194467
2024-10-31,2024-11-29,PEP,0.14,1,-0.015835689013130594
2024-10-31,2024-11-29,UNH,0.16,1,0.08095646313140237
2024-10-31,2024-11-29,JNJ,0.18,1,-0.02255869929892229
2024-10-31,2024-11-29,MRK,0.2,1,-0.006645727553267755
2024-10-31,2024-11-29,XOM,0.22,2,0.01840458021009761
2024-10-31,2024-11-29,HON,0.24,2,0.13806240271349268
2024-10-31,2024-11-29,PG,0.26,2,0.08524034751719922
2024-10-31,2024-11-29,V,0.28,2,0.0891116991601777
2024-10-31,2024-11-29,MCD,0.3,2,0.013351459583904157
2024-10-31,2024-11-29,ABT,0.32,2,0.04763156999606144
2024-10-31,2024-11-29,MSFT,0.34,2,0.04419246659745313
2024-10-31,2024-11-29,TSLA,0.36,2,0.3814688622385136
2024-10-31,2024-11-29,KO,0.38,2,-0.011391431439278565
2024-10-31,2024-11-29,MA,0.4,2,0.06675477850202105
2024-10-31,2024-11-29,GOOGL,0.42,3,-0.012623490571019191
2024-10-31,2024-11-29,CRM,0.44,3,0.13254638429533605
2024-10-31,2024-11-29,AAPL,0.46,3,0.05170709314509914
2024-10-31,2024-11-29,TMO,0.48,3,-0.030549806051996753
2024-10-31,2024-11-29,AMZN,0.5,3,0.1152897328156477
2024-10-31,2024-11-29,ASML,0.52,3,0.020905534579360507
2024-10-31,2024-11-29,HD,0.54,3,0.09559318344403378
2024-10-31,2024-11-29,WFC,0.56,3,0.18005081387202138
2024-10-31,2024-11-29,TXN,0.58,3,-0.01048431106607528
2024-10-31,2024-11-29,WMT,0.6,3,0.1287370558883787
2024-10-31,2024-11-29,JPM,0.62,4,0.1252705380896051
2024-10-31,2024-11-29,BAC,0.64,4,0.13605912394442132
2024-10-31,2024-11-29,MU,0.66,4,-0.017059547692693577
2024-10-31,2024-11-29,CRWD,0.68,4,0.16539228251792082
2024-10-31,2024-11-29,QCOM,0.7,4,-0.0260489274929393
2024-10-31,2024-11-29,COST,0.72,4,0.11323912515912227
2024-10-31,2024-11-29,STX,0.74,4,0.009564668415926292
2024-10-31,2024-11-29,ORCL,0.76,4,0.1012870364233116
2024-10-31,2024-11-29,AMD,0.78,4,-0.04782407370141961
2024-10-31,2024-11-29,WDC,0.8,4,0.1175930573657551
2024-10-31,2024-11-29,NFLX,0.82,5,0.1729825996151546
2024-10-31,2024-11-29,SMCI,0.84,5,0.12126412591147817
2024-10-31,2024-11-29,CAT,0.86,5,0.07950530298812541
2024-10-31,2024-11-29,META,0.88,5,0.011874882559793853
2024-10-31,2024-11-29,TSM,0.9,5,-0.030859595148291508
2024-10-31,2024-11-29,AVGO,0.92,5,-0.04529669865660191
2024-10-31,2024-11-29,GE,0.94,5,0.060426098800507644
2024-10-31,2024-11-29,RKLB,0.98,5,1.549532819900028
2024-10-31,2024-11-29,PLTR,0.98,5,0.6140519637750632
2024-10-31,2024-11-29,NVDA,0.98,5,0.04135307455393544
2024-11-29,2024-12-31,INTC,0.04,1,-0.16632017159635015
2024-11-29,2024-12-31,NKE,0.04,1,-0.03445176369569336
2024-11-29,2024-12-31,ADBE,0.04,1,-0.13810013182306813
2024-11-29,2024-12-31,PFE,0.08,1,0.012209075024266713
2024-11-29,2024-12-31,ASML,0.1,1,0.009423097142871484
2024-11-29,2024-12-31,PEP,0.12,1,-0.061763593990738275
2024-11-29,2024-12-31,MRK,0.14,1,-0.013416916154169956
2024-11-29,2024-12-31,UNH,0.16,1,-0.16781337332144708
2024-11-29,2024-12-31,TSLA,0.18,1,0.17000808915631316
2024-11-29,2024-12-31,MCD,0.2,1,-0.01478385694675377
2024-11-29,2024-12-31,JNJ,0.22,2,-0.0670279294722147
2024-11-29,2024-12-31,SMCI,0.24,2,-0.06617646715082781
2024-11-29,2024-12-31,HON,0.26,2,-0.030223705399637923
2024-11-29,2024-12-31,CVX,0.28,2,-0.10553931102703373
2024-11-29,2024-12-31,MSFT,0.3,2,-0.004628459664375306
2024-11-29,2024-12-31,PG,0.32,2,-0.06476630210234058
2024-11-29,2024-12-31,TMO,0.34,2,-0.017017935226515513
2024-11-29,2024-12-31,ABT,0.36,2,-0.04765507498777111
2024-11-29,2024-12-31,V,0.38,2,0.0030469450328172165
2024-11-29,2024-12-31,KO,0.4,2,-0.02840197137354883
2024-11-29,2024-12-31,CRM,0.42,3,0.01430773868820534
2024-11-29,2024-12-31,XOM,0.44,3,-0.08808082024021602
2024-11-29,2024-12-31,CSCO,0.46,3,-0.00016883585199145568
2024-11-29,2024-12-31,AMD,0.48,3,-0.11947800433982314
2024-11-29,2024-12-31,AAPL,0.5,3,0.05515523002797629
2024-11-29,2024-12-31,MA,0.52,3,-0.011952406130403048
2024-11-29,2024-12-31,CRWD,0.54,3,-0.011012508440473856
2024-11-29,2024-12-31,AMZN,0.56,3,0.05531771626226978
2024-11-29,2024-12-31,QCOM,0.58,3,-0.02590299918359895
2024-11-29,2024-12-31,HD,0.6,3,-0.09353812002858775
2024-11-29,2024-12-31,GOOGL,0.62,4,0.12173407838057271
2024-11-29,2024-12-31,STX,0.64,4,-0.14190101808476074
2024-11-29,2024-12-31,MU,0.66,4,-0.1396698252435088
2024-11-29,2024-12-31,WDC,0.68,4,-0.18303873618413602
2024-11-29,2024-12-31,TXN,0.7,4,-0.06725377426884882
2024-11-29,2024-12-31,BAC,0.72,4,-0.06978562622711293
2024-11-29,2024-12-31,JPM,0.74,4,-0.040084984168461735
2024-11-29,2024-12-31,ORCL,0.76,4,-0.09846371824680022
2024-11-29,2024-12-31,WFC,0.78,4,-0.07785221159778521
2024-11-29,2024-12-31,COST,0.8,4,-0.05721888811729059
2024-11-29,2024-12-31,CAT,0.82,5,-0.1067443837861447
2024-11-29,2024-12-31,NFLX,0.84,5,0.005085689488863787
2024-11-29,2024-12-31,WMT,0.86,5,-0.021079237261623307
2024-11-29,2024-12-31,META,0.88,5,0.02030646140061898
2024-11-29,2024-12-31,GE,0.9,5,-0.08288469579540536
2024-11-29,2024-12-31,AVGO,0.92,5,0.4342373354056217
2024-11-29,2024-12-31,TSM,0.94,5,0.0728753265893447
2024-11-29,2024-12-31,PLTR,0.98,5,0.12745967783210554
2024-11-29,2024-12-31,RKLB,0.98,5,-0.06634902227759376
2024-11-29,2024-12-31,NVDA,0.98,5,-0.028576797508041873
2024-12-31,2025-01-31,INTC,0.04,1,-0.030922641170916143
2024-12-31,2025-01-31,NKE,0.04,1,0.01625480118998235
2024-12-31,2025-01-31,ADBE,0.04,1,-0.016258839137881842
2024-12-31,2025-01-31,ASML,0.08,1,0.06670225068149338
2024-12-31,2025-01-31,AMD,0.1,1,-0.040069574721420254
2024-12-31,2025-01-31,MRK,0.12,1,-0.006634490628407375
2024-12-31,2025-01-31,PFE,0.14,1,0.01614905915795073
2024-12-31,2025-01-31,PEP,0.16,1,-0.009009512771424921
2024-12-31,2025-01-31,TMO,0.18,1,0.14901093690747014
2024-12-31,2025-01-31,MCD,0.2,1,-0.004104945211195643
2024-12-31,2025-01-31,JNJ,0.22,2,0.0520675945102802
2024-12-31,2025-01-31,ABT,0.24,2,0.13695815684699797
2024-12-31,2025-01-31,QCOM,0.26,2,0.12569977488799577
2024-12-31,2025-01-31,KO,0.28,2,0.019595343076529215
2024-12-31,2025-01-31,CVX,0.3,2,0.030033226220329556
2024-12-31,2025-01-31,HON,0.32,2,-0.00960631198528139
2024-12-31,2025-01-31,MSFT,0.34,2,-0.015278910469131324
2024-12-31,2025-01-31,SMCI,0.36,2,-0.0643044328710266
2024-12-31,2025-01-31,MU,0.38,2,0.0841253985124144
2024-12-31,2025-01-31,UNH,0.4,2,0.07241124732191917
2024-12-31,2025-01-31,CSCO,0.42,3,0.030624068496428514
2024-12-31,2025-01-31,GOOGL,0.44,3,0.0777602601030114
2024-12-31,2025-01-31,STX,0.46,3,0.11644078036840022
2024-12-31,2025-01-31,TXN,0.48,3,-0.00818533165535118
2024-12-31,2025-01-31,V,0.5,3,0.0815084940349271
2024-12-31,2025-01-31,XOM,0.52,3,-0.0068791246490514935
2024-12-31,2025-01-31,AAPL,0.54,3,-0.05758329274912943
2024-12-31,2025-01-31,PG,0.56,3,-0.003864111474965237
2024-12-31,2025-01-31,MA,0.58,3,0.05636204527323141
2024-12-31,2025-01-31,CRM,0.6,3,0.022044198107962654
2024-12-31,2025-01-31,HD,0.62,4,0.059101682231350816
2024-12-31,2025-01-31,CRWD,0.64,4,0.16340309522945207
2024-12-31,2025-01-31,AMZN,0.66,4,0.08336748865953902
2024-12-31,2025-01-31,TSLA,0.68,4,0.0018819576379678349
2024-12-31,2025-01-31,WDC,0.7,4,0.09223544232613201
2024-12-31,2025-01-31,CAT,0.72,4,0.02768134160451985
2024-12-31,2025-01-31,BAC,0.74,4,0.05346987396943059
2024-12-31,2025-01-31,AVGO,0.76,4,-0.04559178084661597
2024-12-31,2025-01-31,COST,0.78,4,0.06942273578119185
2024-12-31,2025-01-31,JPM,0.8,4,0.12085647574502523
2024-12-31,2025-01-31,WFC,0.82,5,0.12186797675333905
2024-12-31,2025-01-31,META,0.84,5,0.17705925602783812
2024-12-31,2025-01-31,ORCL,0.86,5,0.023031805893879653
2024-12-31,2025-01-31,WMT,0.88,5,0.08644184447154757
2024-12-31,2025-01-31,TSM,0.9,5,0.059901734685228636
2024-12-31,2025-01-31,GE,0.92,5,0.22051675105867496
2024-12-31,2025-01-31,NFLX,0.94,5,0.09585781038817198
2024-12-31,2025-01-31,NVDA,0.98,5,-0.10589032618795147
2024-12-31,2025-01-31,PLTR,0.98,5,0.09070475815786883
2024-12-31,2025-01-31,RKLB,0.98,5,0.1405575194432369
2025-01-31,2025-02-28,INTC,0.04,1,0.22130721407735177
2025-01-31,2025-02-28,SMCI,0.04,1,0.45371663460778366
2025-01-31,2025-02-28,ADBE,0.04,1,0.002537399292692477
2025-01-31,2025-02-28,AMD,0.08,1,-0.13876668185746388
2025-01-31,2025-02-28,NKE,0.1,1,0.0328998157611986
2025-01-31,2025-02-28,ASML,0.12,1,-0.0388615006262959
2025-01-31,2025-02-28,MRK,0.14,1,-0.06648451432565095
2025-01-31,2025-02-28,PEP,0.16,1,0.018448480350188534
2025-01-31,2025-02-28,JNJ,0.18,1,0.093269208048532
2025-01-31,2025-02-28,TMO,0.2,1,-0.11508159952914887
2025-01-31,2025-02-28,MU,0.22,2,0.02619459610281316
2025-01-31,2025-02-28,UNH,0.24,2,-0.12448151974918509
2025-01-31,2025-02-28,MCD,0.26,2,0.06799423256509574
2025-01-31,2025-02-28,ABT,0.28,2,0.0787930069265248
2025-01-31,2025-02-28,PFE,0.3,2,-0.0033937311359095723
2025-01-31,2025-02-28,CVX,0.32,2,0.07500063254168454
2025-01-31,2025-02-28,STX,0.34,2,0.0575965383871655
2025-01-31,2025-02-28,WDC,0.36,2,-0.006074135365266131
2025-01-31,2025-02-28,QCOM,0.38,2,-0.09113520679875264
2025-01-31,2025-02-28,MSFT,0.4,2,-0.04161806478946706
2025-01-31,2025-02-28,KO,0.42,3,0.12177058191741574
2025-01-31,2025-02-28,XOM,0.44,3,0.05144450797566957
2025-01-31,2025-02-28,PG,0.46,3,0.047291915609665613
2025-01-31,2025-02-28,HD,0.48,3,-0.03733173310566906
2025-01-31,2025-02-28,HON,0.5,3,-0.04331601546424291
2025-01-31,2025-02-28,V,0.52,3,0.06296173104528724
2025-01-31,2025-02-28,CRWD,0.54,3,-0.021126946284248826
2025-01-31,2025-02-28,MA,0.56,3,0.037592574972114656
2025-01-31,2025-02-28,TXN,0.58,3,0.06164339136589381
2025-01-31,2025-02-28,CRM,0.6,3,-0.1283288954547187
2025-01-31,2025-02-28,CSCO,0.62,4,0.05792072278913163
2025-01-31,2025-02-28,CAT,0.64,4,-0.07400899295476915
2025-01-31,2025-02-28,BAC,0.66,4,-0.004319632413696595
2025-01-31,2025-02-28,COST,0.68,4,0.07132367128369865
2025-01-31,2025-02-28,GOOGL,0.7,4,-0.16537606495987212
2025-01-31,2025-02-28,AAPL,0.72,4,0.025872376696052912
2025-01-31,2025-02-28,JPM,0.74,4,-0.009913891470314962
2025-01-31,2025-02-28,AMZN,0.76,4,-0.10686635257151178
2025-01-31,2025-02-28,WFC,0.78,4,-0.0011845044693927775
2025-01-31,2025-02-28,ORCL,0.8,4,-0.02352115790740872
2025-01-31,2025-02-28,META,0.82,5,-0.03044206582110176
2025-01-31,2025-02-28,NFLX,0.84,5,0.0038903849838498594
2025-01-31,2025-02-28,GE,0.86,5,0.016751067137604103
2025-01-31,2025-02-28,WMT,0.88,5,0.004584234519620756
2025-01-31,2025-02-28,TSM,0.9,5,-0.13754063006770567
2025-01-31,2025-02-28,AVGO,0.92,5,-0.09870298553452717
2025-01-31,2025-02-28,TSLA,0.94,5,-0.2758773935575025
2025-01-31,2025-02-28,NVDA,0.98,5,0.04039312006753981
2025-01-31,2025-02-28,PLTR,0.98,5,0.029458120597710247
2025-01-31,2025-02-28,RKLB,0.98,5,-0.2946643611274854
2025-02-28,2025-03-31,SMCI,0.04,1,-0.1741436942942396
2025-02-28,2025-03-31,INTC,0.04,1,-0.04298358522713841
2025-02-28,2025-03-31,AMD,0.04,1,0.02884034884653719
2025-02-28,2025-03-31,NKE,0.08,1,-0.19676075555529549
2025-02-28,2025-03-31,ADBE,0.1,1,-0.12547883775456425
2025-02-28,2025-03-31,ASML,0.12,1,-0.06550735997710866
2025-02-28,2025-03-31,MRK,0.14,1,-0.018585993765781517
2025-02-28,2025-03-31,PEP,0.16,1,-0.014363136643871566
2025-02-28,2025-03-31,JNJ,0.18,1,0.004969023811794981
2025-02-28,2025-03-31,MCD,0.2,1,0.018952197592194464
2025-02-28,2025-03-31,MSFT,0.22,2,-0.0544092496050983
2025-02-28,2025-03-31,MU,0.24,2,-0.07077704063707935
2025-02-28,2025-03-31,CVX,0.26,2,0.05465873264150578
2025-02-28,2025-03-31,XOM,0.28,2,0.06826540568401773
2025-02-28,2025-03-31,TMO,0.3,2,-0.05849071041436593
2025-02-28,2025-03-31,PFE,0.32,2,-0.04124100903155825
2025-02-28,2025-03-31,STX,0.34,2,-0.15959495186694095
2025-02-28,2025-03-31,PG,0.36,2,-0.019673273459984042
2025-02-28,2025-03-31,KO,0.38,2,0.013179640574474627
2025-02-28,2025-03-31,WDC,0.4,2,-0.17371776832491492
2025-02-28,2025-03-31,ABT,0.42,3,-0.038837895040608084
2025-02-28,2025-03-31,HD,0.44,3,-0.07005611576958604
2025-02-28,2025-03-31,QCOM,0.46,3,-0.017380613252069854
2025-02-28,2025-03-31,CRM,0.48,3,-0.0990096994874261
2025-02-28,2025-03-31,UNH,0.5,3,0.10743705830203365
2025-02-28,2025-03-31,CAT,0.52,3,-0.04113991908023085
2025-02-28,2025-03-31,TXN,0.54,3,-0.08311635858564825
2025-02-28,2025-03-31,HON,0.56,3,-0.005354851036856512
2025-02-28,2025-03-31,MA,0.58,3,-0.04891490400714216
2025-02-28,2025-03-31,V,0.6,3,-0.03377357167487782
2025-02-28,2025-03-31,CRWD,0.62,4,-0.0951599259389152
2025-02-28,2025-03-31,CSCO,0.64,4,-0.03743568610204728
2025-02-28,2025-03-31,AAPL,0.66,4,-0.0814999756226632
2025-02-28,2025-03-31,COST,0.68,4,-0.09806314573891717
2025-02-28,2025-03-31,AMZN,0.7,4,-0.10373094214756762
2025-02-28,2025-03-31,BAC,0.72,4,-0.08908145693894454
2025-02-28,2025-03-31,META,0.74,4,-0.13667651721322382
2025-02-28,2025-03-31,WFC,0.76,4,-0.08337575794244556
2025-02-28,2025-03-31,JPM,0.78,4,-0.07311548824273106
2025-02-28,2025-03-31,GOOGL,0.8,4,-0.09080286159995088
2025-02-28,2025-03-31,NVDA,0.82,5,-0.13232498249935198
2025-02-28,2025-03-31,ORCL,0.84,5,-0.15807528468038556
2025-02-28,2025-03-31,NFLX,0.86,5,-0.04898222868327429
2025-02-28,2025-03-31,GE,0.88,5,-0.03119936167224846
2025-02-28,2025-03-31,TSM,0.9,5,-0.07690261562704293
2025-02-28,2025-03-31,WMT,0.92,5,-0.1072803554751175
2025-02-28,2025-03-31,AVGO,0.94,5,-0.1579168815046219
2025-02-28,2025-03-31,TSLA,0.98,5,-0.11543452131892018
2025-02-28,2025-03-31,PLTR,0.98,5,-0.006123370869979161
2025-02-28,2025-03-31,RKLB,0.98,5,-0.1273792405810813
2025-03-31,2025-04-30,SMCI,0.04,1,-0.06950937358195275
2025-03-31,2025-04-30,INTC,0.04,1,-0.11492729230391929
2025-03-31,2025-04-30,AMD,0.04,1,-0.05246252191668743
2025-03-31,2025-04-30,MRK,0.08,1,-0.050802102767749435
2025-03-31,2025-04-30,ASML,0.1,1,0.011347146621250026
2025-03-31,2025-04-30,MU,0.12,1,-0.11439753364112937
2025-03-31,2025-04-30,NKE,0.14,1,-0.11153111790341119
2025-03-31,2025-04-30,ADBE,0.16,1,-0.02229287883654929
2025-03-31,2025-04-30,PEP,0.18,1,-0.09577186533902893
2025-03-31,2025-04-30,TMO,0.2,1,-0.1378616771982869
2025-03-31,2025-04-30,QCOM,0.22,2,-0.03352653970658226
2025-03-31,2025-04-30,WDC,0.24,2,0.08483821431199168
2025-03-31,2025-04-30,MSFT,0.26,2,0.052931488389262205
2025-03-31,2025-04-30,CAT,0.28,2,-0.05773481539553649
2025-03-31,2025-04-30,UNH,0.3,2,-0.21443428128771735
2025-03-31,2025-04-30,XOM,0.32,2,-0.11183040197279925
2025-03-31,2025-04-30,CRM,0.34,2,0.002877693530364045
2025-03-31,2025-04-30,PFE,0.36,2,-0.036700971598228715
2025-03-31,2025-04-30,CVX,0.38,2,-0.18668160457292826
2025-03-31,2025-04-30,HD,0.4,2,-0.016371707947370084
2025-03-31,2025-04-30,HON,0.42,3,-0.005903280906369601
2025-03-31,2025-04-30,JNJ,0.44,3,-0.057464948023866924
2025-03-31,2025-04-30,PG,0.46,3,-0.0401163603413045
2025-03-31,2025-04-30,MCD,0.48,3,0.02330568769373098
2025-03-31,2025-04-30,STX,0.5,3,0.07157141877105055
2025-03-31,2025-04-30,GOOGL,0.52,3,0.026901282587389552
2025-03-31,2025-04-30,TXN,0.54,3,-0.10175038032894113
2025-03-31,2025-04-30,AMZN,0.56,3,-0.03069482028015491
2025-03-31,2025-04-30,KO,0.58,3,0.012985113353944477
2025-03-31,2025-04-30,MA,0.6,3,0.0014766354468025433
2025-03-31,2025-04-30,CRWD,0.62,4,0.21637645768440494
2025-03-31,2025-04-30,BAC,0.64,4,-0.04433246144742631
2025-03-31,2025-04-30,ABT,0.66,4,-0.009757387755955249
2025-03-31,2025-04-30,V,0.68,4,-0.014152857377263905
2025-03-31,2025-04-30,CSCO,0.7,4,-0.05824934510750013
2025-03-31,2025-04-30,ORCL,0.72,4,0.010124485915819825
2025-03-31,2025-04-30,TSM,0.74,4,0.004156623029747397
2025-03-31,2025-04-30,JPM,0.76,4,0.003370298622494161
2025-03-31,2025-04-30,META,0.78,4,-0.047470199774835686
2025-03-31,2025-04-30,NVDA,0.8,4,0.004982410538207471
2025-03-31,2025-04-30,WFC,0.82,5,-0.010865217443830955
2025-03-31,2025-04-30,AAPL,0.84,5,-0.04335308356673084
2025-03-31,2025-04-30,COST,0.86,5,0.05151303249411865
2025-03-31,2025-04-30,GE,0.88,5,0.006944822794715755
2025-03-31,2025-04-30,AVGO,0.9,5,0.14955508839416987
2025-03-31,2025-04-30,NFLX,0.92,5,0.21360169721367117
2025-03-31,2025-04-30,WMT,0.94,5,0.10775709227274044
2025-03-31,2025-04-30,TSLA,0.98,5,0.08874826236685496
2025-03-31,2025-04-30,PLTR,0.98,5,0.4033175391008721
2025-03-31,2025-04-30,RKLB,0.98,5,0.2186801978906301
2025-04-30,2025-05-30,SMCI,0.04,1,0.2561205176110657
2025-04-30,2025-05-30,AMD,0.04,1,0.13744227110973561
2025-04-30,2025-05-30,NKE,0.04,1,0.07429065899280984
2025-04-30,2025-05-30,MRK,0.08,1,-0.09812203893452931
2025-04-30,2025-05-30,INTC,0.1,1,-0.02736324049606631
2025-04-30,2025-05-30,WDC,0.12,1,0.1753305907593219
2025-04-30,2025-05-30,ASML,0.14,1,0.10281703580402679
2025-04-30,2025-05-30,MU,0.16,1,0.22755032896937366
2025-04-30,2025-05-30,ADBE,0.18,1,0.10696566263908114
2025-04-30,2025-05-30,TMO,0.2,1,-0.061025626427274604
2025-04-30,2025-05-30,PEP,0.22,2,-0.03046157796751625
2025-04-30,2025-05-30,QCOM,0.24,2,-0.02195888082453623
2025-04-30,2025-05-30,GOOGL,0.26,2,0.08148620054283007
2025-04-30,2025-05-30,MSFT,0.28,2,0.1668398481439819
2025-04-30,2025-05-30,CAT,0.3,2,0.12532765522521094
2025-04-30,2025-05-30,CRM,0.32,2,-0.012429703410388626
2025-04-30,2025-05-30,STX,0.34,2,0.29561686739633153
2025-04-30,2025-05-30,XOM,0.36,2,-0.0226052458178444
2025-04-30,2025-05-30,TXN,0.38,2,0.1424555031583934
2025-04-30,2025-05-30,PFE,0.4,2,-0.01933113047256152
2025-04-30,2025-05-30,PG,0.42,3,0.04502664760614161
2025-04-30,2025-05-30,CVX,0.44,3,0.016941359631005515
2025-04-30,2025-05-30,AMZN,0.46,3,0.11164730800522138
2025-04-30,2025-05-30,UNH,0.48,3,-0.26621140839998814
2025-04-30,2025-05-30,HON,0.5,3,0.08231910294615008
2025-04-30,2025-05-30,HD,0.52,3,0.02163738326714304
2025-04-30,2025-05-30,BAC,0.54,3,0.10656950059368442
2025-04-30,2025-05-30,MCD,0.56,3,-0.01814478908414685
2025-04-30,2025-05-30,JNJ,0.58,3,0.001475158846293123
2025-04-30,2025-05-30,KO,0.6,3,-0.006202705412029164
2025-04-30,2025-05-30,CRWD,0.62,4,0.09909762978029502
2025-04-30,2025-05-30,MA,0.64,4,0.06849610199929357
2025-04-30,2025-05-30,TSM,0.66,4,0.1597575791670609
2025-04-30,2025-05-30,ORCL,0.68,4,0.1763074151840347
2025-04-30,2025-05-30,WFC,0.7,4,0.05886857037405746
2025-04-30,2025-05-30,GE,0.72,4,0.2201548898910053
2025-04-30,2025-05-30,NVDA,0.74,4,0.24063568786599965
2025-04-30,2025-05-30,ABT,0.76,4,0.021644501405762906
2025-04-30,2025-05-30,JPM,0.78,4,0.0792248640375699
2025-04-30,2025-05-30,AVGO,0.8,4,0.2577023756653447
2025-04-30,2025-05-30,AAPL,0.82,5,-0.053584043540525816
2025-04-30,2025-05-30,COST,0.84,5,0.047295568785938435
2025-04-30,2025-05-30,V,0.86,5,0.05874539374393439
2025-04-30,2025-05-30,CSCO,0.88,5,0.09197994482404281
2025-04-30,2025-05-30,META,0.9,5,0.17939881416191183
2025-04-30,2025-05-30,TSLA,0.92,5,0.2278848417863253
2025-04-30,2025-05-30,WMT,0.94,5,0.01757003224446163
2025-04-30,2025-05-30,NFLX,0.98,5,0.06672147437453146
2025-04-30,2025-05-30,PLTR,0.98,5,0.11263083470882318
2025-04-30,2025-05-30,RKLB,0.98,5,0.22946304680680618
2025-05-30,2025-06-30,SMCI,0.04,1,0.22463762521085928
2025-05-30,2025-06-30,AMD,0.04,1,0.28149543569574
2025-05-30,2025-06-30,NKE,0.04,1,0.18026267195829182
2025-05-30,2025-06-30,MU,0.08,1,0.304785168293346
2025-05-30,2025-06-30,INTC,0.1,1,0.1457800763524859
2025-05-30,2025-06-30,MRK,0.12,1,0.0405071826269654
2025-05-30,2025-06-30,ASML,0.14,1,0.08770715443496524
2025-05-30,2025-06-30,QCOM,0.16,1,0.10342083144844016
2025-05-30,2025-06-30,TMO,0.18,1,0.0075969793070236324
2025-05-30,2025-06-30,WDC,0.2,1,0.24363205114600595
2025-05-30,2025-06-30,PEP,0.22,2,0.015510276302497683
2025-05-30,2025-06-30,ADBE,0.24,2,-0.06796114506241846
2025-05-30,2025-06-30,UNH,0.26,2,0.0406565465083224
2025-05-30,2025-06-30,TXN,0.28,2,0.13546609152639322
2025-05-30,2025-06-30,CVX,0.3,2,0.047476233669519585
2025-05-30,2025-06-30,PFE,0.32,2,0.031928358396821954
2025-05-30,2025-06-30,XOM,0.34,2,0.05376345002146654
2025-05-30,2025-06-30,GOOGL,0.36,2,0.027386270666952983
2025-05-30,2025-06-30,CAT,0.38,2,0.11544984244205847
2025-05-30,2025-06-30,MSFT,0.4,2,0.08048058108038347
2025-05-30,2025-06-30,NVDA,0.42,3,0.16925141765467422
2025-05-30,2025-06-30,STX,0.44,3,0.23025635092756747
2025-05-30,2025-06-30,PG,0.46,3,-0.0622166132893357
2025-05-30,2025-06-30,BAC,0.48,3,0.07860542345443844
2025-05-30,2025-06-30,AMZN,0.5,3,0.0701429455544571
2025-05-30,2025-06-30,HON,0.52,3,0.02739660723277204
2025-05-30,2025-06-30,JNJ,0.54,3,-0.015849332958926654
2025-05-30,2025-06-30,HD,0.56,3,0.0017064875844858829
2025-05-30,2025-06-30,AAPL,0.58,3,0.02150852755371435
2025-05-30,2025-06-30,TSM,0.6,3,0.17586458930888527
2025-05-30,2025-06-30,CRM,0.62,4,0.0292135323056113
2025-05-30,2025-06-30,META,0.64,4,0.14080216463227213
2025-05-30,2025-06-30,KO,0.66,4,-0.011746977791016522
2025-05-30,2025-06-30,WFC,0.68,4,0.0714097262666833
2025-05-30,2025-06-30,ORCL,0.7,4,0.3207878406230671
2025-05-30,2025-06-30,GE,0.72,4,0.046683788488107725
2025-05-30,2025-06-30,COST,0.74,4,-0.048299546324252485
2025-05-30,2025-06-30,MA,0.76,4,-0.04040298385829777
2025-05-30,2025-06-30,JPM,0.78,4,0.09814392497808555
2025-05-30,2025-06-30,MCD,0.8,4,-0.0637976905288482
2025-05-30,2025-06-30,V,0.82,5,-0.027766343902284718
2025-05-30,2025-06-30,CSCO,0.84,5,0.10057118584753533
2025-05-30,2025-06-30,ABT,0.86,5,0.01819120973810473
2025-05-30,2025-06-30,CRWD,0.88,5,0.08048879401408215
2025-05-30,2025-06-30,AVGO,0.9,5,0.14140045838377158
2025-05-30,2025-06-30,WMT,0.92,5,-0.009521857370709874
2025-05-30,2025-06-30,TSLA,0.94,5,-0.08312644606383923
2025-05-30,2025-06-30,NFLX,0.98,5,0.10925834231001486
2025-05-30,2025-06-30,RKLB,0.98,5,0.33519967283881535
2025-05-30,2025-06-30,PLTR,0.98,5,0.03445142348593744
2025-06-30,2025-07-31,SMCI,0.04,1,0.2032238979856047
2025-06-30,2025-07-31,UNH,0.04,1,-0.20005132862721542
2025-06-30,2025-07-31,INTC,0.04,1,-0.11607144757801202
2025-06-30,2025-07-31,MRK,0.08,1,-0.013138047990163826
2025-06-30,2025-07-31,AMD,0.1,1,0.24249475082579197
2025-06-30,2025-07-31,MU,0.12,1,-0.11364935804732545
2025-06-30,2025-07-31,ASML,0.14,1,-0.1309198317061785
2025-06-30,2025-07-31,TMO,0.16,1,0.1534553135938681
2025-06-30,2025-07-31,QCOM,0.18,1,-0.07848797721376122
2025-06-30,2025-07-31,ADBE,0.2,1,-0.07544975721929081
2025-06-30,2025-07-31,NKE,0.22,2,0.05137953679376239
2025-06-30,2025-07-31,PEP,0.24,2,0.04453181199736789
2025-06-30,2025-07-31,PFE,0.26,2,-0.022612353595447998
2025-06-30,2025-07-31,WDC,0.28,2,0.229723467446868
2025-06-30,2025-07-31,CVX,0.3,2,0.05901247213695959
2025-06-30,2025-07-31,XOM,0.32,2,0.03562142846905014
2025-06-30,2025-07-31,GOOGL,0.34,2,0.08891798842591059
2025-06-30,2025-07-31,AAPL,0.36,2,0.011697625680163082
2025-06-30,2025-07-31,TXN,0.38,2,-0.12162267557446949
2025-06-30,2025-07-31,MSFT,0.4,2,0.0725558129144428
2025-06-30,2025-07-31,CRM,0.42,3,-0.05266065887073201
2025-06-30,2025-07-31,PG,0.44,3,-0.049089872943636426
2025-06-30,2025-07-31,AMZN,0.46,3,0.06709513314943583
2025-06-30,2025-07-31,CAT,0.48,3,0.13244007577521044
2025-06-30,2025-07-31,HON,0.5,3,-0.04521637473463069
2025-06-30,2025-07-31,HD,0.52,3,0.0023728411178607356
2025-06-30,2025-07-31,NVDA,0.54,3,0.12583059791431728
2025-06-30,2025-07-31,JNJ,0.56,3,0.07849432802697986
2025-06-30,2025-07-31,TSM,0.58,3,0.06680209807585302
2025-06-30,2025-07-31,BAC,0.6,3,-0.001056747349210685
2025-06-30,2025-07-31,KO,0.62,4,-0.04042408815168619
2025-06-30,2025-07-31,STX,0.64,4,0.08785398254162269
2025-06-30,2025-07-31,ORCL,0.66,4,0.16319462276369978
2025-06-30,2025-07-31,COST,0.68,4,-0.05081108640523979
2025-06-30,2025-07-31,CRWD,0.7,4,-0.10747872709503892
2025-06-30,2025-07-31,MCD,0.72,4,0.027038922796036813
2025-06-30,2025-07-31,META,0.74,4,0.04789370648508151
2025-06-30,2025-07-31,WFC,0.76,4,0.006365348513523772
2025-06-30,2025-07-31,ABT,0.78,4,-0.06803587306623782
2025-06-30,2025-07-31,MA,0.8,4,0.009425174042106299
2025-06-30,2025-07-31,JPM,0.82,5,0.026757209851034025
2025-06-30,2025-07-31,CSCO,0.84,5,-0.012836661438220487
2025-06-30,2025-07-31,V,0.86,5,-0.026982220849739336
2025-06-30,2025-07-31,WMT,0.88,5,0.002045411527177743
2025-06-30,2025-07-31,AVGO,0.9,5,0.06548181665828734
2025-06-30,2025-07-31,GE,0.92,5,0.054725547611114145
2025-06-30,2025-07-31,TSLA,0.94,5,-0.02955995259140498
2025-06-30,2025-07-31,NFLX,0.98,5,-0.1342139500795455
2025-06-30,2025-07-31,PLTR,0.98,5,0.16160502931093235
2025-06-30,2025-07-31,RKLB,0.98,5,0.2837572709334042
2025-07-31,2025-08-29,UNH,0.04,1,0.24166536911399317
2025-07-31,2025-08-29,TMO,0.04,1,0.053540873495182106
2025-07-31,2025-08-29,SMCI,0.04,1,-0.2955740197450848
2025-07-31,2025-08-29,ADBE,0.08,1,-0.0027677324711841145
2025-07-31,2025-08-29,MRK,0.1,1,0.07680502093664376
2025-07-31,2025-08-29,INTC,0.12,1,0.22979804645106938
2025-07-31,2025-08-29,PEP,0.14,1,0.0777986810480753
2025-07-31,2025-08-29,PFE,0.16,1,0.06311725878141838
2025-07-31,2025-08-29,ASML,0.18,1,0.0689641144680031
2025-07-31,2025-08-29,QCOM,0.2,1,0.095189325124299
2025-07-31,2025-08-29,AAPL,0.22,2,0.11963891239084923
2025-07-31,2025-08-29,CVX,0.24,2,0.07087709190341407
2025-07-31,2025-08-29,XOM,0.26,2,0.03326322495421086
2025-07-31,2025-08-29,NKE,0.28,2,0.03588149151590314
2025-07-31,2025-08-29,AMD,0.3,2,-0.07759056698548772
2025-07-31,2025-08-29,JNJ,0.32,2,0.08334589511983181
2025-07-31,2025-08-29,PG,0.34,2,0.043663134819144966
2025-07-31,2025-08-29,HD,0.36,2,0.10682710479290303
2025-07-31,2025-08-29,GOOGL,0.38,2,0.10948414473792889
2025-07-31,2025-08-29,TXN,0.4,2,0.11830332517983977
2025-07-31,2025-08-29,CRM,0.42,3,-0.008051572166268062
2025-07-31,2025-08-29,KO,0.44,3,0.01620259851196404
2025-07-31,2025-08-29,MU,0.46,3,0.0904343383973727
2025-07-31,2025-08-29,MCD,0.48,3,0.04488966918327342
2025-07-31,2025-08-29,CAT,0.5,3,-0.043331342471053746
2025-07-31,2025-08-29,HON,0.52,3,-0.007678660892088129
2025-07-31,2025-08-29,AMZN,0.54,3,-0.021827348669553603
2025-07-31,2025-08-29,MSFT,0.56,3,-0.048691698328366284
2025-07-31,2025-08-29,BAC,0.58,3,0.07340817345940076
2025-07-31,2025-08-29,COST,0.6,3,0.005307111707645529
2025-07-31,2025-08-29,MA,0.62,4,0.05087663491538952
2025-07-31,2025-08-29,WDC,0.64,4,0.020968055641999106
2025-07-31,2025-08-29,ABT,0.66,4,0.05127180522063424
2025-07-31,2025-08-29,V,0.68,4,0.020056789795070307
2025-07-31,2025-08-29,NVDA,0.7,4,-0.02074555412791701
2025-07-31,2025-08-29,TSLA,0.72,4,0.08304410748975077
2025-07-31,2025-08-29,WFC,0.74,4,0.025211264153813362
2025-07-31,2025-08-29,TSM,0.76,4,-0.04449132684784651
2025-07-31,2025-08-29,JPM,0.78,4,0.017485825680117584
2025-07-31,2025-08-29,WMT,0.8,4,-0.007894433410320922
2025-07-31,2025-08-29,STX,0.82,5,0.06617423889911977
2025-07-31,2025-08-29,CSCO,0.84,5,0.014835355079790169
2025-07-31,2025-08-29,GE,0.86,5,0.015198691629857208
2025-07-31,2025-08-29,META,0.88,5,-0.044916190351980134
2025-07-31,2025-08-29,ORCL,0.9,5,-0.10891753243136004
2025-07-31,2025-08-29,AVGO,0.92,5,0.012563708535384022
2025-07-31,2025-08-29,NFLX,0.94,5,0.042133814075989484
2025-07-31,2025-08-29,CRWD,0.98,5,-0.06791032100622008
2025-07-31,2025-08-29,PLTR,0.98,5,-0.01035680029324626
2025-07-31,2025-08-29,RKLB,0.98,5,0.05836237831098612
2025-08-29,2025-09-30,UNH,0.04,1,0.12136851621134759
2025-08-29,2025-09-30,ADBE,0.04,1,-0.011073765270124603
2025-08-29,2025-09-30,MRK,0.04,1,0.007596958878255622
2025-08-29,2025-09-30,TMO,0.08,1,-0.01474392859091378
2025-08-29,2025-09-30,ASML,0.1,1,0.3036142134281026
2025-08-29,2025-09-30,PEP,0.12,1,-0.04598819352065142
2025-08-29,2025-09-30,QCOM,0.14,1,0.040917904647269854
2025-08-29,2025-09-30,PFE,0.16,1,0.029079130636643358
2025-08-29,2025-09-30,TXN,0.18,1,-0.09260173963840213
2025-08-29,2025-09-30,INTC,0.2,1,0.37782335570688486
2025-08-29,2025-09-30,PG,0.22,2,-0.021586711678033055
2025-08-29,2025-09-30,AAPL,0.24,2,0.09688125410892989
2025-08-29,2025-09-30,NKE,0.26,2,-0.09406253238080686
2025-08-29,2025-09-30,KO,0.28,2,-0.03132877337440354
2025-08-29,2025-09-30,XOM,0.3,2,-0.013474393953131658
2025-08-29,2025-09-30,HD,0.32,2,0.0017670311936286431
2025-08-29,2025-09-30,JNJ,0.34,2,0.04656553046221612
2025-08-29,2025-09-30,CRM,0.36,2,-0.07351144719937441
2025-08-29,2025-09-30,COST,0.38,2,-0.018752869214826773
2025-08-29,2025-09-30,CVX,0.4,2,-0.03306358066400117
2025-08-29,2025-09-30,MCD,0.42,3,-0.025275143214231743
2025-08-29,2025-09-30,HON,0.44,3,-0.041002296197997334
2025-08-29,2025-09-30,ABT,0.46,3,0.009648848838859525
2025-08-29,2025-09-30,MU,0.48,3,0.4059324451026407
2025-08-29,2025-09-30,MA,0.5,3,-0.04448246796859123
2025-08-29,2025-09-30,GOOGL,0.52,3,0.1428182966261622
2025-08-29,2025-09-30,AMD,0.54,3,-0.00516516984233617
2025-08-29,2025-09-30,BAC,0.56,3,0.022407454620447353
2025-08-29,2025-09-30,CAT,0.58,3,0.13867410646970102
2025-08-29,2025-09-30,V,0.6,3,-0.02956389962284678
2025-08-29,2025-09-30,WMT,0.62,4,0.06269333241942698
2025-08-29,2025-09-30,MSFT,0.64,4,0.022222678333202905
2025-08-29,2025-09-30,AMZN,0.66,4,-0.04117900731782209
2025-08-29,2025-09-30,SMCI,0.68,4,0.1540683093434736
2025-08-29,2025-09-30,JPM,0.7,4,0.04647999633494182
2025-08-29,2025-09-30,CSCO,0.72,4,-0.009697302372449257
2025-08-29,2025-09-30,WFC,0.74,4,0.01995613577419797
2025-08-29,2025-09-30,TSM,0.76,4,0.21354487896116225
2025-08-29,2025-09-30,TSLA,0.78,4,0.33201547825406585
2025-08-29,2025-09-30,META,0.8,4,-0.005177035310827027
2025-08-29,2025-09-30,NVDA,0.82,5,0.07125120333176027
2025-08-29,2025-09-30,GE,0.84,5,0.09443157133319735
2025-08-29,2025-09-30,WDC,0.86,5,0.4961385882848701
2025-08-29,2025-09-30,STX,0.88,5,0.41460030518286617
2025-08-29,2025-09-30,CRWD,0.9,5,0.15737547971369814
2025-08-29,2025-09-30,NFLX,0.92,5,-0.007721900937653237
2025-08-29,2025-09-30,ORCL,0.94,5,0.24370936315274006
2025-08-29,2025-09-30,AVGO,0.98,5,0.1112520077337229
2025-08-29,2025-09-30,PLTR,0.98,5,0.1640609428472639
2025-08-29,2025-09-30,RKLB,0.98,5,-0.014197503052935323
2025-09-30,2025-10-31,UNH,0.04,1,-0.010831189004583797
2025-09-30,2025-10-31,ADBE,0.04,1,-0.03526577587925228
2025-09-30,2025-10-31,MRK,0.04,1,0.02442524406623403
2025-09-30,2025-10-31,TMO,0.08,1,0.16982815447912158
2025-09-30,2025-10-31,NKE,0.1,1,-0.07371293450052319
2025-09-30,2025-10-31,PEP,0.12,1,0.04023068551987441
2025-09-30,2025-10-31,ASML,0.14,1,0.09608521050967855
2025-09-30,2025-10-31,PFE,0.16,1,-0.03257453194537496
2025-09-30,2025-10-31,PG,0.18,1,-0.01450364916940916
2025-09-30,2025-10-31,CRM,0.2,1,0.09877634500759669
2025-09-30,2025-10-31,QCOM,0.22,2,0.08740078328443901
2025-09-30,2025-10-31,KO,0.24,2,0.03890231392766341
2025-09-30,2025-10-31,AMD,0.26,2,0.5830397783886911
2025-09-30,2025-10-31,SMCI,0.28,2,0.08385483047394149
2025-09-30,2025-10-31,AAPL,0.3,2,0.06181516967143552
2025-09-30,2025-10-31,TXN,0.32,2,-0.11336650939730986
2025-09-30,2025-10-31,XOM,0.34,2,0.014279302576305719
2025-09-30,2025-10-31,HD,0.36,2,-0.06318019614107429
2025-09-30,2025-10-31,INTC,0.38,2,0.19195238711935314
2025-09-30,2025-10-31,MCD,0.4,2,-0.01796703929454857
2025-09-30,2025-10-31,COST,0.42,3,-0.0139262006144103
2025-09-30,2025-10-31,HON,0.44,3,0.01477979180179867
2025-09-30,2025-10-31,CAT,0.46,3,0.21328401663293173
2025-09-30,2025-10-31,JNJ,0.48,3,0.018606392040709352
2025-09-30,2025-10-31,CVX,0.5,3,0.015648340326303245
2025-09-30,2025-10-31,MU,0.52,3,0.33821487255150817
2025-09-30,2025-10-31,ABT,0.54,3,-0.07294530295517754
2025-09-30,2025-10-31,MSFT,0.56,3,-0.000270291399078193
2025-09-30,2025-10-31,MA,0.58,3,-0.028289393628729287
2025-09-30,2025-10-31,WMT,0.6,3,-0.018241803065746742
2025-09-30,2025-10-31,AMZN,0.62,4,0.11226484981660545
2025-09-30,2025-10-31,TSLA,0.64,4,0.026623485126352042
2025-09-30,2025-10-31,GOOGL,0.66,4,0.15668447208979308
2025-09-30,2025-10-31,V,0.68,4,-0.0018747318673870694
2025-09-30,2025-10-31,META,0.7,4,-0.11714655336108604
2025-09-30,2025-10-31,BAC,0.72,4,0.03605346997590719
2025-09-30,2025-10-31,CSCO,0.74,4,0.07499937400552237
2025-09-30,2025-10-31,ORCL,0.76,4,-0.06462211332336609
2025-09-30,2025-10-31,TSM,0.78,4,0.0756919499156905
2025-09-30,2025-10-31,NVDA,0.8,4,0.0852718465520419
2025-09-30,2025-10-31,JPM,0.82,5,-0.008868578599891541
2025-09-30,2025-10-31,GE,0.84,5,0.027026060935400942
2025-09-30,2025-10-31,WFC,0.86,5,0.03758048510089762
2025-09-30,2025-10-31,CRWD,0.88,5,0.10732494057417696
2025-09-30,2025-10-31,WDC,0.9,5,0.25112453213332286
2025-09-30,2025-10-31,STX,0.92,5,0.08396163142828805
2025-09-30,2025-10-31,NFLX,0.94,5,-0.06677673921714511
2025-09-30,2025-10-31,AVGO,0.98,5,0.12039656294716883
2025-09-30,2025-10-31,PLTR,0.98,5,0.09894750155101462
2025-09-30,2025-10-31,RKLB,0.98,5,0.31454810567356395
2025-10-31,2025-11-28,UNH,0.04,1,-0.03451805760182636
2025-10-31,2025-11-28,ADBE,0.04,1,-0.05929885345876951
2025-10-31,2025-11-28,CRM,0.04,1,-0.11470372270514373
2025-10-31,2025-11-28,MRK,0.08,1,0.21923701408428076
2025-10-31,2025-11-28,PEP,0.1,1,0.018139460627446757
2025-10-31,2025-11-28,TMO,0.12,1,0.04131195711370306
2025-10-31,2025-11-28,NKE,0.14,1,0.0006192872565555785
2025-10-31,2025-11-28,TXN,0.16,1,0.04217761845695667
2025-10-31,2025-11-28,PG,0.18,1,-0.014697080251840244
2025-10-31,2025-11-28,PFE,0.2,1,0.06260609244288928
2025-10-31,2025-11-28,XOM,0.22,2,0.022507006667102702
2025-10-31,2025-11-28,HON,0.24,2,-0.03968053508030989
2025-10-31,2025-11-28,QCOM,0.26,2,-0.07081260693272806
2025-10-31,2025-11-28,KO,0.28,2,0.061248131892190916
2025-10-31,2025-11-28,HD,0.3,2,-0.059722387797616294
2025-10-31,2025-11-28,COST,0.32,2,0.0023479278198508258
2025-10-31,2025-11-28,MCD,0.34,2,0.044868230607110204
2025-10-31,2025-11-28,CVX,0.36,2,-0.031081065181996936
2025-10-31,2025-11-28,AMD,0.38,2,-0.15067154878022626
2025-10-31,2025-11-28,AAPL,0.4,2,0.03236421756367314
2025-10-31,2025-11-28,MA,0.42,3,-0.0026449882228910537
2025-10-31,2025-11-28,AMZN,0.44,3,-0.04504135592915348
2025-10-31,2025-11-28,V,0.46,3,-0.016545057941918517
2025-10-31,2025-11-28,JNJ,0.48,3,0.10252442195527811
2025-10-31,2025-11-28,ABT,0.5,3,0.04271138672968622
2025-10-31,2025-11-28,BAC,0.52,3,0.003741847168485579
2025-10-31,2025-11-28,WMT,0.54,3,0.09221194393975618
2025-10-31,2025-11-28,CSCO,0.56,3,0.05238684818981887
2025-10-31,2025-11-28,CAT,0.58,3,-0.0025984050435396977
2025-10-31,2025-11-28,MSFT,0.6,3,-0.04804685731303826
2025-10-31,2025-11-28,META,0.62,4,-0.0006168142817537525
2025-10-31,2025-11-28,WFC,0.64,4,-0.007688111971481004
2025-10-31,2025-11-28,NVDA,0.66,4,-0.12588283050832605
2025-10-31,2025-11-28,GOOGL,0.68,4,0.13866065500241898
2025-10-31,2025-11-28,JPM,0.7,4,0.006299815132071229
2025-10-31,2025-11-28,ASML,0.72,4,0.0007269799898699247
2025-10-31,2025-11-28,TSM,0.74,4,-0.02969083162763919
2025-10-31,2025-11-28,INTC,0.76,4,0.014253555161292786
2025-10-31,2025-11-28,NFLX,0.78,4,-0.03848559868782553
2025-10-31,2025-11-28,SMCI,0.8,4,-0.3485373543003665
2025-10-31,2025-11-28,CRWD,0.82,5,-0.06233772029013984
2025-10-31,2025-11-28,MU,0.84,5,0.056799420640435416
2025-10-31,2025-11-28,ORCL,0.86,5,-0.23098884030658706
2025-10-31,2025-11-28,GE,0.88,5,-0.03398600015924913
2025-10-31,2025-11-28,TSLA,0.9,5,-0.05780178787448975
2025-10-31,2025-11-28,AVGO,0.92,5,0.09017108963959264
2025-10-31,2025-11-28,STX,0.94,5,0.08132715529150292
2025-10-31,2025-11-28,WDC,0.98,5,0.08734446989776234
2025-10-31,2025-11-28,PLTR,0.98,5,-0.15972466741898805
2025-10-31,2025-11-28,RKLB,0.98,5,-0.3308987028272673
2025-11-28,2025-12-31,UNH,0.04,1,0.007761434182764537
2025-11-28,2025-12-31,ADBE,0.04,1,0.09327456001037171
2025-11-28,2025-12-31,CRM,0.04,1,0.15093943917064112
2025-11-28,2025-12-31,TXN,0.08,1,0.031021511320143524
2025-11-28,2025-12-31,NKE,0.1,1,-0.007941493423649915
2025-11-28,2025-12-31,PG,0.12,1,-0.03273489200335589
2025-11-28,2025-12-31,MRK,0.14,1,0.012683919226083695
2025-11-28,2025-12-31,HD,0.16,1,-0.029682932353462532
2025-11-28,2025-12-31,PEP,0.18,1,-0.025657146687719345
2025-11-28,2025-12-31,HON,0.2,1,0.015089229964670992
2025-11-28,2025-12-31,COST,0.22,2,-0.05609735181096642
2025-11-28,2025-12-31,PFE,0.24,2,-0.032634008657029034
2025-11-28,2025-12-31,XOM,0.26,2,0.03812982034783219
2025-11-28,2025-12-31,CVX,0.28,2,0.008469399383149279
2025-11-28,2025-12-31,MCD,0.3,2,-0.013969581491785177
2025-11-28,2025-12-31,MA,0.32,2,0.03696437711024392
2025-11-28,2025-12-31,ABT,0.34,2,-0.028006100227637276
2025-11-28,2025-12-31,TMO,0.36,2,-0.018523550212875217
2025-11-28,2025-12-31,V,0.38,2,0.04864838863779153
2025-11-28,2025-12-31,KO,0.4,2,-0.03718491060704687
2025-11-28,2025-12-31,WMT,0.42,3,0.010199159973349747
2025-11-28,2025-12-31,META,0.44,3,0.019566876572819414
2025-11-28,2025-12-31,AAPL,0.46,3,-0.02506728904622013
2025-11-28,2025-12-31,BAC,0.48,3,0.03049055244564558
2025-11-28,2025-12-31,WFC,0.5,3,0.0856144999325219
2025-11-28,2025-12-31,QCOM,0.52,3,0.0228092838437175
2025-11-28,2025-12-31,AMZN,0.54,3,-0.010290686407351424
2025-11-28,2025-12-31,MSFT,0.56,3,-0.0170525388427748
2025-11-28,2025-12-31,JNJ,0.58,3,0.00014491183381215578
2025-11-28,2025-12-31,NFLX,0.6,3,-0.12846253448226685
2025-11-28,2025-12-31,CSCO,0.62,4,0.0011697467886038204
2025-11-28,2025-12-31,JPM,0.64,4,0.029193898748310465
2025-11-28,2025-12-31,TSLA,0.66,4,0.045447119005781245
2025-11-28,2025-12-31,ORCL,0.68,4,-0.03486005894623767
2025-11-28,2025-12-31,CAT,0.7,4,-0.005019434818166801
2025-11-28,2025-12-31,NVDA,0.72,4,0.05373108378246494
2025-11-28,2025-12-31,ASML,0.74,4,0.00930189340342813
2025-11-28,2025-12-31,CRWD,0.76,4,-0.07934636186249777
2025-11-28,2025-12-31,SMCI,0.78,4,-0.13530275399743097
2025-11-28,2025-12-31,TSM,0.8,4,0.04528297814647897
2025-11-28,2025-12-31,INTC,0.82,5,-0.09023667957324677
2025-11-28,2025-12-31,GOOGL,0.84,5,-0.02178548616629794
2025-11-28,2025-12-31,GE,0.86,5,0.03327942290798913
2025-11-28,2025-12-31,AMD,0.88,5,-0.015492093670292695
2025-11-28,2025-12-31,MU,0.9,5,0.20739718483900438
2025-11-28,2025-12-31,AVGO,0.92,5,-0.13946236821665803
2025-11-28,2025-12-31,RKLB,0.94,5,0.6554343414007453
2025-11-28,2025-12-31,STX,0.98,5,-0.002086992448728564
2025-11-28,2025-12-31,WDC,0.98,5,0.055583816755854
2025-11-28,2025-12-31,PLTR,0.98,5,0.055209280025189544
2025-12-31,2026-01-30,UNH,0.04,1,-0.1308048795709682
2025-12-31,2026-01-30,CRM,0.04,1,-0.1986335022761817
2025-12-31,2026-01-30,ADBE,0.04,1,-0.16211889430431536
2025-12-31,2026-01-30,NKE,0.08,1,-0.02982259216552907
2025-12-31,2026-01-30,PG,0.1,1,0.06655206853509577
2025-12-31,2026-01-30,HON,0.12,1,0.16623091676186652
2025-12-31,2026-01-30,TXN,0.14,1,0.250544391482157
2025-12-31,2026-01-30,HD,0.16,1,0.08860793445086457
2025-12-31,2026-01-30,COST,0.18,1,0.09183673034137296
2025-12-31,2026-01-30,PEP,0.2,1,0.07044319011694511
2025-12-31,2026-01-30,PFE,0.22,2,0.07963445854740225
2025-12-31,2026-01-30,MA,0.24,2,-0.05479388180361411
2025-12-31,2026-01-30,AMZN,0.26,2,0.036738564502459825
2025-12-31,2026-01-30,TSLA,0.28,2,-0.04293782243658151
2025-12-31,2026-01-30,V,0.3,2,-0.08234732219672691
2025-12-31,2026-01-30,MRK,0.32,2,0.04759644221604553
2025-12-31,2026-01-30,CVX,0.34,2,0.1606849850776988
2025-12-31,2026-01-30,MCD,0.36,2,0.03065806193084475
2025-12-31,2026-01-30,META,0.38,2,0.08545801507257011
2025-12-31,2026-01-30,SMCI,0.4,2,-0.005466342497773113
2025-12-31,2026-01-30,QCOM,0.42,3,-0.11376796625279961
2025-12-31,2026-01-30,XOM,0.44,3,0.17500405968903698
2025-12-31,2026-01-30,AAPL,0.46,3,-0.04553807543927224
2025-12-31,2026-01-30,TMO,0.48,3,-0.0014497900096518412
2025-12-31,2026-01-30,ABT,0.5,3,-0.12320489515603361
2025-12-31,2026-01-30,MSFT,0.52,3,-0.11027248002775836
2025-12-31,2026-01-30,KO,0.54,3,0.07008993117099194
2025-12-31,2026-01-30,NFLX,0.56,3,-0.10953502600756071
2025-12-31,2026-01-30,ORCL,0.58,3,-0.15337827103154633
2025-12-31,2026-01-30,WMT,0.6,3,0.06938326484533874
2025-12-31,2026-01-30,BAC,0.62,4,-0.032727276571110075
2025-12-31,2026-01-30,WFC,0.64,4,-0.02907723149728858
2025-12-31,2026-01-30,NVDA,0.66,4,0.024825710429229098
2025-12-31,2026-01-30,CSCO,0.68,4,0.02218726338092636
2025-12-31,2026-01-30,JPM,0.7,4,-0.04639747628251545
2025-12-31,2026-01-30,JNJ,0.72,4,0.09809139660083388
2025-12-31,2026-01-30,CRWD,0.74,4,-0.0583561106247209
2025-12-31,2026-01-30,TSM,0.76,4,0.08776183599028475
2025-12-31,2026-01-30,ASML,0.78,4,0.33008070837457293
2025-12-31,2026-01-30,CAT,0.8,4,0.15017010590966096
2025-12-31,2026-01-30,RKLB,0.82,5,0.14779239166965508
2025-12-31,2026-01-30,GOOGL,0.84,5,0.07987225284963939
2025-12-31,2026-01-30,AVGO,0.86,5,-0.042762187575445476
2025-12-31,2026-01-30,GE,0.88,5,-0.004025512062678094
2025-12-31,2026-01-30,AMD,0.9,5,0.10538845573162892
2025-12-31,2026-01-30,INTC,0.92,5,0.2593495745010346
2025-12-31,2026-01-30,PLTR,0.94,5,-0.17530241160117788
2025-12-31,2026-01-30,MU,0.98,5,0.45362808188767456
2025-12-31,2026-01-30,STX,0.98,5,0.4804095506678534
2025-12-31,2026-01-30,WDC,0.98,5,0.45254543300699646
2026-01-30,2026-02-27,UNH,0.04,1,0.022095946175181513
2026-01-30,2026-02-27,CRM,0.04,1,-0.08243435395210785
2026-01-30,2026-02-27,ADBE,0.04,1,-0.10516622792119568
2026-01-30,2026-02-27,NKE,0.08,1,0.005986100782911841
2026-01-30,2026-02-27,HD,0.1,1,0.016364595871060983
2026-01-30,2026-02-27,PG,0.12,1,0.10166688897023568
2026-01-30,2026-02-27,COST,0.14,1,0.07502260827146601
2026-01-30,2026-02-27,HON,0.16,1,0.0759466138217959
2026-01-30,2026-02-27,NFLX,0.18,1,0.1527129036558863
2026-01-30,2026-02-27,META,0.2,1,-0.0953523501124307
2026-01-30,2026-02-27,TXN,0.22,2,-0.015959207270170417
2026-01-30,2026-02-27,AMZN,0.24,2,-0.12244046250772744
2026-01-30,2026-02-27,TMO,0.26,2,-0.09937600038587446
2026-01-30,2026-02-27,PFE,0.28,2,0.04576400695775096
2026-01-30,2026-02-27,PEP,0.3,2,0.10486239596874869
2026-01-30,2026-02-27,ABT,0.32,2,0.06450134868134816
2026-01-30,2026-02-27,QCOM,0.34,2,-0.060887812316557266
2026-01-30,2026-02-27,SMCI,0.36,2,0.11267601204139122
2026-01-30,2026-02-27,MA,0.38,2,-0.04005254589212137
2026-01-30,2026-02-27,V,0.4,2,-0.003199724958350747
2026-01-30,2026-02-27,CVX,0.42,3,0.0660653626018497
2026-01-30,2026-02-27,MCD,0.44,3,0.08273007386691345
2026-01-30,2026-02-27,MRK,0.46,3,0.12288021080968803
2026-01-30,2026-02-27,TSLA,0.48,3,-0.06482189925675397
2026-01-30,2026-02-27,KO,0.5,3,0.09022862421878464
2026-01-30,2026-02-27,WMT,0.52,3,0.07394659943934134
2026-01-30,2026-02-27,ORCL,0.54,3,-0.11653907797239704
2026-01-30,2026-02-27,AAPL,0.56,3,0.01906584775625153
2026-01-30,2026-02-27,XOM,0.58,3,0.08568945862799127
2026-01-30,2026-02-27,MSFT,0.6,3,-0.08518351769513588
2026-01-30,2026-02-27,CRWD,0.62,4,-0.15728183410918117
2026-01-30,2026-02-27,WFC,0.64,4,-0.09547674526128258
2026-01-30,2026-02-27,BAC,0.66,4,-0.063345838354539
2026-01-30,2026-02-27,JPM,0.68,4,-0.018274626056834276
2026-01-30,2026-02-27,CSCO,0.7,4,0.014555681727582703
2026-01-30,2026-02-27,JNJ,0.72,4,0.09901290155582543
2026-01-30,2026-02-27,ASML,0.74,4,0.020712091659997878
2026-01-30,2026-02-27,TSM,0.76,4,0.13316794584232716
2026-01-30,2026-02-27,GE,0.78,4,0.11561649847518018
2026-01-30,2026-02-27,GOOGL,0.8,4,-0.07763313838572383
2026-01-30,2026-02-27,NVDA,0.82,5,-0.07293464314527709
2026-01-30,2026-02-27,CAT,0.84,5,0.13002013548229852
2026-01-30,2026-02-27,AVGO,0.86,5,-0.035466378796530584
2026-01-30,2026-02-27,AMD,0.88,5,-0.15426853239039462
2026-01-30,2026-02-27,INTC,0.9,5,-0.018506576022391363
2026-01-30,2026-02-27,PLTR,0.92,5,-0.06412438864393821
2026-01-30,2026-02-27,RKLB,0.94,5,-0.13700513628717093
2026-01-30,2026-02-27,STX,0.98,5,0.00036783513776295074
2026-01-30,2026-02-27,MU,0.98,5,-0.006049905538305755
2026-01-30,2026-02-27,WDC,0.98,5,0.11777174245134692
2026-02-27,2026-03-31,UNH,0.04,1,-0.0701617234341555
2026-02-27,2026-03-31,ADBE,0.04,1,-0.07366335719405293
2026-02-27,2026-03-31,SMCI,0.04,1,-0.29700522115351546
2026-02-27,2026-03-31,CRM,0.08,1,-0.04168588835099285
2026-02-27,2026-03-31,NKE,0.1,1,-0.14489237978041836
2026-02-27,2026-03-31,ABT,0.12,1,-0.11757627664812365
2026-02-27,2026-03-31,NFLX,0.14,1,-0.0009351240636767955
2026-02-27,2026-03-31,V,0.16,1,-0.05591318942613399
2026-02-27,2026-03-31,PG,0.18,1,-0.1361243367152879
2026-02-27,2026-03-31,COST,0.2,1,-0.014206744807467753
2026-02-27,2026-03-31,MA,0.22,2,-0.033932109966815616
2026-02-27,2026-03-31,HD,0.24,2,-0.13036131672009132
2026-02-27,2026-03-31,QCOM,0.26,2,-0.08958398785640631
2026-02-27,2026-03-31,ORCL,0.28,2,0.011760729962057903
2026-02-27,2026-03-31,PEP,0.3,2,-0.07695671642648227
2026-02-27,2026-03-31,MCD,0.32,2,-0.08366231052241346
2026-02-27,2026-03-31,PFE,0.34,2,0.015551552501133603
2026-02-27,2026-03-31,META,0.36,2,-0.1165729038991975
2026-02-27,2026-03-31,AAPL,0.38,2,-0.039329296870931674
2026-02-27,2026-03-31,KO,0.4,2,-0.06114606860505534
2026-02-27,2026-03-31,MSFT,0.42,3,-0.05746798756249549
2026-02-27,2026-03-31,TMO,0.44,3,-0.055830933272072114
2026-02-27,2026-03-31,AMZN,0.46,3,-0.008238074893043068
2026-02-27,2026-03-31,CRWD,0.48,3,0.04954565334549277
2026-02-27,2026-03-31,TXN,0.5,3,-0.08472015566150104
2026-02-27,2026-03-31,HON,0.52,3,-0.07208834634972727
2026-02-27,2026-03-31,CVX,0.54,3,0.1078389412188776
2026-02-27,2026-03-31,WFC,0.56,3,-0.022590489581250872
2026-02-27,2026-03-31,JPM,0.58,3,-0.020446181140362008
2026-02-27,2026-03-31,BAC,0.6,3,-0.016143076898785025
2026-02-27,2026-03-31,WMT,0.62,4,-0.026689605593673837
2026-02-27,2026-03-31,MRK,0.64,4,-0.021313519393089453
2026-02-27,2026-03-31,CSCO,0.66,4,-0.02353384736520714
2026-02-27,2026-03-31,XOM,0.68,4,0.11252450826817562
2026-02-27,2026-03-31,JNJ,0.7,4,-0.01606083571446837
2026-02-27,2026-03-31,TSLA,0.72,4,-0.07642048401115797
2026-02-27,2026-03-31,GE,0.74,4,-0.16968570181995046
2026-02-27,2026-03-31,NVDA,0.76,4,-0.015692587491902388
2026-02-27,2026-03-31,AVGO,0.78,4,-0.029387376398660958
2026-02-27,2026-03-31,PLTR,0.8,4,0.0662584457768558
2026-02-27,2026-03-31,TSM,0.82,5,-0.09524719012553295
2026-02-27,2026-03-31,CAT,0.84,5,-0.04626897344449732
2026-02-27,2026-03-31,INTC,0.86,5,-0.03244901386606058
2026-02-27,2026-03-31,GOOGL,0.88,5,-0.07697453039539937
2026-02-27,2026-03-31,ASML,0.9,5,-0.08943456534176675
2026-02-27,2026-03-31,AMD,0.92,5,0.016083042075494047
2026-02-27,2026-03-31,RKLB,0.94,5,-0.07062224835280706
2026-02-27,2026-03-31,STX,0.98,5,-0.037751547485009196
2026-02-27,2026-03-31,MU,0.98,5,-0.1803915633187605
2026-02-27,2026-03-31,WDC,0.98,5,-0.03246540685548649
2026-03-31,2026-04-30,UNH,0.04,1,0.36915627071354096
2026-03-31,2026-04-30,ADBE,0.04,1,0.01242391085120964
2026-03-31,2026-04-30,CRM,0.04,1,-0.05195536404671652
2026-03-31,2026-04-30,ABT,0.08,1,-0.11016280685942059
2026-03-31,2026-04-30,V,0.1,1,0.09131814101269708
2026-03-31,2026-04-30,QCOM,0.12,1,0.39447116383445135
2026-03-31,2026-04-30,SMCI,0.14,1,0.20333768413201558
2026-03-31,2026-04-30,MA,0.16,1,0.0082541245189649
2026-03-31,2026-04-30,NKE,0.18,1,-0.1601665086722408
2026-03-31,2026-04-30,PG,0.2,1,0.026014896323122372
2026-03-31,2026-04-30,NFLX,0.22,2,-0.026417065784899663
2026-03-31,2026-04-30,TMO,0.24,2,-0.02557326463823051
2026-03-31,2026-04-30,ORCL,0.26,2,0.10090182531315084
2026-03-31,2026-04-30,MSFT,0.28,2,0.101601933783382
2026-03-31,2026-04-30,CRWD,0.3,2,0.14174840761966245
2026-03-31,2026-04-30,HD,0.32,2,-0.00027376531560141526
2026-03-31,2026-04-30,COST,0.34,2,0.018164931051450894
2026-03-31,2026-04-30,AMZN,0.36,2,0.27267485533749514
2026-03-31,2026-04-30,MCD,0.38,2,-0.05534285194570954
2026-03-31,2026-04-30,META,0.4,2,0.06952959553258364
2026-03-31,2026-04-30,WFC,0.42,3,0.03291040856727023
2026-03-31,2026-04-30,KO,0.44,3,0.03563434211576766
2026-03-31,2026-04-30,CVX,0.46,3,-0.06568396029875467
2026-03-31,2026-04-30,PEP,0.48,3,0.020606592789027323
2026-03-31,2026-04-30,PFE,0.5,3,-0.04914530304833509
2026-03-31,2026-04-30,AAPL,0.52,3,0.06919111547343992
2026-03-31,2026-04-30,BAC,0.54,3,0.09661538116115453
2026-03-31,2026-04-30,TXN,0.56,3,0.44782102775410104
2026-03-31,2026-04-30,HON,0.58,3,-0.051763106947126714
2026-03-31,2026-04-30,JPM,0.6,3,0.07027816638364426
2026-03-31,2026-04-30,CSCO,0.62,4,0.18566585894906895
2026-03-31,2026-04-30,XOM,0.64,4,-0.09035720694402638
2026-03-31,2026-04-30,MRK,0.66,4,-0.09236015763561756
2026-03-31,2026-04-30,WMT,0.68,4,0.06155451032906156
2026-03-31,2026-04-30,JNJ,0.7,4,-0.0596874531344056
2026-03-31,2026-04-30,TSLA,0.72,4,0.026577013807162153
2026-03-31,2026-04-30,PLTR,0.74,4,-0.04901557443791893
2026-03-31,2026-04-30,NVDA,0.76,4,0.14432345824885928
2026-03-31,2026-04-30,GE,0.78,4,0.0217076582004585
2026-03-31,2026-04-30,AVGO,0.8,4,0.3486801802051369
2026-03-31,2026-04-30,AMD,0.82,5,0.7425650248110034
2026-03-31,2026-04-30,INTC,0.84,5,1.140947225700323
2026-03-31,2026-04-30,GOOGL,0.86,5,0.33815544466040715
2026-03-31,2026-04-30,ASML,0.88,5,0.09183859235400083
2026-03-31,2026-04-30,TSM,0.9,5,0.17194841337044187
2026-03-31,2026-04-30,CAT,0.92,5,0.25879314072242066
2026-03-31,2026-04-30,RKLB,0.94,5,0.2848022511346675
2026-03-31,2026-04-30,MU,0.98,5,0.5307836853293346
2026-03-31,2026-04-30,STX,0.98,5,0.719522060426887
2026-03-31,2026-04-30,WDC,0.98,5,0.606418053564006
2026-04-30,2026-05-29,ADBE,0.04,1,0.05327096719391444
2026-04-30,2026-05-29,UNH,0.04,1,0.026533138541375845
2026-04-30,2026-05-29,CRM,0.04,1,0.08253556595342904
2026-04-30,2026-05-29,SMCI,0.08,1,0.6821168173089245
2026-04-30,2026-05-29,ABT,0.1,1,-0.057164871337442524
2026-04-30,2026-05-29,NFLX,0.12,1,-0.08108112293341696
2026-04-30,2026-05-29,V,0.14,1,-0.008499293505864314
2026-04-30,2026-05-29,QCOM,0.16,1,0.3978171310240157
2026-04-30,2026-05-29,PG,0.18,1,-0.02399892227042677
2026-04-30,2026-05-29,CRWD,0.2,1,0.6399326977005049
2026-04-30,2026-05-29,MA,0.22,2,-0.017776206617706736
2026-04-30,2026-05-29,HD,0.24,2,-0.03546217542225527
2026-04-30,2026-05-29,MSFT,0.26,2,0.10651617603697683
2026-04-30,2026-05-29,NKE,0.28,2,0.0421550187174522
2026-04-30,2026-05-29,MCD,0.3,2,-0.04901387621073916
2026-04-30,2026-05-29,COST,0.32,2,-0.056008615688898145
2026-04-30,2026-05-29,META,0.34,2,0.03366518620300196
2026-04-30,2026-05-29,ORCL,0.36,2,0.39897142232594374
2026-04-30,2026-05-29,KO,0.38,2,0.0031742323536121386
2026-04-30,2026-05-29,AMZN,0.4,2,0.021051901989134425
2026-04-30,2026-05-29,WFC,0.42,3,-0.05164399393558605
2026-04-30,2026-05-29,TMO,0.44,3,0.02829052581456315
2026-04-30,2026-05-29,HON,0.46,3,0.11588314116165344
2026-04-30,2026-05-29,PEP,0.48,3,-0.09022643333887581
2026-04-30,2026-05-29,AAPL,0.5,3,0.15108715221843583
2026-04-30,2026-05-29,JPM,0.52,3,-0.04444019264251231
2026-04-30,2026-05-29,PFE,0.54,3,-0.0032904295815633366
2026-04-30,2026-05-29,PLTR,0.56,3,0.12529647472724004
2026-04-30,2026-05-29,TXN,0.58,3,0.0930453760623069
2026-04-30,2026-05-29,BAC,0.6,3,-0.034792422094167774
2026-04-30,2026-05-29,WMT,0.62,4,-0.12096639770660889
2026-04-30,2026-05-29,TSLA,0.64,4,0.14191757191298504
2026-04-30,2026-05-29,CSCO,0.66,4,0.3160655117551401
2026-04-30,2026-05-29,GE,0.68,4,0.11668341308167962
2026-04-30,2026-05-29,MRK,0.7,4,0.08737873356889869
2026-04-30,2026-05-29,CVX,0.72,4,-0.047482276256571865
2026-04-30,2026-05-29,NVDA,0.74,4,0.05797461957992356
2026-04-30,2026-05-29,JNJ,0.76,4,-0.01402708434957245
2026-04-30,2026-05-29,AVGO,0.78,4,0.07028722096076212
2026-04-30,2026-05-29,XOM,0.8,4,-0.05238157592462667
2026-04-30,2026-05-29,GOOGL,0.82,5,-0.01159041994984078
2026-04-30,2026-05-29,ASML,0.84,5,0.12075829569064078
2026-04-30,2026-05-29,TSM,0.86,5,0.05653184007285583
2026-04-30,2026-05-29,AMD,0.88,5,0.4558943547170746
2026-04-30,2026-05-29,INTC,0.9,5,0.21380182293102945
2026-04-30,2026-05-29,CAT,0.92,5,-0.015998012717017285
2026-04-30,2026-05-29,RKLB,0.94,5,0.7389406376531462
2026-04-30,2026-05-29,STX,0.98,5,0.306038808662622
2026-04-30,2026-05-29,MU,0.98,5,0.8775622219761783
2026-04-30,2026-05-29,WDC,0.98,5,0.22252143207708297
2026-05-29,2026-06-30,ADBE,0.04,1,-0.20905824994793243
2026-05-29,2026-06-30,CRM,0.04,1,-0.17810395732841822
2026-05-29,2026-06-30,SMCI,0.04,1,-0.3636363673984667
2026-05-29,2026-06-30,ABT,0.08,1,0.060046729412394084
2026-05-29,2026-06-30,NKE,0.1,1,-0.10410304847359242
2026-05-29,2026-06-30,NFLX,0.12,1,-0.16996042417732338
2026-05-29,2026-06-30,MA,0.14,1,0.03971819188140735
2026-05-29,2026-06-30,PG,0.16,1,0.021454420265916818
2026-05-29,2026-06-30,MSFT,0.18,1,-0.17150856157139238
2026-05-29,2026-06-30,V,0.2,1,0.05126240194470211
2026-05-29,2026-06-30,HD,0.22,2,0.1204051440627032
2026-05-29,2026-06-30,CRWD,0.24,2,0.04396718830155599
2026-05-29,2026-06-30,META,0.26,2,-0.108611711384627
2026-05-29,2026-06-30,MCD,0.28,2,-0.025274795911808146
2026-05-29,2026-06-30,COST,0.3,2,-0.021802380864865523
2026-05-29,2026-06-30,ORCL,0.32,2,-0.3509167830361416
2026-05-29,2026-06-30,HON,0.34,2,-0.10246093561873382
2026-05-29,2026-06-30,PLTR,0.36,2,-0.2546952652815745
2026-05-29,2026-06-30,TSLA,0.38,2,-0.034856243015127464
2026-05-29,2026-06-30,WFC,0.4,2,0.06577246985173235
2026-05-29,2026-06-30,KO,0.42,3,0.03524494377540632
2026-05-29,2026-06-30,GE,0.44,3,0.1543427748457873
2026-05-29,2026-06-30,TMO,0.46,3,0.01898956540069552
2026-05-29,2026-06-30,PFE,0.48,3,-0.08021389977916016
2026-05-29,2026-06-30,JPM,0.5,3,0.09361524528603349
2026-05-29,2026-06-30,BAC,0.52,3,0.11000109572441175
2026-05-29,2026-06-30,PEP,0.54,3,-0.05108161560951319
2026-05-29,2026-06-30,UNH,0.56,3,0.09911352402639517
2026-05-29,2026-06-30,QCOM,0.58,3,-0.26112456038025256
2026-05-29,2026-06-30,AMZN,0.6,3,-0.11934679486514477
2026-05-29,2026-06-30,WMT,0.62,4,-0.021511891036546826
2026-05-29,2026-06-30,AAPL,0.64,4,-0.07274245453871875
2026-05-29,2026-06-30,CVX,0.66,4,-0.09152695932975907
2026-05-29,2026-06-30,MRK,0.68,4,0.0901622197387153
2026-05-29,2026-06-30,NVDA,0.7,4,-0.05123052301166586
2026-05-29,2026-06-30,CSCO,0.72,4,-0.02458062594372845
2026-05-29,2026-06-30,JNJ,0.74,4,0.12710251067166634
2026-05-29,2026-06-30,XOM,0.76,4,-0.058791158949492495
2026-05-29,2026-06-30,TXN,0.78,4,-0.024895293742470237
2026-05-29,2026-06-30,AVGO,0.8,4,-0.1531484658936929
2026-05-29,2026-06-30,ASML,0.82,5,0.23356235266298908
2026-05-29,2026-06-30,TSM,0.84,5,0.14395608398745363
2026-05-29,2026-06-30,GOOGL,0.86,5,-0.05983206320284973
2026-05-29,2026-06-30,CAT,0.88,5,0.21581978711898242
2026-05-29,2026-06-30,RKLB,0.9,5,-0.2915388587067782
2026-05-29,2026-06-30,AMD,0.92,5,0.12557643988456646
2026-05-29,2026-06-30,INTC,0.94,5,0.21756195074330376
2026-05-29,2026-06-30,MU,0.98,5,0.18876418311149634
2026-05-29,2026-06-30,STX,0.98,5,0.09762225440644601
2026-05-29,2026-06-30,WDC,0.98,5,0.20270044068462245
2026-06-30,2026-07-31,ABT,0.04,1,0.17317481573336702
2026-06-30,2026-07-31,NFLX,0.04,1,0.004341702408527048
2026-06-30,2026-07-31,NKE,0.04,1,0.016077958267687542
2026-06-30,2026-07-31,ADBE,0.08,1,0.22139302723517362
2026-06-30,2026-07-31,CRM,0.1,1,0.1746457330435185
2026-06-30,2026-07-31,META,0.12,1,-0.011681296165063415
2026-06-30,2026-07-31,HD,0.14,1,-0.058750128682016345
2026-06-30,2026-07-31,MA,0.16,1,0.1177193913869492
2026-06-30,2026-07-31,MSFT,0.18,1,0.24583136341252132
2026-06-30,2026-07-31,V,0.2,1,0.06715441375798625
2026-06-30,2026-07-31,PG,0.22,2,-0.0073061194109649286
2026-06-30,2026-07-31,SMCI,0.24,2,-0.03170815914063829
2026-06-30,2026-07-31,COST,0.26,2,0.01917057509242026
2026-06-30,2026-07-31,MCD,0.28,2,0.0012209204225490655
2026-06-30,2026-07-31,WFC,0.3,2,0.04610352240927962
2026-06-30,2026-07-31,ORCL,0.32,2,-0.11073488215029481
2026-06-30,2026-07-31,JPM,0.34,2,0.07956745208724691
2026-06-30,2026-07-31,HON,0.36,2,0.08552933013333996
2026-06-30,2026-07-31,BAC,0.38,2,0.08722364674262573
2026-06-30,2026-07-31,PEP,0.4,2,0.03072377317839714
2026-06-30,2026-07-31,KO,0.42,3,0.07776544321555279
2026-06-30,2026-07-31,PLTR,0.44,3,0.05476985934631906
2026-06-30,2026-07-31,PFE,0.46,3,0.056790836469399864
2026-06-30,2026-07-31,WMT,0.48,3,-0.018188275839716495
2026-06-30,2026-07-31,TMO,0.5,3,0.14548426926176394
2026-06-30,2026-07-31,AMZN,0.52,3,0.13946459152936796
2026-06-30,2026-07-31,UNH,0.54,3,-0.0029594382098424576
2026-06-30,2026-07-31,GE,0.56,3,-0.03534952877242259
2026-06-30,2026-07-31,CVX,0.58,3,0.18743967785350568
2026-06-30,2026-07-31,NVDA,0.6,3,0.0032985604928097434
2026-06-30,2026-07-31,TSLA,0.62,4,-0.26008086795299534
2026-06-30,2026-07-31,XOM,0.64,4,0.13692228319054656
2026-06-30,2026-07-31,CRWD,0.66,4,0.0003930966627494481
2026-06-30,2026-07-31,JNJ,0.68,4,0.009371173771967722
2026-06-30,2026-07-31,TXN,0.7,4,-0.07017882553817867
2026-06-30,2026-07-31,AAPL,0.72,4,0.06756296301144094
2026-06-30,2026-07-31,MRK,0.74,4,0.01322952169611935
2026-06-30,2026-07-31,QCOM,0.76,4,-0.2012013772201099
2026-06-30,2026-07-31,AVGO,0.78,4,0.03052280773119076
2026-06-30,2026-07-31,CSCO,0.8,4,-0.008820773725339293
2026-06-30,2026-07-31,TSM,0.82,5,-0.15352724665529793
2026-06-30,2026-07-31,ASML,0.84,5,-0.18011762030055467
2026-06-30,2026-07-31,GOOGL,0.86,5,-0.0034697744415898013
2026-06-30,2026-07-31,CAT,0.88,5,-0.23342895579309253
2026-06-30,2026-07-31,AMD,0.9,5,-0.18033771856415082
2026-06-30,2026-07-31,RKLB,0.92,5,-0.3610428335143048
2026-06-30,2026-07-31,INTC,0.94,5,-0.3540070629952029
2026-06-30,2026-07-31,STX,0.98,5,-0.11281863103795597
2026-06-30,2026-07-31,MU,0.98,5,-0.28687195184510217
2026-06-30,2026-07-31,WDC,0.98,5,-0.14698143561635457
2026-07-31,2026-08-31,SMCI,0.04,1,0.312676030987431
2026-07-31,2026-08-31,NKE,0.04,1,-0.0635338569984717
2026-07-31,2026-08-31,ADBE,0.04,1,0.1692424594186659
2026-07-31,2026-08-31,ORCL,0.08,1,0.1482251537980721
2026-07-31,2026-08-31,CRM,0.1,1,0.39952179440482016
2026-07-31,2026-08-31,NFLX,0.12,1,0.13024688448653943
2026-07-31,2026-08-31,MSFT,0.14,1,0.0936585239403942
2026-07-31,2026-08-31,ABT,0.16,1,0.0440870747081592
2026-07-31,2026-08-31,META,0.18,1,0.02807566076772039
2026-07-31,2026-08-31,PLTR,0.2,1,0.5145458197662449
2026-07-31,2026-08-31,MA,0.22,2,0.028284806601297063
2026-07-31,2026-08-31,MCD,0.24,2,-0.02623413222872073
2026-07-31,2026-08-31,HD,0.26,2,-0.012441273184306323
2026-07-31,2026-08-31,PG,0.28,2,0.004360091356306661
2026-07-31,2026-08-31,V,0.3,2,0.038086943901350034
2026-07-31,2026-08-31,COST,0.32,2,-0.008404332304036921
2026-07-31,2026-08-31,AMZN,0.34,2,-0.04348625871756273
2026-07-31,2026-08-31,PEP,0.36,2,0.005589020157844571
2026-07-31,2026-08-31,HON,0.38,2,-0.11882041252893272
2026-07-31,2026-08-31,WFC,0.4,2,0.005043185140786166
2026-07-31,2026-08-31,TMO,0.42,3,0.0745255008336414
2026-07-31,2026-08-31,PFE,0.44,3,0.13794477505069036
2026-07-31,2026-08-31,JPM,0.46,3,0.01202416318259325
2026-07-31,2026-08-31,NVDA,0.48,3,0.09977585001332034
2026-07-31,2026-08-31,CVX,0.5,3,0.05643967175402209
2026-07-31,2026-08-31,WMT,0.52,3,-0.05466666795044639
2026-07-31,2026-08-31,KO,0.54,3,0.012330168615173998
2026-07-31,2026-08-31,BAC,0.56,3,-0.00016147414943690208
2026-07-31,2026-08-31,XOM,0.58,3,0.04215235888311275
2026-07-31,2026-08-31,QCOM,0.6,3,0.1549352880307282
2026-07-31,2026-08-31,AVGO,0.62,4,-0.04865393869238366
2026-07-31,2026-08-31,TSLA,0.64,4,0.18232069120487537
2026-07-31,2026-08-31,GE,0.66,4,-0.06765355451337574
2026-07-31,2026-08-31,AAPL,0.68,4,0.026587852979950588
2026-07-31,2026-08-31,JNJ,0.7,4,0.0421734373436351
2026-07-31,2026-08-31,CRWD,0.72,4,0.21031121901542837
2026-07-31,2026-08-31,TXN,0.74,4,-0.05378250198551304
2026-07-31,2026-08-31,MRK,0.76,4,0.1348694374383672
2026-07-31,2026-08-31,UNH,0.78,4,-0.06030399032124878
2026-07-31,2026-08-31,CSCO,0.8,4,-0.04741788172511008
2026-07-31,2026-08-31,GOOGL,0.82,5,-0.0471176381209264
2026-07-31,2026-08-31,TSM,0.84,5,0.027384026202967204
2026-07-31,2026-08-31,RKLB,0.86,5,-0.015858334529525342
2026-07-31,2026-08-31,CAT,0.88,5,-0.021281067865421943
2026-07-31,2026-08-31,ASML,0.9,5,0.041135672047651894
2026-07-31,2026-08-31,AMD,0.92,5,-0.011403954101408043
2026-07-31,2026-08-31,STX,0.94,5,-0.03241331319481955
2026-07-31,2026-08-31,INTC,0.98,5,-0.007649610148076413
2026-07-31,2026-08-31,WDC,0.98,5,-0.17306002357293326
2026-07-31,2026-08-31,MU,0.98,5,0.16487849330091287
