date,ticker,open,high,low,close,adj_close,volume
2021-01-04,AAPL,133.52000427246094,133.61000061035156,126.76000213623047,129.41000366210938,125.63249206542969,143301900
2021-01-05,AAPL,128.88999938964844,131.74000549316406,128.42999267578125,131.00999450683594,127.18577575683594,97664900
2021-01-06,AAPL,127.72000122070312,131.0500030517578,126.37999725341797,126.5999984741211,122.90451049804688,155088000
2021-01-07,AAPL,128.36000061035156,131.6300048828125,127.86000061035156,130.9199981689453,127.09841918945312,109578200
2021-01-08,AAPL,132.42999267578125,132.6300048828125,130.22999572753906,132.0500030517578,128.1954345703125,105158200
2021-01-11,AAPL,129.19000244140625,130.1699981689453,128.5,128.97999572753906,125.21503448486328,100384500
2021-01-12,AAPL,128.5,129.69000244140625,126.86000061035156,128.8000030517578,125.04032135009766,91951100
2021-01-13,AAPL,128.75999450683594,131.4499969482422,128.49000549316406,130.88999938964844,127.06930541992188,88636800
2021-01-14,AAPL,130.8000030517578,131.0,128.75999450683594,128.91000366210938,125.14706420898438,90221800
2021-01-15,AAPL,128.77999877929688,130.22000122070312,127.0,127.13999938964844,123.42875671386719,111598500
2021-01-19,AAPL,127.77999877929688,128.7100067138672,126.94000244140625,127.83000183105469,124.0986328125,90757300
2021-01-20,AAPL,128.66000366210938,132.49000549316406,128.5500030517578,132.02999877929688,128.17599487304688,104319500
2021-01-21,AAPL,133.8000030517578,139.6699981689453,133.58999633789062,136.8699951171875,132.87474060058594,120150900
2021-01-22,AAPL,136.27999877929688,139.85000610351562,135.02000427246094,139.07000732421875,135.01055908203125,114459400
2021-01-25,AAPL,143.07000732421875,145.08999633789062,136.5399932861328,142.9199981689453,138.74810791015625,157611700
2021-01-26,AAPL,143.60000610351562,144.3000030517578,141.3699951171875,143.16000366210938,138.9811553955078,98390600
2021-01-27,AAPL,143.42999267578125,144.3000030517578,140.41000366210938,142.05999755859375,137.9132537841797,140843800
2021-01-28,AAPL,139.52000427246094,141.99000549316406,136.6999969482422,137.08999633789062,133.0883331298828,142621100
2021-01-29,AAPL,135.8300018310547,136.74000549316406,130.2100067138672,131.9600067138672,128.10804748535156,177523800
2021-02-01,AAPL,133.75,135.3800048828125,130.92999267578125,134.13999938964844,130.2244415283203,106239800
2021-02-02,AAPL,135.72999572753906,136.30999755859375,134.61000061035156,134.99000549316406,131.0496063232422,83305400
2021-02-03,AAPL,135.75999450683594,135.77000427246094,133.61000061035156,133.94000244140625,130.0302734375,89880900
2021-02-04,AAPL,136.3000030517578,137.39999389648438,134.58999633789062,137.38999938964844,133.37954711914062,84183100
2021-02-05,AAPL,137.35000610351562,137.4199981689453,135.86000061035156,136.75999450683594,132.96633911132812,75693800
2021-02-08,AAPL,136.02999877929688,136.9600067138672,134.9199981689453,136.91000366210938,133.1121826171875,71297200
2021-02-09,AAPL,136.6199951171875,137.8800048828125,135.85000610351562,136.00999450683594,132.23712158203125,76774200
2021-02-10,AAPL,136.47999572753906,136.99000549316406,134.39999389648438,135.38999938964844,131.6343536376953,73046600
2021-02-11,AAPL,135.89999389648438,136.38999938964844,133.77000427246094,135.1300048828125,131.38153076171875,64280000
2021-02-12,AAPL,134.35000610351562,135.52999877929688,133.69000244140625,135.3699951171875,131.6148681640625,60145100
2021-02-16,AAPL,135.49000549316406,136.00999450683594,132.7899932861328,133.19000244140625,129.49537658691406,80576300
2021-02-17,AAPL,131.25,132.22000122070312,129.47000122070312,130.83999633789062,127.2105712890625,97918500
2021-02-18,AAPL,129.1999969482422,130.0,127.41000366210938,129.7100067138672,126.11190032958984,96856700
2021-02-19,AAPL,130.24000549316406,130.7100067138672,128.8000030517578,129.8699951171875,126.26747131347656,87668800
2021-02-22,AAPL,128.00999450683594,129.72000122070312,125.5999984741211,126.0,122.50482177734375,103916400
2021-02-23,AAPL,123.76000213623047,126.70999908447266,118.38999938964844,125.86000061035156,122.36869812011719,158273000
2021-02-24,AAPL,124.94000244140625,125.55999755859375,122.2300033569336,125.3499984741211,121.87284851074219,111039900
2021-02-25,AAPL,124.68000030517578,126.45999908447266,120.54000091552734,120.98999786376953,117.6338119506836,148199500
2021-02-26,AAPL,122.58999633789062,124.8499984741211,121.19999694824219,121.26000213623047,117.89629364013672,164560400
2021-03-01,AAPL,123.75,127.93000030517578,122.79000091552734,127.79000091552734,124.24518585205078,116307900
2021-03-02,AAPL,128.41000366210938,128.72000122070312,125.01000213623047,125.12000274658203,121.64923095703125,102260900
2021-03-03,AAPL,124.80999755859375,125.70999908447266,121.83999633789062,122.05999755859375,118.67411041259766,112966300
2021-03-04,AAPL,121.75,123.5999984741211,118.62000274658203,120.12999725341797,116.79763793945312,178155000
2021-03-05,AAPL,120.9800033569336,121.94000244140625,117.56999969482422,121.41999816894531,118.05186462402344,153766600
2021-03-08,AAPL,120.93000030517578,121.0,116.20999908447266,116.36000061035156,113.13221740722656,154376600
2021-03-09,AAPL,119.02999877929688,122.05999755859375,118.79000091552734,121.08999633789062,117.73099517822266,129525800
2021-03-10,AAPL,121.69000244140625,122.16999816894531,119.44999694824219,119.9800033569336,116.6518325805664,111943300
2021-03-11,AAPL,122.54000091552734,123.20999908447266,121.26000213623047,121.95999908447266,118.57689666748047,103026500
2021-03-12,AAPL,120.4000015258789,121.16999816894531,119.16000366210938,121.02999877929688,117.67269134521484,88105100
2021-03-15,AAPL,121.41000366210938,124.0,120.41999816894531,123.98999786376953,120.55057525634766,92403800
2021-03-16,AAPL,125.69999694824219,127.22000122070312,124.72000122070312,125.56999969482422,122.08676147460938,115227900
2021-03-17,AAPL,124.05000305175781,125.86000061035156,122.33999633789062,124.76000213623047,121.29922485351562,111932600
2021-03-18,AAPL,122.87999725341797,123.18000030517578,120.31999969482422,120.52999877929688,117.1865463256836,121229700
2021-03-19,AAPL,119.9000015258789,121.43000030517578,119.68000030517578,119.98999786376953,116.66153717041016,185549500
2021-03-22,AAPL,120.33000183105469,123.87000274658203,120.26000213623047,123.38999938964844,119.96721649169922,111912300
2021-03-23,AAPL,123.33000183105469,124.23999786376953,122.13999938964844,122.54000091552734,119.14081573486328,95467100
2021-03-24,AAPL,122.81999969482422,122.9000015258789,120.06999969482422,120.08999633789062,116.75875854492188,88530500
2021-03-25,AAPL,119.54000091552734,121.66000366210938,119.0,120.58999633789062,117.2448959350586,98844700
2021-03-26,AAPL,120.3499984741211,121.4800033569336,118.91999816894531,121.20999908447266,117.84770202636719,94071200
2021-03-29,AAPL,121.6500015258789,122.58000183105469,120.7300033569336,121.38999938964844,118.02269744873047,80819200
2021-03-30,AAPL,120.11000061035156,120.4000015258789,118.86000061035156,119.9000015258789,116.57404327392578,85671900
2021-03-31,AAPL,121.6500015258789,123.5199966430664,121.1500015258789,122.1500015258789,118.7616195678711,118323800
2021-04-01,AAPL,123.66000366210938,124.18000030517578,122.48999786376953,123.0,119.58805084228516,75089100
2021-04-05,AAPL,123.87000274658203,126.16000366210938,123.06999969482422,125.9000015258789,122.40758514404297,88651200
2021-04-06,AAPL,126.5,127.12999725341797,125.6500015258789,126.20999908447266,122.7090072631836,80171300
2021-04-07,AAPL,125.83000183105469,127.91999816894531,125.13999938964844,127.9000015258789,124.35211181640625,83466700
2021-04-08,AAPL,128.9499969482422,130.38999938964844,128.52000427246094,130.36000061035156,126.743896484375,88844600
2021-04-09,AAPL,129.8000030517578,133.0399932861328,129.47000122070312,133.0,129.3106689453125,106686700
2021-04-12,AAPL,132.52000427246094,132.85000610351562,130.6300048828125,131.24000549316406,127.59944915771484,91420000
2021-04-13,AAPL,132.44000244140625,134.66000366210938,131.92999267578125,134.42999267578125,130.70095825195312,91266500
2021-04-14,AAPL,134.94000244140625,135.0,131.66000366210938,132.02999877929688,128.36752319335938,87222800
2021-04-15,AAPL,133.82000732421875,135.0,133.63999938964844,134.5,130.76902770996094,89347100
2021-04-16,AAPL,134.3000030517578,134.6699981689453,133.27999877929688,134.16000366210938,130.43850708007812,84922400
2021-04-19,AAPL,133.50999450683594,135.47000122070312,133.33999633789062,134.83999633789062,131.09959411621094,94264200
2021-04-20,AAPL,135.02000427246094,135.52999877929688,131.80999755859375,133.11000061035156,129.41761779785156,94812300
2021-04-21,AAPL,132.36000061035156,133.75,131.3000030517578,133.5,129.7967987060547,68847100
2021-04-22,AAPL,133.0399932861328,134.14999389648438,131.41000366210938,131.94000244140625,128.28004455566406,84566500
2021-04-23,AAPL,132.16000366210938,135.1199951171875,132.16000366210938,134.32000732421875,130.593994140625,78657500
2021-04-26,AAPL,134.8300018310547,135.05999755859375,133.55999755859375,134.72000122070312,130.98291015625,66905100
2021-04-27,AAPL,135.00999450683594,135.41000366210938,134.11000061035156,134.38999938964844,130.662109375,66015800
2021-04-28,AAPL,134.30999755859375,135.02000427246094,133.0800018310547,133.5800018310547,129.8745574951172,107760100
2021-04-29,AAPL,136.47000122070312,137.07000732421875,132.4499969482422,133.47999572753906,129.7772979736328,151101000
2021-04-30,AAPL,131.77999877929688,133.55999755859375,131.07000732421875,131.4600067138672,127.8133544921875,109839500
2021-05-03,AAPL,132.0399932861328,134.07000732421875,131.8300018310547,132.5399932861328,128.86338806152344,75135100
2021-05-04,AAPL,131.19000244140625,131.49000549316406,126.69999694824219,127.8499984741211,124.30350494384766,137564700
2021-05-05,AAPL,129.1999969482422,130.4499969482422,127.97000122070312,128.10000610351562,124.54657745361328,84000900
2021-05-06,AAPL,127.88999938964844,129.75,127.12999725341797,129.74000549316406,126.14105987548828,78128300
2021-05-07,AAPL,130.85000610351562,131.25999450683594,129.47999572753906,130.2100067138672,126.81309509277344,78973300
2021-05-10,AAPL,129.41000366210938,129.5399932861328,126.80999755859375,126.8499984741211,123.54073333740234,88071200
2021-05-11,AAPL,123.5,126.2699966430664,122.7699966430664,125.91000366210938,122.62525177001953,126142800
2021-05-12,AAPL,123.4000015258789,124.63999938964844,122.25,122.7699966430664,119.56717681884766,112172300
2021-05-13,AAPL,124.58000183105469,126.1500015258789,124.26000213623047,124.97000122070312,121.70977783203125,105861300
2021-05-14,AAPL,126.25,127.88999938964844,125.8499984741211,127.44999694824219,124.12508392333984,81918000
2021-05-17,AAPL,126.81999969482422,126.93000030517578,125.16999816894531,126.2699966430664,122.97586822509766,74244600
2021-05-18,AAPL,126.55999755859375,126.98999786376953,124.77999877929688,124.8499984741211,121.59291076660156,63342900
2021-05-19,AAPL,123.16000366210938,124.91999816894531,122.86000061035156,124.69000244140625,121.43708038330078,92612000
2021-05-20,AAPL,125.2300033569336,127.72000122070312,125.0999984741211,127.30999755859375,123.98873138427734,76857100
2021-05-21,AAPL,127.81999969482422,128.0,125.20999908447266,125.43000030517578,122.15777587890625,79295400
2021-05-24,AAPL,126.01000213623047,127.94000244140625,125.94000244140625,127.0999984741211,123.78421020507812,63092900
2021-05-25,AAPL,127.81999969482422,128.32000732421875,126.31999969482422,126.9000015258789,123.58943176269531,72009500
2021-05-26,AAPL,126.95999908447266,127.38999938964844,126.41999816894531,126.8499984741211,123.54073333740234,56575900
2021-05-27,AAPL,126.44000244140625,127.63999938964844,125.08000183105469,125.27999877929688,122.01168823242188,94625600
2021-05-28,AAPL,125.56999969482422,125.80000305175781,124.55000305175781,124.61000061035156,121.35916137695312,71311100
2021-06-01,AAPL,125.08000183105469,125.3499984741211,123.94000244140625,124.27999877929688,121.03777313232422,67637100
2021-06-02,AAPL,124.27999877929688,125.23999786376953,124.05000305175781,125.05999755859375,121.79741668701172,59278900
2021-06-03,AAPL,124.68000030517578,124.8499984741211,123.12999725341797,123.54000091552734,120.31708526611328,76229200
2021-06-04,AAPL,124.06999969482422,126.16000366210938,123.8499984741211,125.88999938964844,122.60577392578125,75169300
2021-06-07,AAPL,126.16999816894531,126.31999969482422,124.83000183105469,125.9000015258789,122.61549377441406,71057600
2021-06-08,AAPL,126.5999984741211,128.4600067138672,126.20999908447266,126.73999786376953,123.43360137939453,74403800
2021-06-09,AAPL,127.20999908447266,127.75,126.5199966430664,127.12999725341797,123.81343078613281,56877900
2021-06-10,AAPL,127.0199966430664,128.19000244140625,125.94000244140625,126.11000061035156,122.82003784179688,71186400
2021-06-11,AAPL,126.52999877929688,127.44000244140625,126.0999984741211,127.3499984741211,124.02769470214844,53522400
2021-06-14,AAPL,127.81999969482422,130.5399932861328,127.06999969482422,130.47999572753906,127.0760269165039,96906500
2021-06-15,AAPL,129.94000244140625,130.60000610351562,129.38999938964844,129.63999938964844,126.2579345703125,62746300
2021-06-16,AAPL,130.3699951171875,130.88999938964844,128.4600067138672,130.14999389648438,126.75464630126953,91815000
2021-06-17,AAPL,129.8000030517578,132.5500030517578,129.64999389648438,131.7899932861328,128.35189819335938,96721700
2021-06-18,AAPL,130.7100067138672,131.50999450683594,130.24000549316406,130.4600067138672,127.05654907226562,108953300
2021-06-21,AAPL,130.3000030517578,132.41000366210938,129.2100067138672,132.3000030517578,128.8485565185547,79663300
2021-06-22,AAPL,132.1300048828125,134.0800018310547,131.6199951171875,133.97999572753906,130.4846954345703,74783600
2021-06-23,AAPL,133.77000427246094,134.32000732421875,133.22999572753906,133.6999969482422,130.2119903564453,60214200
2021-06-24,AAPL,134.4499969482422,134.63999938964844,132.92999267578125,133.41000366210938,129.9296112060547,68711000
2021-06-25,AAPL,133.4600067138672,133.88999938964844,132.80999755859375,133.11000061035156,129.637451171875,70783700
2021-06-28,AAPL,133.41000366210938,135.25,133.35000610351562,134.77999877929688,131.26385498046875,62111300
2021-06-29,AAPL,134.8000030517578,136.49000549316406,134.35000610351562,136.3300018310547,132.7733917236328,64556100
2021-06-30,AAPL,136.1699981689453,137.41000366210938,135.8699951171875,136.9600067138672,133.38697814941406,63261400
2021-07-01,AAPL,136.60000610351562,137.3300018310547,135.75999450683594,137.27000427246094,133.68890380859375,52485800
2021-07-02,AAPL,137.89999389648438,140.0,137.75,139.9600067138672,136.30870056152344,78852600
2021-07-06,AAPL,140.07000732421875,143.14999389648438,140.07000732421875,142.02000427246094,138.31500244140625,108181800
2021-07-07,AAPL,143.5399932861328,144.88999938964844,142.66000366210938,144.57000732421875,140.79847717285156,104911600
2021-07-08,AAPL,141.5800018310547,144.05999755859375,140.6699981689453,143.24000549316406,139.503173828125,105575500
2021-07-09,AAPL,142.75,145.64999389648438,142.64999389648438,145.11000061035156,141.32435607910156,99890800
2021-07-12,AAPL,146.2100067138672,146.32000732421875,144.0,144.5,140.73028564453125,76299700
2021-07-13,AAPL,144.02999877929688,147.4600067138672,143.6300048828125,145.63999938964844,141.8405303955078,100827100
2021-07-14,AAPL,148.10000610351562,149.57000732421875,147.67999267578125,149.14999389648438,145.2589569091797,127050800
2021-07-15,AAPL,149.24000549316406,150.0,147.08999633789062,148.47999572753906,144.6064453125,106820300
2021-07-16,AAPL,148.4600067138672,149.75999450683594,145.8800048828125,146.38999938964844,142.57093811035156,93251400
2021-07-19,AAPL,143.75,144.07000732421875,141.6699981689453,142.4499969482422,138.73373413085938,121434600
2021-07-20,AAPL,143.4600067138672,147.10000610351562,142.9600067138672,146.14999389648438,142.33724975585938,96350000
2021-07-21,AAPL,145.52999877929688,146.1300048828125,144.6300048828125,145.39999389648438,141.60679626464844,74993500
2021-07-22,AAPL,145.94000244140625,148.1999969482422,145.80999755859375,146.8000030517578,142.97027587890625,77338200
2021-07-23,AAPL,147.5500030517578,148.72000122070312,146.9199981689453,148.55999755859375,144.68434143066406,71447400
2021-07-26,AAPL,148.27000427246094,149.8300018310547,147.6999969482422,148.99000549316406,145.10316467285156,72434100
2021-07-27,AAPL,149.1199951171875,149.2100067138672,145.5500030517578,146.77000427246094,142.9410400390625,104818600
2021-07-28,AAPL,144.80999755859375,146.97000122070312,142.5399932861328,144.97999572753906,141.19778442382812,118931200
2021-07-29,AAPL,144.69000244140625,146.5500030517578,144.5800018310547,145.63999938964844,141.8405303955078,56699500
2021-07-30,AAPL,144.3800048828125,146.3300018310547,144.11000061035156,145.86000061035156,142.05482482910156,70440600
2021-08-02,AAPL,146.36000061035156,146.9499969482422,145.25,145.52000427246094,141.72366333007812,62880000
2021-08-03,AAPL,145.80999755859375,148.0399932861328,145.17999267578125,147.36000061035156,143.51568603515625,64786600
2021-08-04,AAPL,147.27000427246094,147.7899932861328,146.27999877929688,146.9499969482422,143.11634826660156,56368300
2021-08-05,AAPL,146.97999572753906,147.83999633789062,146.1699981689453,147.05999755859375,143.22348022460938,46397700
2021-08-06,AAPL,146.35000610351562,147.11000061035156,145.6300048828125,146.13999938964844,142.54071044921875,54126800
2021-08-09,AAPL,146.1999969482422,146.6999969482422,145.52000427246094,146.08999633789062,142.4919891357422,48908700
2021-08-10,AAPL,146.44000244140625,147.7100067138672,145.3000030517578,145.60000610351562,142.01405334472656,69023100
2021-08-11,AAPL,146.0500030517578,146.72000122070312,145.52999877929688,145.86000061035156,142.26763916015625,48493500
2021-08-12,AAPL,146.19000244140625,149.0500030517578,145.83999633789062,148.88999938964844,145.22300720214844,72282600
2021-08-13,AAPL,148.97000122070312,149.44000244140625,148.27000427246094,149.10000610351562,145.42787170410156,59375000
2021-08-16,AAPL,148.5399932861328,151.19000244140625,146.47000122070312,151.1199951171875,147.3980712890625,103296000
2021-08-17,AAPL,150.22999572753906,151.67999267578125,149.08999633789062,150.19000244140625,146.4910125732422,92229700
2021-08-18,AAPL,149.8000030517578,150.72000122070312,146.14999389648438,146.36000061035156,142.7553253173828,86326000
2021-08-19,AAPL,145.02999877929688,148.0,144.5,146.6999969482422,143.08694458007812,86960300
2021-08-20,AAPL,147.44000244140625,148.5,146.77999877929688,148.19000244140625,144.54026794433594,60549600
2021-08-23,AAPL,148.30999755859375,150.19000244140625,147.88999938964844,149.7100067138672,146.0228271484375,60131800
2021-08-24,AAPL,149.4499969482422,150.86000061035156,149.14999389648438,149.6199951171875,145.93502807617188,48606400
2021-08-25,AAPL,149.80999755859375,150.32000732421875,147.8000030517578,148.36000061035156,144.70608520507812,58991300
2021-08-26,AAPL,148.35000610351562,149.1199951171875,147.50999450683594,147.5399932861328,143.90623474121094,48597200
2021-08-27,AAPL,147.47999572753906,148.75,146.8300018310547,148.60000610351562,144.940185546875,55802400
2021-08-30,AAPL,149.0,153.49000549316406,148.61000061035156,153.1199951171875,149.34884643554688,90956700
2021-08-31,AAPL,152.66000366210938,152.8000030517578,151.2899932861328,151.8300018310547,148.09060668945312,86453100
2021-09-01,AAPL,152.8300018310547,154.97999572753906,152.33999633789062,152.50999450683594,148.75381469726562,80313700
2021-09-02,AAPL,153.8699951171875,154.72000122070312,152.39999389648438,153.64999389648438,149.86578369140625,71115500
2021-09-03,AAPL,153.75999450683594,154.6300048828125,153.08999633789062,154.3000030517578,150.49978637695312,57808700
2021-09-07,AAPL,154.97000122070312,157.25999450683594,154.38999938964844,156.69000244140625,152.8308868408203,82278300
2021-09-08,AAPL,156.97999572753906,157.0399932861328,153.97999572753906,155.11000061035156,151.28981018066406,74420200
2021-09-09,AAPL,155.49000549316406,156.11000061035156,153.9499969482422,154.07000732421875,150.27542114257812,57305700
2021-09-10,AAPL,155.0,155.47999572753906,148.6999969482422,148.97000122070312,145.30099487304688,140893200
2021-09-13,AAPL,150.6300048828125,151.4199981689453,148.75,149.5500030517578,145.86676025390625,102404300
2021-09-14,AAPL,150.35000610351562,151.07000732421875,146.91000366210938,148.1199951171875,144.47193908691406,109296300
2021-09-15,AAPL,148.55999755859375,149.44000244140625,146.3699951171875,149.02999877929688,145.3595733642578,83281300
2021-09-16,AAPL,148.44000244140625,148.97000122070312,147.22000122070312,148.7899932861328,145.1254425048828,68034100
2021-09-17,AAPL,148.82000732421875,148.82000732421875,145.75999450683594,146.05999755859375,142.46267700195312,129868800
2021-09-20,AAPL,143.8000030517578,144.83999633789062,141.27000427246094,142.94000244140625,139.41952514648438,123478900
2021-09-21,AAPL,143.92999267578125,144.60000610351562,142.77999877929688,143.42999267578125,139.89749145507812,75834000
2021-09-22,AAPL,144.4499969482422,146.42999267578125,143.6999969482422,145.85000610351562,142.25791931152344,76404300
2021-09-23,AAPL,146.64999389648438,147.0800018310547,145.63999938964844,146.8300018310547,143.21376037597656,64838200
2021-09-24,AAPL,145.66000366210938,147.47000122070312,145.55999755859375,146.9199981689453,143.30152893066406,53477900
2021-09-27,AAPL,145.47000122070312,145.9600067138672,143.82000732421875,145.3699951171875,141.78970336914062,74150700
2021-09-28,AAPL,143.25,144.75,141.69000244140625,141.91000366210938,138.41493225097656,108972300
2021-09-29,AAPL,142.47000122070312,144.4499969482422,142.02999877929688,142.8300018310547,139.31228637695312,74602000
2021-09-30,AAPL,143.66000366210938,144.3800048828125,141.27999877929688,141.5,138.0150146484375,89056700
2021-10-01,AAPL,141.89999389648438,142.9199981689453,139.11000061035156,142.64999389648438,139.1366729736328,94639600
2021-10-04,AAPL,141.75999450683594,142.2100067138672,138.27000427246094,139.13999938964844,135.71316528320312,98322000
2021-10-05,AAPL,139.49000549316406,142.24000549316406,139.36000061035156,141.11000061035156,137.63462829589844,80861100
2021-10-06,AAPL,139.47000122070312,142.14999389648438,138.3699951171875,142.0,138.50270080566406,83221100
2021-10-07,AAPL,143.05999755859375,144.22000122070312,142.72000122070312,143.2899932861328,139.76087951660156,61732700
2021-10-08,AAPL,144.02999877929688,144.17999267578125,142.55999755859375,142.89999389648438,139.38055419921875,58773200
2021-10-11,AAPL,142.27000427246094,144.80999755859375,141.80999755859375,142.80999755859375,139.29275512695312,64452200
2021-10-12,AAPL,143.22999572753906,143.25,141.0399932861328,141.50999450683594,138.02474975585938,73035900
2021-10-13,AAPL,141.24000549316406,141.39999389648438,139.1999969482422,140.91000366210938,137.43954467773438,78762700
2021-10-14,AAPL,142.11000061035156,143.8800048828125,141.50999450683594,143.75999450683594,140.21934509277344,69907100
2021-10-15,AAPL,143.77000427246094,144.89999389648438,143.50999450683594,144.83999633789062,141.272705078125,67940300
2021-10-18,AAPL,143.4499969482422,146.83999633789062,143.16000366210938,146.5500030517578,142.9406280517578,85589200
2021-10-19,AAPL,147.00999450683594,149.1699981689453,146.5500030517578,148.75999450683594,145.09619140625,76378900
2021-10-20,AAPL,148.6999969482422,149.75,148.1199951171875,149.25999450683594,145.58387756347656,58418800
2021-10-21,AAPL,148.80999755859375,149.63999938964844,147.8699951171875,149.47999572753906,145.79847717285156,61421000
2021-10-22,AAPL,149.69000244140625,150.17999267578125,148.63999938964844,148.69000244140625,145.02793884277344,58883400
2021-10-25,AAPL,148.67999267578125,149.3699951171875,147.6199951171875,148.63999938964844,144.97915649414062,50720600
2021-10-26,AAPL,149.3300018310547,150.83999633789062,149.00999450683594,149.32000732421875,145.64244079589844,60893400
2021-10-27,AAPL,149.36000061035156,149.72999572753906,148.49000549316406,148.85000610351562,145.18402099609375,56094900
2021-10-28,AAPL,149.82000732421875,153.1699981689453,149.72000122070312,152.57000732421875,148.81236267089844,100077900
2021-10-29,AAPL,147.22000122070312,149.94000244140625,146.41000366210938,149.8000030517578,146.11061096191406,124953200
2021-11-01,AAPL,148.99000549316406,149.6999969482422,147.8000030517578,148.9600067138672,145.29127502441406,74588300
2021-11-02,AAPL,148.66000366210938,151.57000732421875,148.64999389648438,150.02000427246094,146.3251953125,69122000
2021-11-03,AAPL,150.38999938964844,151.97000122070312,149.82000732421875,151.49000549316406,147.7589569091797,54511500
2021-11-04,AAPL,151.5800018310547,152.42999267578125,150.63999938964844,150.9600067138672,147.2420196533203,60394600
2021-11-05,AAPL,151.88999938964844,152.1999969482422,150.05999755859375,151.27999877929688,147.7694854736328,65463900
2021-11-08,AAPL,151.41000366210938,151.57000732421875,150.16000366210938,150.44000244140625,146.94898986816406,55020900
2021-11-09,AAPL,150.1999969482422,151.42999267578125,150.05999755859375,150.80999755859375,147.3104248046875,56787900
2021-11-10,AAPL,150.02000427246094,150.1300048828125,147.85000610351562,147.9199981689453,144.48745727539062,65187100
2021-11-11,AAPL,148.9600067138672,149.42999267578125,147.67999267578125,147.8699951171875,144.43862915039062,41000000
2021-11-12,AAPL,148.42999267578125,150.39999389648438,147.47999572753906,149.99000549316406,146.50946044921875,63804000
2021-11-15,AAPL,150.3699951171875,151.8800048828125,149.42999267578125,150.0,146.51919555664062,59222800
2021-11-16,AAPL,149.94000244140625,151.49000549316406,149.33999633789062,151.0,147.49598693847656,59256200
2021-11-17,AAPL,151.0,155.0,150.99000549316406,153.49000549316406,149.92823791503906,88807000
2021-11-18,AAPL,153.7100067138672,158.6699981689453,153.0500030517578,157.8699951171875,154.20655822753906,137827700
2021-11-19,AAPL,157.64999389648438,161.02000427246094,156.52999877929688,160.5500030517578,156.82440185546875,117305600
2021-11-22,AAPL,161.67999267578125,165.6999969482422,161.0,161.02000427246094,157.28347778320312,117467900
2021-11-23,AAPL,161.1199951171875,161.8000030517578,159.05999755859375,161.41000366210938,157.66439819335938,96041900
2021-11-24,AAPL,160.75,162.13999938964844,159.63999938964844,161.94000244140625,158.18214416503906,69463600
2021-11-26,AAPL,159.57000732421875,160.4499969482422,156.36000061035156,156.80999755859375,153.171142578125,76959800
2021-11-29,AAPL,159.3699951171875,161.19000244140625,158.7899932861328,160.24000549316406,156.52157592773438,88748200
2021-11-30,AAPL,159.99000549316406,165.52000427246094,159.9199981689453,165.3000030517578,161.4641571044922,174048100
2021-12-01,AAPL,167.47999572753906,170.3000030517578,164.52999877929688,164.77000427246094,160.94647216796875,152052500
2021-12-02,AAPL,158.74000549316406,164.1999969482422,157.8000030517578,163.75999450683594,159.95982360839844,136739200
2021-12-03,AAPL,164.02000427246094,164.9600067138672,159.72000122070312,161.83999633789062,158.08444213867188,118023100
2021-12-06,AAPL,164.2899932861328,167.8800048828125,164.27999877929688,165.32000732421875,161.48370361328125,107497000
2021-12-07,AAPL,169.0800018310547,171.5800018310547,168.33999633789062,171.17999267578125,167.2077178955078,120405400
2021-12-08,AAPL,172.1300048828125,175.9600067138672,170.6999969482422,175.0800018310547,171.01722717285156,116998900
2021-12-09,AAPL,174.91000366210938,176.75,173.9199981689453,174.55999755859375,170.50927734375,108923700
2021-12-10,AAPL,175.2100067138672,179.6300048828125,174.69000244140625,179.4499969482422,175.2857666015625,115402700
2021-12-13,AAPL,181.1199951171875,182.1300048828125,175.52999877929688,175.74000549316406,171.66189575195312,153237000
2021-12-14,AAPL,175.25,177.74000549316406,172.2100067138672,174.3300018310547,170.2846221923828,139380400
2021-12-15,AAPL,175.11000061035156,179.5,172.30999755859375,179.3000030517578,175.13931274414062,131063300
2021-12-16,AAPL,179.27999877929688,181.13999938964844,170.75,172.25999450683594,168.26263427734375,150185800
2021-12-17,AAPL,169.92999267578125,173.47000122070312,169.69000244140625,171.13999938964844,167.16860961914062,195432700
2021-12-20,AAPL,168.27999877929688,170.5800018310547,167.4600067138672,169.75,165.81088256835938,107499100
2021-12-21,AAPL,171.55999755859375,173.1999969482422,169.1199951171875,172.99000549316406,168.97569274902344,91185900
2021-12-22,AAPL,173.0399932861328,175.86000061035156,172.14999389648438,175.63999938964844,171.56422424316406,92135300
2021-12-23,AAPL,175.85000610351562,176.85000610351562,175.27000427246094,176.27999877929688,172.18931579589844,68356600
2021-12-27,AAPL,177.08999633789062,180.4199981689453,177.07000732421875,180.3300018310547,176.1453857421875,74919600
2021-12-28,AAPL,180.16000366210938,181.3300018310547,178.52999877929688,179.2899932861328,175.12953186035156,79144300
2021-12-29,AAPL,179.3300018310547,180.6300048828125,178.13999938964844,179.3800048828125,175.21746826171875,62348900
2021-12-30,AAPL,179.47000122070312,180.57000732421875,178.08999633789062,178.1999969482422,174.06478881835938,59773000
2021-12-31,AAPL,178.08999633789062,179.22999572753906,177.25999450683594,177.57000732421875,173.44944763183594,64062300
2022-01-03,AAPL,177.8300018310547,182.8800048828125,177.7100067138672,182.00999450683594,177.786376953125,104487900
2022-01-04,AAPL,182.6300048828125,182.94000244140625,179.1199951171875,179.6999969482422,175.52999877929688,99310400
2022-01-05,AAPL,179.61000061035156,180.1699981689453,174.63999938964844,174.9199981689453,170.8609161376953,94537600
2022-01-06,AAPL,172.6999969482422,175.3000030517578,171.63999938964844,172.0,168.00868225097656,96904000
2022-01-07,AAPL,172.88999938964844,174.13999938964844,171.02999877929688,172.1699981689453,168.17474365234375,86709100
2022-01-10,AAPL,169.0800018310547,172.5,168.1699981689453,172.19000244140625,168.1942596435547,106765600
2022-01-11,AAPL,172.32000732421875,175.17999267578125,170.82000732421875,175.0800018310547,171.01722717285156,76138300
2022-01-12,AAPL,176.1199951171875,177.17999267578125,174.82000732421875,175.52999877929688,171.45675659179688,74805200
2022-01-13,AAPL,175.77999877929688,176.6199951171875,171.7899932861328,172.19000244140625,168.1942596435547,84505800
2022-01-14,AAPL,171.33999633789062,173.77999877929688,171.08999633789062,173.07000732421875,169.05384826660156,80440800
2022-01-18,AAPL,171.50999450683594,172.5399932861328,169.41000366210938,169.8000030517578,165.8597412109375,90956700
2022-01-19,AAPL,170.0,171.0800018310547,165.94000244140625,166.22999572753906,162.37258911132812,94815000
2022-01-20,AAPL,166.97999572753906,169.67999267578125,164.17999267578125,164.50999450683594,160.69252014160156,91420500
2022-01-21,AAPL,164.4199981689453,166.3300018310547,162.3000030517578,162.41000366210938,158.6412353515625,122848900
2022-01-24,AAPL,160.02000427246094,162.3000030517578,154.6999969482422,161.6199951171875,157.8695526123047,162294600
2022-01-25,AAPL,158.97999572753906,162.75999450683594,157.02000427246094,159.77999877929688,156.07223510742188,115798400
2022-01-26,AAPL,163.5,164.38999938964844,157.82000732421875,159.69000244140625,155.9843292236328,108275300
2022-01-27,AAPL,162.4499969482422,163.83999633789062,158.27999877929688,159.22000122070312,155.52523803710938,121954600
2022-01-28,AAPL,165.7100067138672,170.35000610351562,162.8000030517578,170.3300018310547,166.37741088867188,179935700
2022-01-31,AAPL,170.16000366210938,175.0,169.50999450683594,174.77999877929688,170.72418212890625,115541600
2022-02-01,AAPL,174.00999450683594,174.83999633789062,172.30999755859375,174.61000061035156,170.55810546875,86213900
2022-02-02,AAPL,174.75,175.8800048828125,173.3300018310547,175.83999633789062,171.7595672607422,84914300
2022-02-03,AAPL,174.47999572753906,176.24000549316406,172.1199951171875,172.89999389648438,168.88780212402344,89418100
2022-02-04,AAPL,171.67999267578125,174.10000610351562,170.67999267578125,172.38999938964844,168.6041717529297,82465400
2022-02-07,AAPL,172.86000061035156,173.9499969482422,170.9499969482422,171.66000366210938,167.89022827148438,77251200
2022-02-08,AAPL,171.72999572753906,175.35000610351562,171.42999267578125,174.8300018310547,170.99058532714844,74829200
2022-02-09,AAPL,176.0500030517578,176.64999389648438,174.89999389648438,176.27999877929688,172.40872192382812,71285000
2022-02-10,AAPL,174.13999938964844,175.47999572753906,171.5500030517578,172.1199951171875,168.34011840820312,90865900
2022-02-11,AAPL,172.3300018310547,173.0800018310547,168.0399932861328,168.63999938964844,164.93649291992188,98670700
2022-02-14,AAPL,167.3699951171875,169.5800018310547,166.55999755859375,168.8800048828125,165.17123413085938,86185500
2022-02-15,AAPL,170.97000122070312,172.9499969482422,170.25,172.7899932861328,168.99539184570312,62527400
2022-02-16,AAPL,171.85000610351562,173.33999633789062,170.0500030517578,172.5500030517578,168.76065063476562,61177400
2022-02-17,AAPL,171.02999877929688,171.91000366210938,168.47000122070312,168.8800048828125,165.17123413085938,69589300
2022-02-18,AAPL,169.82000732421875,170.5399932861328,166.19000244140625,167.3000030517578,163.6259765625,82772700
2022-02-22,AAPL,164.97999572753906,166.69000244140625,162.14999389648438,164.32000732421875,160.71141052246094,91162800
2022-02-23,AAPL,165.5399932861328,166.14999389648438,159.75,160.07000732421875,156.5547332763672,90009200
2022-02-24,AAPL,152.5800018310547,162.85000610351562,152.0,162.74000549316406,159.1660919189453,141147500
2022-02-25,AAPL,163.83999633789062,165.1199951171875,160.8699951171875,164.85000610351562,161.22976684570312,91974200
2022-02-28,AAPL,163.05999755859375,165.4199981689453,162.42999267578125,165.1199951171875,161.4938201904297,95056600
2022-03-01,AAPL,164.6999969482422,166.60000610351562,161.97000122070312,163.1999969482422,159.61599731445312,83474400
2022-03-02,AAPL,164.38999938964844,167.36000061035156,162.9499969482422,166.55999755859375,162.90220642089844,79724800
2022-03-03,AAPL,168.47000122070312,168.91000366210938,165.5500030517578,166.22999572753906,162.57943725585938,76678400
2022-03-04,AAPL,164.49000549316406,165.5500030517578,162.10000610351562,163.1699981689453,159.586669921875,83737200
2022-03-07,AAPL,163.36000061035156,165.02000427246094,159.0399932861328,159.3000030517578,155.80165100097656,96418800
2022-03-08,AAPL,158.82000732421875,162.8800048828125,155.8000030517578,157.44000244140625,153.98248291015625,131148300
2022-03-09,AAPL,161.47999572753906,163.41000366210938,159.41000366210938,162.9499969482422,159.37149047851562,91454900
2022-03-10,AAPL,160.1999969482422,160.38999938964844,155.97999572753906,158.52000427246094,155.0387725830078,105342000
2022-03-11,AAPL,158.92999267578125,159.27999877929688,154.5,154.72999572753906,151.33200073242188,96970100
2022-03-14,AAPL,151.4499969482422,154.1199951171875,150.10000610351562,150.6199951171875,147.31224060058594,108732100
2022-03-15,AAPL,150.89999389648438,155.57000732421875,150.3800048828125,155.08999633789062,151.68408203125,92964300
2022-03-16,AAPL,157.0500030517578,160.0,154.4600067138672,159.58999633789062,156.0852508544922,102300200
2022-03-17,AAPL,158.61000061035156,161.0,157.6300048828125,160.6199951171875,157.09263610839844,75615400
2022-03-18,AAPL,160.50999450683594,164.47999572753906,159.75999450683594,163.97999572753906,160.37889099121094,123511700
2022-03-21,AAPL,163.50999450683594,166.35000610351562,163.00999450683594,165.3800048828125,161.7480926513672,95811400
2022-03-22,AAPL,165.50999450683594,169.4199981689453,164.91000366210938,168.82000732421875,165.11257934570312,81532000
2022-03-23,AAPL,167.99000549316406,172.63999938964844,167.64999389648438,170.2100067138672,166.4720458984375,98062700
2022-03-24,AAPL,171.05999755859375,174.13999938964844,170.2100067138672,174.07000732421875,170.24728393554688,90131400
2022-03-25,AAPL,173.8800048828125,175.27999877929688,172.75,174.72000122070312,170.88302612304688,80546200
2022-03-28,AAPL,172.1699981689453,175.72999572753906,172.0,175.60000610351562,171.7436981201172,90371900
2022-03-29,AAPL,176.69000244140625,179.00999450683594,176.33999633789062,178.9600067138672,175.0299072265625,100589400
2022-03-30,AAPL,178.5500030517578,179.61000061035156,176.6999969482422,177.77000427246094,173.86602783203125,92633200
2022-03-31,AAPL,177.83999633789062,178.02999877929688,174.39999389648438,174.61000061035156,170.77542114257812,103049300
2022-04-01,AAPL,174.02999877929688,174.8800048828125,171.94000244140625,174.30999755859375,170.48204040527344,78751300
2022-04-04,AAPL,174.57000732421875,178.49000549316406,174.44000244140625,178.44000244140625,174.52133178710938,76468400
2022-04-05,AAPL,177.5,178.3000030517578,174.4199981689453,175.05999755859375,171.21554565429688,73401800
2022-04-06,AAPL,172.36000061035156,173.6300048828125,170.1300048828125,171.8300018310547,168.0564727783203,89058800
2022-04-07,AAPL,171.16000366210938,173.36000061035156,169.85000610351562,172.13999938964844,168.359619140625,77594700
2022-04-08,AAPL,171.77999877929688,171.77999877929688,169.1999969482422,170.08999633789062,166.35467529296875,76575500
2022-04-11,AAPL,168.7100067138672,169.02999877929688,165.5,165.75,162.10997009277344,72246700
2022-04-12,AAPL,168.02000427246094,169.8699951171875,166.63999938964844,167.66000366210938,163.97802734375,79265200
2022-04-13,AAPL,167.38999938964844,171.0399932861328,166.77000427246094,170.39999389648438,166.65785217285156,70618900
2022-04-14,AAPL,170.6199951171875,171.27000427246094,165.0399932861328,165.2899932861328,161.66006469726562,75329400
2022-04-18,AAPL,163.9199981689453,166.60000610351562,163.57000732421875,165.07000732421875,161.44491577148438,69023900
2022-04-19,AAPL,165.02000427246094,167.82000732421875,163.91000366210938,167.39999389648438,163.72377014160156,67723800
2022-04-20,AAPL,168.75999450683594,168.8800048828125,166.10000610351562,167.22999572753906,163.55746459960938,67929800
2022-04-21,AAPL,168.91000366210938,171.52999877929688,165.91000366210938,166.4199981689453,162.76528930664062,87227800
2022-04-22,AAPL,166.4600067138672,167.8699951171875,161.5,161.7899932861328,158.23695373535156,84882400
2022-04-25,AAPL,161.1199951171875,163.1699981689453,158.4600067138672,162.8800048828125,159.30300903320312,96046400
2022-04-26,AAPL,162.25,162.33999633789062,156.72000122070312,156.8000030517578,153.3565673828125,95623200
2022-04-27,AAPL,155.91000366210938,159.7899932861328,155.3800048828125,156.57000732421875,153.13157653808594,88063200
2022-04-28,AAPL,159.25,164.52000427246094,158.92999267578125,163.63999938964844,160.04632568359375,130216800
2022-04-29,AAPL,161.83999633789062,166.1999969482422,157.25,157.64999389648438,154.18789672851562,131747600
2022-05-02,AAPL,156.7100067138672,158.22999572753906,153.27000427246094,157.9600067138672,154.49105834960938,123055300
2022-05-03,AAPL,158.14999389648438,160.7100067138672,156.32000732421875,159.47999572753906,155.97767639160156,88966500
2022-05-04,AAPL,159.6699981689453,166.47999572753906,159.25999450683594,166.02000427246094,162.37403869628906,108256500
2022-05-05,AAPL,163.85000610351562,164.0800018310547,154.9499969482422,156.77000427246094,153.3271942138672,130525300
2022-05-06,AAPL,156.00999450683594,159.44000244140625,154.17999267578125,157.27999877929688,154.05198669433594,116124600
2022-05-09,AAPL,154.92999267578125,155.8300018310547,151.49000549316406,152.05999755859375,148.9391326904297,131577900
2022-05-10,AAPL,155.52000427246094,156.74000549316406,152.92999267578125,154.50999450683594,151.33883666992188,115366700
2022-05-11,AAPL,153.5,155.4499969482422,145.80999755859375,146.5,143.4932403564453,142689800
2022-05-12,AAPL,142.77000427246094,146.1999969482422,138.8000030517578,142.55999755859375,139.6341094970703,182602000
2022-05-13,AAPL,144.58999633789062,148.10000610351562,143.11000061035156,147.11000061035156,144.09075927734375,113990900
2022-05-16,AAPL,145.5500030517578,147.52000427246094,144.17999267578125,145.5399932861328,142.55294799804688,86643800
2022-05-17,AAPL,148.86000061035156,149.77000427246094,146.67999267578125,149.24000549316406,146.1770477294922,78336300
2022-05-18,AAPL,146.85000610351562,147.36000061035156,139.89999389648438,140.82000732421875,137.92982482910156,109742900
2022-05-19,AAPL,139.8800048828125,141.66000366210938,136.60000610351562,137.35000610351562,134.5310516357422,136095600
2022-05-20,AAPL,139.08999633789062,140.6999969482422,132.61000061035156,137.58999633789062,134.76611328125,137426100
2022-05-23,AAPL,137.7899932861328,143.25999450683594,137.64999389648438,143.11000061035156,140.17286682128906,117726300
2022-05-24,AAPL,140.80999755859375,141.97000122070312,137.3300018310547,140.36000061035156,137.47926330566406,104132700
2022-05-25,AAPL,138.42999267578125,141.7899932861328,138.33999633789062,140.52000427246094,137.63601684570312,92482700
2022-05-26,AAPL,137.38999938964844,144.33999633789062,137.13999938964844,143.77999877929688,140.8290557861328,90601500
2022-05-27,AAPL,145.38999938964844,149.67999267578125,145.25999450683594,149.63999938964844,146.56881713867188,90978500
2022-05-31,AAPL,149.07000732421875,150.66000366210938,146.83999633789062,148.83999633789062,145.78524780273438,103718400
2022-06-01,AAPL,149.89999389648438,151.74000549316406,147.67999267578125,148.7100067138672,145.65789794921875,74286600
2022-06-02,AAPL,147.8300018310547,151.27000427246094,146.86000061035156,151.2100067138672,148.10659790039062,72348100
2022-06-03,AAPL,146.89999389648438,147.97000122070312,144.4600067138672,145.3800048828125,142.39620971679688,88570300
2022-06-06,AAPL,147.02999877929688,148.57000732421875,144.89999389648438,146.13999938964844,143.1406707763672,71598400
2022-06-07,AAPL,144.35000610351562,149.0,144.10000610351562,148.7100067138672,145.65789794921875,67808200
2022-06-08,AAPL,148.5800018310547,149.8699951171875,147.4600067138672,147.9600067138672,144.92330932617188,53950200
2022-06-09,AAPL,147.0800018310547,147.9499969482422,142.52999877929688,142.63999938964844,139.71246337890625,69473000
2022-06-10,AAPL,140.27999877929688,140.75999450683594,137.05999755859375,137.1300048828125,134.31558227539062,91437900
2022-06-13,AAPL,132.8699951171875,135.1999969482422,131.44000244140625,131.8800048828125,129.17335510253906,122207100
2022-06-14,AAPL,133.1300048828125,133.88999938964844,131.47999572753906,132.75999450683594,130.03526306152344,84784300
2022-06-15,AAPL,134.2899932861328,137.33999633789062,132.16000366210938,135.42999267578125,132.65040588378906,91533000
2022-06-16,AAPL,132.0800018310547,132.38999938964844,129.0399932861328,130.05999755859375,127.39066314697266,108123900
2022-06-17,AAPL,130.07000732421875,133.0800018310547,129.80999755859375,131.55999755859375,128.85989379882812,134520300
2022-06-21,AAPL,133.4199981689453,137.05999755859375,133.32000732421875,135.8699951171875,133.0814208984375,81000500
2022-06-22,AAPL,134.7899932861328,137.75999450683594,133.91000366210938,135.35000610351562,132.5720977783203,73409200
2022-06-23,AAPL,136.82000732421875,138.58999633789062,135.6300048828125,138.27000427246094,135.43214416503906,72433800
2022-06-24,AAPL,139.89999389648438,141.91000366210938,139.77000427246094,141.66000366210938,138.7526092529297,89116800
2022-06-27,AAPL,142.6999969482422,143.49000549316406,140.97000122070312,141.66000366210938,138.7526092529297,70207900
2022-06-28,AAPL,142.1300048828125,143.4199981689453,137.32000732421875,137.44000244140625,134.61920166015625,67083400
2022-06-29,AAPL,137.4600067138672,140.6699981689453,136.6699981689453,139.22999572753906,136.37246704101562,66242400
2022-06-30,AAPL,137.25,138.3699951171875,133.77000427246094,136.72000122070312,133.9139862060547,98964500
2022-07-01,AAPL,136.0399932861328,139.0399932861328,135.66000366210938,138.92999267578125,136.07859802246094,71051600
2022-07-05,AAPL,137.77000427246094,141.61000061035156,136.92999267578125,141.55999755859375,138.65464782714844,73353800
2022-07-06,AAPL,141.35000610351562,144.1199951171875,141.0800018310547,142.9199981689453,139.98672485351562,74064300
2022-07-07,AAPL,143.2899932861328,146.5500030517578,143.27999877929688,146.35000610351562,143.34632873535156,66253700
2022-07-08,AAPL,145.25999450683594,147.5500030517578,145.0,147.0399932861328,144.02218627929688,64547800
2022-07-11,AAPL,145.6699981689453,146.63999938964844,143.77999877929688,144.8699951171875,141.89669799804688,63141600
2022-07-12,AAPL,145.75999450683594,148.4499969482422,145.0500030517578,145.86000061035156,142.86639404296875,77588800
2022-07-13,AAPL,142.99000549316406,146.4499969482422,142.1199951171875,145.49000549316406,142.50401306152344,71185600
2022-07-14,AAPL,144.0800018310547,148.9499969482422,143.25,148.47000122070312,145.4228057861328,78140700
2022-07-15,AAPL,149.77999877929688,150.86000061035156,148.1999969482422,150.1699981689453,147.08795166015625,76259900
2022-07-18,AAPL,150.74000549316406,151.57000732421875,146.6999969482422,147.07000732421875,144.0515594482422,81420900
2022-07-19,AAPL,147.9199981689453,151.22999572753906,146.91000366210938,151.0,147.90089416503906,82982400
2022-07-20,AAPL,151.1199951171875,153.72000122070312,150.3699951171875,153.0399932861328,149.89903259277344,64823400
2022-07-21,AAPL,154.5,155.57000732421875,151.94000244140625,155.35000610351562,152.16162109375,65086600
2022-07-22,AAPL,155.38999938964844,156.27999877929688,153.41000366210938,154.08999633789062,150.92745971679688,66675400
2022-07-25,AAPL,154.00999450683594,155.0399932861328,152.27999877929688,152.9499969482422,149.81085205078125,53623900
2022-07-26,AAPL,152.25999450683594,153.08999633789062,150.8000030517578,151.60000610351562,148.48858642578125,55138700
2022-07-27,AAPL,152.5800018310547,157.3300018310547,152.16000366210938,156.7899932861328,153.57203674316406,78620700
2022-07-28,AAPL,156.97999572753906,157.63999938964844,154.41000366210938,157.35000610351562,154.12060546875,81378700
2022-07-29,AAPL,161.24000549316406,163.6300048828125,159.5,162.50999450683594,159.17466735839844,101786900
2022-08-01,AAPL,161.00999450683594,163.58999633789062,160.88999938964844,161.50999450683594,158.1951904296875,67829400
2022-08-02,AAPL,160.10000610351562,162.41000366210938,159.6300048828125,160.00999450683594,156.72596740722656,59907000
2022-08-03,AAPL,160.83999633789062,166.58999633789062,160.75,166.1300048828125,162.7203826904297,82507500
2022-08-04,AAPL,166.00999450683594,167.19000244140625,164.42999267578125,165.80999755859375,162.40692138671875,55474100
2022-08-05,AAPL,163.2100067138672,165.85000610351562,163.0,165.35000610351562,162.1813507080078,56697000
2022-08-08,AAPL,166.3699951171875,167.80999755859375,164.1999969482422,164.8699951171875,161.71054077148438,60276900
2022-08-09,AAPL,164.02000427246094,165.82000732421875,163.25,164.9199981689453,161.7595977783203,63135500
2022-08-10,AAPL,167.67999267578125,169.33999633789062,166.89999389648438,169.24000549316406,165.996826171875,70170500
2022-08-11,AAPL,170.05999755859375,170.99000549316406,168.19000244140625,168.49000549316406,165.26116943359375,57149200
2022-08-12,AAPL,169.82000732421875,172.1699981689453,169.39999389648438,172.10000610351562,168.80198669433594,68039400
2022-08-15,AAPL,171.52000427246094,173.38999938964844,171.35000610351562,173.19000244140625,169.87110900878906,54091700
2022-08-16,AAPL,172.77999877929688,173.7100067138672,171.66000366210938,173.02999877929688,169.71417236328125,56377100
2022-08-17,AAPL,172.77000427246094,176.14999389648438,172.57000732421875,174.5500030517578,171.20504760742188,79542000
2022-08-18,AAPL,173.75,174.89999389648438,173.1199951171875,174.14999389648438,170.81268310546875,62290100
2022-08-19,AAPL,173.02999877929688,173.74000549316406,171.30999755859375,171.52000427246094,168.23312377929688,70346300
2022-08-22,AAPL,169.69000244140625,169.86000061035156,167.13999938964844,167.57000732421875,164.3588409423828,69026800
2022-08-23,AAPL,167.0800018310547,168.7100067138672,166.64999389648438,167.22999572753906,164.02529907226562,54147100
2022-08-24,AAPL,167.32000732421875,168.11000061035156,166.25,167.52999877929688,164.31956481933594,53841500
2022-08-25,AAPL,168.77999877929688,170.13999938964844,168.35000610351562,170.02999877929688,166.77163696289062,51218200
2022-08-26,AAPL,170.57000732421875,171.0500030517578,163.55999755859375,163.6199951171875,160.48448181152344,78961000
2022-08-29,AAPL,161.14999389648438,162.89999389648438,159.82000732421875,161.3800048828125,158.2874298095703,73314000
2022-08-30,AAPL,162.1300048828125,162.55999755859375,157.72000122070312,158.91000366210938,155.86477661132812,77906200
2022-08-31,AAPL,160.30999755859375,160.5800018310547,157.13999938964844,157.22000122070312,154.2071533203125,87991100
2022-09-01,AAPL,156.63999938964844,158.4199981689453,154.6699981689453,157.9600067138672,154.9329833984375,74229900
2022-09-02,AAPL,159.75,160.36000061035156,154.97000122070312,155.80999755859375,152.8241729736328,76957800
2022-09-06,AAPL,156.47000122070312,157.08999633789062,153.69000244140625,154.52999877929688,151.5686798095703,73714800
2022-09-07,AAPL,154.82000732421875,156.6699981689453,153.61000061035156,155.9600067138672,152.97128295898438,87449600
2022-09-08,AAPL,154.63999938964844,156.36000061035156,152.67999267578125,154.4600067138672,151.50006103515625,84923800
2022-09-09,AAPL,155.47000122070312,157.82000732421875,154.75,157.3699951171875,154.35427856445312,68028800
2022-09-12,AAPL,159.58999633789062,164.25999450683594,159.3000030517578,163.42999267578125,160.2981414794922,104956000
2022-09-13,AAPL,159.89999389648438,160.5399932861328,153.3699951171875,153.83999633789062,150.8919219970703,122656600
2022-09-14,AAPL,154.7899932861328,157.10000610351562,153.61000061035156,155.30999755859375,152.333740234375,87965400
2022-09-15,AAPL,154.64999389648438,155.24000549316406,151.3800048828125,152.3699951171875,149.4500732421875,90481100
2022-09-16,AAPL,151.2100067138672,151.35000610351562,148.3699951171875,150.6999969482422,147.8120880126953,162278800
2022-09-19,AAPL,149.30999755859375,154.55999755859375,149.10000610351562,154.47999572753906,151.5196533203125,81474200
2022-09-20,AAPL,153.39999389648438,158.0800018310547,153.0800018310547,156.89999389648438,153.89324951171875,107689800
2022-09-21,AAPL,157.33999633789062,158.74000549316406,153.60000610351562,153.72000122070312,150.77418518066406,101696800
2022-09-22,AAPL,152.3800048828125,154.47000122070312,150.91000366210938,152.74000549316406,149.81300354003906,86652500
2022-09-23,AAPL,151.19000244140625,151.47000122070312,148.55999755859375,150.42999267578125,147.5472412109375,96029900
2022-09-26,AAPL,149.66000366210938,153.77000427246094,149.63999938964844,150.77000427246094,147.88075256347656,93339400
2022-09-27,AAPL,152.74000549316406,154.72000122070312,149.9499969482422,151.75999450683594,148.85177612304688,84442700
2022-09-28,AAPL,147.63999938964844,150.63999938964844,144.83999633789062,149.83999633789062,146.96856689453125,146691400
2022-09-29,AAPL,146.10000610351562,146.72000122070312,140.67999267578125,142.47999572753906,139.74960327148438,128138200
2022-09-30,AAPL,141.27999877929688,143.10000610351562,138.0,138.1999969482422,135.55162048339844,124925300
2022-10-03,AAPL,138.2100067138672,143.07000732421875,137.69000244140625,142.4499969482422,139.72018432617188,114311700
2022-10-04,AAPL,145.02999877929688,146.22000122070312,144.25999450683594,146.10000610351562,143.30026245117188,87830100
2022-10-05,AAPL,144.07000732421875,147.3800048828125,143.00999450683594,146.39999389648438,143.594482421875,79471000
2022-10-06,AAPL,145.80999755859375,147.5399932861328,145.22000122070312,145.42999267578125,142.64305114746094,68402200
2022-10-07,AAPL,142.5399932861328,143.10000610351562,139.4499969482422,140.08999633789062,137.40541076660156,85925600
2022-10-10,AAPL,140.4199981689453,141.88999938964844,138.57000732421875,140.4199981689453,137.72909545898438,74899000
2022-10-11,AAPL,139.89999389648438,141.35000610351562,138.22000122070312,138.97999572753906,136.31666564941406,77033700
2022-10-12,AAPL,139.1300048828125,140.36000061035156,138.16000366210938,138.33999633789062,135.68893432617188,70433700
2022-10-13,AAPL,134.99000549316406,143.58999633789062,134.3699951171875,142.99000549316406,140.24984741210938,113224000
2022-10-14,AAPL,144.30999755859375,144.52000427246094,138.19000244140625,138.3800048828125,135.72816467285156,88598000
2022-10-17,AAPL,141.07000732421875,142.89999389648438,140.27000427246094,142.41000366210938,139.6809539794922,85250900
2022-10-18,AAPL,145.49000549316406,146.6999969482422,140.61000061035156,143.75,140.99526977539062,99136600
2022-10-19,AAPL,141.69000244140625,144.9499969482422,141.5,143.86000061035156,141.10316467285156,61758300
2022-10-20,AAPL,143.02000427246094,145.88999938964844,142.64999389648438,143.38999938964844,140.6421661376953,64522000
2022-10-21,AAPL,142.8699951171875,147.85000610351562,142.64999389648438,147.27000427246094,144.4478302001953,86548600
2022-10-24,AAPL,147.19000244140625,150.22999572753906,146.0,149.4499969482422,146.58602905273438,75981900
2022-10-25,AAPL,150.08999633789062,152.49000549316406,149.36000061035156,152.33999633789062,149.420654296875,74732300
2022-10-26,AAPL,150.9600067138672,151.99000549316406,148.0399932861328,149.35000610351562,146.4879608154297,88194300
2022-10-27,AAPL,148.07000732421875,149.0500030517578,144.1300048828125,144.8000030517578,142.02516174316406,109180200
2022-10-28,AAPL,148.1999969482422,157.5,147.82000732421875,155.74000549316406,152.7554931640625,164762400
2022-10-31,AAPL,153.16000366210938,154.24000549316406,151.9199981689453,153.33999633789062,150.40150451660156,97943200
2022-11-01,AAPL,155.0800018310547,155.4499969482422,149.1300048828125,150.64999389648438,147.76307678222656,80379300
2022-11-02,AAPL,148.9499969482422,152.1699981689453,145.0,145.02999877929688,142.25074768066406,93604600
2022-11-03,AAPL,142.05999755859375,142.8000030517578,138.75,138.8800048828125,136.2186279296875,97918500
2022-11-04,AAPL,142.08999633789062,142.6699981689453,134.3800048828125,138.3800048828125,135.95333862304688,140814800
2022-11-07,AAPL,137.11000061035156,139.14999389648438,135.6699981689453,138.9199981689453,136.4838409423828,83374600
2022-11-08,AAPL,140.41000366210938,141.42999267578125,137.49000549316406,139.5,137.05369567871094,89908500
2022-11-09,AAPL,138.5,138.5500030517578,134.58999633789062,134.8699951171875,132.50486755371094,74917800
2022-11-10,AAPL,141.24000549316406,146.8699951171875,139.5,146.8699951171875,144.29444885253906,118854000
2022-11-11,AAPL,145.82000732421875,150.00999450683594,144.3699951171875,149.6999969482422,147.07484436035156,93979700
2022-11-14,AAPL,148.97000122070312,150.27999877929688,147.42999267578125,148.27999877929688,145.67971801757812,73374100
2022-11-15,AAPL,152.22000122070312,153.58999633789062,148.55999755859375,150.0399932861328,147.4088592529297,89868300
2022-11-16,AAPL,149.1300048828125,149.8699951171875,147.2899932861328,148.7899932861328,146.1807861328125,64218300
2022-11-17,AAPL,146.42999267578125,151.47999572753906,146.14999389648438,150.72000122070312,148.07693481445312,80389400
2022-11-18,AAPL,152.30999755859375,152.6999969482422,149.97000122070312,151.2899932861328,148.6369171142578,74829600
2022-11-21,AAPL,150.16000366210938,150.3699951171875,147.72000122070312,148.00999450683594,145.41444396972656,58724100
2022-11-22,AAPL,148.1300048828125,150.4199981689453,146.92999267578125,150.17999267578125,147.54638671875,51804100
2022-11-23,AAPL,149.4499969482422,151.8300018310547,149.33999633789062,151.07000732421875,148.42079162597656,58301400
2022-11-25,AAPL,148.30999755859375,148.8800048828125,147.1199951171875,148.11000061035156,145.5126953125,35195900
2022-11-28,AAPL,145.13999938964844,146.63999938964844,143.3800048828125,144.22000122070312,141.69091796875,69246000
2022-11-29,AAPL,144.2899932861328,144.80999755859375,140.35000610351562,141.1699981689453,138.6944122314453,83763800
2022-11-30,AAPL,141.39999389648438,148.72000122070312,140.5500030517578,148.02999877929688,145.43411254882812,111380900
2022-12-01,AAPL,148.2100067138672,149.1300048828125,146.61000061035156,148.30999755859375,145.70921325683594,71250400
2022-12-02,AAPL,145.9600067138672,148.0,145.64999389648438,147.80999755859375,145.2179718017578,65447400
2022-12-05,AAPL,147.77000427246094,150.9199981689453,145.77000427246094,146.6300048828125,144.05865478515625,68826400
2022-12-06,AAPL,147.07000732421875,147.3000030517578,141.9199981689453,142.91000366210938,140.40390014648438,64727200
2022-12-07,AAPL,142.19000244140625,143.3699951171875,140.0,140.94000244140625,138.46844482421875,69721100
2022-12-08,AAPL,142.36000061035156,143.52000427246094,141.10000610351562,142.64999389648438,140.14845275878906,62128300
2022-12-09,AAPL,142.33999633789062,145.57000732421875,140.89999389648438,142.16000366210938,139.6670379638672,76097000
2022-12-12,AAPL,142.6999969482422,144.5,141.05999755859375,144.49000549316406,141.95619201660156,70462700
2022-12-13,AAPL,149.5,149.97000122070312,144.24000549316406,145.47000122070312,142.9190216064453,93886200
2022-12-14,AAPL,145.35000610351562,146.66000366210938,141.16000366210938,143.2100067138672,140.6986541748047,82291200
2022-12-15,AAPL,141.11000061035156,141.8000030517578,136.02999877929688,136.5,134.1063232421875,98931900
2022-12-16,AAPL,136.69000244140625,137.64999389648438,133.72999572753906,134.50999450683594,132.15115356445312,160156900
2022-12-19,AAPL,135.11000061035156,135.1999969482422,131.32000732421875,132.3699951171875,130.0487060546875,79592600
2022-12-20,AAPL,131.38999938964844,133.25,129.88999938964844,132.3000030517578,129.97991943359375,77432800
2022-12-21,AAPL,132.97999572753906,136.80999755859375,132.75,135.4499969482422,133.07470703125,85928000
2022-12-22,AAPL,134.35000610351562,134.55999755859375,130.3000030517578,132.22999572753906,129.9111785888672,77852100
2022-12-23,AAPL,130.9199981689453,132.4199981689453,129.63999938964844,131.86000061035156,129.54766845703125,63814900
2022-12-27,AAPL,131.3800048828125,131.41000366210938,128.72000122070312,130.02999877929688,127.749755859375,69007800
2022-12-28,AAPL,129.6699981689453,131.02999877929688,125.87000274658203,126.04000091552734,123.82972717285156,85438400
2022-12-29,AAPL,127.98999786376953,130.47999572753906,127.7300033569336,129.61000061035156,127.33712005615234,75703700
2022-12-30,AAPL,128.41000366210938,129.9499969482422,127.43000030517578,129.92999267578125,127.65150451660156,77034200
2023-01-03,AAPL,130.27999877929688,130.89999389648438,124.16999816894531,125.06999969482422,122.87673950195312,112117500
2023-01-04,AAPL,126.88999938964844,128.66000366210938,125.08000183105469,126.36000061035156,124.14411163330078,89113600
2023-01-05,AAPL,127.12999725341797,127.7699966430664,124.76000213623047,125.0199966430664,122.82762145996094,80962700
2023-01-06,AAPL,126.01000213623047,130.2899932861328,124.88999938964844,129.6199951171875,127.346923828125,87754700
2023-01-09,AAPL,130.47000122070312,133.41000366210938,129.88999938964844,130.14999389648438,127.86763763427734,70790800
2023-01-10,AAPL,130.25999450683594,131.25999450683594,128.1199951171875,130.72999572753906,128.43748474121094,63896200
2023-01-11,AAPL,131.25,133.50999450683594,130.4600067138672,133.49000549316406,131.1490936279297,69458900
2023-01-12,AAPL,133.8800048828125,134.25999450683594,131.44000244140625,133.41000366210938,131.0704803466797,71379600
2023-01-13,AAPL,132.02999877929688,134.9199981689453,131.66000366210938,134.75999450683594,132.3968048095703,57809700
2023-01-17,AAPL,134.8300018310547,137.2899932861328,134.1300048828125,135.94000244140625,133.5561065673828,63646600
2023-01-18,AAPL,136.82000732421875,138.61000061035156,135.02999877929688,135.2100067138672,132.83889770507812,69672800
2023-01-19,AAPL,134.0800018310547,136.25,133.77000427246094,135.27000427246094,132.8979034423828,58280400
2023-01-20,AAPL,135.27999877929688,138.02000427246094,134.22000122070312,137.8699951171875,135.45228576660156,80223600
2023-01-23,AAPL,138.1199951171875,143.32000732421875,137.89999389648438,141.11000061035156,138.6354522705078,81760300
2023-01-24,AAPL,140.30999755859375,143.16000366210938,140.3000030517578,142.52999877929688,140.0305633544922,66435100
2023-01-25,AAPL,140.88999938964844,142.42999267578125,138.80999755859375,141.86000061035156,139.37232971191406,65799300
2023-01-26,AAPL,143.1699981689453,144.25,141.89999389648438,143.9600067138672,141.4355010986328,54105100
2023-01-27,AAPL,143.16000366210938,147.22999572753906,143.0800018310547,145.92999267578125,143.37094116210938,70555800
2023-01-30,AAPL,144.9600067138672,145.5500030517578,142.85000610351562,143.0,140.49232482910156,64015300
2023-01-31,AAPL,142.6999969482422,144.33999633789062,142.27999877929688,144.2899932861328,141.7596893310547,65874500
2023-02-01,AAPL,143.97000122070312,146.61000061035156,141.32000732421875,145.42999267578125,142.87966918945312,77663600
2023-02-02,AAPL,148.89999389648438,151.17999267578125,148.1699981689453,150.82000732421875,148.17518615722656,118339000
2023-02-03,AAPL,148.02999877929688,157.3800048828125,147.8300018310547,154.5,151.7906494140625,154357300
2023-02-06,AAPL,152.57000732421875,153.10000610351562,150.77999877929688,151.72999572753906,149.0692138671875,69858300
2023-02-07,AAPL,150.63999938964844,155.22999572753906,150.63999938964844,154.64999389648438,151.93797302246094,83322600
2023-02-08,AAPL,153.8800048828125,154.5800018310547,151.1699981689453,151.9199981689453,149.255859375,64120100
2023-02-09,AAPL,153.77999877929688,154.3300018310547,150.4199981689453,150.8699951171875,148.2242889404297,56007100
2023-02-10,AAPL,149.4600067138672,151.33999633789062,149.22000122070312,151.00999450683594,148.58836364746094,57450700
2023-02-13,AAPL,150.9499969482422,154.25999450683594,150.9199981689453,153.85000610351562,151.38284301757812,62199000
2023-02-14,AAPL,152.1199951171875,153.77000427246094,150.86000061035156,153.1999969482422,150.7432403564453,61707600
2023-02-15,AAPL,153.11000061035156,155.5,152.8800048828125,155.3300018310547,152.83909606933594,65573800
2023-02-16,AAPL,153.50999450683594,156.3300018310547,153.35000610351562,153.7100067138672,151.24508666992188,68167900
2023-02-17,AAPL,152.35000610351562,153.0,150.85000610351562,152.5500030517578,150.10369873046875,59144100
2023-02-21,AAPL,150.1999969482422,151.3000030517578,148.41000366210938,148.47999572753906,146.0989990234375,58867200
2023-02-22,AAPL,148.8699951171875,149.9499969482422,147.16000366210938,148.91000366210938,146.52203369140625,51011300
2023-02-23,AAPL,150.08999633789062,150.33999633789062,147.24000549316406,149.39999389648438,147.0041961669922,48394200
2023-02-24,AAPL,147.11000061035156,147.19000244140625,145.72000122070312,146.7100067138672,144.3573455810547,55469600
2023-02-27,AAPL,147.7100067138672,149.1699981689453,147.4499969482422,147.9199981689453,145.54794311523438,44998500
2023-02-28,AAPL,147.0500030517578,149.0800018310547,146.8300018310547,147.41000366210938,145.0460968017578,50547000
2023-03-01,AAPL,146.8300018310547,147.22999572753906,145.00999450683594,145.30999755859375,142.9797821044922,55479000
2023-03-02,AAPL,144.3800048828125,146.7100067138672,143.89999389648438,145.91000366210938,143.5701446533203,52238100
2023-03-03,AAPL,148.0399932861328,151.11000061035156,147.3300018310547,151.02999877929688,148.6080322265625,70732300
2023-03-06,AAPL,153.7899932861328,156.3000030517578,153.4600067138672,153.8300018310547,151.36318969726562,87558000
2023-03-07,AAPL,153.6999969482422,154.02999877929688,151.1300048828125,151.60000610351562,149.16893005371094,56182000
2023-03-08,AAPL,152.80999755859375,153.47000122070312,151.8300018310547,152.8699951171875,150.41851806640625,47204800
2023-03-09,AAPL,153.55999755859375,154.5399932861328,150.22999572753906,150.58999633789062,148.17510986328125,53833600
2023-03-10,AAPL,150.2100067138672,150.94000244140625,147.61000061035156,148.5,146.11862182617188,68572400
2023-03-13,AAPL,147.80999755859375,153.13999938964844,147.6999969482422,150.47000122070312,148.0570526123047,84457100
2023-03-14,AAPL,151.27999877929688,153.39999389648438,150.10000610351562,152.58999633789062,150.14303588867188,73695900
2023-03-15,AAPL,151.19000244140625,153.25,149.9199981689453,152.99000549316406,150.5366668701172,77167900
2023-03-16,AAPL,152.16000366210938,156.4600067138672,151.63999938964844,155.85000610351562,153.35079956054688,76161100
2023-03-17,AAPL,156.0800018310547,156.74000549316406,154.27999877929688,155.0,152.514404296875,98944600
2023-03-20,AAPL,155.07000732421875,157.82000732421875,154.14999389648438,157.39999389648438,154.87591552734375,73641400
2023-03-21,AAPL,157.32000732421875,159.39999389648438,156.5399932861328,159.27999877929688,156.72576904296875,73938300
2023-03-22,AAPL,159.3000030517578,162.13999938964844,157.80999755859375,157.8300018310547,155.29898071289062,75701800
2023-03-23,AAPL,158.8300018310547,161.5500030517578,157.67999267578125,158.92999267578125,156.38136291503906,67622100
2023-03-24,AAPL,158.86000061035156,160.33999633789062,157.85000610351562,160.25,157.68017578125,59196500
2023-03-27,AAPL,159.94000244140625,160.77000427246094,157.8699951171875,158.27999877929688,155.74179077148438,52390300
2023-03-28,AAPL,157.97000122070312,158.49000549316406,155.97999572753906,157.64999389648438,155.12188720703125,45992200
2023-03-29,AAPL,159.3699951171875,161.0500030517578,159.35000610351562,160.77000427246094,158.19187927246094,51305700
2023-03-30,AAPL,161.52999877929688,162.47000122070312,161.27000427246094,162.36000061035156,159.75637817382812,49501700
2023-03-31,AAPL,162.44000244140625,165.0,161.91000366210938,164.89999389648438,162.255615234375,68749800
2023-04-03,AAPL,164.27000427246094,166.2899932861328,164.22000122070312,166.1699981689453,163.5052490234375,56976200
2023-04-04,AAPL,166.60000610351562,166.83999633789062,165.11000061035156,165.6300048828125,162.9739532470703,46278300
2023-04-05,AAPL,164.74000549316406,165.0500030517578,161.8000030517578,163.75999450683594,161.1339111328125,51511700
2023-04-06,AAPL,162.42999267578125,164.9600067138672,162.0,164.66000366210938,162.0194854736328,45390100
2023-04-10,AAPL,161.4199981689453,162.02999877929688,160.0800018310547,162.02999877929688,159.43170166015625,47716900
2023-04-11,AAPL,162.35000610351562,162.36000061035156,160.50999450683594,160.8000030517578,158.22137451171875,47644200
2023-04-12,AAPL,161.22000122070312,162.05999755859375,159.77999877929688,160.10000610351562,157.5326385498047,50133100
2023-04-13,AAPL,161.6300048828125,165.8000030517578,161.4199981689453,165.55999755859375,162.90505981445312,68445600
2023-04-14,AAPL,164.58999633789062,166.32000732421875,163.82000732421875,165.2100067138672,162.56068420410156,49386500
2023-04-17,AAPL,165.08999633789062,165.38999938964844,164.02999877929688,165.22999572753906,162.58035278320312,41516200
2023-04-18,AAPL,166.10000610351562,167.41000366210938,165.64999389648438,166.47000122070312,163.80047607421875,49923000
2023-04-19,AAPL,165.8000030517578,168.16000366210938,165.5399932861328,167.6300048828125,164.94187927246094,47720200
2023-04-20,AAPL,166.08999633789062,167.8699951171875,165.55999755859375,166.64999389648438,163.97755432128906,52456400
2023-04-21,AAPL,165.0500030517578,166.4499969482422,164.49000549316406,165.02000427246094,162.3737030029297,58337300
2023-04-24,AAPL,165.0,165.60000610351562,163.88999938964844,165.3300018310547,162.6787567138672,41949600
2023-04-25,AAPL,165.19000244140625,166.30999755859375,163.72999572753906,163.77000427246094,161.1437530517578,48714100
2023-04-26,AAPL,163.05999755859375,165.27999877929688,162.8000030517578,163.75999450683594,161.1339111328125,45498800
2023-04-27,AAPL,165.19000244140625,168.55999755859375,165.19000244140625,168.41000366210938,165.7093505859375,64902300
2023-04-28,AAPL,168.49000549316406,169.85000610351562,167.8800048828125,169.67999267578125,166.95895385742188,55275900
2023-05-01,AAPL,169.27999877929688,170.4499969482422,168.63999938964844,169.58999633789062,166.87042236328125,52472900
2023-05-02,AAPL,170.08999633789062,170.35000610351562,167.5399932861328,168.5399932861328,165.83726501464844,48425700
2023-05-03,AAPL,169.5,170.9199981689453,167.16000366210938,167.4499969482422,164.7647247314453,65136000
2023-05-04,AAPL,164.88999938964844,167.0399932861328,164.30999755859375,165.7899932861328,163.1313934326172,81235400
2023-05-05,AAPL,170.97999572753906,174.3000030517578,170.75999450683594,173.57000732421875,170.78660583496094,113453200
2023-05-08,AAPL,172.47999572753906,173.85000610351562,172.11000061035156,173.5,170.7177276611328,55962800
2023-05-09,AAPL,173.0500030517578,173.5399932861328,171.60000610351562,171.77000427246094,169.0155029296875,45326900
2023-05-10,AAPL,173.02000427246094,174.02999877929688,171.89999389648438,173.55999755859375,170.77676391601562,53724500
2023-05-11,AAPL,173.85000610351562,174.58999633789062,172.1699981689453,173.75,170.9636993408203,49514700
2023-05-12,AAPL,173.6199951171875,174.05999755859375,171.0,172.57000732421875,170.0375213623047,45533100
2023-05-15,AAPL,173.16000366210938,173.2100067138672,171.47000122070312,172.07000732421875,169.5448455810547,37266700
2023-05-16,AAPL,171.99000549316406,173.13999938964844,171.8000030517578,172.07000732421875,169.5448455810547,42110300
2023-05-17,AAPL,171.7100067138672,172.92999267578125,170.4199981689453,172.69000244140625,170.15574645996094,57951600
2023-05-18,AAPL,173.0,175.24000549316406,172.5800018310547,175.0500030517578,172.4811248779297,65496700
2023-05-19,AAPL,176.38999938964844,176.38999938964844,174.94000244140625,175.16000366210938,172.58949279785156,55809500
2023-05-22,AAPL,173.97999572753906,174.7100067138672,173.4499969482422,174.1999969482422,171.64356994628906,43570900
2023-05-23,AAPL,173.1300048828125,173.3800048828125,171.27999877929688,171.55999755859375,169.0423583984375,50747300
2023-05-24,AAPL,171.08999633789062,172.4199981689453,170.52000427246094,171.83999633789062,169.31822204589844,45143500
2023-05-25,AAPL,172.41000366210938,173.89999389648438,171.69000244140625,172.99000549316406,170.4513397216797,56058300
2023-05-26,AAPL,173.32000732421875,175.77000427246094,173.11000061035156,175.42999267578125,172.8555145263672,54835000
2023-05-30,AAPL,176.9600067138672,178.99000549316406,176.57000732421875,177.3000030517578,174.6980743408203,55964400
2023-05-31,AAPL,177.3300018310547,179.35000610351562,176.75999450683594,177.25,174.64881896972656,99625300
2023-06-01,AAPL,177.6999969482422,180.1199951171875,176.92999267578125,180.08999633789062,177.4471435546875,68901800
2023-06-02,AAPL,181.02999877929688,181.77999877929688,179.25999450683594,180.9499969482422,178.2945556640625,61996900
2023-06-05,AAPL,182.6300048828125,184.9499969482422,178.0399932861328,179.5800018310547,176.9446258544922,121946500
2023-06-06,AAPL,179.97000122070312,180.1199951171875,177.42999267578125,179.2100067138672,176.58006286621094,64848400
2023-06-07,AAPL,178.44000244140625,181.2100067138672,177.32000732421875,177.82000732421875,175.21046447753906,61944600
2023-06-08,AAPL,177.89999389648438,180.83999633789062,177.4600067138672,180.57000732421875,177.9200897216797,50214900
2023-06-09,AAPL,181.5,182.22999572753906,180.6300048828125,180.9600067138672,178.3043975830078,48900000
2023-06-12,AAPL,181.27000427246094,183.88999938964844,180.97000122070312,183.7899932861328,181.09286499023438,54274900
2023-06-13,AAPL,182.8000030517578,184.14999389648438,182.44000244140625,183.30999755859375,180.6199188232422,54929100
2023-06-14,AAPL,183.3699951171875,184.38999938964844,182.02000427246094,183.9499969482422,181.25050354003906,57462900
2023-06-15,AAPL,183.9600067138672,186.52000427246094,183.77999877929688,186.00999450683594,183.28024291992188,65433200
2023-06-16,AAPL,186.72999572753906,186.99000549316406,184.27000427246094,184.9199981689453,182.20626831054688,101256200
2023-06-20,AAPL,184.41000366210938,186.10000610351562,184.41000366210938,185.00999450683594,182.29495239257812,49799100
2023-06-21,AAPL,184.89999389648438,185.41000366210938,182.58999633789062,183.9600067138672,181.26036071777344,49515700
2023-06-22,AAPL,183.74000549316406,187.0500030517578,183.6699981689453,187.0,184.25575256347656,51245300
2023-06-23,AAPL,185.5500030517578,187.55999755859375,185.00999450683594,186.67999267578125,183.9404296875,53117000
2023-06-26,AAPL,186.8300018310547,188.0500030517578,185.22999572753906,185.27000427246094,182.5511474609375,48088700
2023-06-27,AAPL,185.88999938964844,188.38999938964844,185.6699981689453,188.05999755859375,185.30020141601562,50730800
2023-06-28,AAPL,187.92999267578125,189.89999389648438,187.60000610351562,189.25,186.47271728515625,51216800
2023-06-29,AAPL,189.0800018310547,190.07000732421875,188.94000244140625,189.58999633789062,186.8077392578125,46347300
2023-06-30,AAPL,191.6300048828125,194.47999572753906,191.25999450683594,193.97000122070312,191.12347412109375,85213200
2023-07-03,AAPL,193.77999877929688,193.8800048828125,191.75999450683594,192.4600067138672,189.63563537597656,31458200
2023-07-05,AAPL,191.57000732421875,192.97999572753906,190.6199951171875,191.3300018310547,188.52220153808594,46920300
2023-07-06,AAPL,189.83999633789062,192.02000427246094,189.1999969482422,191.80999755859375,188.99514770507812,45094300
2023-07-07,AAPL,191.41000366210938,192.6699981689453,190.24000549316406,190.67999267578125,187.88172912597656,46815000
2023-07-10,AAPL,189.25999450683594,189.99000549316406,187.0399932861328,188.61000061035156,185.8421173095703,59922200
2023-07-11,AAPL,189.16000366210938,189.3000030517578,186.60000610351562,188.0800018310547,185.3199005126953,46638100
2023-07-12,AAPL,189.67999267578125,191.6999969482422,188.47000122070312,189.77000427246094,186.98509216308594,60750200
2023-07-13,AAPL,190.5,191.19000244140625,189.77999877929688,190.5399932861328,187.74375915527344,41342300
2023-07-14,AAPL,190.22999572753906,191.17999267578125,189.6300048828125,190.69000244140625,187.89161682128906,41616200
2023-07-17,AAPL,191.89999389648438,194.32000732421875,191.80999755859375,193.99000549316406,191.14315795898438,50520200
2023-07-18,AAPL,193.35000610351562,194.3300018310547,192.4199981689453,193.72999572753906,190.88699340820312,48288200
2023-07-19,AAPL,193.10000610351562,198.22999572753906,192.64999389648438,195.10000610351562,192.23687744140625,80507300
2023-07-20,AAPL,195.08999633789062,196.47000122070312,192.5,193.1300048828125,190.2957763671875,59581200
2023-07-21,AAPL,194.10000610351562,194.97000122070312,191.22999572753906,191.94000244140625,189.1232452392578,71951700
2023-07-24,AAPL,193.41000366210938,194.91000366210938,192.25,192.75,189.92137145996094,45377800
2023-07-25,AAPL,193.3300018310547,194.44000244140625,192.9199981689453,193.6199951171875,190.7786102294922,37283200
2023-07-26,AAPL,193.6699981689453,195.63999938964844,193.32000732421875,194.5,191.64566040039062,47471900
2023-07-27,AAPL,196.02000427246094,197.1999969482422,192.5500030517578,193.22000122070312,190.38446044921875,47460200
2023-07-28,AAPL,194.6699981689453,196.6300048828125,194.13999938964844,195.8300018310547,192.9561767578125,48291400
2023-07-31,AAPL,196.05999755859375,196.49000549316406,195.25999450683594,196.4499969482422,193.5670623779297,38824100
2023-08-01,AAPL,196.24000549316406,196.72999572753906,195.27999877929688,195.61000061035156,192.73939514160156,35175100
2023-08-02,AAPL,195.0399932861328,195.17999267578125,191.85000610351562,192.5800018310547,189.75384521484375,50389300
2023-08-03,AAPL,191.57000732421875,192.3699951171875,190.69000244140625,191.1699981689453,188.36456298828125,61235200
2023-08-04,AAPL,185.52000427246094,187.3800048828125,181.9199981689453,181.99000549316406,179.31924438476562,115956800
2023-08-07,AAPL,182.1300048828125,183.1300048828125,177.35000610351562,178.85000610351562,176.225341796875,97576100
2023-08-08,AAPL,179.69000244140625,180.27000427246094,177.5800018310547,179.8000030517578,177.16139221191406,67823000
2023-08-09,AAPL,180.8699951171875,180.92999267578125,177.00999450683594,178.19000244140625,175.5750274658203,60378500
2023-08-10,AAPL,179.47999572753906,180.75,177.60000610351562,177.97000122070312,175.35821533203125,54686900
2023-08-11,AAPL,177.32000732421875,178.6199951171875,176.5500030517578,177.7899932861328,175.4174346923828,52036700
2023-08-14,AAPL,177.97000122070312,179.69000244140625,177.30999755859375,179.4600067138672,177.06520080566406,43675600
2023-08-15,AAPL,178.8800048828125,179.47999572753906,177.0500030517578,177.4499969482422,175.0819854736328,43622600
2023-08-16,AAPL,177.1300048828125,178.5399932861328,176.5,176.57000732421875,174.21376037597656,46964900
2023-08-17,AAPL,177.13999938964844,177.50999450683594,173.47999572753906,174.0,171.67803955078125,66062900
2023-08-18,AAPL,172.3000030517578,175.10000610351562,171.9600067138672,174.49000549316406,172.16148376464844,61172200
2023-08-21,AAPL,175.07000732421875,176.1300048828125,173.74000549316406,175.83999633789062,173.49346923828125,46311900
2023-08-22,AAPL,177.05999755859375,177.67999267578125,176.25,177.22999572753906,174.8649444580078,42038900
2023-08-23,AAPL,178.52000427246094,181.5500030517578,178.3300018310547,181.1199951171875,178.70301818847656,52722800
2023-08-24,AAPL,180.6699981689453,181.10000610351562,176.00999450683594,176.3800048828125,174.0262908935547,54945800
2023-08-25,AAPL,177.3800048828125,179.14999389648438,175.82000732421875,178.61000061035156,176.22650146484375,51449600
2023-08-28,AAPL,180.08999633789062,180.58999633789062,178.5500030517578,180.19000244140625,177.78543090820312,43820700
2023-08-29,AAPL,179.6999969482422,184.89999389648438,179.5,184.1199951171875,181.66297912597656,53003900
2023-08-30,AAPL,184.94000244140625,187.85000610351562,184.74000549316406,187.64999389648438,185.1458740234375,60813900
2023-08-31,AAPL,187.83999633789062,189.1199951171875,187.47999572753906,187.8699951171875,185.36294555664062,60794500
2023-09-01,AAPL,189.49000549316406,189.9199981689453,188.27999877929688,189.4600067138672,186.93174743652344,45766500
2023-09-05,AAPL,188.27999877929688,189.97999572753906,187.61000061035156,189.6999969482422,187.16848754882812,45280000
2023-09-06,AAPL,188.39999389648438,188.85000610351562,181.47000122070312,182.91000366210938,180.46914672851562,81755800
2023-09-07,AAPL,175.17999267578125,178.2100067138672,173.5399932861328,177.55999755859375,175.19053649902344,112488800
2023-09-08,AAPL,178.35000610351562,180.24000549316406,177.7899932861328,178.17999267578125,175.80224609375,65551300
2023-09-11,AAPL,180.07000732421875,180.3000030517578,177.33999633789062,179.36000061035156,176.96649169921875,58953100
2023-09-12,AAPL,179.49000549316406,180.1300048828125,174.82000732421875,176.3000030517578,173.94735717773438,90370200
2023-09-13,AAPL,176.50999450683594,177.3000030517578,173.97999572753906,174.2100067138672,171.88523864746094,84267900
2023-09-14,AAPL,174.0,176.10000610351562,173.5800018310547,175.74000549316406,173.3948211669922,60895800
2023-09-15,AAPL,176.47999572753906,176.5,173.82000732421875,175.00999450683594,172.67457580566406,109259500
2023-09-18,AAPL,176.47999572753906,179.3800048828125,176.1699981689453,177.97000122070312,175.59507751464844,67257600
2023-09-19,AAPL,177.52000427246094,179.6300048828125,177.1300048828125,179.07000732421875,176.6803741455078,51826900
2023-09-20,AAPL,179.25999450683594,179.6999969482422,175.39999389648438,175.49000549316406,173.14813232421875,58436200
2023-09-21,AAPL,174.5500030517578,176.3000030517578,173.86000061035156,173.92999267578125,171.6089630126953,63149100
2023-09-22,AAPL,174.6699981689453,177.0800018310547,174.0500030517578,174.7899932861328,172.4574737548828,56725400
2023-09-25,AAPL,174.1999969482422,176.97000122070312,174.14999389648438,176.0800018310547,173.73028564453125,46172700
2023-09-26,AAPL,174.82000732421875,175.1999969482422,171.66000366210938,171.9600067138672,169.66525268554688,64588900
2023-09-27,AAPL,172.6199951171875,173.0399932861328,169.0500030517578,170.42999267578125,168.15565490722656,66921800
2023-09-28,AAPL,169.33999633789062,172.02999877929688,167.6199951171875,170.69000244140625,168.4122314453125,56294400
2023-09-29,AAPL,172.02000427246094,173.07000732421875,170.33999633789062,171.2100067138672,168.9252471923828,51861100
2023-10-02,AAPL,171.22000122070312,174.3000030517578,170.92999267578125,173.75,171.431396484375,52164500
2023-10-03,AAPL,172.25999450683594,173.6300048828125,170.82000732421875,172.39999389648438,170.09939575195312,49594600
2023-10-04,AAPL,171.08999633789062,174.2100067138672,170.97000122070312,173.66000366210938,171.34255981445312,53020300
2023-10-05,AAPL,173.7899932861328,175.4499969482422,172.67999267578125,174.91000366210938,172.57591247558594,48527900
2023-10-06,AAPL,173.8000030517578,177.99000549316406,173.17999267578125,177.49000549316406,175.1214599609375,57266700
2023-10-09,AAPL,176.80999755859375,179.0500030517578,175.8000030517578,178.99000549316406,176.6014404296875,42390800
2023-10-10,AAPL,178.10000610351562,179.72000122070312,177.9499969482422,178.38999938964844,176.0094757080078,43698000
2023-10-11,AAPL,178.1999969482422,179.85000610351562,177.60000610351562,179.8000030517578,177.40065002441406,47551100
2023-10-12,AAPL,180.07000732421875,182.33999633789062,179.0399932861328,180.7100067138672,178.29847717285156,56743100
2023-10-13,AAPL,181.4199981689453,181.92999267578125,178.13999938964844,178.85000610351562,176.46331787109375,51427100
2023-10-16,AAPL,176.75,179.0800018310547,176.50999450683594,178.72000122070312,176.33505249023438,52517000
2023-10-17,AAPL,176.64999389648438,178.4199981689453,174.8000030517578,177.14999389648438,174.7860107421875,57549400
2023-10-18,AAPL,175.5800018310547,177.5800018310547,175.11000061035156,175.83999633789062,173.49346923828125,54764400
2023-10-19,AAPL,176.0399932861328,177.83999633789062,175.19000244140625,175.4600067138672,173.1185760498047,59302900
2023-10-20,AAPL,175.30999755859375,175.4199981689453,172.63999938964844,172.8800048828125,170.57298278808594,64244000
2023-10-23,AAPL,170.91000366210938,174.00999450683594,169.92999267578125,173.0,170.69139099121094,55980100
2023-10-24,AAPL,173.0500030517578,173.6699981689453,171.4499969482422,173.44000244140625,171.12548828125,43816600
2023-10-25,AAPL,171.8800048828125,173.05999755859375,170.64999389648438,171.10000610351562,168.81675720214844,57157000
2023-10-26,AAPL,170.3699951171875,171.3800048828125,165.6699981689453,166.88999938964844,164.6629180908203,70625300
2023-10-27,AAPL,166.91000366210938,168.9600067138672,166.8300018310547,168.22000122070312,165.9751739501953,58499100
2023-10-30,AAPL,169.02000427246094,171.1699981689453,168.8699951171875,170.2899932861328,168.01751708984375,51131000
2023-10-31,AAPL,169.35000610351562,170.89999389648438,167.89999389648438,170.77000427246094,168.49114990234375,44846000
2023-11-01,AAPL,171.0,174.22999572753906,170.1199951171875,173.97000122070312,171.6484375,56934900
2023-11-02,AAPL,175.52000427246094,177.77999877929688,175.4600067138672,177.57000732421875,175.20042419433594,77334800
2023-11-03,AAPL,174.24000549316406,176.82000732421875,173.35000610351562,176.64999389648438,174.2926483154297,79829200
2023-11-06,AAPL,176.3800048828125,179.42999267578125,176.2100067138672,179.22999572753906,176.83824157714844,63841300
2023-11-07,AAPL,179.17999267578125,182.44000244140625,178.97000122070312,181.82000732421875,179.39369201660156,70530000
2023-11-08,AAPL,182.35000610351562,183.4499969482422,181.58999633789062,182.88999938964844,180.4493865966797,49340300
2023-11-09,AAPL,182.9600067138672,184.1199951171875,181.80999755859375,182.41000366210938,179.97579956054688,53763500
2023-11-10,AAPL,183.97000122070312,186.57000732421875,183.52999877929688,186.39999389648438,184.15484619140625,66133400
2023-11-13,AAPL,185.82000732421875,186.02999877929688,184.2100067138672,184.8000030517578,182.57412719726562,43627500
2023-11-14,AAPL,187.6999969482422,188.11000061035156,186.3000030517578,187.44000244140625,185.1823272705078,60108400
2023-11-15,AAPL,187.85000610351562,189.5,187.77999877929688,188.00999450683594,185.74549865722656,53790500
2023-11-16,AAPL,189.57000732421875,190.9600067138672,188.64999389648438,189.7100067138672,187.4250030517578,54412900
2023-11-17,AAPL,190.25,190.3800048828125,188.57000732421875,189.69000244140625,187.40524291992188,50922700
2023-11-20,AAPL,189.88999938964844,191.91000366210938,189.8800048828125,191.4499969482422,189.14404296875,46505100
2023-11-21,AAPL,191.41000366210938,191.52000427246094,189.74000549316406,190.63999938964844,188.34378051757812,38134500
2023-11-22,AAPL,191.49000549316406,192.92999267578125,190.8300018310547,191.30999755859375,189.00572204589844,39617700
2023-11-24,AAPL,190.8699951171875,190.89999389648438,189.25,189.97000122070312,187.68186950683594,24048300
2023-11-27,AAPL,189.9199981689453,190.6699981689453,188.89999389648438,189.7899932861328,187.50405883789062,40552600
2023-11-28,AAPL,189.77999877929688,191.0800018310547,189.39999389648438,190.39999389648438,188.10667419433594,38415400
2023-11-29,AAPL,190.89999389648438,192.08999633789062,188.97000122070312,189.3699951171875,187.08908081054688,43014200
2023-11-30,AAPL,189.83999633789062,190.32000732421875,188.19000244140625,189.9499969482422,187.66209411621094,48794400
2023-12-01,AAPL,190.3300018310547,191.55999755859375,189.22999572753906,191.24000549316406,188.9365997314453,45704800
2023-12-04,AAPL,189.97999572753906,190.0500030517578,187.4499969482422,189.42999267578125,187.14833068847656,43389500
2023-12-05,AAPL,190.2100067138672,194.39999389648438,190.17999267578125,193.4199981689453,191.0902862548828,66628400
2023-12-06,AAPL,194.4499969482422,194.75999450683594,192.11000061035156,192.32000732421875,190.0035400390625,41089700
2023-12-07,AAPL,193.6300048828125,195.0,193.58999633789062,194.27000427246094,191.9300537109375,47477700
2023-12-08,AAPL,194.1999969482422,195.99000549316406,193.6699981689453,195.7100067138672,193.35275268554688,53406400
2023-12-11,AAPL,193.11000061035156,193.49000549316406,191.4199981689453,193.17999267578125,190.8531951904297,60943700
2023-12-12,AAPL,193.0800018310547,194.72000122070312,191.72000122070312,194.7100067138672,192.36476135253906,52696900
2023-12-13,AAPL,195.08999633789062,198.0,194.85000610351562,197.9600067138672,195.5756378173828,70404200
2023-12-14,AAPL,198.02000427246094,199.6199951171875,196.16000366210938,198.11000061035156,195.72381591796875,66831600
2023-12-15,AAPL,197.52999877929688,198.39999389648438,197.0,197.57000732421875,195.1903533935547,128538400
2023-12-18,AAPL,196.08999633789062,196.6300048828125,194.38999938964844,195.88999938964844,193.5305633544922,55751900
2023-12-19,AAPL,196.16000366210938,196.9499969482422,195.88999938964844,196.94000244140625,194.5679168701172,40714100
2023-12-20,AAPL,196.89999389648438,197.67999267578125,194.8300018310547,194.8300018310547,192.48333740234375,52242800
2023-12-21,AAPL,196.10000610351562,197.0800018310547,193.5,194.67999267578125,192.33514404296875,46482500
2023-12-22,AAPL,195.17999267578125,195.41000366210938,192.97000122070312,193.60000610351562,191.2681121826172,37149600
2023-12-26,AAPL,193.61000061035156,193.88999938964844,192.8300018310547,193.0500030517578,190.72479248046875,28919300
2023-12-27,AAPL,192.49000549316406,193.5,191.08999633789062,193.14999389648438,190.82354736328125,48087700
2023-12-28,AAPL,194.13999938964844,194.66000366210938,193.1699981689453,193.5800018310547,191.24839782714844,34049900
2023-12-29,AAPL,193.89999389648438,194.39999389648438,191.72999572753906,192.52999877929688,190.21102905273438,42672100
2024-01-02,AAPL,187.14999389648438,188.44000244140625,183.88999938964844,185.63999938964844,183.4040069580078,82488700
2024-01-03,AAPL,184.22000122070312,185.8800048828125,183.42999267578125,184.25,182.03076171875,58414500
2024-01-04,AAPL,182.14999389648438,183.08999633789062,180.8800048828125,181.91000366210938,179.71896362304688,71983600
2024-01-05,AAPL,181.99000549316406,182.75999450683594,180.1699981689453,181.17999267578125,178.99774169921875,62379700
2024-01-08,AAPL,182.08999633789062,185.60000610351562,181.5,185.55999755859375,183.32498168945312,59144500
2024-01-09,AAPL,183.9199981689453,185.14999389648438,182.72999572753906,185.13999938964844,182.9100341796875,42841800
2024-01-10,AAPL,184.35000610351562,186.39999389648438,183.9199981689453,186.19000244140625,183.9473876953125,46792900
2024-01-11,AAPL,186.5399932861328,187.0500030517578,183.6199951171875,185.58999633789062,183.3546142578125,49128400
2024-01-12,AAPL,186.05999755859375,186.74000549316406,185.19000244140625,185.9199981689453,183.68060302734375,40477800
2024-01-16,AAPL,182.16000366210938,184.25999450683594,180.92999267578125,183.6300048828125,181.41822814941406,65603000
2024-01-17,AAPL,181.27000427246094,182.92999267578125,180.3000030517578,182.67999267578125,180.4796600341797,47317400
2024-01-18,AAPL,186.08999633789062,189.13999938964844,185.8300018310547,188.6300048828125,186.35800170898438,78005800
2024-01-19,AAPL,189.3300018310547,191.9499969482422,188.82000732421875,191.55999755859375,189.25270080566406,68903000
2024-01-22,AAPL,192.3000030517578,195.3300018310547,192.25999450683594,193.88999938964844,191.55465698242188,60133900
2024-01-23,AAPL,195.02000427246094,195.75,193.8300018310547,195.17999267578125,192.8291015625,42355600
2024-01-24,AAPL,195.4199981689453,196.3800048828125,194.33999633789062,194.5,192.1573028564453,53631300
2024-01-25,AAPL,195.22000122070312,196.27000427246094,193.11000061035156,194.1699981689453,191.83128356933594,54822100
2024-01-26,AAPL,194.27000427246094,194.75999450683594,191.94000244140625,192.4199981689453,190.1023712158203,44594000
2024-01-29,AAPL,192.00999450683594,192.1999969482422,189.5800018310547,191.72999572753906,189.42068481445312,47145600
2024-01-30,AAPL,190.94000244140625,191.8000030517578,187.47000122070312,188.0399932861328,185.7751007080078,55859400
2024-01-31,AAPL,187.0399932861328,187.10000610351562,184.35000610351562,184.39999389648438,182.17892456054688,55467800
2024-02-01,AAPL,183.99000549316406,186.9499969482422,183.82000732421875,186.86000061035156,184.6092987060547,64885400
2024-02-02,AAPL,179.86000061035156,187.3300018310547,179.25,185.85000610351562,183.6114959716797,102551700
2024-02-05,AAPL,188.14999389648438,189.25,185.83999633789062,187.67999267578125,185.41941833496094,69668800
2024-02-06,AAPL,186.86000061035156,189.30999755859375,186.77000427246094,189.3000030517578,187.01995849609375,43490800
2024-02-07,AAPL,190.63999938964844,191.0500030517578,188.61000061035156,189.41000366210938,187.1286163330078,53439000
2024-02-08,AAPL,189.38999938964844,189.5399932861328,187.35000610351562,188.32000732421875,186.05172729492188,40962000
2024-02-09,AAPL,188.64999389648438,189.99000549316406,188.0,188.85000610351562,186.8134307861328,45155200
2024-02-12,AAPL,188.4199981689453,188.6699981689453,186.7899932861328,187.14999389648438,185.13174438476562,41781900
2024-02-13,AAPL,185.77000427246094,186.2100067138672,183.50999450683594,185.0399932861328,183.0445098876953,56529500
2024-02-14,AAPL,185.32000732421875,185.52999877929688,182.44000244140625,184.14999389648438,182.1641082763672,54630500
2024-02-15,AAPL,183.5500030517578,184.49000549316406,181.35000610351562,183.86000061035156,181.87722778320312,65434500
2024-02-16,AAPL,183.4199981689453,184.85000610351562,181.6699981689453,182.30999755859375,180.3439483642578,49752500
2024-02-20,AAPL,181.7899932861328,182.42999267578125,180.0,181.55999755859375,179.60202026367188,53665600
2024-02-21,AAPL,181.94000244140625,182.88999938964844,180.66000366210938,182.32000732421875,180.35386657714844,41371400
2024-02-22,AAPL,183.47999572753906,184.9600067138672,182.4600067138672,184.3699951171875,182.38172912597656,52292200
2024-02-23,AAPL,185.00999450683594,185.0399932861328,182.22999572753906,182.52000427246094,180.5516815185547,45119700
2024-02-26,AAPL,182.24000549316406,182.75999450683594,180.64999389648438,181.16000366210938,179.20635986328125,40867400
2024-02-27,AAPL,181.10000610351562,183.9199981689453,179.55999755859375,182.6300048828125,180.6605224609375,54318900
2024-02-28,AAPL,182.50999450683594,183.1199951171875,180.1300048828125,181.4199981689453,179.46356201171875,48953900
2024-02-29,AAPL,181.27000427246094,182.57000732421875,179.52999877929688,180.75,178.80076599121094,136682600
2024-03-01,AAPL,179.5500030517578,180.52999877929688,177.3800048828125,179.66000366210938,177.7225341796875,73563100
2024-03-04,AAPL,176.14999389648438,176.89999389648438,173.7899932861328,175.10000610351562,173.21173095703125,81510100
2024-03-05,AAPL,170.75999450683594,172.0399932861328,169.6199951171875,170.1199951171875,168.28538513183594,95132400
2024-03-06,AAPL,171.05999755859375,171.24000549316406,168.67999267578125,169.1199951171875,167.2961883544922,68587700
2024-03-07,AAPL,169.14999389648438,170.72999572753906,168.49000549316406,169.0,167.177490234375,71765100
2024-03-08,AAPL,169.0,173.6999969482422,168.94000244140625,170.72999572753906,168.8888397216797,76267000
2024-03-11,AAPL,172.94000244140625,174.3800048828125,172.0500030517578,172.75,170.88702392578125,60139500
2024-03-12,AAPL,173.14999389648438,174.02999877929688,171.00999450683594,173.22999572753906,171.36184692382812,59825400
2024-03-13,AAPL,172.77000427246094,173.19000244140625,170.75999450683594,171.1300048828125,169.28453063964844,52488700
2024-03-14,AAPL,172.91000366210938,174.30999755859375,172.0500030517578,173.0,171.13433837890625,72913500
2024-03-15,AAPL,171.1699981689453,172.6199951171875,170.2899932861328,172.6199951171875,170.75845336914062,121752700
2024-03-18,AAPL,175.57000732421875,177.7100067138672,173.52000427246094,173.72000122070312,171.84657287597656,75604200
2024-03-19,AAPL,174.33999633789062,176.61000061035156,173.02999877929688,176.0800018310547,174.18113708496094,55215200
2024-03-20,AAPL,175.72000122070312,178.6699981689453,175.08999633789062,178.6699981689453,176.74319458007812,53423100
2024-03-21,AAPL,177.0500030517578,177.49000549316406,170.83999633789062,171.3699951171875,169.5219268798828,106181300
2024-03-22,AAPL,171.75999450683594,173.0500030517578,170.05999755859375,172.27999877929688,170.42210388183594,71160100
2024-03-25,AAPL,170.57000732421875,171.94000244140625,169.4499969482422,170.85000610351562,169.00755310058594,54288300
2024-03-26,AAPL,170.0,171.4199981689453,169.5800018310547,169.7100067138672,167.87985229492188,57388400
2024-03-27,AAPL,170.41000366210938,173.60000610351562,170.11000061035156,173.30999755859375,171.44100952148438,60273300
2024-03-28,AAPL,171.75,172.22999572753906,170.50999450683594,171.47999572753906,169.63072204589844,65672700
2024-04-01,AAPL,171.19000244140625,171.25,169.47999572753906,170.02999877929688,168.19638061523438,46240500
2024-04-02,AAPL,169.0800018310547,169.33999633789062,168.22999572753906,168.83999633789062,167.01918029785156,49329500
2024-04-03,AAPL,168.7899932861328,170.67999267578125,168.5800018310547,169.64999389648438,167.82044982910156,47691700
2024-04-04,AAPL,170.2899932861328,171.9199981689453,168.82000732421875,168.82000732421875,166.99945068359375,53704400
2024-04-05,AAPL,169.58999633789062,170.38999938964844,168.9499969482422,169.5800018310547,167.75123596191406,42104800
2024-04-08,AAPL,169.02999877929688,169.1999969482422,168.24000549316406,168.4499969482422,166.63343811035156,37425500
2024-04-09,AAPL,168.6999969482422,170.0800018310547,168.35000610351562,169.6699981689453,167.8402557373047,42373800
2024-04-10,AAPL,168.8000030517578,169.08999633789062,167.11000061035156,167.77999877929688,165.97064208984375,49709300
2024-04-11,AAPL,168.33999633789062,175.4600067138672,168.16000366210938,175.0399932861328,173.15231323242188,91070300
2024-04-12,AAPL,174.25999450683594,178.36000061035156,174.2100067138672,176.5500030517578,174.6460723876953,101670900
2024-04-15,AAPL,175.36000061035156,176.6300048828125,172.5,172.69000244140625,170.8276824951172,73531800
2024-04-16,AAPL,171.75,173.75999450683594,168.27000427246094,169.3800048828125,167.5533905029297,73711200
2024-04-17,AAPL,169.61000061035156,170.64999389648438,168.0,168.0,166.18826293945312,50901200
2024-04-18,AAPL,168.02999877929688,168.63999938964844,166.5500030517578,167.0399932861328,165.23863220214844,43122900
2024-04-19,AAPL,166.2100067138672,166.39999389648438,164.0800018310547,165.0,163.2206268310547,68149400
2024-04-22,AAPL,165.52000427246094,167.25999450683594,164.77000427246094,165.83999633789062,164.05157470703125,48116400
2024-04-23,AAPL,165.35000610351562,167.0500030517578,164.9199981689453,166.89999389648438,165.1001434326172,49537800
2024-04-24,AAPL,166.5399932861328,169.3000030517578,166.2100067138672,169.02000427246094,167.197265625,48251800
2024-04-25,AAPL,169.52999877929688,170.61000061035156,168.14999389648438,169.88999938964844,168.05792236328125,50558300
2024-04-26,AAPL,169.8800048828125,171.33999633789062,169.17999267578125,169.3000030517578,167.47425842285156,44838400
2024-04-29,AAPL,173.3699951171875,176.02999877929688,173.10000610351562,173.5,171.62896728515625,68169400
2024-04-30,AAPL,173.3300018310547,174.99000549316406,170.0,170.3300018310547,168.49313354492188,65934800
2024-05-01,AAPL,169.5800018310547,172.7100067138672,169.11000061035156,169.3000030517578,167.47425842285156,50383100
2024-05-02,AAPL,172.50999450683594,173.4199981689453,170.88999938964844,173.02999877929688,171.1640167236328,94214900
2024-05-03,AAPL,186.64999389648438,187.0,182.66000366210938,183.3800048828125,181.40243530273438,163224100
2024-05-06,AAPL,182.35000610351562,184.1999969482422,180.4199981689453,181.7100067138672,179.75042724609375,78569700
2024-05-07,AAPL,183.4499969482422,184.89999389648438,181.32000732421875,182.39999389648438,180.43295288085938,77305800
2024-05-08,AAPL,182.85000610351562,183.07000732421875,181.4499969482422,182.74000549316406,180.76931762695312,45057100
2024-05-09,AAPL,182.55999755859375,184.66000366210938,182.11000061035156,184.57000732421875,182.57958984375,48983000
2024-05-10,AAPL,184.89999389648438,185.08999633789062,182.1300048828125,183.0500030517578,181.3215789794922,50759500
2024-05-13,AAPL,185.44000244140625,187.10000610351562,184.6199951171875,186.27999877929688,184.52108764648438,72044800
2024-05-14,AAPL,187.50999450683594,188.3000030517578,186.2899932861328,187.42999267578125,185.6602020263672,52393600
2024-05-15,AAPL,187.91000366210938,190.64999389648438,187.3699951171875,189.72000122070312,187.92861938476562,70400000
2024-05-16,AAPL,190.47000122070312,191.10000610351562,189.66000366210938,189.83999633789062,188.0474395751953,52845200
2024-05-17,AAPL,189.50999450683594,190.80999755859375,189.17999267578125,189.8699951171875,188.07716369628906,41282900
2024-05-20,AAPL,189.3300018310547,191.9199981689453,189.00999450683594,191.0399932861328,189.23614501953125,44361300
2024-05-21,AAPL,191.08999633789062,192.72999572753906,190.9199981689453,192.35000610351562,190.53378295898438,42309400
2024-05-22,AAPL,192.27000427246094,192.82000732421875,190.27000427246094,190.89999389648438,189.09744262695312,34648500
2024-05-23,AAPL,190.97999572753906,191.0,186.6300048828125,186.8800048828125,185.1154327392578,51005900
2024-05-24,AAPL,188.82000732421875,190.5800018310547,188.0399932861328,189.97999572753906,188.1861114501953,36327000
2024-05-28,AAPL,191.50999450683594,193.0,189.10000610351562,189.99000549316406,188.196044921875,52280100
2024-05-29,AAPL,189.61000061035156,192.25,189.50999450683594,190.2899932861328,188.49322509765625,53068000
2024-05-30,AAPL,190.75999450683594,192.17999267578125,190.6300048828125,191.2899932861328,189.48373413085938,49889100
2024-05-31,AAPL,191.44000244140625,192.57000732421875,189.91000366210938,192.25,190.4346923828125,75158300
2024-06-03,AAPL,192.89999389648438,194.99000549316406,192.52000427246094,194.02999877929688,192.19790649414062,50080500
2024-06-04,AAPL,194.63999938964844,195.32000732421875,193.02999877929688,194.35000610351562,192.514892578125,47471400
2024-06-05,AAPL,195.39999389648438,196.89999389648438,194.8699951171875,195.8699951171875,194.02052307128906,54156800
2024-06-06,AAPL,195.69000244140625,196.5,194.1699981689453,194.47999572753906,192.64364624023438,41181800
2024-06-07,AAPL,194.64999389648438,196.94000244140625,194.13999938964844,196.88999938964844,195.0308837890625,53103900
2024-06-10,AAPL,196.89999389648438,197.3000030517578,192.14999389648438,193.1199951171875,191.29649353027344,97010200
2024-06-11,AAPL,193.64999389648438,207.16000366210938,193.6300048828125,207.14999389648438,205.1940155029297,172373300
2024-06-12,AAPL,207.3699951171875,220.1999969482422,206.89999389648438,213.07000732421875,211.05812072753906,198134300
2024-06-13,AAPL,214.74000549316406,216.75,211.60000610351562,214.24000549316406,212.21705627441406,97862700
2024-06-14,AAPL,213.85000610351562,215.1699981689453,211.3000030517578,212.49000549316406,210.48361206054688,70122700
2024-06-17,AAPL,213.3699951171875,218.9499969482422,212.72000122070312,216.6699981689453,214.62413024902344,93728300
2024-06-18,AAPL,217.58999633789062,218.6300048828125,213.0,214.2899932861328,212.26658630371094,79943300
2024-06-20,AAPL,213.92999267578125,214.24000549316406,208.85000610351562,209.67999267578125,207.7001190185547,86172500
2024-06-21,AAPL,210.38999938964844,211.88999938964844,207.11000061035156,207.49000549316406,205.53082275390625,241805100
2024-06-24,AAPL,207.72000122070312,212.6999969482422,206.58999633789062,208.13999938964844,206.17466735839844,80727000
2024-06-25,AAPL,209.14999389648438,211.3800048828125,208.61000061035156,209.07000732421875,207.09588623046875,55549700
2024-06-26,AAPL,211.5,214.86000061035156,210.63999938964844,213.25,211.2364044189453,66213200
2024-06-27,AAPL,214.69000244140625,215.74000549316406,212.35000610351562,214.10000610351562,212.07839965820312,49772700
2024-06-28,AAPL,215.77000427246094,216.07000732421875,210.3000030517578,210.6199951171875,208.63124084472656,82542700
2024-07-01,AAPL,212.08999633789062,217.50999450683594,211.9199981689453,216.75,214.70335388183594,60402900
2024-07-02,AAPL,216.14999389648438,220.3800048828125,215.10000610351562,220.27000427246094,218.19012451171875,58046200
2024-07-03,AAPL,220.0,221.5500030517578,219.02999877929688,221.5500030517578,219.4580535888672,37369800
2024-07-05,AAPL,221.64999389648438,226.4499969482422,221.64999389648438,226.33999633789062,224.2028045654297,60412400
2024-07-08,AAPL,227.08999633789062,227.85000610351562,223.25,227.82000732421875,225.66883850097656,59085900
2024-07-09,AAPL,227.92999267578125,229.39999389648438,226.3699951171875,228.67999267578125,226.52072143554688,48076100
2024-07-10,AAPL,229.3000030517578,233.0800018310547,229.25,232.97999572753906,230.78012084960938,62627700
2024-07-11,AAPL,231.38999938964844,232.38999938964844,225.77000427246094,227.57000732421875,225.4212188720703,64710600
2024-07-12,AAPL,228.9199981689453,232.63999938964844,228.67999267578125,230.5399932861328,228.36314392089844,53046500
2024-07-15,AAPL,236.47999572753906,237.22999572753906,233.08999633789062,234.39999389648438,232.18670654296875,62631300
2024-07-16,AAPL,235.0,236.27000427246094,232.3300018310547,234.82000732421875,232.6027374267578,43234300
2024-07-17,AAPL,229.4499969482422,231.4600067138672,226.63999938964844,228.8800048828125,226.71884155273438,57345900
2024-07-18,AAPL,230.27999877929688,230.44000244140625,222.27000427246094,224.17999267578125,222.0631866455078,66034600
2024-07-19,AAPL,224.82000732421875,226.8000030517578,223.27999877929688,224.30999755859375,222.19200134277344,49151500
2024-07-22,AAPL,227.00999450683594,227.77999877929688,223.08999633789062,223.9600067138672,221.84530639648438,48201800
2024-07-23,AAPL,224.3699951171875,226.94000244140625,222.67999267578125,225.00999450683594,222.8853759765625,39960300
2024-07-24,AAPL,224.0,224.8000030517578,217.1300048828125,218.5399932861328,216.47647094726562,61777600
2024-07-25,AAPL,218.92999267578125,220.85000610351562,214.6199951171875,217.49000549316406,215.43637084960938,51391200
2024-07-26,AAPL,218.6999969482422,219.49000549316406,216.00999450683594,217.9600067138672,215.90196228027344,41601300
2024-07-29,AAPL,216.9600067138672,219.3000030517578,215.75,218.24000549316406,216.17930603027344,36311800
2024-07-30,AAPL,219.19000244140625,220.3300018310547,216.1199951171875,218.8000030517578,216.7340087890625,41643800
2024-07-31,AAPL,221.44000244140625,223.82000732421875,220.6300048828125,222.0800018310547,219.9830322265625,50036300
2024-08-01,AAPL,224.3699951171875,224.47999572753906,217.02000427246094,218.36000061035156,216.2981719970703,62501000
2024-08-02,AAPL,219.14999389648438,225.60000610351562,217.7100067138672,219.86000061035156,217.78399658203125,105568600
2024-08-05,AAPL,199.08999633789062,213.5,196.0,209.27000427246094,207.2939910888672,119548600
2024-08-06,AAPL,205.3000030517578,209.99000549316406,201.07000732421875,207.22999572753906,205.2732391357422,69660500
2024-08-07,AAPL,206.89999389648438,213.63999938964844,206.38999938964844,209.82000732421875,207.83880615234375,63516400
2024-08-08,AAPL,213.11000061035156,214.1999969482422,208.8300018310547,213.30999755859375,211.2958526611328,47161100
2024-08-09,AAPL,212.10000610351562,216.77999877929688,211.97000122070312,216.24000549316406,214.1981964111328,42201600
2024-08-12,AAPL,216.07000732421875,219.50999450683594,215.60000610351562,217.52999877929688,215.72543334960938,38028100
2024-08-13,AAPL,219.00999450683594,221.88999938964844,219.00999450683594,221.27000427246094,219.43438720703125,44155300
2024-08-14,AAPL,220.57000732421875,223.02999877929688,219.6999969482422,221.72000122070312,219.8806610107422,41960600
2024-08-15,AAPL,224.60000610351562,225.35000610351562,222.75999450683594,224.72000122070312,222.85574340820312,46414000
2024-08-16,AAPL,223.9199981689453,226.8300018310547,223.64999389648438,226.0500030517578,224.1747283935547,44340200
2024-08-19,AAPL,225.72000122070312,225.99000549316406,223.0399932861328,225.88999938964844,224.01605224609375,40687800
2024-08-20,AAPL,225.77000427246094,227.1699981689453,225.4499969482422,226.50999450683594,224.6309051513672,30299000
2024-08-21,AAPL,226.52000427246094,227.97999572753906,225.0500030517578,226.39999389648438,224.52182006835938,34765500
2024-08-22,AAPL,227.7899932861328,228.33999633789062,223.89999389648438,224.52999877929688,222.66732788085938,43695300
2024-08-23,AAPL,225.66000366210938,228.22000122070312,224.3300018310547,226.83999633789062,224.95819091796875,38677300
2024-08-26,AAPL,226.75999450683594,227.27999877929688,223.88999938964844,227.17999267578125,225.2953643798828,30602200
2024-08-27,AAPL,226.0,228.85000610351562,224.88999938964844,228.02999877929688,226.13832092285156,35934600
2024-08-28,AAPL,227.9199981689453,229.86000061035156,225.67999267578125,226.49000549316406,224.61106872558594,38052200
2024-08-29,AAPL,230.10000610351562,232.9199981689453,228.8800048828125,229.7899932861328,227.88369750976562,51906300
2024-08-30,AAPL,230.19000244140625,230.39999389648438,227.47999572753906,229.0,227.1002655029297,52990800
2024-09-03,AAPL,228.5500030517578,229.0,221.1699981689453,222.77000427246094,220.9219512939453,50190600
2024-09-04,AAPL,221.66000366210938,221.77999877929688,217.47999572753906,220.85000610351562,219.01788330078125,43840200
2024-09-05,AAPL,221.6300048828125,225.47999572753906,221.52000427246094,222.3800048828125,220.53518676757812,36615400
2024-09-06,AAPL,223.9499969482422,225.24000549316406,219.77000427246094,220.82000732421875,218.98812866210938,48423000
2024-09-09,AAPL,220.82000732421875,221.27000427246094,216.7100067138672,220.91000366210938,219.07737731933594,67180000
2024-09-10,AAPL,218.9199981689453,221.47999572753906,216.72999572753906,220.11000061035156,218.2840118408203,51591000
2024-09-11,AAPL,221.4600067138672,223.08999633789062,217.88999938964844,222.66000366210938,220.8128662109375,44587100
2024-09-12,AAPL,222.5,223.5500030517578,219.82000732421875,222.77000427246094,220.9219512939453,37455600
2024-09-13,AAPL,223.5800018310547,224.0399932861328,221.91000366210938,222.5,220.6541748046875,36766600
2024-09-16,AAPL,216.5399932861328,217.22000122070312,213.9199981689453,216.32000732421875,214.52545166015625,59357400
2024-09-17,AAPL,215.75,216.89999389648438,214.5,216.7899932861328,214.99154663085938,45519300
2024-09-18,AAPL,217.5500030517578,222.7100067138672,217.5399932861328,220.69000244140625,218.85919189453125,59894900
2024-09-19,AAPL,224.99000549316406,229.82000732421875,224.6300048828125,228.8699951171875,226.97132873535156,66781300
2024-09-20,AAPL,229.97000122070312,233.08999633789062,227.6199951171875,228.1999969482422,226.306884765625,318679900
2024-09-23,AAPL,227.33999633789062,229.4499969482422,225.80999755859375,226.47000122070312,224.5912628173828,54146000
2024-09-24,AAPL,228.64999389648438,229.35000610351562,225.72999572753906,227.3699951171875,225.48377990722656,43556100
2024-09-25,AAPL,224.92999267578125,227.2899932861328,224.02000427246094,226.3699951171875,224.49205017089844,42308700
2024-09-26,AAPL,227.3000030517578,228.5,225.41000366210938,227.52000427246094,225.6325225830078,36636700
2024-09-27,AAPL,228.4600067138672,229.52000427246094,227.3000030517578,227.7899932861328,225.90028381347656,34026000
2024-09-30,AAPL,230.0399932861328,233.0,229.64999389648438,233.0,231.06707763671875,54541900
2024-10-01,AAPL,229.52000427246094,229.64999389648438,223.74000549316406,226.2100067138672,224.33340454101562,63285000
2024-10-02,AAPL,225.88999938964844,227.3699951171875,223.02000427246094,226.77999877929688,224.89866638183594,32880600
2024-10-03,AAPL,225.13999938964844,226.80999755859375,223.32000732421875,225.6699981689453,223.79788208007812,34044200
2024-10-04,AAPL,227.89999389648438,228.0,224.1300048828125,226.8000030517578,224.91851806640625,37245100
2024-10-07,AAPL,224.5,225.69000244140625,221.3300018310547,221.69000244140625,219.85089111328125,39505400
2024-10-08,AAPL,224.3000030517578,225.97999572753906,223.25,225.77000427246094,223.89707946777344,31855700
2024-10-09,AAPL,225.22999572753906,229.75,224.8300018310547,229.5399932861328,227.63575744628906,33591100
2024-10-10,AAPL,227.77999877929688,229.5,227.1699981689453,229.0399932861328,227.13992309570312,28183500
2024-10-11,AAPL,229.3000030517578,229.41000366210938,227.33999633789062,227.5500030517578,225.66229248046875,31759200
2024-10-14,AAPL,228.6999969482422,231.72999572753906,228.60000610351562,231.3000030517578,229.3811798095703,39882100
2024-10-15,AAPL,233.61000061035156,237.49000549316406,232.3699951171875,233.85000610351562,231.9100341796875,64751400
2024-10-16,AAPL,231.60000610351562,232.1199951171875,229.83999633789062,231.77999877929688,229.85719299316406,34082200
2024-10-17,AAPL,233.42999267578125,233.85000610351562,230.52000427246094,232.14999389648438,230.22412109375,32993800
2024-10-18,AAPL,236.17999267578125,236.17999267578125,234.00999450683594,235.0,233.05050659179688,46431500
2024-10-21,AAPL,234.4499969482422,236.85000610351562,234.4499969482422,236.47999572753906,234.51820373535156,36254500
2024-10-22,AAPL,233.88999938964844,236.22000122070312,232.60000610351562,235.86000061035156,233.90335083007812,38846600
2024-10-23,AAPL,234.0800018310547,235.13999938964844,227.75999450683594,230.75999450683594,228.84567260742188,52287000
2024-10-24,AAPL,229.97999572753906,230.82000732421875,228.41000366210938,230.57000732421875,228.65724182128906,31109500
2024-10-25,AAPL,229.74000549316406,233.22000122070312,229.57000732421875,231.41000366210938,229.4902801513672,38802300
2024-10-28,AAPL,233.32000732421875,234.72999572753906,232.5500030517578,233.39999389648438,231.46376037597656,36087100
2024-10-29,AAPL,233.10000610351562,234.3300018310547,232.32000732421875,233.6699981689453,231.73150634765625,35417200
2024-10-30,AAPL,232.61000061035156,233.47000122070312,229.5500030517578,230.10000610351562,228.191162109375,47070900
2024-10-31,AAPL,229.33999633789062,229.8300018310547,225.3699951171875,225.91000366210938,224.035888671875,64370100
2024-11-01,AAPL,220.97000122070312,225.35000610351562,220.27000427246094,222.91000366210938,221.06077575683594,65276700
2024-11-04,AAPL,220.99000549316406,222.7899932861328,219.7100067138672,222.00999450683594,220.16822814941406,44944500
2024-11-05,AAPL,221.8000030517578,223.9499969482422,221.13999938964844,223.4499969482422,221.59629821777344,28111300
2024-11-06,AAPL,222.61000061035156,226.07000732421875,221.19000244140625,222.72000122070312,220.8723602294922,54561100
2024-11-07,AAPL,224.6300048828125,227.8800048828125,224.57000732421875,227.47999572753906,225.59286499023438,42137700
2024-11-08,AAPL,227.1699981689453,228.66000366210938,226.41000366210938,226.9600067138672,225.3248291015625,38328800
2024-11-11,AAPL,225.0,225.6999969482422,221.5,224.22999572753906,222.61447143554688,42005600
2024-11-12,AAPL,224.5500030517578,225.58999633789062,223.36000061035156,224.22999572753906,222.61447143554688,40398300
2024-11-13,AAPL,224.00999450683594,226.64999389648438,222.75999450683594,225.1199951171875,223.49806213378906,48566200
2024-11-14,AAPL,225.02000427246094,228.8699951171875,225.0,228.22000122070312,226.5757293701172,44923900
2024-11-15,AAPL,226.39999389648438,226.9199981689453,224.27000427246094,225.0,223.37893676757812,47923700
2024-11-18,AAPL,225.25,229.74000549316406,225.1699981689453,228.02000427246094,226.37716674804688,44633700
2024-11-19,AAPL,226.97999572753906,230.16000366210938,226.66000366210938,228.27999877929688,226.63531494140625,36211800
2024-11-20,AAPL,228.05999755859375,229.92999267578125,225.88999938964844,229.0,227.35011291503906,35169600
2024-11-21,AAPL,228.8800048828125,230.16000366210938,225.7100067138672,228.52000427246094,226.87356567382812,42108300
2024-11-22,AAPL,228.05999755859375,230.72000122070312,228.05999755859375,229.8699951171875,228.21383666992188,38168300
2024-11-25,AAPL,231.4600067138672,233.25,229.74000549316406,232.8699951171875,231.19224548339844,90152800
2024-11-26,AAPL,233.3300018310547,235.57000732421875,233.3300018310547,235.05999755859375,233.36647033691406,45986200
2024-11-27,AAPL,234.47000122070312,235.69000244140625,233.80999755859375,234.92999267578125,233.23739624023438,33498400
2024-11-29,AAPL,234.80999755859375,237.80999755859375,233.97000122070312,237.3300018310547,235.62008666992188,28481400
2024-12-02,AAPL,237.27000427246094,240.7899932861328,237.16000366210938,239.58999633789062,237.8638153076172,48137100
2024-12-03,AAPL,239.80999755859375,242.75999450683594,238.89999389648438,242.64999389648438,240.90174865722656,38861000
2024-12-04,AAPL,242.8699951171875,244.11000061035156,241.25,243.00999450683594,241.25917053222656,44383900
2024-12-05,AAPL,243.99000549316406,244.5399932861328,242.1300048828125,243.0399932861328,241.28897094726562,40033900
2024-12-06,AAPL,242.91000366210938,244.6300048828125,242.0800018310547,242.83999633789062,241.09039306640625,36870600
2024-12-09,AAPL,241.8300018310547,247.24000549316406,241.75,246.75,244.9722442626953,44649200
2024-12-10,AAPL,246.88999938964844,248.2100067138672,245.33999633789062,247.77000427246094,245.98487854003906,36914800
2024-12-11,AAPL,247.9600067138672,250.8000030517578,246.25999450683594,246.49000549316406,244.71409606933594,45205800
2024-12-12,AAPL,246.88999938964844,248.74000549316406,245.67999267578125,247.9600067138672,246.1735382080078,32777500
2024-12-13,AAPL,247.82000732421875,249.2899932861328,246.24000549316406,248.1300048828125,246.34230041503906,33155300
2024-12-16,AAPL,247.99000549316406,251.3800048828125,247.64999389648438,251.0399932861328,249.23130798339844,51694800
2024-12-17,AAPL,250.0800018310547,253.8300018310547,249.77999877929688,253.47999572753906,251.6537322998047,51356400
2024-12-18,AAPL,252.16000366210938,254.27999877929688,247.74000549316406,248.0500030517578,246.2628631591797,56774100
2024-12-19,AAPL,247.5,252.0,247.08999633789062,249.7899932861328,247.9903106689453,60882300
2024-12-20,AAPL,248.0399932861328,255.0,245.69000244140625,254.49000549316406,252.65650939941406,147495300
2024-12-23,AAPL,254.77000427246094,255.64999389648438,253.4499969482422,255.27000427246094,253.43087768554688,40858800
2024-12-24,AAPL,255.49000549316406,258.2099914550781,255.2899932861328,258.20001220703125,256.33978271484375,23234700
2024-12-26,AAPL,258.19000244140625,260.1000061035156,257.6300048828125,259.0199890136719,257.1538391113281,27237100
2024-12-27,AAPL,257.8299865722656,258.70001220703125,253.05999755859375,255.58999633789062,253.74855041503906,42355300
2024-12-30,AAPL,252.22999572753906,253.5,250.75,252.1999969482422,250.38296508789062,35557500
2024-12-31,AAPL,252.44000244140625,253.27999877929688,249.42999267578125,250.4199981689453,248.6157989501953,39480700
2025-01-02,AAPL,248.92999267578125,249.10000610351562,241.82000732421875,243.85000610351562,242.09312438964844,55740700
2025-01-03,AAPL,243.36000061035156,244.17999267578125,241.88999938964844,243.36000061035156,241.60665893554688,40244100
2025-01-06,AAPL,244.30999755859375,247.3300018310547,243.1999969482422,245.0,243.23484802246094,45045600
2025-01-07,AAPL,242.97999572753906,245.5500030517578,241.35000610351562,242.2100067138672,240.4649658203125,40856000
2025-01-08,AAPL,241.9199981689453,243.7100067138672,240.0500030517578,242.6999969482422,240.951416015625,37628900
2025-01-10,AAPL,240.00999450683594,240.16000366210938,233.0,236.85000610351562,235.14356994628906,61710900
2025-01-13,AAPL,233.52999877929688,234.6699981689453,229.72000122070312,234.39999389648438,232.71119689941406,49630700
2025-01-14,AAPL,234.75,236.1199951171875,232.47000122070312,233.27999877929688,231.59927368164062,39435300
2025-01-15,AAPL,234.63999938964844,238.9600067138672,234.42999267578125,237.8699951171875,236.1562042236328,39832000
2025-01-16,AAPL,237.35000610351562,238.00999450683594,228.02999877929688,228.25999450683594,226.61546325683594,71759100
2025-01-17,AAPL,232.1199951171875,232.2899932861328,228.47999572753906,229.97999572753906,228.32305908203125,68488300
2025-01-21,AAPL,224.0,224.4199981689453,219.3800048828125,222.63999938964844,221.03594970703125,98070400
2025-01-22,AAPL,219.7899932861328,224.1199951171875,219.7899932861328,223.8300018310547,222.21737670898438,64126500
2025-01-23,AAPL,224.74000549316406,227.02999877929688,222.3000030517578,223.66000366210938,222.048583984375,60234800
2025-01-24,AAPL,224.77999877929688,225.6300048828125,221.41000366210938,222.77999877929688,221.17494201660156,54697900
2025-01-27,AAPL,224.02000427246094,232.14999389648438,223.97999572753906,229.86000061035156,228.20391845703125,94863400
2025-01-28,AAPL,230.85000610351562,240.19000244140625,230.80999755859375,238.25999450683594,236.54339599609375,75707600
2025-01-29,AAPL,234.1199951171875,239.86000061035156,234.00999450683594,239.36000061035156,237.63548278808594,45486100
2025-01-30,AAPL,238.6699981689453,240.7899932861328,237.2100067138672,237.58999633789062,235.87823486328125,55658300
2025-01-31,AAPL,247.19000244140625,247.19000244140625,233.44000244140625,236.0,234.29966735839844,100959800
2025-02-03,AAPL,229.99000549316406,231.8300018310547,225.6999969482422,228.00999450683594,226.3672637939453,73063300
2025-02-04,AAPL,227.25,233.1300048828125,226.64999389648438,232.8000030517578,231.1227264404297,45067300
2025-02-05,AAPL,228.52999877929688,232.6699981689453,228.27000427246094,232.47000122070312,230.79513549804688,39620300
2025-02-06,AAPL,231.2899932861328,233.8000030517578,230.42999267578125,233.22000122070312,231.53973388671875,29925300
2025-02-07,AAPL,232.60000610351562,234.0,227.25999450683594,227.6300048828125,225.989990234375,39707200
2025-02-10,AAPL,229.57000732421875,230.58999633789062,227.1999969482422,227.64999389648438,226.2583465576172,33115600
2025-02-11,AAPL,228.1999969482422,235.22999572753906,228.1300048828125,232.6199951171875,231.1979522705078,53718400
2025-02-12,AAPL,231.1999969482422,236.9600067138672,230.67999267578125,236.8699951171875,235.42196655273438,45243300
2025-02-13,AAPL,236.91000366210938,242.33999633789062,235.57000732421875,241.52999877929688,240.05349731445312,53614100
2025-02-14,AAPL,241.25,245.5500030517578,240.99000549316406,244.60000610351562,243.10470581054688,40896200
2025-02-18,AAPL,244.14999389648438,245.17999267578125,241.83999633789062,244.47000122070312,242.97549438476562,48822500
2025-02-19,AAPL,244.66000366210938,246.00999450683594,243.16000366210938,244.8699951171875,243.373046875,32204200
2025-02-20,AAPL,244.94000244140625,246.77999877929688,244.2899932861328,245.8300018310547,244.32720947265625,32316900
2025-02-21,AAPL,245.9499969482422,248.69000244140625,245.22000122070312,245.5500030517578,244.0489044189453,53197400
2025-02-24,AAPL,244.92999267578125,248.86000061035156,244.4199981689453,247.10000610351562,245.5894317626953,51326400
2025-02-25,AAPL,248.0,250.0,244.91000366210938,247.0399932861328,245.52980041503906,48013300
2025-02-26,AAPL,244.3300018310547,244.97999572753906,239.1300048828125,240.36000061035156,238.890625,44433600
2025-02-27,AAPL,239.41000366210938,242.4600067138672,237.05999755859375,237.3000030517578,235.849365234375,41153600
2025-02-28,AAPL,236.9499969482422,242.08999633789062,230.1999969482422,241.83999633789062,240.36160278320312,56833400
2025-03-03,AAPL,241.7899932861328,244.02999877929688,236.11000061035156,238.02999877929688,236.5748748779297,47184000
2025-03-04,AAPL,237.7100067138672,240.07000732421875,234.67999267578125,235.92999267578125,234.4877166748047,53798100
2025-03-05,AAPL,235.4199981689453,236.5500030517578,229.22999572753906,235.74000549316406,234.29888916015625,47227600
2025-03-06,AAPL,234.44000244140625,237.86000061035156,233.16000366210938,235.3300018310547,233.89138793945312,45170400
2025-03-07,AAPL,235.11000061035156,241.3699951171875,234.75999450683594,239.07000732421875,237.60853576660156,46273600
2025-03-10,AAPL,235.5399932861328,236.16000366210938,224.22000122070312,227.47999572753906,226.08937072753906,72071200
2025-03-11,AAPL,223.80999755859375,225.83999633789062,217.4499969482422,220.83999633789062,219.48995971679688,76137400
2025-03-12,AAPL,220.13999938964844,221.75,214.91000366210938,216.97999572753906,215.653564453125,62547500
2025-03-13,AAPL,215.9499969482422,216.83999633789062,208.4199981689453,209.67999267578125,208.398193359375,61368300
2025-03-14,AAPL,211.25,213.9499969482422,209.5800018310547,213.49000549316406,212.18487548828125,60107600
2025-03-17,AAPL,213.30999755859375,215.22000122070312,209.97000122070312,214.0,212.69178771972656,48073400
2025-03-18,AAPL,214.16000366210938,215.14999389648438,211.49000549316406,212.69000244140625,211.38978576660156,42432400
2025-03-19,AAPL,214.22000122070312,218.75999450683594,213.75,215.24000549316406,213.92420959472656,54385400
2025-03-20,AAPL,213.99000549316406,217.49000549316406,212.22000122070312,214.10000610351562,212.7911834716797,48862900
2025-03-21,AAPL,211.55999755859375,218.83999633789062,211.27999877929688,218.27000427246094,216.9356689453125,94127800
2025-03-24,AAPL,221.0,221.47999572753906,218.5800018310547,220.72999572753906,219.38063049316406,44299500
2025-03-25,AAPL,220.77000427246094,224.10000610351562,220.0800018310547,223.75,222.38218688964844,34493600
2025-03-26,AAPL,223.50999450683594,225.02000427246094,220.47000122070312,221.52999877929688,220.17575073242188,34466100
2025-03-27,AAPL,221.38999938964844,224.99000549316406,220.55999755859375,223.85000610351562,222.48158264160156,37094800
2025-03-28,AAPL,221.6699981689453,223.80999755859375,217.67999267578125,217.89999389648438,216.5679473876953,39818600
2025-03-31,AAPL,217.00999450683594,225.6199951171875,216.22999572753906,222.1300048828125,220.77207946777344,65299300
2025-04-01,AAPL,219.80999755859375,223.67999267578125,218.89999389648438,223.19000244140625,221.82559204101562,36412700
2025-04-02,AAPL,221.32000732421875,225.19000244140625,221.02000427246094,223.88999938964844,222.52130126953125,35905900
2025-04-03,AAPL,205.5399932861328,207.49000549316406,201.25,203.19000244140625,201.94784545898438,103419000
2025-04-04,AAPL,193.88999938964844,199.8800048828125,187.33999633789062,188.3800048828125,187.22840881347656,125910900
2025-04-07,AAPL,177.1999969482422,194.14999389648438,174.6199951171875,181.4600067138672,180.35072326660156,160466300
2025-04-08,AAPL,186.6999969482422,190.33999633789062,169.2100067138672,172.4199981689453,171.365966796875,120859500
2025-04-09,AAPL,171.9499969482422,200.61000061035156,171.88999938964844,198.85000610351562,197.63441467285156,184395900
2025-04-10,AAPL,189.07000732421875,194.77999877929688,183.0,190.4199981689453,189.2559356689453,121880000
2025-04-11,AAPL,186.10000610351562,199.5399932861328,186.05999755859375,198.14999389648438,196.9386749267578,87435900
2025-04-14,AAPL,211.44000244140625,212.94000244140625,201.16000366210938,202.52000427246094,201.28196716308594,101352900
2025-04-15,AAPL,201.86000061035156,203.50999450683594,199.8000030517578,202.13999938964844,200.90428161621094,51343900
2025-04-16,AAPL,198.36000061035156,200.6999969482422,192.3699951171875,194.27000427246094,193.0823974609375,59732400
2025-04-17,AAPL,197.1999969482422,198.8300018310547,194.4199981689453,196.97999572753906,195.77581787109375,52164700
2025-04-21,AAPL,193.27000427246094,193.8000030517578,189.80999755859375,193.16000366210938,191.9791717529297,46742500
2025-04-22,AAPL,196.1199951171875,201.58999633789062,195.97000122070312,199.74000549316406,198.51895141601562,52976400
2025-04-23,AAPL,206.0,208.0,202.8000030517578,204.60000610351562,203.3492431640625,52929200
2025-04-24,AAPL,204.88999938964844,208.8300018310547,202.94000244140625,208.3699951171875,207.09620666503906,47311000
2025-04-25,AAPL,206.3699951171875,209.75,206.1999969482422,209.27999877929688,208.0006103515625,38222300
2025-04-28,AAPL,210.0,211.5,207.4600067138672,210.13999938964844,208.85537719726562,38743100
2025-04-29,AAPL,208.69000244140625,212.24000549316406,208.3699951171875,211.2100067138672,209.91885375976562,36827600
2025-04-30,AAPL,209.3000030517578,213.5800018310547,206.6699981689453,212.5,211.20095825195312,52286500
2025-05-01,AAPL,209.0800018310547,214.55999755859375,208.89999389648438,213.32000732421875,212.01596069335938,57365700
2025-05-02,AAPL,206.08999633789062,206.99000549316406,202.16000366210938,205.35000610351562,204.09466552734375,101010600
2025-05-05,AAPL,203.10000610351562,204.10000610351562,198.2100067138672,198.88999938964844,197.6741485595703,69018500
2025-05-06,AAPL,198.2100067138672,200.64999389648438,197.02000427246094,198.50999450683594,197.2964630126953,51216500
2025-05-07,AAPL,199.1699981689453,199.44000244140625,193.25,196.25,195.05029296875,68536700
2025-05-08,AAPL,197.72000122070312,200.0500030517578,194.67999267578125,197.49000549316406,196.28271484375,50478900
2025-05-09,AAPL,199.0,200.5399932861328,197.5399932861328,198.52999877929688,197.31634521484375,36453900
2025-05-12,AAPL,210.97000122070312,211.27000427246094,206.75,210.7899932861328,209.77613830566406,63775800
2025-05-13,AAPL,210.42999267578125,213.39999389648438,209.0,212.92999267578125,211.9058380126953,51909300
2025-05-14,AAPL,212.42999267578125,213.94000244140625,210.5800018310547,212.3300018310547,211.3087158203125,49325800
2025-05-15,AAPL,210.9499969482422,212.9600067138672,209.5399932861328,211.4499969482422,210.43295288085938,45029500
2025-05-16,AAPL,212.36000061035156,212.57000732421875,209.77000427246094,211.25999450683594,210.24388122558594,54737900
2025-05-19,AAPL,207.91000366210938,209.47999572753906,204.25999450683594,208.77999877929688,207.77581787109375,46140500
2025-05-20,AAPL,207.6699981689453,208.47000122070312,205.02999877929688,206.86000061035156,205.8650360107422,42496600
2025-05-21,AAPL,205.1699981689453,207.0399932861328,200.7100067138672,202.08999633789062,201.11798095703125,59211800
2025-05-22,AAPL,200.7100067138672,202.75,199.6999969482422,201.36000061035156,200.3914794921875,46742400
2025-05-23,AAPL,193.6699981689453,197.6999969482422,193.4600067138672,195.27000427246094,194.33079528808594,78432900
2025-05-27,AAPL,198.3000030517578,200.74000549316406,197.42999267578125,200.2100067138672,199.24703979492188,56288500
2025-05-28,AAPL,200.58999633789062,202.72999572753906,199.89999389648438,200.4199981689453,199.4560089111328,45339700
2025-05-29,AAPL,203.5800018310547,203.80999755859375,198.50999450683594,199.9499969482422,198.98828125,51396800
2025-05-30,AAPL,199.3699951171875,201.9600067138672,196.77999877929688,200.85000610351562,199.8839569091797,70819900
2025-06-02,AAPL,200.27999877929688,202.1300048828125,200.1199951171875,201.6999969482422,200.7298583984375,35423300
2025-06-03,AAPL,201.35000610351562,203.77000427246094,200.9600067138672,203.27000427246094,202.29232788085938,46381600
2025-06-04,AAPL,202.91000366210938,206.24000549316406,202.10000610351562,202.82000732421875,201.844482421875,43604000
2025-06-05,AAPL,203.5,204.75,200.14999389648438,200.6300048828125,199.6649932861328,55126100
2025-06-06,AAPL,203.0,205.6999969482422,202.0500030517578,203.9199981689453,202.93917846679688,46607700
2025-06-09,AAPL,204.38999938964844,206.0,200.02000427246094,201.4499969482422,200.48106384277344,72862600
2025-06-10,AAPL,200.60000610351562,204.35000610351562,200.57000732421875,202.6699981689453,201.69517517089844,54672600
2025-06-11,AAPL,203.5,204.5,198.41000366210938,198.77999877929688,197.82391357421875,60989900
2025-06-12,AAPL,199.0800018310547,199.67999267578125,197.36000061035156,199.1999969482422,198.2418670654297,43904600
2025-06-13,AAPL,199.72999572753906,200.3699951171875,195.6999969482422,196.4499969482422,195.5050811767578,51447300
2025-06-16,AAPL,197.3000030517578,198.69000244140625,196.55999755859375,198.4199981689453,197.4656219482422,43020700
2025-06-17,AAPL,197.1999969482422,198.38999938964844,195.2100067138672,195.63999938964844,194.69898986816406,38856200
2025-06-18,AAPL,195.94000244140625,197.57000732421875,195.07000732421875,196.5800018310547,195.63449096679688,45394700
2025-06-20,AAPL,198.24000549316406,201.6999969482422,196.86000061035156,201.0,200.03323364257812,96813500
2025-06-23,AAPL,201.6300048828125,202.3000030517578,198.9600067138672,201.5,200.5308074951172,55814300
2025-06-24,AAPL,202.58999633789062,203.44000244140625,200.1999969482422,200.3000030517578,199.33657836914062,54064000
2025-06-25,AAPL,201.4499969482422,203.6699981689453,200.6199951171875,201.55999755859375,200.59051513671875,39525700
2025-06-26,AAPL,201.42999267578125,202.63999938964844,199.4600067138672,201.0,200.03323364257812,50799100
2025-06-27,AAPL,201.88999938964844,203.22000122070312,200.0,201.0800018310547,200.1128387451172,73188600
2025-06-30,AAPL,202.00999450683594,207.38999938964844,199.25999450683594,205.1699981689453,204.1831512451172,91912800
2025-07-01,AAPL,206.6699981689453,210.19000244140625,206.13999938964844,207.82000732421875,206.8204345703125,78788900
2025-07-02,AAPL,208.91000366210938,213.33999633789062,208.13999938964844,212.44000244140625,211.418212890625,67941800
2025-07-03,AAPL,212.14999389648438,214.64999389648438,211.80999755859375,213.5500030517578,212.5228729248047,34955800
2025-07-07,AAPL,212.67999267578125,216.22999572753906,208.8000030517578,209.9499969482422,208.94017028808594,50229000
2025-07-08,AAPL,210.10000610351562,211.42999267578125,208.4499969482422,210.00999450683594,208.99989318847656,42848900
2025-07-09,AAPL,209.52999877929688,211.3300018310547,207.22000122070312,211.13999938964844,210.12445068359375,48749400
2025-07-10,AAPL,210.50999450683594,213.47999572753906,210.02999877929688,212.41000366210938,211.3883514404297,44443600
2025-07-11,AAPL,210.57000732421875,212.1300048828125,209.86000061035156,211.16000366210938,210.14434814453125,39765800
2025-07-14,AAPL,209.92999267578125,210.91000366210938,207.5399932861328,208.6199951171875,207.6165771484375,38840100
2025-07-15,AAPL,209.22000122070312,211.88999938964844,208.9199981689453,209.11000061035156,208.10421752929688,42296300
2025-07-16,AAPL,210.3000030517578,212.39999389648438,208.63999938964844,210.16000366210938,209.149169921875,47490500
2025-07-17,AAPL,210.57000732421875,211.8000030517578,209.58999633789062,210.02000427246094,209.0098419189453,48068100
2025-07-18,AAPL,210.8699951171875,211.7899932861328,209.6999969482422,211.17999267578125,210.16424560546875,48974600
2025-07-21,AAPL,212.10000610351562,215.77999877929688,211.6300048828125,212.47999572753906,211.4580078125,51377400
2025-07-22,AAPL,213.13999938964844,214.9499969482422,212.22999572753906,214.39999389648438,213.3687744140625,46404100
2025-07-23,AAPL,215.0,215.14999389648438,212.41000366210938,214.14999389648438,213.11997985839844,46989300
2025-07-24,AAPL,213.89999389648438,215.69000244140625,213.52999877929688,213.75999450683594,212.7318572998047,46022600
2025-07-25,AAPL,214.6999969482422,215.24000549316406,213.39999389648438,213.8800048828125,212.85128784179688,40268800
2025-07-28,AAPL,214.02999877929688,214.85000610351562,213.05999755859375,214.0500030517578,213.02044677734375,37858000
2025-07-29,AAPL,214.17999267578125,214.80999755859375,210.82000732421875,211.27000427246094,210.25381469726562,51411700
2025-07-30,AAPL,211.89999389648438,212.38999938964844,207.72000122070312,209.0500030517578,208.04449462890625,45512500
2025-07-31,AAPL,208.49000549316406,209.83999633789062,207.16000366210938,207.57000732421875,206.57162475585938,80698400
2025-08-01,AAPL,210.8699951171875,213.5800018310547,201.5,202.3800048828125,201.40660095214844,104434500
2025-08-04,AAPL,204.50999450683594,207.8800048828125,201.67999267578125,203.35000610351562,202.37193298339844,75109300
2025-08-05,AAPL,203.39999389648438,205.33999633789062,202.16000366210938,202.9199981689453,201.94400024414062,44155100
2025-08-06,AAPL,205.6300048828125,215.3800048828125,205.58999633789062,213.25,212.2242889404297,108483100
2025-08-07,AAPL,218.8800048828125,220.85000610351562,216.5800018310547,220.02999877929688,218.97171020507812,90224800
2025-08-08,AAPL,220.8300018310547,231.0,219.25,229.35000610351562,228.2468719482422,113854000
2025-08-11,AAPL,227.9199981689453,229.55999755859375,224.75999450683594,227.17999267578125,226.34388732910156,61806100
2025-08-12,AAPL,228.00999450683594,230.8000030517578,227.07000732421875,229.64999389648438,228.80479431152344,55626200
2025-08-13,AAPL,231.07000732421875,235.0,230.42999267578125,233.3300018310547,232.47125244140625,69878500
2025-08-14,AAPL,234.05999755859375,235.1199951171875,230.85000610351562,232.77999877929688,231.9232940673828,51916300
2025-08-15,AAPL,234.0,234.27999877929688,229.33999633789062,231.58999633789062,230.73765563964844,56038700
2025-08-18,AAPL,231.6999969482422,233.1199951171875,230.11000061035156,230.88999938964844,230.04022216796875,37476200
2025-08-19,AAPL,231.27999877929688,232.8699951171875,229.35000610351562,230.55999755859375,229.71145629882812,39402600
2025-08-20,AAPL,229.97999572753906,230.47000122070312,225.77000427246094,226.00999450683594,225.17819213867188,42263900
2025-08-21,AAPL,226.27000427246094,226.52000427246094,223.77999877929688,224.89999389648438,224.07228088378906,30621200
2025-08-22,AAPL,226.1699981689453,229.08999633789062,225.41000366210938,227.75999450683594,226.9217529296875,42477800
2025-08-25,AAPL,226.47999572753906,229.3000030517578,226.22999572753906,227.16000366210938,226.323974609375,30983100
2025-08-26,AAPL,226.8699951171875,229.49000549316406,224.69000244140625,229.30999755859375,228.46603393554688,54575100
2025-08-27,AAPL,228.61000061035156,230.89999389648438,228.25999450683594,230.49000549316406,229.64170837402344,31259500
2025-08-28,AAPL,230.82000732421875,233.41000366210938,229.33999633789062,232.55999755859375,231.70408630371094,38074700
2025-08-29,AAPL,232.50999450683594,233.3800048828125,231.3699951171875,232.13999938964844,231.28564453125,39418400
2025-09-02,AAPL,229.25,230.85000610351562,226.97000122070312,229.72000122070312,228.87454223632812,44075600
2025-09-03,AAPL,237.2100067138672,238.85000610351562,234.36000061035156,238.47000122070312,237.59234619140625,66427800
2025-09-04,AAPL,238.4499969482422,239.89999389648438,236.74000549316406,239.77999877929688,238.89752197265625,47549400
2025-09-05,AAPL,240.0,241.32000732421875,238.49000549316406,239.69000244140625,238.80784606933594,54870400
2025-09-08,AAPL,239.3000030517578,240.14999389648438,236.33999633789062,237.8800048828125,237.0045166015625,48999500
2025-09-09,AAPL,237.0,238.77999877929688,233.36000061035156,234.35000610351562,233.4875030517578,66313900
2025-09-10,AAPL,232.19000244140625,232.4199981689453,225.9499969482422,226.7899932861328,225.95533752441406,83440800
2025-09-11,AAPL,226.8800048828125,230.4499969482422,226.64999389648438,230.02999877929688,229.18341064453125,50208600
2025-09-12,AAPL,229.22000122070312,234.50999450683594,229.02000427246094,234.07000732421875,233.20855712890625,55824200
2025-09-15,AAPL,237.0,238.19000244140625,235.02999877929688,236.6999969482422,235.82884216308594,42699500
2025-09-16,AAPL,237.17999267578125,241.22000122070312,236.32000732421875,238.14999389648438,237.2735137939453,63421100
2025-09-17,AAPL,238.97000122070312,240.10000610351562,237.72999572753906,238.99000549316406,238.1104278564453,46508000
2025-09-18,AAPL,239.97000122070312,241.1999969482422,236.64999389648438,237.8800048828125,237.0045166015625,44249600
2025-09-19,AAPL,241.22999572753906,246.3000030517578,240.2100067138672,245.5,244.59645080566406,163741300
2025-09-22,AAPL,248.3000030517578,256.6400146484375,248.1199951171875,256.0799865722656,255.13751220703125,105517400
2025-09-23,AAPL,255.8800048828125,257.3399963378906,253.5800018310547,254.42999267578125,253.49359130859375,60275200
2025-09-24,AAPL,255.22000122070312,255.74000549316406,251.0399932861328,252.30999755859375,251.38140869140625,42303700
2025-09-25,AAPL,253.2100067138672,257.1700134277344,251.7100067138672,256.8699951171875,255.9246063232422,55202100
2025-09-26,AAPL,254.10000610351562,257.6000061035156,253.77999877929688,255.4600067138672,254.51980590820312,46076300
2025-09-29,AAPL,254.55999755859375,255.0,253.00999450683594,254.42999267578125,253.49359130859375,40127700
2025-09-30,AAPL,254.86000061035156,255.9199981689453,253.11000061035156,254.6300048828125,253.69287109375,37704300
2025-10-01,AAPL,255.0399932861328,258.7900085449219,254.92999267578125,255.4499969482422,254.50985717773438,48713900
2025-10-02,AAPL,256.5799865722656,258.17999267578125,254.14999389648438,257.1300048828125,256.18365478515625,42630200
2025-10-03,AAPL,254.6699981689453,259.239990234375,253.9499969482422,258.0199890136719,257.07037353515625,49155600
2025-10-06,AAPL,257.989990234375,259.07000732421875,255.0500030517578,256.69000244140625,255.7452850341797,44664100
2025-10-07,AAPL,256.80999755859375,257.3999938964844,255.42999267578125,256.4800109863281,255.53607177734375,31955800
2025-10-08,AAPL,256.5199890136719,258.5199890136719,256.1099853515625,258.05999755859375,257.1102294921875,36496900
2025-10-09,AAPL,257.80999755859375,258.0,253.13999938964844,254.0399932861328,253.1050262451172,38322000
2025-10-10,AAPL,254.94000244140625,256.3800048828125,244.0,245.27000427246094,244.3673095703125,61999100
2025-10-13,AAPL,249.3800048828125,249.69000244140625,245.55999755859375,247.66000366210938,246.74851989746094,38142900
2025-10-14,AAPL,246.60000610351562,248.85000610351562,244.6999969482422,247.77000427246094,246.85812377929688,35478000
2025-10-15,AAPL,249.49000549316406,251.82000732421875,247.47000122070312,249.33999633789062,248.4223175048828,33893600
2025-10-16,AAPL,248.25,249.0399932861328,245.1300048828125,247.4499969482422,246.53929138183594,39777000
2025-10-17,AAPL,248.02000427246094,253.3800048828125,247.27000427246094,252.2899932861328,251.36146545410156,49147000
2025-10-20,AAPL,255.88999938964844,264.3800048828125,255.6300048828125,262.239990234375,261.27484130859375,90483000
2025-10-21,AAPL,261.8800048828125,265.2900085449219,261.8299865722656,262.7699890136719,261.8028869628906,46695900
2025-10-22,AAPL,262.6499938964844,262.8500061035156,255.42999267578125,258.45001220703125,257.4988098144531,45015300
2025-10-23,AAPL,259.94000244140625,260.6199951171875,258.010009765625,259.5799865722656,258.6246032714844,32754900
2025-10-24,AAPL,261.19000244140625,264.1300048828125,259.17999267578125,262.82000732421875,261.8527526855469,38253700
2025-10-27,AAPL,264.8800048828125,269.1199951171875,264.6499938964844,268.80999755859375,267.8207092285156,44888200
2025-10-28,AAPL,268.989990234375,269.8900146484375,268.1499938964844,269.0,268.010009765625,41534800
2025-10-29,AAPL,269.2799987792969,271.4100036621094,267.1099853515625,269.70001220703125,268.7074279785156,51086700
2025-10-30,AAPL,271.989990234375,274.1400146484375,268.4800109863281,271.3999938964844,270.4011535644531,69886500
2025-10-31,AAPL,276.989990234375,277.32000732421875,269.1600036621094,270.3699951171875,269.37493896484375,86167100
2025-11-03,AAPL,270.4200134277344,270.8500061035156,266.25,269.04998779296875,268.05975341796875,50194600
2025-11-04,AAPL,268.3299865722656,271.489990234375,267.6199951171875,270.0400085449219,269.0461730957031,49274800
2025-11-05,AAPL,268.6099853515625,271.70001220703125,266.92999267578125,270.1400146484375,269.14581298828125,43683100
2025-11-06,AAPL,267.8900146484375,273.3999938964844,267.8900146484375,269.7699890136719,268.7771301269531,51204000
2025-11-07,AAPL,269.79998779296875,272.2900085449219,266.7699890136719,268.4700012207031,267.48193359375,48227400
2025-11-10,AAPL,268.9599914550781,273.7300109863281,267.4599914550781,269.42999267578125,268.6986083984375,41312400
2025-11-11,AAPL,269.80999755859375,275.9100036621094,269.79998779296875,275.25,274.5028076171875,46208300
2025-11-12,AAPL,275.0,275.7300109863281,271.70001220703125,273.4700012207031,272.7276306152344,48398000
2025-11-13,AAPL,274.1099853515625,276.70001220703125,272.0899963378906,272.95001220703125,272.2090759277344,49602800
2025-11-14,AAPL,271.04998779296875,275.9599914550781,269.6000061035156,272.4100036621094,271.6705017089844,47431300
2025-11-17,AAPL,268.82000732421875,270.489990234375,265.7300109863281,267.4599914550781,266.73394775390625,45018300
2025-11-18,AAPL,269.989990234375,270.7099914550781,265.32000732421875,267.44000244140625,266.71405029296875,45677300
2025-11-19,AAPL,265.5299987792969,272.2099914550781,265.5,268.55999755859375,267.8309631347656,40424500
2025-11-20,AAPL,270.8299865722656,275.42999267578125,265.9200134277344,266.25,265.5272521972656,45823600
2025-11-21,AAPL,265.95001220703125,273.3299865722656,265.6700134277344,271.489990234375,270.75299072265625,59030800
2025-11-24,AAPL,270.8999938964844,277.0,270.8999938964844,275.9200134277344,275.1710205078125,65585800
2025-11-25,AAPL,275.2699890136719,280.3800048828125,275.25,276.9700012207031,276.2181701660156,46914200
2025-11-26,AAPL,276.9599914550781,279.5299987792969,276.6300048828125,277.54998779296875,276.79656982421875,33431400
2025-11-28,AAPL,277.260009765625,279.0,275.989990234375,278.8500061035156,278.0930480957031,20135600
2025-12-01,AAPL,278.010009765625,283.4200134277344,276.1400146484375,283.1000061035156,282.3315124511719,46587700
2025-12-02,AAPL,283.0,287.3999938964844,282.6300048828125,286.19000244140625,285.4131164550781,53669500
2025-12-03,AAPL,286.20001220703125,288.6199951171875,283.29998779296875,284.1499938964844,283.378662109375,43538700
2025-12-04,AAPL,284.1000061035156,284.7300109863281,278.5899963378906,280.70001220703125,279.9380187988281,43989100
2025-12-05,AAPL,280.5400085449219,281.1400146484375,278.04998779296875,278.7799987792969,278.02325439453125,47265800
2025-12-08,AAPL,278.1300048828125,279.6700134277344,276.1499938964844,277.8900146484375,277.1356506347656,38211800
2025-12-09,AAPL,278.1600036621094,280.0299987792969,276.9200134277344,277.17999267578125,276.4275817871094,32193300
2025-12-10,AAPL,277.75,279.75,276.44000244140625,278.7799987792969,278.02325439453125,33038300
2025-12-11,AAPL,279.1000061035156,279.5899963378906,273.80999755859375,278.0299987792969,277.2752685546875,33248000
2025-12-12,AAPL,277.8999938964844,279.2200012207031,276.82000732421875,278.2799987792969,277.5246276855469,39532900
2025-12-15,AAPL,280.1499938964844,280.1499938964844,272.8399963378906,274.1099853515625,273.3658752441406,50409100
2025-12-16,AAPL,272.82000732421875,275.5,271.7900085449219,274.6099853515625,273.8645324707031,37648600
2025-12-17,AAPL,275.010009765625,276.1600036621094,271.6400146484375,271.8399963378906,271.10205078125,50138700
2025-12-18,AAPL,273.6099853515625,273.6300048828125,266.95001220703125,272.19000244140625,271.4511413574219,51630700
2025-12-19,AAPL,272.1499938964844,274.6000061035156,269.8999938964844,273.6700134277344,272.9271240234375,144632000
2025-12-22,AAPL,272.8599853515625,273.8800048828125,270.510009765625,270.9700012207031,270.23443603515625,36571800
2025-12-23,AAPL,270.8399963378906,272.5,269.55999755859375,272.3599853515625,271.62066650390625,29642000
2025-12-24,AAPL,272.3399963378906,275.42999267578125,272.20001220703125,273.80999755859375,273.06671142578125,17910600
2025-12-26,AAPL,274.1600036621094,275.3699951171875,272.8599853515625,273.3999938964844,272.6578063964844,21521800
2025-12-29,AAPL,272.69000244140625,274.3599853515625,272.3500061035156,273.760009765625,273.0168762207031,23715200
2025-12-30,AAPL,272.80999755859375,274.0799865722656,272.2799987792969,273.0799865722656,272.33868408203125,22139600
2025-12-31,AAPL,273.05999755859375,273.67999267578125,271.75,271.8599853515625,271.12200927734375,27293600
2026-01-02,AAPL,272.260009765625,277.8399963378906,269.0,271.010009765625,270.2743225097656,37838100
2026-01-05,AAPL,270.6400146484375,271.510009765625,266.1400146484375,267.260009765625,266.5345153808594,45647200
2026-01-06,AAPL,267.0,267.54998779296875,262.1199951171875,262.3599853515625,261.6477966308594,52352100
2026-01-07,AAPL,263.20001220703125,263.67999267578125,259.80999755859375,260.3299865722656,259.623291015625,48309800
2026-01-08,AAPL,257.0199890136719,259.2900085449219,255.6999969482422,259.0400085449219,258.3368225097656,50419300
2026-01-09,AAPL,259.0799865722656,260.2099914550781,256.2200012207031,259.3699951171875,258.6659240722656,39997000
2026-01-12,AAPL,259.1600036621094,261.29998779296875,256.79998779296875,260.25,259.54351806640625,45263800
2026-01-13,AAPL,258.7200012207031,261.80999755859375,258.3900146484375,261.04998779296875,260.3413391113281,45730800
2026-01-14,AAPL,259.489990234375,261.82000732421875,256.7099914550781,259.9599914550781,259.25433349609375,40019400
2026-01-15,AAPL,260.6499938964844,261.0400085449219,257.04998779296875,258.2099914550781,257.5090637207031,39388600
2026-01-16,AAPL,257.8999938964844,258.8999938964844,254.92999267578125,255.52999877929688,254.8363494873047,72142800
2026-01-20,AAPL,252.72999572753906,254.7899932861328,243.4199981689453,246.6999969482422,246.0303192138672,80267500
2026-01-21,AAPL,248.6999969482422,251.55999755859375,245.17999267578125,247.64999389648438,246.97775268554688,54641700
2026-01-22,AAPL,249.1999969482422,251.0,248.14999389648438,248.35000610351562,247.67584228515625,39708300
2026-01-23,AAPL,247.32000732421875,249.41000366210938,244.67999267578125,248.0399932861328,247.36668395996094,41689000
2026-01-26,AAPL,251.47999572753906,256.55999755859375,249.8000030517578,255.41000366210938,254.7166748046875,55969200
2026-01-27,AAPL,259.1700134277344,261.95001220703125,258.2099914550781,258.2699890136719,257.5688781738281,49648300
2026-01-28,AAPL,257.6499938964844,258.8599853515625,254.50999450683594,256.44000244140625,255.743896484375,41288000
2026-01-29,AAPL,258.0,259.6499938964844,254.41000366210938,258.2799987792969,257.5788879394531,67253000
2026-01-30,AAPL,255.1699981689453,261.8999938964844,252.17999267578125,259.4800109863281,258.775634765625,92443400
2026-02-02,AAPL,260.0299987792969,270.489990234375,259.2099914550781,270.010009765625,269.2770690917969,73913400
2026-02-03,AAPL,269.20001220703125,271.8800048828125,267.6099853515625,269.4800109863281,268.7485046386719,64394700
2026-02-04,AAPL,272.2900085449219,278.95001220703125,272.2900085449219,276.489990234375,275.7394104003906,90545700
2026-02-05,AAPL,278.1300048828125,279.5,273.2300109863281,275.9100036621094,275.1610412597656,52977400
2026-02-06,AAPL,277.1199951171875,280.9100036621094,276.92999267578125,278.1199951171875,277.364990234375,50453400
2026-02-09,AAPL,277.9100036621094,278.20001220703125,271.70001220703125,274.6199951171875,274.13079833984375,44623400
2026-02-10,AAPL,274.8900146484375,275.3699951171875,272.94000244140625,273.67999267578125,273.19244384765625,34376900
2026-02-11,AAPL,274.70001220703125,280.17999267578125,274.45001220703125,275.5,275.00921630859375,51931300
2026-02-12,AAPL,275.5899963378906,275.7200012207031,260.17999267578125,261.7300109863281,261.2637634277344,81077200
2026-02-13,AAPL,262.010009765625,262.2300109863281,255.4499969482422,255.77999877929688,255.32435607910156,56290700
2026-02-17,AAPL,258.04998779296875,266.2900085449219,255.5399932861328,263.8800048828125,263.4099426269531,58469100
2026-02-18,AAPL,263.6000061035156,266.82000732421875,262.45001220703125,264.3500061035156,263.8791198730469,34203300
2026-02-19,AAPL,262.6000061035156,264.4800109863281,260.04998779296875,260.5799865722656,260.11578369140625,30845300
2026-02-20,AAPL,258.9700012207031,264.75,258.1600036621094,264.5799865722656,264.1086730957031,42070500
2026-02-23,AAPL,263.489990234375,269.42999267578125,263.3800048828125,266.17999267578125,265.705810546875,37308200
2026-02-24,AAPL,267.8599853515625,274.8900146484375,267.7099914550781,272.1400146484375,271.6552429199219,47014600
2026-02-25,AAPL,271.7799987792969,274.94000244140625,271.04998779296875,274.2300109863281,273.74151611328125,33714300
2026-02-26,AAPL,274.95001220703125,276.1099853515625,270.79998779296875,272.95001220703125,272.4637756347656,32345100
2026-02-27,AAPL,272.80999755859375,272.80999755859375,262.8900146484375,264.17999267578125,263.70941162109375,72366500
2026-03-02,AAPL,262.4100036621094,266.5299987792969,260.20001220703125,264.7200012207031,264.2484130859375,41827900
2026-03-03,AAPL,263.4800109863281,265.55999755859375,260.1300048828125,263.75,263.2801818847656,38568900
2026-03-04,AAPL,264.6499938964844,266.1499938964844,261.4200134277344,262.5199890136719,262.0523376464844,39803100
2026-03-05,AAPL,260.7900085449219,261.55999755859375,257.25,260.2900085449219,259.8263244628906,49658600
2026-03-06,AAPL,258.6300048828125,258.7699890136719,254.3699951171875,257.4599914550781,257.0013427734375,41120000
2026-03-09,AAPL,255.69000244140625,261.1499938964844,253.67999267578125,259.8800048828125,259.41705322265625,38218500
2026-03-10,AAPL,257.6499938964844,262.4800109863281,256.95001220703125,260.8299865722656,260.3653564453125,30590800
2026-03-11,AAPL,261.0899963378906,262.1300048828125,259.54998779296875,260.80999755859375,260.34539794921875,26218900
2026-03-12,AAPL,258.6600036621094,258.95001220703125,254.17999267578125,255.75999450683594,255.3043975830078,40794000
2026-03-13,AAPL,255.47999572753906,256.3299865722656,249.52000427246094,250.1199951171875,249.6744384765625,36930000
2026-03-16,AAPL,252.11000061035156,253.88999938964844,249.8800048828125,252.82000732421875,252.36964416503906,32074200
2026-03-17,AAPL,252.9600067138672,255.1300048828125,252.17999267578125,254.22999572753906,253.77711486816406,32361600
2026-03-18,AAPL,252.6300048828125,254.94000244140625,249.0,249.94000244140625,249.49476623535156,35757900
2026-03-19,AAPL,249.39999389648438,251.8300018310547,247.3000030517578,248.9600067138672,248.5165252685547,34864100
2026-03-20,AAPL,247.97999572753906,249.1999969482422,246.0,247.99000549316406,247.54823303222656,88331100
2026-03-23,AAPL,253.97000122070312,254.60000610351562,250.27999877929688,251.49000549316406,251.04200744628906,40546100
2026-03-24,AAPL,250.35000610351562,254.8300018310547,249.5500030517578,251.63999938964844,251.1917266845703,45152300
2026-03-25,AAPL,254.10000610351562,255.0,251.60000610351562,252.6199951171875,252.16998291015625,28476700
2026-03-26,AAPL,252.1199951171875,257.0,250.77000427246094,252.88999938964844,252.43951416015625,41796700
2026-03-27,AAPL,253.89999389648438,255.49000549316406,248.07000732421875,248.8000030517578,248.35679626464844,47900000
2026-03-30,AAPL,250.07000732421875,250.8699951171875,245.50999450683594,246.6300048828125,246.19065856933594,39446200
2026-03-31,AAPL,247.91000366210938,255.47999572753906,247.10000610351562,253.7899932861328,253.33790588378906,49598100
2026-04-01,AAPL,254.0800018310547,256.17999267578125,253.3300018310547,255.6300048828125,255.1746368408203,40059400
2026-04-02,AAPL,254.1999969482422,256.1300048828125,250.64999389648438,255.9199981689453,255.464111328125,31289400
2026-04-06,AAPL,256.510009765625,262.1600036621094,256.4599914550781,258.8599853515625,258.39886474609375,29329900
2026-04-07,AAPL,256.1600036621094,256.20001220703125,245.6999969482422,253.5,253.0484161376953,62148000
2026-04-08,AAPL,258.45001220703125,259.75,256.5299987792969,258.8999938964844,258.4388122558594,41032800
2026-04-09,AAPL,259.0,261.1199951171875,256.07000732421875,260.489990234375,260.0259704589844,28121600
2026-04-10,AAPL,259.9800109863281,262.19000244140625,259.0199890136719,260.4800109863281,260.0159912109375,31291500
2026-04-13,AAPL,259.7300109863281,260.17999267578125,256.6600036621094,259.20001220703125,258.73828125,36234700
2026-04-14,AAPL,259.25,261.92999267578125,257.19000244140625,258.8299865722656,258.3689270019531,48370700
2026-04-15,AAPL,258.1600036621094,266.55999755859375,257.80999755859375,266.42999267578125,265.95538330078125,49913500
2026-04-16,AAPL,266.79998779296875,267.1600036621094,261.2699890136719,263.3999938964844,262.9307861328125,43323100
2026-04-17,AAPL,266.9599914550781,272.29998779296875,266.7200012207031,270.2300109863281,269.7486267089844,61436200
2026-04-20,AAPL,270.3299865722656,274.2799987792969,270.2900085449219,273.04998779296875,272.5635681152344,36590200
2026-04-21,AAPL,271.5,272.79998779296875,265.3999938964844,266.1700134277344,265.69586181640625,50209800
2026-04-22,AAPL,267.82000732421875,273.739990234375,266.8699951171875,273.1700134277344,272.68341064453125,43249200
2026-04-23,AAPL,275.04998779296875,275.7699890136719,271.6499938964844,273.42999267578125,272.9429016113281,33399600
2026-04-24,AAPL,272.760009765625,273.05999755859375,269.6499938964844,271.05999755859375,270.5771179199219,38157100
2026-04-27,AAPL,266.0899963378906,268.3599853515625,265.07000732421875,267.6099853515625,267.1332702636719,41466800
2026-04-28,AAPL,272.3399963378906,273.2300109863281,268.6600036621094,270.7099914550781,270.2277526855469,40018900
2026-04-29,AAPL,267.54998779296875,271.0400085449219,267.0400085449219,270.1700134277344,269.688720703125,30047900
2026-04-30,AAPL,270.5,276.0,268.1400146484375,271.3500061035156,270.86663818359375,91848200
2026-05-01,AAPL,278.8599853515625,287.2200012207031,278.3699951171875,280.1400146484375,279.6409912109375,79915400
2026-05-04,AAPL,279.6600036621094,280.6300048828125,274.8599853515625,276.8299865722656,276.3368225097656,46668400
2026-05-05,AAPL,276.92999267578125,284.57000732421875,276.5,284.17999267578125,283.67376708984375,49311700
2026-05-06,AAPL,281.9200134277344,288.0299987792969,281.07000732421875,287.510009765625,286.99786376953125,58336100
2026-05-07,AAPL,289.2699890136719,292.1300048828125,285.7799987792969,287.44000244140625,286.927978515625,45224300
2026-05-08,AAPL,290.010009765625,294.760009765625,290.0,293.32000732421875,292.7974853515625,52692800
2026-05-11,AAPL,291.9800109863281,293.8800048828125,290.2300109863281,292.67999267578125,292.42779541015625,42247300
2026-05-12,AAPL,292.55999755859375,295.2699890136719,292.55999755859375,294.79998779296875,294.54595947265625,45748100
2026-05-13,AAPL,293.5,300.9200134277344,293.5,298.8699951171875,298.6124572753906,52684300
2026-05-14,AAPL,299.82000732421875,300.45001220703125,295.3800048828125,298.2099914550781,297.9530334472656,35324900
2026-05-15,AAPL,297.8999938964844,303.20001220703125,296.5199890136719,300.2300109863281,299.9713134765625,54862800
2026-05-18,AAPL,300.239990234375,300.6600036621094,294.9100036621094,297.8399963378906,297.5833435058594,34483000
2026-05-19,AAPL,296.9700012207031,300.510009765625,296.3500061035156,298.9700012207031,298.7123718261719,42243600
2026-05-20,AAPL,298.17999267578125,302.79998779296875,298.0799865722656,302.25,301.98956298828125,38229800
2026-05-21,AAPL,301.05999755859375,305.5400085449219,300.3999938964844,304.989990234375,304.7271728515625,42965100
2026-05-22,AAPL,306.1199951171875,311.3999938964844,305.8399963378906,308.82000732421875,308.55389404296875,43670200
2026-05-26,AAPL,309.55999755859375,311.82000732421875,307.6700134277344,308.3299865722656,308.0643005371094,48000500
2026-05-27,AAPL,308.3299865722656,313.260009765625,308.29998779296875,310.8500061035156,310.5821533203125,50430900
2026-05-28,AAPL,310.67999267578125,312.79998779296875,309.57000732421875,312.510009765625,312.24072265625,48220400
2026-05-29,AAPL,311.7799987792969,315.0,309.5299987792969,312.05999755859375,311.7911071777344,70026800
2026-06-01,AAPL,309.6300048828125,310.94000244140625,305.0199890136719,306.30999755859375,306.0460510253906,48849900
2026-06-02,AAPL,307.4599914550781,315.45001220703125,306.69000244140625,315.20001220703125,314.92840576171875,44534700
2026-06-03,AAPL,314.17999267578125,316.94000244140625,308.8500061035156,310.260009765625,309.9926452636719,50836700
2026-06-04,AAPL,313.2300109863281,313.5400085449219,309.6499938964844,311.2300109863281,310.9618225097656,44869100
2026-06-05,AAPL,312.8599853515625,315.1700134277344,307.1499938964844,307.3399963378906,307.0751647949219,65310500
2026-06-08,AAPL,308.739990234375,317.3999938964844,301.1700134277344,301.5400085449219,301.2801818847656,77949100
2026-06-09,AAPL,300.2799987792969,300.75,287.7799987792969,290.54998779296875,290.29962158203125,70108800
2026-06-10,AAPL,290.739990234375,294.75,287.3800048828125,291.5799865722656,291.3287353515625,52793300
2026-06-11,AAPL,293.7200012207031,297.0,289.5899963378906,295.6300048828125,295.375244140625,42572500
2026-06-12,AAPL,296.0299987792969,297.1400146484375,289.6199951171875,291.1300048828125,290.879150390625,38742100
2026-06-15,AAPL,294.1199951171875,297.7799987792969,291.70001220703125,296.4200134277344,296.1645812988281,45732600
2026-06-16,AAPL,295.25,300.4800109863281,293.9700012207031,299.239990234375,298.9821472167969,39874400
2026-06-17,AAPL,300.8500061035156,302.07000732421875,294.3599853515625,295.95001220703125,295.6949768066406,42745100
2026-06-18,AAPL,298.1099853515625,300.57000732421875,295.6199951171875,298.010009765625,297.7532043457031,85962200
2026-06-22,AAPL,297.30999755859375,302.4200134277344,296.760009765625,297.010009765625,296.75408935546875,44879900
2026-06-23,AAPL,297.5400085449219,301.6400146484375,294.17999267578125,294.29998779296875,294.04638671875,52010900
2026-06-24,AAPL,295.3599853515625,299.70001220703125,292.94000244140625,293.0799865722656,292.8274230957031,53081900
2026-06-25,AAPL,287.3999938964844,288.79998779296875,273.75,275.1499938964844,274.91290283203125,107013700
2026-06-26,AAPL,275.0,285.95001220703125,274.2099914550781,283.7799987792969,283.53546142578125,261775500
2026-06-29,AAPL,286.7300109863281,288.3699951171875,279.8500061035156,281.739990234375,281.4972229003906,66427000
2026-06-30,AAPL,281.1700134277344,289.94000244140625,280.70001220703125,289.3599853515625,289.11065673828125,65100200
2026-07-01,AAPL,293.44000244140625,296.5899963378906,289.20001220703125,294.3800048828125,294.1263427734375,50164200
2026-07-02,AAPL,294.1199951171875,309.4200134277344,293.67999267578125,308.6300048828125,308.3640441894531,75352800
2026-07-06,AAPL,307.3599853515625,314.20001220703125,307.0,312.6600036621094,312.3905944824219,53590000
2026-07-07,AAPL,315.2900085449219,315.4800109863281,310.1499938964844,310.6600036621094,310.3923034667969,42490000
2026-07-08,AAPL,311.9100036621094,314.82000732421875,307.04998779296875,313.3900146484375,313.1199645996094,41323500
2026-07-09,AAPL,310.510009765625,316.5299987792969,308.1600036621094,316.2200012207031,315.947509765625,48124500
2026-07-10,AAPL,314.7200012207031,316.9100036621094,312.1700134277344,315.32000732421875,315.0483093261719,34132300
2026-07-13,AAPL,317.0199890136719,323.45001220703125,315.7799987792969,317.30999755859375,317.03656005859375,43257800
2026-07-14,AAPL,313.760009765625,316.19000244140625,311.9100036621094,314.8599853515625,314.58868408203125,36336800
2026-07-15,AAPL,317.6199951171875,328.7300109863281,317.32000732421875,327.5,327.2178039550781,60957600
2026-07-16,AAPL,328.010009765625,334.67999267578125,326.7900085449219,333.260009765625,332.97283935546875,62970600
2026-07-17,AAPL,331.9800109863281,334.989990234375,329.0,333.739990234375,333.452392578125,63407100
2026-07-20,AAPL,333.510009765625,333.7099914550781,323.67999267578125,326.5899963378906,326.3085632324219,53468000
2026-07-21,AAPL,323.1300048828125,329.6000061035156,322.2200012207031,327.739990234375,327.45758056640625,41338900
2026-07-22,AAPL,327.8699951171875,329.0,323.3399963378906,325.8900146484375,325.60919189453125,38755900
2026-07-23,AAPL,321.7300109863281,323.29998779296875,319.3500061035156,321.6600036621094,321.3828430175781,40840800
2026-07-24,AAPL,321.7900085449219,334.3699951171875,321.6199951171875,333.0199890136719,332.7330322265625,47489400
2026-07-27,AAPL,334.5400085449219,339.57000732421875,334.0199890136719,336.9100036621094,336.61968994140625,49604300
2026-07-28,AAPL,340.0299987792969,342.8900146484375,335.6000061035156,340.0799865722656,339.78692626953125,51859000
2026-07-29,AAPL,339.7300109863281,344.57000732421875,337.3500061035156,338.19000244140625,337.8985900878906,56090800
2026-07-30,AAPL,333.1000061035156,334.75,329.5899963378906,333.42999267578125,333.1426696777344,74817800
2026-07-31,AAPL,304.80999755859375,310.69000244140625,300.0,308.9100036621094,308.6438293457031,132489100
2026-08-03,AAPL,309.5799865722656,311.79998779296875,302.55999755859375,303.4200134277344,303.1585693359375,75052000
2026-08-04,AAPL,302.7300109863281,310.4200134277344,301.32000732421875,309.3800048828125,309.1134033203125,68001000
2026-08-05,AAPL,309.3599853515625,311.7099914550781,305.6700134277344,311.0,310.7320251464844,49438800
2026-08-06,AAPL,314.3399963378906,316.2900085449219,309.2300109863281,312.4100036621094,312.14080810546875,46139900
2026-08-07,AAPL,311.45001220703125,314.80999755859375,310.739990234375,313.3299865722656,313.05999755859375,34437200
2026-08-10,AAPL,306.8299865722656,308.260009765625,304.6099853515625,308.260009765625,308.260009765625,44812500
2026-08-11,AAPL,307.75,309.9700012207031,302.7900085449219,304.9100036621094,304.9100036621094,37476700
2026-08-12,AAPL,305.1000061035156,305.6600036621094,300.57000732421875,302.25,302.25,41657800
2026-08-13,AAPL,304.2099914550781,306.0,302.04998779296875,305.260009765625,305.260009765625,40349300
2026-08-14,AAPL,306.0,307.489990234375,304.29998779296875,305.92999267578125,305.92999267578125,28229400
2026-08-17,AAPL,306.2099914550781,307.6600036621094,302.94000244140625,305.5899963378906,305.5899963378906,38169300
2026-08-18,AAPL,307.5799865722656,311.489990234375,305.739990234375,310.0299987792969,310.0299987792969,53424500
2026-08-19,AAPL,310.1400146484375,319.2799987792969,309.6000061035156,316.8299865722656,316.8299865722656,50505600
2026-08-20,AAPL,317.4599914550781,320.2799987792969,310.6499938964844,311.29998779296875,311.29998779296875,40959200
2026-08-21,AAPL,312.04998779296875,312.3800048828125,307.010009765625,309.3500061035156,309.3500061035156,46876800
2026-08-24,AAPL,311.4700012207031,313.3599853515625,309.9700012207031,310.3399963378906,310.3399963378906,34673600
2026-08-25,AAPL,310.7900085449219,313.5899963378906,308.2099914550781,309.8999938964844,309.8999938964844,25869800
2026-08-26,AAPL,310.29998779296875,315.42999267578125,308.79998779296875,313.45001220703125,313.45001220703125,34024500
2026-08-27,AAPL,310.54998779296875,315.3999938964844,309.3999938964844,314.5799865722656,314.5799865722656,32419200
2026-08-28,AAPL,316.8500061035156,322.3699951171875,315.45001220703125,319.70001220703125,319.70001220703125,38649400
2026-08-31,AAPL,319.6000061035156,321.239990234375,312.79998779296875,316.8500061035156,316.8500061035156,41242700
2026-09-01,AAPL,316.9800109863281,327.29998779296875,314.7300109863281,325.1300048828125,325.1300048828125,53167400
2026-09-02,AAPL,326.8699951171875,328.3999938964844,323.5299987792969,324.9599914550781,324.9599914550781,33776400
2026-09-03,AAPL,324.8699951171875,330.80999755859375,324.1099853515625,328.2099914550781,328.2099914550781,37225800
2026-09-04,AAPL,328.30999755859375,328.92999267578125,317.8599853515625,319.9700012207031,319.9700012207031,39606900
2026-09-08,AAPL,317.1000061035156,320.70001220703125,314.8999938964844,316.2200012207031,316.2200012207031,35477100
2026-09-09,AAPL,315.489990234375,319.1499938964844,309.8999938964844,315.3399963378906,315.3399963378906,65640000
2026-09-10,AAPL,316.6700134277344,326.739990234375,316.510009765625,326.57000732421875,326.57000732421875,70011900
2026-09-11,AAPL,327.45001220703125,336.2200012207031,326.29998779296875,332.2699890136719,332.2699890136719,50716900
2026-09-14,AAPL,334.7900085449219,335.5,331.3399963378906,333.0799865722656,333.0799865722656,39269100
2026-09-15,AAPL,330.1400146484375,331.7799987792969,328.3500061035156,331.3399963378906,331.3399963378906,31748200
2026-09-16,AAPL,332.5299987792969,335.4800109863281,330.70001220703125,332.4100036621094,332.4100036621094,35981000
2026-09-17,AAPL,334.7699890136719,338.3399963378906,330.17999267578125,337.0,337.0,36700200
2026-09-18,AAPL,337.9100036621094,338.489990234375,332.5299987792969,336.1300048828125,336.1300048828125,86588200
2026-09-21,AAPL,335.2799987792969,339.6400146484375,333.04998779296875,338.9800109863281,338.9800109863281,34999200
2026-09-22,AAPL,340.3299865722656,345.3399963378906,338.75,,,40599377
2021-01-04,MSFT,222.52999877929688,223.0,214.80999755859375,217.69000244140625,207.5653533935547,37130100
2021-01-05,MSFT,217.25999450683594,218.52000427246094,215.6999969482422,217.89999389648438,207.7655792236328,23823000
2021-01-06,MSFT,212.1699981689453,216.49000549316406,211.94000244140625,212.25,202.37838745117188,35930700
2021-01-07,MSFT,214.0399932861328,219.33999633789062,213.7100067138672,218.2899932861328,208.1374969482422,27694500
2021-01-08,MSFT,218.67999267578125,220.5800018310547,217.02999877929688,219.6199951171875,209.4055633544922,22956200
2021-01-11,MSFT,218.47000122070312,218.91000366210938,216.72999572753906,217.49000549316406,207.37464904785156,23031300
2021-01-12,MSFT,216.5,217.10000610351562,213.32000732421875,214.92999267578125,204.93373107910156,23249300
2021-01-13,MSFT,214.02000427246094,216.75999450683594,213.92999267578125,216.33999633789062,206.27816772460938,20087100
2021-01-14,MSFT,215.91000366210938,217.4600067138672,212.74000549316406,213.02000427246094,203.11257934570312,29480800
2021-01-15,MSFT,213.52000427246094,214.50999450683594,212.02999877929688,212.64999389648438,202.75979614257812,31746500
2021-01-19,MSFT,213.75,216.97999572753906,212.6300048828125,216.44000244140625,206.37353515625,30480900
2021-01-20,MSFT,217.6999969482422,225.7899932861328,217.2899932861328,224.33999633789062,213.9060821533203,37777300
2021-01-21,MSFT,224.6999969482422,226.3000030517578,222.4199981689453,224.97000122070312,214.5067596435547,30709400
2021-01-22,MSFT,227.0800018310547,230.07000732421875,225.8000030517578,225.9499969482422,215.44117736816406,30172700
2021-01-25,MSFT,229.1199951171875,229.77999877929688,224.22000122070312,229.52999877929688,218.85470581054688,33152100
2021-01-26,MSFT,231.86000061035156,234.17999267578125,230.0800018310547,232.3300018310547,221.52450561523438,49169600
2021-01-27,MSFT,238.0,240.44000244140625,230.13999938964844,232.89999389648438,222.06793212890625,69870600
2021-01-28,MSFT,235.61000061035156,242.63999938964844,235.08999633789062,238.92999267578125,227.81752014160156,49111200
2021-01-29,MSFT,235.99000549316406,238.02000427246094,231.35000610351562,231.9600067138672,221.1717071533203,42503100
2021-02-01,MSFT,235.05999755859375,242.5,232.42999267578125,239.64999389648438,228.5040283203125,33314200
2021-02-02,MSFT,241.3000030517578,242.30999755859375,238.69000244140625,239.50999450683594,228.37051391601562,25916300
2021-02-03,MSFT,239.57000732421875,245.08999633789062,239.25999450683594,243.0,231.69822692871094,27158100
2021-02-04,MSFT,242.66000366210938,243.24000549316406,240.3699951171875,242.00999450683594,230.75428771972656,25296100
2021-02-05,MSFT,242.22999572753906,243.27999877929688,240.4199981689453,242.1999969482422,230.93544006347656,18054800
2021-02-08,MSFT,243.14999389648438,243.67999267578125,240.80999755859375,242.47000122070312,231.19284057617188,22211900
2021-02-09,MSFT,241.8699951171875,244.75999450683594,241.3800048828125,243.77000427246094,232.4324188232422,23565000
2021-02-10,MSFT,245.0,245.9199981689453,240.88999938964844,242.82000732421875,231.52664184570312,22186700
2021-02-11,MSFT,244.77999877929688,245.14999389648438,242.14999389648438,244.49000549316406,233.1189422607422,15751100
2021-02-12,MSFT,243.92999267578125,245.3000030517578,242.72999572753906,244.99000549316406,233.5956573486328,16561100
2021-02-16,MSFT,245.02999877929688,246.1300048828125,242.9199981689453,243.6999969482422,232.3656768798828,26728500
2021-02-17,MSFT,241.32000732421875,244.30999755859375,240.94000244140625,244.1999969482422,233.3787078857422,21653500
2021-02-18,MSFT,241.8000030517578,243.92999267578125,240.86000061035156,243.7899932861328,232.9868621826172,16925600
2021-02-19,MSFT,243.75,243.86000061035156,240.17999267578125,240.97000122070312,230.29180908203125,25262600
2021-02-22,MSFT,237.4199981689453,237.92999267578125,232.39999389648438,234.50999450683594,224.11810302734375,36446900
2021-02-23,MSFT,230.3300018310547,234.8300018310547,228.72999572753906,233.27000427246094,222.93304443359375,30228700
2021-02-24,MSFT,230.00999450683594,235.1999969482422,229.0,234.5500030517578,224.1562957763672,26339700
2021-02-25,MSFT,232.0800018310547,234.58999633789062,227.8800048828125,228.99000549316406,218.84271240234375,39542200
2021-02-26,MSFT,231.52999877929688,235.3699951171875,229.5399932861328,232.3800048828125,222.0824737548828,37819200
2021-03-01,MSFT,235.89999389648438,237.47000122070312,233.14999389648438,236.94000244140625,226.44039916992188,25324000
2021-03-02,MSFT,237.00999450683594,237.3000030517578,233.4499969482422,233.8699951171875,223.50640869140625,22812500
2021-03-03,MSFT,232.16000366210938,233.5800018310547,227.25999450683594,227.55999755859375,217.47604370117188,34029500
2021-03-04,MSFT,226.74000549316406,232.49000549316406,224.25999450683594,226.72999572753906,216.68283081054688,44727800
2021-03-05,MSFT,229.52000427246094,233.27000427246094,226.4600067138672,231.60000610351562,221.33705139160156,41872800
2021-03-08,MSFT,231.3699951171875,233.3699951171875,227.1300048828125,227.38999938964844,217.31358337402344,35267400
2021-03-09,MSFT,232.8800048828125,235.3800048828125,231.6699981689453,233.77999877929688,223.4204864501953,33080500
2021-03-10,MSFT,237.0,237.0,232.0399932861328,232.4199981689453,222.1207275390625,29746800
2021-03-11,MSFT,234.9600067138672,239.1699981689453,234.30999755859375,237.1300048828125,226.6220245361328,29907600
2021-03-12,MSFT,234.00999450683594,235.82000732421875,233.22999572753906,235.75,225.30316162109375,22653700
2021-03-15,MSFT,234.9600067138672,235.19000244140625,231.80999755859375,234.80999755859375,224.4048309326172,26034900
2021-03-16,MSFT,236.27999877929688,240.05999755859375,235.94000244140625,237.7100067138672,227.1763153076172,28092200
2021-03-17,MSFT,236.14999389648438,238.5500030517578,233.22999572753906,237.0399932861328,226.53599548339844,29562100
2021-03-18,MSFT,232.55999755859375,234.19000244140625,230.3300018310547,230.72000122070312,220.4960479736328,34833000
2021-03-19,MSFT,231.02000427246094,232.47000122070312,229.35000610351562,230.35000610351562,220.14242553710938,46430700
2021-03-22,MSFT,230.27000427246094,236.89999389648438,230.13999938964844,235.99000549316406,225.5325164794922,30127000
2021-03-23,MSFT,237.49000549316406,241.0500030517578,237.07000732421875,237.5800018310547,227.0520782470703,31638400
2021-03-24,MSFT,237.85000610351562,238.0,235.32000732421875,235.4600067138672,225.02603149414062,25620100
2021-03-25,MSFT,235.3000030517578,236.94000244140625,231.57000732421875,232.33999633789062,222.04421997070312,34061900
2021-03-26,MSFT,231.5500030517578,236.7100067138672,231.5500030517578,236.47999572753906,226.0007781982422,25479900
2021-03-29,MSFT,236.58999633789062,236.8000030517578,231.8800048828125,235.24000549316406,224.81576538085938,25227500
2021-03-30,MSFT,233.52999877929688,233.85000610351562,231.10000610351562,231.85000610351562,221.5759735107422,24792000
2021-03-31,MSFT,232.91000366210938,239.10000610351562,232.38999938964844,235.77000427246094,225.32223510742188,43623500
2021-04-01,MSFT,238.47000122070312,242.83999633789062,238.0500030517578,242.35000610351562,231.6106719970703,30338000
2021-04-05,MSFT,242.75999450683594,249.9600067138672,242.6999969482422,249.07000732421875,238.0328826904297,36910600
2021-04-06,MSFT,247.61000061035156,249.39999389648438,246.8800048828125,247.86000061035156,236.87648010253906,22931900
2021-04-07,MSFT,247.80999755859375,250.92999267578125,247.19000244140625,249.89999389648438,238.82608032226562,22719800
2021-04-08,MSFT,252.77000427246094,254.13999938964844,252.0,253.25,242.0276641845703,23625200
2021-04-09,MSFT,252.8699951171875,255.99000549316406,252.44000244140625,255.85000610351562,244.51243591308594,24326800
2021-04-12,MSFT,254.7100067138672,257.6700134277344,254.6199951171875,255.91000366210938,244.5697479248047,27148700
2021-04-13,MSFT,257.260009765625,259.19000244140625,256.8299865722656,258.489990234375,247.03546142578125,23837500
2021-04-14,MSFT,257.4800109863281,258.8299865722656,255.16000366210938,255.58999633789062,244.2639617919922,23070900
2021-04-15,MSFT,257.92999267578125,259.92999267578125,257.7300109863281,259.5,248.00071716308594,25627500
2021-04-16,MSFT,259.4700012207031,261.0,257.6000061035156,260.739990234375,249.18576049804688,24878600
2021-04-19,MSFT,260.19000244140625,261.4800109863281,257.82000732421875,258.739990234375,247.2743377685547,23209300
2021-04-20,MSFT,257.82000732421875,260.20001220703125,256.8399963378906,258.260009765625,246.81568908691406,19722900
2021-04-21,MSFT,258.94000244140625,260.67999267578125,257.25,260.5799865722656,249.03285217285156,24030400
2021-04-22,MSFT,260.2099914550781,261.7799987792969,255.63999938964844,257.1700134277344,245.77395629882812,25606200
2021-04-23,MSFT,257.8800048828125,261.510009765625,257.2699890136719,261.1499938964844,249.57754516601562,21462600
2021-04-26,MSFT,261.6600036621094,262.44000244140625,260.1700134277344,261.54998779296875,249.9599151611328,19763300
2021-04-27,MSFT,261.5799865722656,263.19000244140625,260.1199951171875,261.9700012207031,250.3612823486328,31014200
2021-04-28,MSFT,256.0799865722656,256.5400085449219,252.9499969482422,254.55999755859375,243.27955627441406,46903100
2021-04-29,MSFT,255.4600067138672,256.1000061035156,249.0,252.50999450683594,241.32046508789062,40589000
2021-04-30,MSFT,249.74000549316406,253.0800018310547,249.60000610351562,252.17999267578125,241.00506591796875,30945100
2021-05-03,MSFT,253.39999389648438,254.35000610351562,251.1199951171875,251.86000061035156,240.69921875,19626600
2021-05-04,MSFT,250.97000122070312,251.2100067138672,245.75999450683594,247.7899932861328,236.80958557128906,32756100
2021-05-05,MSFT,249.05999755859375,249.5,245.82000732421875,246.47000122070312,235.54811096191406,21901300
2021-05-06,MSFT,246.4499969482422,249.86000061035156,244.69000244140625,249.72999572753906,238.6636199951172,26491100
2021-05-07,MSFT,252.14999389648438,254.3000030517578,251.1699981689453,252.4600067138672,241.2726593017578,27032900
2021-05-10,MSFT,250.8699951171875,251.72999572753906,247.1199951171875,247.17999267578125,236.2266387939453,29299900
2021-05-11,MSFT,244.5500030517578,246.60000610351562,242.57000732421875,246.22999572753906,235.31871032714844,33641600
2021-05-12,MSFT,242.1699981689453,244.3800048828125,238.07000732421875,239.0,228.40914916992188,36684400
2021-05-13,MSFT,241.8000030517578,245.60000610351562,241.4199981689453,243.02999877929688,232.26052856445312,29624300
2021-05-14,MSFT,245.5800018310547,249.17999267578125,245.49000549316406,248.14999389648438,237.1536407470703,23901100
2021-05-17,MSFT,246.5500030517578,246.58999633789062,243.52000427246094,245.17999267578125,234.3152618408203,24970200
2021-05-18,MSFT,246.27000427246094,246.41000366210938,242.89999389648438,243.0800018310547,232.30836486816406,20168000
2021-05-19,MSFT,239.30999755859375,243.22999572753906,238.60000610351562,243.1199951171875,232.88302612304688,25739800
2021-05-20,MSFT,243.9600067138672,247.9499969482422,243.86000061035156,246.47999572753906,236.10157775878906,21800700
2021-05-21,MSFT,247.57000732421875,248.3300018310547,244.74000549316406,245.1699981689453,234.8467254638672,21863100
2021-05-24,MSFT,247.7899932861328,251.16000366210938,247.50999450683594,250.77999877929688,240.22052001953125,21411500
2021-05-25,MSFT,251.77000427246094,252.75,250.82000732421875,251.72000122070312,241.12095642089844,17704300
2021-05-26,MSFT,251.42999267578125,252.94000244140625,250.75,251.49000549316406,240.90065002441406,17771600
2021-05-27,MSFT,251.1699981689453,251.47999572753906,249.25,249.30999755859375,238.8124237060547,24426200
2021-05-28,MSFT,251.0,252.0800018310547,249.55999755859375,249.67999267578125,239.16680908203125,18270200
2021-06-01,MSFT,251.22999572753906,251.2899932861328,246.9600067138672,247.39999389648438,236.9828643798828,23213300
2021-06-02,MSFT,248.1300048828125,249.27000427246094,245.83999633789062,247.3000030517578,236.8870849609375,19406700
2021-06-03,MSFT,245.22000122070312,246.33999633789062,243.0,245.7100067138672,235.36402893066406,25307700
2021-06-04,MSFT,247.75999450683594,251.64999389648438,247.50999450683594,250.7899932861328,240.23011779785156,25281100
2021-06-07,MSFT,249.97999572753906,254.08999633789062,249.80999755859375,253.80999755859375,243.1229248046875,23079200
2021-06-08,MSFT,255.16000366210938,256.010009765625,252.50999450683594,252.57000732421875,241.9351348876953,22455000
2021-06-09,MSFT,253.80999755859375,255.52999877929688,253.2100067138672,253.58999633789062,242.91213989257812,17937600
2021-06-10,MSFT,254.2899932861328,257.4599914550781,253.6699981689453,257.239990234375,246.4084930419922,24563600
2021-06-11,MSFT,257.989990234375,258.489990234375,256.6099853515625,257.8900146484375,247.0311737060547,18999700
2021-06-14,MSFT,257.8999938964844,259.95001220703125,256.79998779296875,259.8900146484375,248.9469757080078,19150500
2021-06-15,MSFT,259.7699890136719,259.989990234375,257.67999267578125,258.3599853515625,247.4813690185547,18038900
2021-06-16,MSFT,259.3999938964844,260.5799865722656,254.4199981689453,257.3800048828125,246.54257202148438,27220000
2021-06-17,MSFT,256.07000732421875,261.75,256.010009765625,260.8999938964844,249.91439819335938,27565500
2021-06-18,MSFT,259.6300048828125,262.29998779296875,258.75,259.42999267578125,248.50636291503906,37202200
2021-06-21,MSFT,259.82000732421875,263.5199890136719,257.9200134277344,262.6300048828125,251.5716094970703,26696100
2021-06-22,MSFT,262.7200012207031,265.7900085449219,262.3999938964844,265.510009765625,254.33033752441406,24694100
2021-06-23,MSFT,265.989990234375,266.8299865722656,264.42999267578125,265.2699890136719,254.1004180908203,19518700
2021-06-24,MSFT,266.1600036621094,267.8500061035156,265.4700012207031,266.69000244140625,255.46063232421875,21446900
2021-06-25,MSFT,266.2300109863281,267.25,264.760009765625,265.0199890136719,253.86094665527344,25611100
2021-06-28,MSFT,266.19000244140625,268.8999938964844,265.9100036621094,268.7200012207031,257.4051513671875,19590000
2021-06-29,MSFT,268.8699951171875,271.6499938964844,267.9800109863281,271.3999938964844,259.9722900390625,19937800
2021-06-30,MSFT,270.69000244140625,271.3599853515625,269.6000061035156,270.8999938964844,259.4933166503906,21656500
2021-07-01,MSFT,269.6099853515625,271.8399963378906,269.6000061035156,271.6000061035156,260.1639099121094,16725300
2021-07-02,MSFT,272.82000732421875,278.0,272.5,277.6499938964844,265.9590759277344,26458000
2021-07-06,MSFT,278.0299987792969,279.3699951171875,274.29998779296875,277.6600036621094,265.96875,31565600
2021-07-07,MSFT,279.3999938964844,280.69000244140625,277.1499938964844,279.92999267578125,268.14306640625,23260000
2021-07-08,MSFT,276.8999938964844,278.7300109863281,274.8699951171875,277.4200134277344,265.73883056640625,24618600
2021-07-09,MSFT,275.7200012207031,278.04998779296875,275.32000732421875,277.94000244140625,266.2369384765625,23916700
2021-07-12,MSFT,279.1600036621094,279.7699890136719,276.5799865722656,277.32000732421875,265.6430358886719,18931700
2021-07-13,MSFT,277.5199890136719,282.8500061035156,277.3900146484375,280.9800109863281,269.14892578125,26120100
2021-07-14,MSFT,282.3500061035156,283.6600036621094,280.54998779296875,282.510009765625,270.614501953125,23113700
2021-07-15,MSFT,282.0,282.510009765625,279.8299865722656,281.0299987792969,269.1968078613281,22604200
2021-07-16,MSFT,282.07000732421875,284.1000061035156,279.4599914550781,280.75,268.9286804199219,26186800
2021-07-19,MSFT,278.92999267578125,280.3699951171875,274.45001220703125,277.010009765625,265.3460998535156,32935600
2021-07-20,MSFT,278.0299987792969,280.9700012207031,276.260009765625,279.32000732421875,267.55877685546875,26259700
2021-07-21,MSFT,278.8999938964844,281.5199890136719,277.2900085449219,281.3999938964844,269.5512390136719,24364300
2021-07-22,MSFT,283.8399963378906,286.4200134277344,283.4200134277344,286.1400146484375,274.09161376953125,23384100
2021-07-23,MSFT,287.3699951171875,289.989990234375,286.5,289.6700134277344,277.4730224609375,22768100
2021-07-26,MSFT,289.0,289.69000244140625,286.6400146484375,289.04998779296875,276.8791198730469,23176100
2021-07-27,MSFT,289.42999267578125,289.5799865722656,282.95001220703125,286.5400085449219,274.474853515625,33604100
2021-07-28,MSFT,288.989990234375,290.1499938964844,283.8299865722656,286.2200012207031,274.16827392578125,33566900
2021-07-29,MSFT,286.239990234375,288.6199951171875,286.0799865722656,286.5,274.4364013671875,18168300
2021-07-30,MSFT,285.1700134277344,286.6600036621094,283.9100036621094,284.9100036621094,272.9134826660156,20944800
2021-08-02,MSFT,286.3599853515625,286.7699890136719,283.739990234375,284.82000732421875,272.8271789550781,16267400
2021-08-03,MSFT,285.4200134277344,287.2300109863281,284.0,287.1199951171875,275.03033447265625,17879000
2021-08-04,MSFT,286.2200012207031,287.5899963378906,284.6499938964844,286.510009765625,274.4460754394531,16191300
2021-08-05,MSFT,286.8800048828125,289.6300048828125,286.1000061035156,289.5199890136719,277.3293762207031,13900200
2021-08-06,MSFT,288.510009765625,289.5,287.6199951171875,289.4599914550781,277.2718200683594,16589300
2021-08-09,MSFT,289.75,291.54998779296875,287.80999755859375,288.3299865722656,276.1894226074219,16117600
2021-08-10,MSFT,288.79998779296875,289.25,285.20001220703125,286.44000244140625,274.3789978027344,18616600
2021-08-11,MSFT,287.2099914550781,288.6600036621094,285.8599853515625,286.95001220703125,274.8675537109375,13955900
2021-08-12,MSFT,286.6300048828125,289.9700012207031,286.3399963378906,289.80999755859375,277.6071472167969,14561300
2021-08-13,MSFT,289.4800109863281,292.8999938964844,289.29998779296875,292.8500061035156,280.5191650390625,18249000
2021-08-16,MSFT,293.19000244140625,294.82000732421875,290.0199890136719,294.6000061035156,282.19537353515625,22507600
2021-08-17,MSFT,292.3900146484375,293.42999267578125,291.0799865722656,293.0799865722656,280.7393493652344,20075300
2021-08-18,MSFT,292.0400085449219,294.82000732421875,290.2699890136719,290.7300109863281,279.0215148925781,21813000
2021-08-19,MSFT,288.69000244140625,297.4700012207031,288.6400146484375,296.7699890136719,284.81829833984375,29850500
2021-08-20,MSFT,299.7200012207031,305.8399963378906,298.05999755859375,304.3599853515625,292.1025695800781,40817600
2021-08-23,MSFT,303.25,305.3999938964844,301.8500061035156,304.6499938964844,292.3809814453125,22830200
2021-08-24,MSFT,305.0199890136719,305.6499938964844,302.0,302.6199951171875,290.4326171875,18175800
2021-08-25,MSFT,304.29998779296875,304.5899963378906,300.4200134277344,302.010009765625,289.84722900390625,20006100
2021-08-26,MSFT,300.989990234375,302.42999267578125,298.95001220703125,299.0899963378906,287.0447998046875,17666100
2021-08-27,MSFT,298.989990234375,300.8699951171875,296.8299865722656,299.7200012207031,287.6494445800781,22605700
2021-08-30,MSFT,301.1199951171875,304.2200012207031,301.05999755859375,303.5899963378906,291.3636169433594,16348100
2021-08-31,MSFT,304.4200134277344,304.5,301.5,301.8800048828125,289.722412109375,26285300
2021-09-01,MSFT,302.8699951171875,305.19000244140625,301.489990234375,301.8299865722656,289.6744384765625,18983800
2021-09-02,MSFT,302.20001220703125,303.3599853515625,300.17999267578125,301.1499938964844,289.02191162109375,16285600
2021-09-03,MSFT,300.989990234375,302.6000061035156,300.260009765625,301.1400146484375,289.01220703125,14747900
2021-09-07,MSFT,301.010009765625,301.0899963378906,298.20001220703125,300.17999267578125,288.09088134765625,17180400
2021-09-08,MSFT,299.7799987792969,300.6099853515625,297.4700012207031,300.2099914550781,288.11968994140625,15046800
2021-09-09,MSFT,300.82000732421875,302.1400146484375,297.0,297.25,285.2789611816406,19927000
2021-09-10,MSFT,298.4200134277344,299.9200134277344,295.3800048828125,295.7099914550781,283.80096435546875,19633400
2021-09-13,MSFT,297.54998779296875,298.5400085449219,294.0799865722656,296.989990234375,285.02935791015625,23652900
2021-09-14,MSFT,299.55999755859375,301.3900146484375,298.1000061035156,299.7900085449219,287.7166442871094,21853400
2021-09-15,MSFT,303.260009765625,305.32000732421875,301.82000732421875,304.82000732421875,292.54412841796875,28356300
2021-09-16,MSFT,303.760009765625,305.30999755859375,300.760009765625,305.2200012207031,292.9279479980469,19550800
2021-09-17,MSFT,304.1700134277344,304.5,299.5299987792969,299.8699951171875,287.7934265136719,41372500
2021-09-20,MSFT,296.3299865722656,298.7200012207031,289.5199890136719,294.29998779296875,282.4476623535156,38278700
2021-09-21,MSFT,295.69000244140625,297.5400085449219,294.07000732421875,294.79998779296875,282.9276123046875,22364100
2021-09-22,MSFT,296.7300109863281,300.2200012207031,294.510009765625,298.5799865722656,286.5553283691406,26626300
2021-09-23,MSFT,298.8500061035156,300.8999938964844,297.5299987792969,299.55999755859375,287.4958801269531,18604600
2021-09-24,MSFT,298.2300109863281,299.79998779296875,296.92999267578125,299.3500061035156,287.2944030761719,14999000
2021-09-27,MSFT,296.1400146484375,296.4700012207031,292.94000244140625,294.1700134277344,282.3230285644531,23571700
2021-09-28,MSFT,289.79998779296875,290.7799987792969,282.75,283.5199890136719,272.10186767578125,43186200
2021-09-29,MSFT,285.1000061035156,286.7699890136719,283.010009765625,284.0,272.56256103515625,26353700
2021-09-30,MSFT,285.7099914550781,287.8299865722656,281.6199951171875,281.9200134277344,270.5663757324219,32343600
2021-10-01,MSFT,282.1199951171875,289.9800109863281,281.2900085449219,289.1000061035156,277.4571533203125,30086300
2021-10-04,MSFT,287.3999938964844,287.75,280.25,283.1099853515625,271.70843505859375,31350700
2021-10-05,MSFT,284.04998779296875,290.3999938964844,284.04998779296875,288.760009765625,277.130859375,24993000
2021-10-06,MSFT,285.7799987792969,293.6300048828125,285.510009765625,293.1099853515625,281.30560302734375,28002600
2021-10-07,MSFT,295.17999267578125,296.6400146484375,293.9200134277344,294.8500061035156,282.9755859375,20430500
2021-10-08,MSFT,296.2200012207031,296.6400146484375,293.760009765625,294.8500061035156,282.9755859375,17685700
2021-10-11,MSFT,292.9200134277344,297.9700012207031,292.75,294.2300109863281,282.38055419921875,19298600
2021-10-12,MSFT,295.3399963378906,295.44000244140625,292.3500061035156,292.8800048828125,281.0849609375,17974100
2021-10-13,MSFT,294.9100036621094,297.2799987792969,293.489990234375,296.30999755859375,284.37677001953125,23416300
2021-10-14,MSFT,299.2099914550781,303.2699890136719,297.8299865722656,302.75,290.5574035644531,27262900
2021-10-15,MSFT,302.3399963378906,304.45001220703125,300.5199890136719,304.2099914550781,291.9586181640625,25384800
2021-10-18,MSFT,303.57000732421875,308.2099914550781,302.69000244140625,307.2900085449219,294.9145202636719,22729300
2021-10-19,MSFT,308.3500061035156,309.29998779296875,307.2200012207031,308.2300109863281,295.81683349609375,17682100
2021-10-20,MSFT,309.2099914550781,309.70001220703125,306.1099853515625,307.4100036621094,295.02978515625,16537100
2021-10-21,MSFT,307.1700134277344,311.0199890136719,306.3599853515625,310.760009765625,298.2448425292969,16918100
2021-10-22,MSFT,310.3999938964844,311.0899963378906,307.79998779296875,309.1600036621094,296.7091979980469,17449300
2021-10-25,MSFT,309.3599853515625,309.3999938964844,306.4599914550781,308.1300048828125,295.7207946777344,17554500
2021-10-26,MSFT,311.0,312.3999938964844,308.6000061035156,310.1099853515625,297.62103271484375,28107300
2021-10-27,MSFT,316.0,326.1000061035156,316.0,323.1700134277344,310.15509033203125,52588700
2021-10-28,MSFT,324.3299865722656,324.8699951171875,321.3599853515625,324.3500061035156,311.28753662109375,26297900
2021-10-29,MSFT,324.1300048828125,332.0,323.8999938964844,331.6199951171875,318.2647399902344,34766000
2021-11-01,MSFT,331.3599853515625,331.489990234375,326.3699951171875,329.3699951171875,316.1053771972656,27073200
2021-11-02,MSFT,330.30999755859375,333.45001220703125,330.0,333.1300048828125,319.71392822265625,26487100
2021-11-03,MSFT,333.8999938964844,334.8999938964844,330.6499938964844,334.0,320.5489807128906,21500100
2021-11-04,MSFT,332.8900146484375,336.5400085449219,329.510009765625,336.44000244140625,322.89068603515625,23992200
2021-11-05,MSFT,338.510009765625,338.7900085449219,334.4200134277344,336.05999755859375,322.52593994140625,22570100
2021-11-08,MSFT,337.29998779296875,337.6499938964844,334.44000244140625,336.989990234375,323.41851806640625,20897000
2021-11-09,MSFT,337.1099853515625,338.7200012207031,334.5299987792969,335.95001220703125,322.42041015625,21307400
2021-11-10,MSFT,334.57000732421875,334.6300048828125,329.9200134277344,330.79998779296875,317.477783203125,25500900
2021-11-11,MSFT,331.25,333.7699890136719,330.510009765625,332.42999267578125,319.0422058105469,16849800
2021-11-12,MSFT,333.9200134277344,337.2300109863281,333.7900085449219,336.7200012207031,323.15936279296875,23831000
2021-11-15,MSFT,337.5400085449219,337.8800048828125,334.0299987792969,336.07000732421875,322.5355529785156,16723000
2021-11-16,MSFT,335.67999267578125,340.6700134277344,335.510009765625,339.510009765625,325.8370361328125,20886800
2021-11-17,MSFT,338.94000244140625,342.19000244140625,338.0,339.1199951171875,326.0581359863281,19053400
2021-11-18,MSFT,338.17999267578125,342.45001220703125,337.1199951171875,341.2699890136719,328.1253662109375,22463500
2021-11-19,MSFT,342.6400146484375,345.1000061035156,342.20001220703125,343.1099853515625,329.8944396972656,21963400
2021-11-22,MSFT,344.6199951171875,349.6700134277344,339.54998779296875,339.8299865722656,326.7408142089844,31031100
2021-11-23,MSFT,337.04998779296875,339.45001220703125,333.55999755859375,337.67999267578125,324.6735534667969,30427600
2021-11-24,MSFT,336.2799987792969,338.1600036621094,333.9100036621094,337.9100036621094,324.89471435546875,21661300
2021-11-26,MSFT,334.3500061035156,337.92999267578125,328.1199951171875,329.67999267578125,316.9817810058594,24217200
2021-11-29,MSFT,334.94000244140625,339.0299987792969,334.739990234375,336.6300048828125,323.66412353515625,28563500
2021-11-30,MSFT,335.32000732421875,337.7799987792969,328.989990234375,330.5899963378906,317.8567199707031,42885600
2021-12-01,MSFT,335.1300048828125,339.2799987792969,329.3900146484375,330.0799865722656,317.3663330078125,33337600
2021-12-02,MSFT,330.29998779296875,333.489990234375,327.79998779296875,329.489990234375,316.799072265625,30766000
2021-12-03,MSFT,331.989990234375,332.70001220703125,318.0299987792969,323.010009765625,310.5686340332031,41779300
2021-12-06,MSFT,323.95001220703125,327.45001220703125,319.2300109863281,326.19000244140625,313.62615966796875,30032600
2021-12-07,MSFT,331.6400146484375,335.79998779296875,330.1000061035156,334.9200134277344,322.0198974609375,31021900
2021-12-08,MSFT,335.30999755859375,335.5,330.79998779296875,334.9700012207031,322.068115234375,24761000
2021-12-09,MSFT,334.4100036621094,336.489990234375,332.1199951171875,333.1000061035156,320.2700500488281,22214200
2021-12-10,MSFT,334.9800109863281,343.0,334.7900085449219,342.5400085449219,329.3464050292969,38095700
2021-12-13,MSFT,340.67999267578125,343.7900085449219,339.0799865722656,339.3999938964844,326.3273620605469,28899400
2021-12-14,MSFT,333.2200012207031,334.6400146484375,324.1099853515625,328.3399963378906,315.69329833984375,44438700
2021-12-15,MSFT,328.6099853515625,335.19000244140625,324.5,334.6499938964844,321.7602844238281,35381100
2021-12-16,MSFT,335.7099914550781,336.760009765625,323.0199890136719,324.8999938964844,312.3858642578125,35034800
2021-12-17,MSFT,320.8800048828125,324.9200134277344,317.25,323.79998779296875,311.3282165527344,47750300
2021-12-20,MSFT,320.04998779296875,322.79998779296875,317.57000732421875,319.9100036621094,307.5880432128906,28326500
2021-12-21,MSFT,323.2900085449219,327.7300109863281,319.79998779296875,327.2900085449219,314.6838684082031,24740600
2021-12-22,MSFT,328.29998779296875,333.6099853515625,325.75,333.20001220703125,320.3661193847656,24831500
2021-12-23,MSFT,332.75,336.3900146484375,332.7300109863281,334.69000244140625,321.7987365722656,19617800
2021-12-27,MSFT,335.4599914550781,342.4800109863281,335.42999267578125,342.45001220703125,329.2598876953125,19947000
2021-12-28,MSFT,343.1499938964844,343.80999755859375,340.32000732421875,341.25,328.10614013671875,15661500
2021-12-29,MSFT,341.29998779296875,344.29998779296875,339.67999267578125,341.95001220703125,328.7791442871094,15042000
2021-12-30,MSFT,341.9100036621094,343.1300048828125,338.82000732421875,339.32000732421875,326.25042724609375,15994500
2021-12-31,MSFT,338.510009765625,339.3599853515625,335.8500061035156,336.32000732421875,323.3660583496094,18000800
2022-01-03,MSFT,335.3500061035156,338.0,329.7799987792969,334.75,321.8564758300781,28865100
2022-01-04,MSFT,334.8299865722656,335.20001220703125,326.1199951171875,329.010009765625,316.3375244140625,32674300
2022-01-05,MSFT,325.8599853515625,326.07000732421875,315.9800109863281,316.3800048828125,304.1939697265625,40054300
2022-01-06,MSFT,313.1499938964844,318.70001220703125,311.489990234375,313.8800048828125,301.7902526855469,39646100
2022-01-07,MSFT,314.1499938964844,316.5,310.0899963378906,314.0400085449219,301.9441833496094,32720000
2022-01-10,MSFT,309.489990234375,314.7200012207031,304.69000244140625,314.2699890136719,302.165283203125,44289500
2022-01-11,MSFT,313.3800048828125,316.6099853515625,309.8900146484375,314.9800109863281,302.84796142578125,29386800
2022-01-12,MSFT,319.6700134277344,323.4100036621094,317.0799865722656,318.2699890136719,306.01123046875,34372200
2022-01-13,MSFT,320.4700012207031,320.8800048828125,304.0,304.79998779296875,293.06005859375,45366000
2022-01-14,MSFT,304.25,310.82000732421875,303.75,310.20001220703125,298.2520446777344,39846400
2022-01-18,MSFT,304.07000732421875,309.79998779296875,301.739990234375,302.6499938964844,290.99285888671875,42333200
2022-01-19,MSFT,306.2900085449219,313.9100036621094,302.70001220703125,303.3299865722656,291.64666748046875,45933900
2022-01-20,MSFT,309.07000732421875,311.6499938964844,301.1400146484375,301.6000061035156,289.9832763671875,35380700
2022-01-21,MSFT,302.69000244140625,304.1099853515625,295.6099853515625,296.0299987792969,284.62786865234375,57984400
2022-01-24,MSFT,292.20001220703125,297.1099853515625,276.04998779296875,296.3699951171875,284.9547424316406,85731500
2022-01-25,MSFT,291.5199890136719,294.989990234375,285.1700134277344,288.489990234375,277.3782958984375,72848600
2022-01-26,MSFT,307.989990234375,308.5,293.0299987792969,296.7099914550781,285.2816467285156,90428900
2022-01-27,MSFT,302.6600036621094,307.29998779296875,297.92999267578125,299.8399963378906,288.2911071777344,53481300
2022-01-28,MSFT,300.2300109863281,308.4800109863281,294.45001220703125,308.260009765625,296.3868408203125,49743700
2022-01-31,MSFT,308.95001220703125,312.3800048828125,306.3699951171875,310.9800109863281,299.0020446777344,46444500
2022-02-01,MSFT,310.4100036621094,310.6300048828125,305.1300048828125,308.760009765625,296.86749267578125,40950400
2022-02-02,MSFT,309.6300048828125,315.1199951171875,308.8800048828125,313.4599914550781,301.3865051269531,36636000
2022-02-03,MSFT,309.489990234375,311.2300109863281,299.9599914550781,301.25,289.64678955078125,43730000
2022-02-04,MSFT,300.2099914550781,308.79998779296875,299.9700012207031,305.94000244140625,294.1561584472656,35096500
2022-02-07,MSFT,306.1700134277344,307.8399963378906,299.8999938964844,300.95001220703125,289.3583679199219,28533300
2022-02-08,MSFT,301.25,305.55999755859375,299.95001220703125,304.55999755859375,292.829345703125,32421200
2022-02-09,MSFT,309.8699951171875,311.92999267578125,307.3900146484375,311.2099914550781,299.2231750488281,31284700
2022-02-10,MSFT,304.0400085449219,309.1199951171875,300.70001220703125,302.3800048828125,290.7332763671875,45386200
2022-02-11,MSFT,303.19000244140625,304.2900085449219,294.2200012207031,295.0400085449219,283.67596435546875,39175600
2022-02-14,MSFT,293.7699890136719,296.760009765625,291.3500061035156,295.0,283.6375427246094,36359500
2022-02-15,MSFT,300.010009765625,300.79998779296875,297.0199890136719,300.4700012207031,288.89678955078125,27058300
2022-02-16,MSFT,298.3699951171875,300.8699951171875,293.67999267578125,299.5,288.55963134765625,29982100
2022-02-17,MSFT,296.3599853515625,296.79998779296875,290.0,290.7300109863281,280.11004638671875,32461600
2022-02-18,MSFT,293.04998779296875,293.8599853515625,286.30999755859375,287.92999267578125,277.41229248046875,34264000
2022-02-22,MSFT,285.0,291.5400085449219,284.5,287.7200012207031,277.2099304199219,41736100
2022-02-23,MSFT,290.17999267578125,291.70001220703125,280.1000061035156,280.2699890136719,270.0321044921875,37811200
2022-02-24,MSFT,272.510009765625,295.1600036621094,271.5199890136719,294.5899963378906,283.82904052734375,56989700
2022-02-25,MSFT,295.1400146484375,297.6300048828125,291.6499938964844,297.30999755859375,286.44964599609375,32546700
2022-02-28,MSFT,294.30999755859375,299.1400146484375,293.0,298.7900085449219,287.87554931640625,34627500
2022-03-01,MSFT,296.3999938964844,299.9700012207031,292.1499938964844,294.95001220703125,284.1758117675781,31217800
2022-03-02,MSFT,295.3599853515625,301.4700012207031,293.70001220703125,300.19000244140625,289.2244567871094,31873000
2022-03-03,MSFT,302.8900146484375,303.1300048828125,294.04998779296875,295.9200134277344,285.1103820800781,27314500
2022-03-04,MSFT,294.2900085449219,295.6600036621094,287.1700134277344,289.8599853515625,279.2717590332031,32356500
2022-03-07,MSFT,288.5299987792969,289.69000244140625,278.5299987792969,278.9100036621094,268.72174072265625,43157200
2022-03-08,MSFT,277.79998779296875,283.9599914550781,270.0,275.8500061035156,265.7735290527344,48159500
2022-03-09,MSFT,283.44000244140625,289.6000061035156,280.7799987792969,288.5,277.96142578125,35204500
2022-03-10,MSFT,283.0199890136719,286.6000061035156,280.5799865722656,285.5899963378906,275.1576843261719,30628000
2022-03-11,MSFT,287.9599914550781,289.510009765625,279.42999267578125,280.07000732421875,269.83941650390625,27209300
2022-03-14,MSFT,280.3399963378906,285.3999938964844,275.82000732421875,276.44000244140625,266.3419494628906,30660700
2022-03-15,MSFT,280.3500061035156,287.82000732421875,278.7300109863281,287.1499938964844,276.6607360839844,34245100
2022-03-16,MSFT,289.1099853515625,294.57000732421875,283.20001220703125,294.3900146484375,283.6363525390625,37826300
2022-03-17,MSFT,293.2900085449219,295.6099853515625,289.3699951171875,295.2200012207031,284.4359436035156,30816600
2022-03-18,MSFT,295.3699951171875,301.0,292.7300109863281,300.42999267578125,289.4557189941406,43390600
2022-03-21,MSFT,298.8900146484375,300.1400146484375,294.8999938964844,299.1600036621094,288.23199462890625,28351200
2022-03-22,MSFT,299.79998779296875,305.0,298.7699890136719,304.05999755859375,292.9530334472656,27599700
2022-03-23,MSFT,300.510009765625,303.2300109863281,297.7200012207031,299.489990234375,288.54986572265625,25715400
2022-03-24,MSFT,299.1400146484375,304.20001220703125,298.32000732421875,304.1000061035156,292.9915771484375,24484500
2022-03-25,MSFT,305.2300109863281,305.5,299.2900085449219,303.67999267578125,292.5869445800781,22566500
2022-03-28,MSFT,304.3299865722656,310.79998779296875,304.3299865722656,310.70001220703125,299.3504638671875,29578200
2022-03-29,MSFT,313.9100036621094,315.82000732421875,309.04998779296875,315.4100036621094,303.88848876953125,30393400
2022-03-30,MSFT,313.760009765625,315.95001220703125,311.5799865722656,313.8599853515625,302.3950500488281,28163600
2022-03-31,MSFT,313.8999938964844,315.1400146484375,307.8900146484375,308.30999755859375,297.0478210449219,33422100
2022-04-01,MSFT,309.3699951171875,310.1300048828125,305.5400085449219,309.4200134277344,298.1172790527344,27110500
2022-04-04,MSFT,310.0899963378906,315.1099853515625,309.7099914550781,314.9700012207031,303.4644775390625,24289600
2022-04-05,MSFT,313.2699890136719,314.8699951171875,309.8699951171875,310.8800048828125,299.5239562988281,23156700
2022-04-06,MSFT,305.19000244140625,307.0,296.7099914550781,299.5,288.55963134765625,40110400
2022-04-07,MSFT,296.6600036621094,303.6499938964844,296.3500061035156,301.3699951171875,290.361328125,31411200
2022-04-08,MSFT,300.44000244140625,301.1199951171875,296.2799987792969,296.9700012207031,286.1220397949219,24361900
2022-04-11,MSFT,291.7900085449219,292.6099853515625,285.0,285.260009765625,274.8398132324219,34569300
2022-04-12,MSFT,289.239990234375,290.739990234375,280.489990234375,282.05999755859375,271.75665283203125,30966700
2022-04-13,MSFT,282.7300109863281,288.5799865722656,281.29998779296875,287.6199951171875,277.1136169433594,21907200
2022-04-14,MSFT,288.0899963378906,288.30999755859375,279.32000732421875,279.8299865722656,269.6081237792969,28221600
2022-04-18,MSFT,278.9100036621094,282.4599914550781,278.3399963378906,280.5199890136719,270.27294921875,20778000
2022-04-19,MSFT,279.3800048828125,286.1700134277344,278.4100036621094,285.29998779296875,274.8783874511719,22297700
2022-04-20,MSFT,289.3999938964844,289.70001220703125,285.3699951171875,286.3599853515625,275.89959716796875,22906700
2022-04-21,MSFT,288.5799865722656,293.29998779296875,280.05999755859375,280.80999755859375,270.5523681640625,29454600
2022-04-22,MSFT,281.67999267578125,283.20001220703125,273.3800048828125,274.0299987792969,264.0199890136719,29405800
2022-04-25,MSFT,273.2900085449219,281.1099853515625,270.7699890136719,280.7200012207031,270.4656066894531,35678900
2022-04-26,MSFT,277.5,278.3599853515625,270.0,270.2200012207031,260.3492431640625,46518400
2022-04-27,MSFT,282.1000061035156,290.9700012207031,279.1600036621094,283.2200012207031,272.8743591308594,63477700
2022-04-28,MSFT,285.19000244140625,290.9800109863281,281.4599914550781,289.6300048828125,279.0502014160156,33646600
2022-04-29,MSFT,288.6099853515625,289.8800048828125,276.5,277.5199890136719,267.3824768066406,37073900
2022-05-02,MSFT,277.7099914550781,284.94000244140625,276.2200012207031,284.4700012207031,274.0785827636719,35151100
2022-05-03,MSFT,283.9599914550781,284.1300048828125,280.1499938964844,281.7799987792969,271.4868469238281,25978600
2022-05-04,MSFT,282.5899963378906,290.8800048828125,276.7300109863281,289.9800109863281,279.38739013671875,33599300
2022-05-05,MSFT,285.5400085449219,286.3500061035156,274.3399963378906,277.3500061035156,267.21868896484375,43260400
2022-05-06,MSFT,274.80999755859375,279.25,271.2699890136719,274.7300109863281,264.6944885253906,37780300
2022-05-09,MSFT,270.05999755859375,272.3599853515625,263.32000732421875,264.5799865722656,254.91519165039062,47726000
2022-05-10,MSFT,271.69000244140625,273.75,265.07000732421875,269.5,259.6554260253906,39336400
2022-05-11,MSFT,265.67999267578125,271.3599853515625,259.29998779296875,260.54998779296875,251.0323944091797,48975900
2022-05-12,MSFT,257.69000244140625,259.8800048828125,250.02000427246094,255.35000610351562,246.0223846435547,51033800
2022-05-13,MSFT,257.3500061035156,263.0400085449219,255.35000610351562,261.1199951171875,251.58160400390625,34925100
2022-05-16,MSFT,259.9599914550781,265.82000732421875,255.77999877929688,261.5,251.9477081298828,32550900
2022-05-17,MSFT,266.1099853515625,268.3299865722656,262.4599914550781,266.82000732421875,257.0733947753906,28828800
2022-05-18,MSFT,263.0,263.6000061035156,252.77000427246094,254.0800018310547,245.36892700195312,31356000
2022-05-19,MSFT,253.89999389648438,257.6700134277344,251.8800048828125,253.13999938964844,244.4611358642578,32692300
2022-05-20,MSFT,257.239990234375,258.5400085449219,246.44000244140625,252.55999755859375,243.9010009765625,39199300
2022-05-23,MSFT,255.49000549316406,261.5,253.42999267578125,260.6499938964844,251.7136688232422,33175400
2022-05-24,MSFT,257.8900146484375,261.3299865722656,253.5,259.6199951171875,250.71893310546875,29043900
2022-05-25,MSFT,258.1400146484375,264.5799865722656,257.1300048828125,262.5199890136719,253.51963806152344,28547900
2022-05-26,MSFT,262.2699890136719,267.1099853515625,261.42999267578125,265.8999938964844,256.78363037109375,25002100
2022-05-27,MSFT,268.4800109863281,273.3399963378906,267.55999755859375,273.239990234375,263.8720703125,26910800
2022-05-31,MSFT,272.5299987792969,274.7699890136719,268.92999267578125,271.8699951171875,262.5489196777344,37827700
2022-06-01,MSFT,275.20001220703125,277.69000244140625,270.0400085449219,272.4200134277344,263.0802001953125,25292200
2022-06-02,MSFT,264.45001220703125,274.6499938964844,261.6000061035156,274.5799865722656,265.16607666015625,44008200
2022-06-03,MSFT,270.30999755859375,273.45001220703125,268.4100036621094,270.0199890136719,260.7624206542969,28059000
2022-06-06,MSFT,272.05999755859375,274.17999267578125,267.2200012207031,268.75,259.53594970703125,22400300
2022-06-07,MSFT,266.6400146484375,273.1300048828125,265.94000244140625,272.5,263.157470703125,22860700
2022-06-08,MSFT,271.7099914550781,273.0,269.6099853515625,270.4100036621094,261.1390686035156,17372300
2022-06-09,MSFT,267.7799987792969,272.7099914550781,264.6300048828125,264.7900085449219,255.71176147460938,26439700
2022-06-10,MSFT,260.5799865722656,260.5799865722656,252.52999877929688,252.99000549316406,244.3162841796875,31422800
2022-06-13,MSFT,245.11000061035156,249.02000427246094,241.52999877929688,242.25999450683594,233.95413208007812,46135800
2022-06-14,MSFT,243.86000061035156,245.74000549316406,241.50999450683594,244.49000549316406,236.10769653320312,28651500
2022-06-15,MSFT,248.30999755859375,255.3000030517578,246.4199981689453,251.75999450683594,243.1284637451172,33111700
2022-06-16,MSFT,245.97999572753906,247.4199981689453,243.02000427246094,244.97000122070312,236.57127380371094,33169200
2022-06-17,MSFT,244.6999969482422,250.5,244.02999877929688,247.64999389648438,239.1593475341797,43084800
2022-06-21,MSFT,250.25999450683594,254.75,249.50999450683594,253.74000549316406,245.0405731201172,29928300
2022-06-22,MSFT,251.88999938964844,257.1700134277344,250.3699951171875,253.1300048828125,244.4514923095703,25939900
2022-06-23,MSFT,255.57000732421875,259.3699951171875,253.6300048828125,258.8599853515625,249.9850616455078,25861400
2022-06-24,MSFT,261.80999755859375,267.9800109863281,261.7200012207031,267.70001220703125,258.5220031738281,33923200
2022-06-27,MSFT,268.2099914550781,268.29998779296875,263.2799987792969,264.8900146484375,255.80831909179688,24615100
2022-06-28,MSFT,263.9800109863281,266.9100036621094,256.32000732421875,256.4800109863281,247.68666076660156,27295500
2022-06-29,MSFT,257.5899963378906,261.9700012207031,255.75999450683594,260.260009765625,251.33702087402344,20069800
2022-06-30,MSFT,257.04998779296875,259.5299987792969,252.89999389648438,256.8299865722656,248.02464294433594,31730900
2022-07-01,MSFT,256.3900146484375,259.7699890136719,254.61000061035156,259.5799865722656,250.68032836914062,22837700
2022-07-05,MSFT,256.1600036621094,262.9800109863281,254.74000549316406,262.8500061035156,253.8382110595703,22941000
2022-07-06,MSFT,263.75,267.989990234375,262.3999938964844,266.2099914550781,257.0830383300781,23824400
2022-07-07,MSFT,265.1199951171875,269.05999755859375,265.0199890136719,268.3999938964844,259.197998046875,20859900
2022-07-08,MSFT,264.7900085449219,268.1000061035156,263.2900085449219,267.6600036621094,258.48333740234375,19658800
2022-07-11,MSFT,265.6499938964844,266.5299987792969,262.17999267578125,264.510009765625,255.44137573242188,19455200
2022-07-12,MSFT,265.8800048828125,265.94000244140625,252.0399932861328,253.6699981689453,244.9729461669922,35868500
2022-07-13,MSFT,250.19000244140625,253.5500030517578,248.11000061035156,252.72000122070312,244.05551147460938,29497400
2022-07-14,MSFT,250.57000732421875,255.13999938964844,245.94000244140625,254.0800018310547,245.36892700195312,25102800
2022-07-15,MSFT,255.72000122070312,260.3699951171875,254.77000427246094,256.7200012207031,247.9183807373047,29774100
2022-07-18,MSFT,259.75,260.8399963378906,253.3000030517578,254.25,245.5330810546875,20975000
2022-07-19,MSFT,257.5799865722656,259.7200012207031,253.67999267578125,259.5299987792969,250.63209533691406,25012600
2022-07-20,MSFT,259.8999938964844,264.8699951171875,258.9100036621094,262.2699890136719,253.27810668945312,22788300
2022-07-21,MSFT,259.7900085449219,264.8900146484375,257.0299987792969,264.8399963378906,255.75997924804688,22404700
2022-07-22,MSFT,265.239990234375,265.3299865722656,259.07000732421875,260.3599853515625,251.43356323242188,21881300
2022-07-25,MSFT,261.0,261.5,256.80999755859375,258.8299865722656,249.95603942871094,21056000
2022-07-26,MSFT,259.8599853515625,259.8800048828125,249.57000732421875,251.89999389648438,243.26364135742188,39348000
2022-07-27,MSFT,261.1600036621094,270.04998779296875,258.8500061035156,268.739990234375,259.5263366699219,45994000
2022-07-28,MSFT,269.75,277.8399963378906,267.8699951171875,276.4100036621094,266.9333801269531,33459300
2022-07-29,MSFT,277.70001220703125,282.0,276.6300048828125,280.739990234375,271.1148681640625,32152800
2022-08-01,MSFT,277.82000732421875,281.2799987792969,275.8399963378906,278.010009765625,268.4785461425781,21539600
2022-08-02,MSFT,276.0,277.8900146484375,272.3800048828125,274.82000732421875,265.39788818359375,22754200
2022-08-03,MSFT,276.760009765625,283.5,276.6099853515625,282.4700012207031,272.7855529785156,23518900
2022-08-04,MSFT,281.79998779296875,283.79998779296875,280.1700134277344,283.6499938964844,273.92510986328125,18098700
2022-08-05,MSFT,279.1499938964844,283.6499938964844,278.67999267578125,282.9100036621094,273.21051025390625,16774600
2022-08-08,MSFT,284.04998779296875,285.9200134277344,279.32000732421875,280.32000732421875,270.7093200683594,18739200
2022-08-09,MSFT,279.6400146484375,283.0799865722656,277.6099853515625,282.29998779296875,272.6213684082031,23405200
2022-08-10,MSFT,288.1700134277344,289.80999755859375,286.94000244140625,289.1600036621094,279.24615478515625,24687800
2022-08-11,MSFT,290.8500061035156,291.2099914550781,286.510009765625,287.0199890136719,277.1795959472656,20065900
2022-08-12,MSFT,288.4800109863281,291.9100036621094,286.94000244140625,291.9100036621094,281.90191650390625,22619700
2022-08-15,MSFT,291.0,294.17999267578125,290.1099853515625,293.4700012207031,283.4085388183594,18085700
2022-08-16,MSFT,291.989990234375,294.0400085449219,290.4200134277344,292.7099914550781,282.6744689941406,18102900
2022-08-17,MSFT,289.739990234375,293.3500061035156,289.4700012207031,291.32000732421875,281.9293212890625,18253400
2022-08-18,MSFT,290.19000244140625,291.9100036621094,289.0799865722656,290.1700134277344,280.8163757324219,17186200
2022-08-19,MSFT,288.8999938964844,289.25,285.55999755859375,286.1499938964844,276.9259338378906,20570000
2022-08-22,MSFT,282.0799865722656,282.4599914550781,277.2200012207031,277.75,268.7967529296875,25061100
2022-08-23,MSFT,276.44000244140625,278.8599853515625,275.3999938964844,276.44000244140625,267.52899169921875,17527400
2022-08-24,MSFT,275.4100036621094,277.2300109863281,275.1099853515625,275.7900085449219,266.8999328613281,18137000
2022-08-25,MSFT,277.3299865722656,279.0199890136719,274.5199890136719,278.8500061035156,269.8612976074219,16583400
2022-08-26,MSFT,279.0799865722656,280.3399963378906,267.9800109863281,268.0899963378906,259.4481506347656,27549300
2022-08-29,MSFT,265.8500061035156,267.3999938964844,263.8500061035156,265.2300109863281,256.68023681640625,20338500
2022-08-30,MSFT,266.6700134277344,267.04998779296875,260.6600036621094,262.9700012207031,254.49319458007812,22767100
2022-08-31,MSFT,265.3900146484375,267.1099853515625,261.3299865722656,261.4700012207031,253.04150390625,24791800
2022-09-01,MSFT,258.8699951171875,260.8900146484375,255.41000366210938,260.3999938964844,252.00601196289062,23263400
2022-09-02,MSFT,261.70001220703125,264.739990234375,254.47000122070312,256.05999755859375,247.80592346191406,22855400
2022-09-06,MSFT,256.20001220703125,257.8299865722656,251.94000244140625,253.25,245.08651733398438,21328200
2022-09-07,MSFT,254.6999969482422,258.8299865722656,253.22000122070312,258.0899963378906,249.77044677734375,24126700
2022-09-08,MSFT,257.510009765625,260.42999267578125,254.7899932861328,258.5199890136719,250.18661499023438,20319900
2022-09-09,MSFT,260.5,265.2300109863281,260.2900085449219,264.4599914550781,255.93516540527344,22084700
2022-09-12,MSFT,265.7799987792969,267.45001220703125,265.1600036621094,266.6499938964844,258.0545654296875,18747700
2022-09-13,MSFT,258.8399963378906,260.3999938964844,251.58999633789062,251.99000549316406,243.8671112060547,33353300
2022-09-14,MSFT,253.52999877929688,254.22999572753906,249.86000061035156,252.22000122070312,244.08970642089844,23913000
2022-09-15,MSFT,249.77000427246094,251.39999389648438,244.02000427246094,245.3800048828125,237.47019958496094,31530900
2022-09-16,MSFT,244.25999450683594,245.3000030517578,242.05999755859375,244.74000549316406,236.85079956054688,39791800
2022-09-19,MSFT,242.47000122070312,245.13999938964844,240.85000610351562,244.52000427246094,236.637939453125,26826900
2022-09-20,MSFT,242.07000732421875,243.50999450683594,239.63999938964844,242.4499969482422,234.6346435546875,26660300
2022-09-21,MSFT,244.27000427246094,247.66000366210938,238.89999389648438,238.9499969482422,231.24742126464844,28625600
2022-09-22,MSFT,237.8699951171875,243.86000061035156,237.57000732421875,240.97999572753906,233.21197509765625,31061200
2022-09-23,MSFT,239.5399932861328,241.1300048828125,235.1999969482422,237.9199981689453,230.25067138671875,34176000
2022-09-26,MSFT,237.0500030517578,241.4499969482422,236.89999389648438,237.4499969482422,229.79579162597656,27694200
2022-09-27,MSFT,239.97999572753906,241.8000030517578,234.5,236.41000366210938,228.78933715820312,27018700
2022-09-28,MSFT,236.80999755859375,242.3300018310547,234.72999572753906,241.07000732421875,233.29910278320312,29029700
2022-09-29,MSFT,238.88999938964844,239.9499969482422,234.41000366210938,237.5,229.84420776367188,27484200
2022-09-30,MSFT,238.2899932861328,240.5399932861328,232.72999572753906,232.89999389648438,225.3924560546875,35694800
2022-10-03,MSFT,235.41000366210938,241.61000061035156,234.66000366210938,240.74000549316406,232.9797821044922,28880400
2022-10-04,MSFT,245.08999633789062,250.36000061035156,244.97999572753906,248.8800048828125,240.85736083984375,34888400
2022-10-05,MSFT,245.99000549316406,250.5800018310547,244.10000610351562,249.1999969482422,241.1670684814453,20347100
2022-10-06,MSFT,247.92999267578125,250.33999633789062,246.0800018310547,246.7899932861328,238.83474731445312,20239900
2022-10-07,MSFT,240.89999389648438,241.32000732421875,233.1699981689453,234.24000549316406,226.68930053710938,37769600
2022-10-10,MSFT,233.0500030517578,234.55999755859375,226.72999572753906,229.25,221.86013793945312,29743600
2022-10-11,MSFT,227.6199951171875,229.05999755859375,224.11000061035156,225.41000366210938,218.14393615722656,30474000
2022-10-12,MSFT,225.39999389648438,227.86000061035156,223.9600067138672,225.75,218.4729461669922,21903900
2022-10-13,MSFT,219.85000610351562,236.10000610351562,219.1300048828125,234.24000549316406,226.68930053710938,42551800
2022-10-14,MSFT,235.5399932861328,237.24000549316406,228.33999633789062,228.55999755859375,221.19236755371094,30198600
2022-10-17,MSFT,235.82000732421875,238.9600067138672,235.13999938964844,237.52999877929688,229.8732147216797,28142300
2022-10-18,MSFT,243.24000549316406,243.92999267578125,235.3699951171875,238.5,230.8119659423828,26329600
2022-10-19,MSFT,237.0399932861328,239.61000061035156,234.2899932861328,236.47999572753906,228.85707092285156,19985700
2022-10-20,MSFT,235.77000427246094,241.30999755859375,234.8699951171875,236.14999389648438,228.5377197265625,21811000
2022-10-21,MSFT,234.74000549316406,243.0,234.5,242.1199951171875,234.31527709960938,26299700
2022-10-24,MSFT,243.75999450683594,247.83999633789062,241.3000030517578,247.25,239.2799072265625,24911200
2022-10-25,MSFT,247.25999450683594,251.0399932861328,245.8300018310547,250.66000366210938,242.57997131347656,34775500
2022-10-26,MSFT,231.1699981689453,238.3000030517578,230.05999755859375,231.32000732421875,223.86341857910156,82543200
2022-10-27,MSFT,231.0399932861328,233.69000244140625,225.77999877929688,226.75,219.4407196044922,40424600
2022-10-28,MSFT,226.24000549316406,236.60000610351562,226.0500030517578,235.8699951171875,228.26670837402344,40647700
2022-10-31,MSFT,233.75999450683594,234.9199981689453,231.14999389648438,232.1300048828125,224.64730834960938,28357300
2022-11-01,MSFT,234.60000610351562,235.74000549316406,227.3300018310547,228.1699981689453,220.81497192382812,30592300
2022-11-02,MSFT,229.4600067138672,231.3000030517578,220.0399932861328,220.10000610351562,213.00509643554688,38407000
2022-11-03,MSFT,220.08999633789062,220.41000366210938,213.97999572753906,214.25,207.3436737060547,36633900
2022-11-04,MSFT,217.5500030517578,221.58999633789062,213.42999267578125,221.38999938964844,214.2534942626953,36789100
2022-11-07,MSFT,221.99000549316406,228.41000366210938,221.27999877929688,227.8699951171875,220.5246124267578,33498000
2022-11-08,MSFT,228.6999969482422,231.64999389648438,225.83999633789062,228.8699951171875,221.49237060546875,28192500
2022-11-09,MSFT,227.3699951171875,228.6300048828125,224.3300018310547,224.50999450683594,217.27291870117188,27852900
2022-11-10,MSFT,235.42999267578125,243.3300018310547,235.0,242.97999572753906,235.14752197265625,46268000
2022-11-11,MSFT,242.99000549316406,247.99000549316406,241.92999267578125,247.11000061035156,239.14439392089844,34620200
2022-11-14,MSFT,241.99000549316406,243.91000366210938,239.2100067138672,241.5500030517578,233.76364135742188,31123300
2022-11-15,MSFT,245.66000366210938,247.0,240.02999877929688,241.97000122070312,234.17010498046875,31390100
2022-11-16,MSFT,242.7899932861328,243.8000030517578,240.4199981689453,241.72999572753906,234.5971221923828,24093300
2022-11-17,MSFT,237.77999877929688,243.25,237.6300048828125,241.67999267578125,234.548583984375,23123500
2022-11-18,MSFT,243.50999450683594,243.74000549316406,239.02999877929688,241.22000122070312,234.10215759277344,27613500
2022-11-21,MSFT,241.42999267578125,244.6699981689453,241.19000244140625,242.0500030517578,234.90769958496094,26394700
2022-11-22,MSFT,243.58999633789062,245.30999755859375,240.7100067138672,245.02999877929688,237.79974365234375,19665700
2022-11-23,MSFT,245.11000061035156,248.27999877929688,244.27000427246094,247.5800018310547,240.27452087402344,19508500
2022-11-25,MSFT,247.30999755859375,248.6999969482422,246.72999572753906,247.49000549316406,240.1871337890625,9200800
2022-11-28,MSFT,246.0800018310547,246.64999389648438,240.8000030517578,241.75999450683594,234.626220703125,24778200
2022-11-29,MSFT,241.39999389648438,242.7899932861328,238.2100067138672,240.3300018310547,233.23843383789062,17956300
2022-11-30,MSFT,240.57000732421875,255.3300018310547,239.86000061035156,255.13999938964844,247.61143493652344,47594200
2022-12-01,MSFT,253.8699951171875,256.1199951171875,250.9199981689453,254.69000244140625,247.17469787597656,26041500
2022-12-02,MSFT,249.82000732421875,256.05999755859375,249.69000244140625,255.02000427246094,247.49496459960938,21528500
2022-12-05,MSFT,252.00999450683594,253.82000732421875,248.05999755859375,250.1999969482422,242.81716918945312,23435300
2022-12-06,MSFT,250.82000732421875,251.86000061035156,243.77999877929688,245.1199951171875,237.88710021972656,22463700
2022-12-07,MSFT,244.8300018310547,246.16000366210938,242.2100067138672,244.3699951171875,237.15919494628906,20481500
2022-12-08,MSFT,244.83999633789062,248.74000549316406,243.05999755859375,247.39999389648438,240.09979248046875,22611800
2022-12-09,MSFT,244.6999969482422,248.30999755859375,244.16000366210938,245.4199981689453,238.17822265625,20609700
2022-12-12,MSFT,247.4499969482422,252.5399932861328,247.1699981689453,252.50999450683594,245.0590057373047,30665100
2022-12-13,MSFT,261.69000244140625,263.9200134277344,253.07000732421875,256.9200134277344,249.33889770507812,42196900
2022-12-14,MSFT,257.1300048828125,262.5899963378906,254.30999755859375,257.2200012207031,249.63009643554688,35410900
2022-12-15,MSFT,253.72000122070312,254.1999969482422,247.33999633789062,249.00999450683594,241.6623077392578,35560400
2022-12-16,MSFT,248.5500030517578,249.83999633789062,243.50999450683594,244.69000244140625,237.4697723388672,86102000
2022-12-19,MSFT,244.86000061035156,245.2100067138672,238.7100067138672,240.4499969482422,233.35487365722656,29696400
2022-12-20,MSFT,239.39999389648438,242.91000366210938,238.4199981689453,241.8000030517578,234.66505432128906,25150800
2022-12-21,MSFT,241.69000244140625,245.6199951171875,240.11000061035156,244.42999267578125,237.21743774414062,23690600
2022-12-22,MSFT,241.25999450683594,241.99000549316406,233.8699951171875,238.19000244140625,231.16159057617188,28651700
2022-12-23,MSFT,236.11000061035156,238.8699951171875,233.94000244140625,238.72999572753906,231.68560791015625,21207000
2022-12-27,MSFT,238.6999969482422,238.92999267578125,235.8300018310547,236.9600067138672,229.9678955078125,16688600
2022-12-28,MSFT,236.88999938964844,239.72000122070312,234.1699981689453,234.52999877929688,227.6095428466797,17457100
2022-12-29,MSFT,235.64999389648438,241.9199981689453,235.64999389648438,241.00999450683594,233.89834594726562,19770700
2022-12-30,MSFT,238.2100067138672,239.9600067138672,236.66000366210938,239.82000732421875,232.7434844970703,21938500
2023-01-03,MSFT,243.0800018310547,245.75,237.39999389648438,239.5800018310547,232.5105743408203,25740000
2023-01-04,MSFT,232.27999877929688,232.8699951171875,225.9600067138672,229.10000610351562,222.3397979736328,50623400
2023-01-05,MSFT,227.1999969482422,227.5500030517578,221.75999450683594,222.30999755859375,215.75015258789062,39585600
2023-01-06,MSFT,223.0,225.75999450683594,219.35000610351562,224.92999267578125,218.29281616210938,43613600
2023-01-09,MSFT,226.4499969482422,231.24000549316406,226.41000366210938,227.1199951171875,220.41822814941406,27369800
2023-01-10,MSFT,227.75999450683594,231.30999755859375,227.3300018310547,228.85000610351562,222.09718322753906,27033900
2023-01-11,MSFT,231.2899932861328,235.9499969482422,231.11000061035156,235.77000427246094,228.81297302246094,28669300
2023-01-12,MSFT,235.25999450683594,239.89999389648438,233.55999755859375,238.50999450683594,231.47215270996094,27269500
2023-01-13,MSFT,237.0,239.3699951171875,234.9199981689453,239.22999572753906,232.17088317871094,21333300
2023-01-17,MSFT,237.97000122070312,240.91000366210938,237.08999633789062,240.35000610351562,233.25782775878906,29831300
2023-01-18,MSFT,241.57000732421875,242.3800048828125,235.52000427246094,235.80999755859375,228.85182189941406,30028700
2023-01-19,MSFT,233.77999877929688,235.52000427246094,230.67999267578125,231.92999267578125,225.08628845214844,28623000
2023-01-20,MSFT,234.86000061035156,240.74000549316406,234.50999450683594,240.22000122070312,233.13168334960938,35389800
2023-01-23,MSFT,241.10000610351562,245.1699981689453,239.64999389648438,242.5800018310547,235.42202758789062,31934000
2023-01-24,MSFT,242.5,243.9499969482422,240.44000244140625,242.0399932861328,234.89796447753906,40234400
2023-01-25,MSFT,234.47999572753906,243.3000030517578,230.89999389648438,240.61000061035156,233.51014709472656,66526600
2023-01-26,MSFT,243.64999389648438,248.30999755859375,242.0,248.0,240.68209838867188,33454500
2023-01-27,MSFT,248.99000549316406,249.8300018310547,246.8300018310547,248.16000366210938,240.83737182617188,26498900
2023-01-30,MSFT,244.50999450683594,245.60000610351562,242.1999969482422,242.7100067138672,235.54818725585938,25867400
2023-01-31,MSFT,243.4499969482422,247.9499969482422,242.9499969482422,247.80999755859375,240.4976806640625,26541100
2023-02-01,MSFT,248.0,255.17999267578125,245.47000122070312,252.75,245.2919464111328,31259900
2023-02-02,MSFT,258.82000732421875,264.69000244140625,257.25,264.6000061035156,256.792236328125,39940400
2023-02-03,MSFT,259.5400085449219,264.20001220703125,257.1000061035156,258.3500061035156,250.7267303466797,29077300
2023-02-06,MSFT,257.44000244140625,258.29998779296875,254.77999877929688,256.7699890136719,249.1933135986328,22518000
2023-02-07,MSFT,260.5299987792969,268.7699890136719,260.0799865722656,267.55999755859375,259.6649169921875,50841400
2023-02-08,MSFT,273.20001220703125,276.760009765625,266.2099914550781,266.7300109863281,258.85943603515625,54686000
2023-02-09,MSFT,273.79998779296875,273.9800109863281,262.79998779296875,263.6199951171875,255.8411865234375,42375100
2023-02-10,MSFT,261.5299987792969,264.0899963378906,260.6600036621094,263.1000061035156,255.3365020751953,25818500
2023-02-13,MSFT,267.6400146484375,274.6000061035156,267.1499938964844,271.32000732421875,263.3139953613281,44630900
2023-02-14,MSFT,272.6700134277344,274.9700012207031,269.2799987792969,272.1700134277344,264.138916015625,37047900
2023-02-15,MSFT,268.32000732421875,270.7300109863281,266.17999267578125,269.32000732421875,262.0277099609375,28922400
2023-02-16,MSFT,264.0199890136719,266.739990234375,261.8999938964844,262.1499938964844,255.0518035888672,29603600
2023-02-17,MSFT,259.3900146484375,260.0899963378906,256.0,258.05999755859375,251.07252502441406,30000100
2023-02-21,MSFT,254.47999572753906,255.49000549316406,251.58999633789062,252.6699981689453,245.82850646972656,28397400
2023-02-22,MSFT,254.08999633789062,254.33999633789062,250.33999633789062,251.50999450683594,244.69992065429688,22491100
2023-02-23,MSFT,255.55999755859375,256.8399963378906,250.47999572753906,254.77000427246094,247.87161254882812,29219100
2023-02-24,MSFT,249.9600067138672,251.0,248.10000610351562,249.22000122070312,242.471923828125,24990900
2023-02-27,MSFT,252.4600067138672,252.82000732421875,249.38999938964844,250.16000366210938,243.38645935058594,21190000
2023-02-28,MSFT,249.07000732421875,251.49000549316406,248.72999572753906,249.4199981689453,242.66651916503906,22491000
2023-03-01,MSFT,250.75999450683594,250.92999267578125,245.7899932861328,246.27000427246094,239.60179138183594,27565300
2023-03-02,MSFT,246.5500030517578,251.39999389648438,245.61000061035156,251.11000061035156,244.3107452392578,24808200
2023-03-03,MSFT,252.19000244140625,255.6199951171875,251.38999938964844,255.2899932861328,248.3775177001953,30760100
2023-03-06,MSFT,256.42999267578125,260.1199951171875,255.97999572753906,256.8699951171875,249.91476440429688,24109800
2023-03-07,MSFT,256.29998779296875,257.69000244140625,253.38999938964844,254.14999389648438,247.26841735839844,21473200
2023-03-08,MSFT,254.0399932861328,254.5399932861328,250.80999755859375,253.6999969482422,246.83055114746094,17340200
2023-03-09,MSFT,255.82000732421875,259.55999755859375,251.5800018310547,252.32000732421875,245.4879913330078,26653400
2023-03-10,MSFT,251.0800018310547,252.7899932861328,247.60000610351562,248.58999633789062,241.8589630126953,28333900
2023-03-13,MSFT,247.39999389648438,257.9100036621094,245.72999572753906,253.9199981689453,247.04464721679688,33339700
2023-03-14,MSFT,256.75,261.07000732421875,255.86000061035156,260.7900085449219,253.7285919189453,33620300
2023-03-15,MSFT,259.9800109863281,266.4800109863281,259.2099914550781,265.44000244140625,258.252685546875,46028000
2023-03-16,MSFT,265.2099914550781,276.55999755859375,263.2799987792969,276.20001220703125,268.7214050292969,54768800
2023-03-17,MSFT,278.260009765625,283.3299865722656,276.32000732421875,279.42999267578125,271.8638916015625,69527400
2023-03-20,MSFT,276.9800109863281,277.4800109863281,269.8500061035156,272.2300109863281,264.85882568359375,43466600
2023-03-21,MSFT,274.8800048828125,275.0,269.5199890136719,273.7799987792969,266.36688232421875,34558700
2023-03-22,MSFT,273.3999938964844,281.0400085449219,272.17999267578125,272.2900085449219,264.917236328125,34873300
2023-03-23,MSFT,277.94000244140625,281.05999755859375,275.20001220703125,277.6600036621094,270.14178466796875,36610900
2023-03-24,MSFT,277.239990234375,280.6300048828125,275.2799987792969,280.57000732421875,272.97308349609375,28172000
2023-03-27,MSFT,280.5,281.4599914550781,275.5199890136719,276.3800048828125,268.8965148925781,26840200
2023-03-28,MSFT,275.7900085449219,276.1400146484375,272.04998779296875,275.2300109863281,267.7776794433594,21878600
2023-03-29,MSFT,278.9599914550781,281.1400146484375,278.4100036621094,280.510009765625,272.9146728515625,25087000
2023-03-30,MSFT,284.2300109863281,284.4599914550781,281.4800109863281,284.04998779296875,276.3587646484375,25053400
2023-03-31,MSFT,283.7300109863281,289.2699890136719,283.0,288.29998779296875,280.49371337890625,32766000
2023-04-03,MSFT,286.5199890136719,288.2699890136719,283.95001220703125,287.2300109863281,279.4527587890625,24883300
2023-04-04,MSFT,287.2300109863281,290.45001220703125,285.6700134277344,287.17999267578125,279.404052734375,25824300
2023-04-05,MSFT,285.8500061035156,287.1499938964844,282.9200134277344,284.3399963378906,276.6409606933594,22064800
2023-04-06,MSFT,283.2099914550781,292.0799865722656,282.0299987792969,291.6000061035156,283.7043762207031,29770300
2023-04-10,MSFT,289.2099914550781,289.6000061035156,284.7099914550781,289.3900146484375,281.55426025390625,23103000
2023-04-11,MSFT,285.75,285.9800109863281,281.6400146484375,282.8299865722656,275.1718444824219,27276600
2023-04-12,MSFT,284.7900085449219,287.010009765625,281.9599914550781,283.489990234375,275.8139953613281,27403400
2023-04-13,MSFT,283.5899963378906,289.8999938964844,283.1700134277344,289.8399963378906,281.9920654296875,24222700
2023-04-14,MSFT,287.0,288.4800109863281,283.69000244140625,286.1400146484375,278.3922424316406,20987900
2023-04-17,MSFT,289.92999267578125,291.6000061035156,286.1600036621094,288.79998779296875,280.9801940917969,23836200
2023-04-18,MSFT,291.57000732421875,291.760009765625,287.010009765625,288.3699951171875,280.56182861328125,20161800
2023-04-19,MSFT,285.989990234375,289.04998779296875,284.5400085449219,288.45001220703125,280.6396789550781,17150300
2023-04-20,MSFT,285.25,289.0299987792969,285.0799865722656,286.1099853515625,278.3630676269531,23244400
2023-04-21,MSFT,285.010009765625,286.2699890136719,283.05999755859375,285.760009765625,278.0224914550781,21676400
2023-04-24,MSFT,282.0899963378906,284.95001220703125,278.7200012207031,281.7699890136719,274.1405944824219,26611000
2023-04-25,MSFT,279.510009765625,281.6000061035156,275.3699951171875,275.4200134277344,267.96246337890625,45772200
2023-04-26,MSFT,296.70001220703125,299.57000732421875,292.7300109863281,295.3699951171875,287.372314453125,64599200
2023-04-27,MSFT,295.9700012207031,305.20001220703125,295.25,304.8299865722656,296.57611083984375,46462600
2023-04-28,MSFT,304.010009765625,308.92999267578125,303.30999755859375,307.260009765625,298.9403381347656,36469600
2023-05-01,MSFT,306.9700012207031,308.6000061035156,305.1499938964844,305.55999755859375,297.2864074707031,21294100
2023-05-02,MSFT,307.760009765625,309.17999267578125,303.9100036621094,305.4100036621094,297.1405029296875,26404400
2023-05-03,MSFT,306.6199951171875,308.6099853515625,304.0899963378906,304.3999938964844,296.15777587890625,22360800
2023-05-04,MSFT,306.239990234375,307.760009765625,303.3999938964844,305.4100036621094,297.1405029296875,22519900
2023-05-05,MSFT,305.7200012207031,311.9700012207031,304.2699890136719,310.6499938964844,302.2386169433594,28197100
2023-05-08,MSFT,310.1300048828125,310.20001220703125,306.0899963378906,308.6499938964844,300.2926940917969,21318600
2023-05-09,MSFT,308.0,310.0400085449219,306.30999755859375,307.0,298.6873779296875,21340800
2023-05-10,MSFT,308.6199951171875,313.0,307.6700134277344,312.30999755859375,303.8536071777344,30078000
2023-05-11,MSFT,310.1000061035156,311.1199951171875,306.260009765625,310.1099853515625,301.7131652832031,31680200
2023-05-12,MSFT,310.54998779296875,310.6499938964844,306.6000061035156,308.9700012207031,300.6041259765625,19774700
2023-05-15,MSFT,309.1000061035156,309.8999938964844,307.5899963378906,309.4599914550781,301.08074951171875,16336500
2023-05-16,MSFT,309.8299865722656,313.7099914550781,309.8299865722656,311.739990234375,303.2991027832031,26730300
2023-05-17,MSFT,312.2900085449219,314.42999267578125,310.739990234375,314.0,306.16571044921875,24315000
2023-05-18,MSFT,314.5299987792969,319.0400085449219,313.7200012207031,318.5199890136719,310.5729064941406,27276000
2023-05-19,MSFT,316.739990234375,318.75,316.3699951171875,318.3399963378906,310.3973693847656,27546700
2023-05-22,MSFT,318.6000061035156,322.5899963378906,318.010009765625,321.17999267578125,313.1665954589844,24115700
2023-05-23,MSFT,320.0299987792969,322.7200012207031,315.25,315.260009765625,307.39422607421875,30797200
2023-05-24,MSFT,314.7300109863281,316.5,312.6099853515625,313.8500061035156,306.01947021484375,23384900
2023-05-25,MSFT,323.239990234375,326.8999938964844,320.0,325.9200134277344,317.78826904296875,43301700
2023-05-26,MSFT,324.0199890136719,333.3999938964844,323.8800048828125,332.8900146484375,324.5844421386719,36630600
2023-05-30,MSFT,335.2300109863281,335.739990234375,330.5199890136719,331.2099914550781,322.9463195800781,29503100
2023-05-31,MSFT,332.2900085449219,335.94000244140625,327.3299865722656,328.3900146484375,320.1966857910156,45950600
2023-06-01,MSFT,325.92999267578125,333.5299987792969,324.7200012207031,332.5799865722656,324.2820739746094,26773900
2023-06-02,MSFT,334.25,337.5,332.54998779296875,335.3999938964844,327.0318603515625,25873800
2023-06-05,MSFT,335.2200012207031,338.55999755859375,334.6600036621094,335.94000244140625,327.55828857421875,21307100
2023-06-06,MSFT,335.3299865722656,335.3699951171875,332.1700134277344,333.67999267578125,325.35467529296875,20396200
2023-06-07,MSFT,331.6499938964844,334.489990234375,322.5,323.3800048828125,315.3116760253906,40717100
2023-06-08,MSFT,323.94000244140625,326.6400146484375,323.3500061035156,325.260009765625,317.144775390625,23277700
2023-06-09,MSFT,324.989990234375,329.989990234375,324.4100036621094,326.7900085449219,318.6365966796875,22529000
2023-06-12,MSFT,328.5799865722656,332.1000061035156,325.1600036621094,331.8500061035156,323.5704040527344,24260300
2023-06-13,MSFT,334.4700012207031,336.9800109863281,330.3900146484375,334.2900085449219,325.949462890625,22951300
2023-06-14,MSFT,334.3399963378906,339.0400085449219,332.80999755859375,337.3399963378906,328.92340087890625,26003800
2023-06-15,MSFT,337.4800109863281,349.8399963378906,337.20001220703125,348.1000061035156,339.4149169921875,38899100
2023-06-16,MSFT,351.32000732421875,351.4700012207031,341.95001220703125,342.3299865722656,333.78887939453125,46552000
2023-06-20,MSFT,339.30999755859375,342.0799865722656,335.8599853515625,338.04998779296875,329.6156311035156,26375400
2023-06-21,MSFT,336.3699951171875,337.7300109863281,332.07000732421875,333.55999755859375,325.2377014160156,25117800
2023-06-22,MSFT,334.1199951171875,340.1199951171875,333.3399963378906,339.7099914550781,331.2342224121094,23556800
2023-06-23,MSFT,334.3599853515625,337.9599914550781,333.45001220703125,335.0199890136719,326.6612854003906,23146900
2023-06-26,MSFT,333.7200012207031,336.1099853515625,328.489990234375,328.6000061035156,320.40142822265625,21520600
2023-06-27,MSFT,331.8599853515625,336.1499938964844,329.29998779296875,334.57000732421875,326.22247314453125,24354100
2023-06-28,MSFT,334.6600036621094,337.9800109863281,333.80999755859375,335.8500061035156,327.4705810546875,20259500
2023-06-29,MSFT,334.7099914550781,336.1099853515625,332.6199951171875,335.04998779296875,326.6905212402344,16997000
2023-06-30,MSFT,337.75,342.7300109863281,337.20001220703125,340.5400085449219,332.04351806640625,26832800
2023-07-03,MSFT,339.19000244140625,340.8999938964844,336.57000732421875,337.989990234375,329.55718994140625,12508700
2023-07-05,MSFT,335.0899963378906,341.6499938964844,334.7300109863281,338.1499938964844,329.713134765625,18172400
2023-07-06,MSFT,337.29998779296875,342.989990234375,335.5,341.2699890136719,332.7554016113281,28161200
2023-07-07,MSFT,339.32000732421875,341.7900085449219,337.0,337.2200012207031,328.8063659667969,21214800
2023-07-10,MSFT,334.6000061035156,335.2300109863281,327.5899963378906,331.8299865722656,323.5508117675781,32791400
2023-07-11,MSFT,331.05999755859375,332.8599853515625,327.0,332.4700012207031,324.1748962402344,26698200
2023-07-12,MSFT,336.6000061035156,341.6499938964844,335.6700134277344,337.20001220703125,328.7868957519531,29995300
2023-07-13,MSFT,339.55999755859375,343.739990234375,339.0199890136719,342.6600036621094,334.11065673828125,20567200
2023-07-14,MSFT,347.5899963378906,351.42999267578125,344.30999755859375,345.239990234375,336.6262512207031,28352700
2023-07-17,MSFT,345.67999267578125,346.989990234375,342.20001220703125,345.7300109863281,337.1040344238281,20363900
2023-07-18,MSFT,345.8299865722656,366.7799987792969,342.1700134277344,359.489990234375,350.520751953125,64738600
2023-07-19,MSFT,361.75,362.4599914550781,352.44000244140625,355.0799865722656,346.2207336425781,39732900
2023-07-20,MSFT,353.57000732421875,357.9700012207031,345.3699951171875,346.8699951171875,338.215576171875,33778400
2023-07-21,MSFT,349.1499938964844,350.29998779296875,339.8299865722656,343.7699890136719,335.19287109375,69405400
2023-07-24,MSFT,345.8500061035156,346.9200134277344,342.30999755859375,345.1099853515625,336.4995422363281,26678100
2023-07-25,MSFT,347.1099853515625,351.8900146484375,345.07000732421875,350.9800109863281,342.22308349609375,41637700
2023-07-26,MSFT,341.44000244140625,344.6700134277344,333.1099853515625,337.7699890136719,329.3426513671875,58383700
2023-07-27,MSFT,340.4800109863281,341.3299865722656,329.04998779296875,330.7200012207031,322.468505859375,39635300
2023-07-28,MSFT,333.6700134277344,340.010009765625,333.1700134277344,338.3699951171875,329.92767333984375,28484900
2023-07-31,MSFT,336.9200134277344,337.70001220703125,333.3599853515625,335.9200134277344,327.5387878417969,25446000
2023-08-01,MSFT,335.19000244140625,338.5400085449219,333.70001220703125,336.3399963378906,327.9482727050781,18311900
2023-08-02,MSFT,333.6300048828125,333.6300048828125,326.3599853515625,327.5,319.32891845703125,27761300
2023-08-03,MSFT,326.0,329.8800048828125,325.95001220703125,326.6600036621094,318.5097961425781,18253700
2023-08-04,MSFT,331.8800048828125,335.1400146484375,327.239990234375,327.7799987792969,319.6018981933594,23741500
2023-08-07,MSFT,328.3699951171875,331.1099853515625,327.5199890136719,330.1099853515625,321.87371826171875,17741500
2023-08-08,MSFT,326.9599914550781,328.75,323.0,326.04998779296875,317.91497802734375,22327600
2023-08-09,MSFT,326.4700012207031,327.1099853515625,321.04998779296875,322.2300109863281,314.1903991699219,22373300
2023-08-10,MSFT,326.0199890136719,328.260009765625,321.17999267578125,322.92999267578125,314.87286376953125,20113700
2023-08-11,MSFT,320.260009765625,322.4100036621094,319.2099914550781,321.010009765625,313.00079345703125,24355500
2023-08-14,MSFT,321.3900146484375,324.05999755859375,320.0799865722656,324.0400085449219,315.9552001953125,18836100
2023-08-15,MSFT,323.0,325.0899963378906,320.8999938964844,321.8599853515625,313.82952880859375,16966300
2023-08-16,MSFT,320.79998779296875,324.4200134277344,319.79998779296875,320.3999938964844,313.06744384765625,20698900
2023-08-17,MSFT,320.5400085449219,321.8699951171875,316.2099914550781,316.8800048828125,309.62799072265625,21257200
2023-08-18,MSFT,314.489990234375,318.3800048828125,311.54998779296875,316.4800109863281,309.2371520996094,24755000
2023-08-21,MSFT,317.92999267578125,322.7699890136719,317.0400085449219,321.8800048828125,314.51361083984375,24040000
2023-08-22,MSFT,325.5,326.0799865722656,321.4599914550781,322.4599914550781,315.0802917480469,16084600
2023-08-23,MSFT,323.82000732421875,329.20001220703125,323.4599914550781,327.0,319.5163879394531,21166400
2023-08-24,MSFT,332.8500061035156,332.9800109863281,319.9599914550781,319.9700012207031,312.64727783203125,23281400
2023-08-25,MSFT,321.4700012207031,325.3599853515625,318.79998779296875,322.9800109863281,315.5884094238281,21684100
2023-08-28,MSFT,325.6600036621094,326.1499938964844,321.7200012207031,323.70001220703125,316.29193115234375,14808500
2023-08-29,MSFT,321.8800048828125,328.9800109863281,321.8800048828125,328.4100036621094,320.89410400390625,19284600
2023-08-30,MSFT,328.6700134277344,329.80999755859375,326.45001220703125,328.7900085449219,321.2654113769531,15222100
2023-08-31,MSFT,329.20001220703125,330.9100036621094,326.7799987792969,327.760009765625,320.259033203125,26411000
2023-09-01,MSFT,331.30999755859375,331.989990234375,326.7799987792969,328.6600036621094,321.138427734375,14942000
2023-09-05,MSFT,329.0,334.8500061035156,328.6600036621094,333.54998779296875,325.9164733886719,18553900
2023-09-06,MSFT,333.3800048828125,334.4599914550781,330.17999267578125,332.8800048828125,325.2618103027344,17535800
2023-09-07,MSFT,331.2900085449219,333.0799865722656,329.0299987792969,329.9100036621094,322.35986328125,18381000
2023-09-08,MSFT,330.0899963378906,336.1600036621094,329.4599914550781,334.2699890136719,326.6199645996094,19530100
2023-09-11,MSFT,337.239990234375,338.4200134277344,335.42999267578125,337.94000244140625,330.2060852050781,16583300
2023-09-12,MSFT,335.82000732421875,336.7900085449219,331.4800109863281,331.7699890136719,324.1772766113281,17565500
2023-09-13,MSFT,331.30999755859375,336.8500061035156,331.1700134277344,336.05999755859375,328.3690490722656,16544400
2023-09-14,MSFT,339.1499938964844,340.8599853515625,336.57000732421875,338.70001220703125,330.94866943359375,20267000
2023-09-15,MSFT,336.9200134277344,337.3999938964844,329.6499938964844,330.2200012207031,322.6627197265625,37679800
2023-09-18,MSFT,327.79998779296875,330.3999938964844,326.3599853515625,329.05999755859375,321.52923583984375,16834200
2023-09-19,MSFT,326.1700134277344,329.3900146484375,324.510009765625,328.6499938964844,321.128662109375,16505900
2023-09-20,MSFT,329.510009765625,329.5899963378906,320.510009765625,320.7699890136719,313.42901611328125,21436500
2023-09-21,MSFT,319.260009765625,325.3500061035156,315.0,319.5299987792969,312.2173767089844,35560400
2023-09-22,MSFT,321.32000732421875,321.45001220703125,316.1499938964844,317.010009765625,309.75506591796875,21447900
2023-09-25,MSFT,316.5899963378906,317.6700134277344,315.0,317.5400085449219,310.27294921875,17836000
2023-09-26,MSFT,315.1300048828125,315.8800048828125,310.0199890136719,312.1400146484375,304.9964904785156,26297600
2023-09-27,MSFT,312.29998779296875,314.29998779296875,309.69000244140625,312.7900085449219,305.63165283203125,19410100
2023-09-28,MSFT,310.989990234375,315.4800109863281,309.45001220703125,313.6400146484375,306.4622802734375,19683600
2023-09-29,MSFT,317.75,319.4700012207031,314.9800109863281,315.75,308.52386474609375,24147300
2023-10-02,MSFT,316.2799987792969,321.8900146484375,315.17999267578125,321.79998779296875,314.4353942871094,20570000
2023-10-03,MSFT,320.8299865722656,321.3900146484375,311.2099914550781,313.3900146484375,306.2178955078125,21033500
2023-10-04,MSFT,314.0299987792969,320.0400085449219,314.0,318.9599914550781,311.66046142578125,20720100
2023-10-05,MSFT,319.0899963378906,319.9800109863281,314.8999938964844,319.3599853515625,312.05126953125,16965600
2023-10-06,MSFT,316.54998779296875,329.19000244140625,316.29998779296875,327.260009765625,319.7705383300781,25673600
2023-10-09,MSFT,324.75,330.29998779296875,323.17999267578125,329.82000732421875,322.2718811035156,19891200
2023-10-10,MSFT,330.9599914550781,331.1000061035156,327.6700134277344,328.3900146484375,320.8746032714844,20557100
2023-10-11,MSFT,331.2099914550781,332.82000732421875,329.1400146484375,332.4200134277344,324.8124084472656,20063200
2023-10-12,MSFT,330.57000732421875,333.6300048828125,328.7200012207031,331.1600036621094,323.5812072753906,19313100
2023-10-13,MSFT,332.3800048828125,333.8299865722656,326.3599853515625,327.7300109863281,320.22967529296875,21072400
2023-10-16,MSFT,331.04998779296875,336.1400146484375,330.6000061035156,332.6400146484375,325.0273742675781,22158000
2023-10-17,MSFT,329.5899963378906,333.4599914550781,327.4100036621094,332.05999755859375,324.46063232421875,18338500
2023-10-18,MSFT,332.489990234375,335.5899963378906,328.29998779296875,330.1099853515625,322.5552978515625,23153600
2023-10-19,MSFT,332.1499938964844,336.8800048828125,330.9100036621094,331.32000732421875,323.737548828125,25052100
2023-10-20,MSFT,331.7200012207031,331.9200134277344,325.45001220703125,326.6700134277344,319.1940002441406,25027700
2023-10-23,MSFT,325.4700012207031,332.7300109863281,324.3900146484375,329.32000732421875,321.78326416015625,24374700
2023-10-24,MSFT,331.29998779296875,331.8399963378906,327.6000061035156,330.5299987792969,322.9656066894531,31153600
2023-10-25,MSFT,345.0199890136719,346.20001220703125,337.6199951171875,340.6700134277344,332.8735656738281,55053800
2023-10-26,MSFT,340.5400085449219,341.6300048828125,326.94000244140625,327.8900146484375,320.3860778808594,37828500
2023-10-27,MSFT,330.42999267578125,336.7200012207031,328.3999938964844,329.80999755859375,322.26214599609375,29856500
2023-10-30,MSFT,333.4100036621094,339.45001220703125,331.8299865722656,337.30999755859375,329.5904541015625,22828100
2023-10-31,MSFT,338.8500061035156,339.0,334.69000244140625,338.1099853515625,330.37213134765625,20265300
2023-11-01,MSFT,339.7900085449219,347.4200134277344,339.6499938964844,346.07000732421875,338.1499938964844,28158800
2023-11-02,MSFT,347.239990234375,348.8299865722656,344.7699890136719,348.32000732421875,340.3485412597656,24348100
2023-11-03,MSFT,349.6300048828125,354.3900146484375,347.3299865722656,352.79998779296875,344.7259521484375,23637700
2023-11-06,MSFT,353.45001220703125,357.5400085449219,353.3500061035156,356.5299987792969,348.37060546875,23828300
2023-11-07,MSFT,359.3999938964844,362.4599914550781,357.6300048828125,360.5299987792969,352.27911376953125,25833900
2023-11-08,MSFT,361.67999267578125,363.8699951171875,360.54998779296875,363.20001220703125,354.887939453125,26767800
2023-11-09,MSFT,362.29998779296875,364.7900085449219,360.3599853515625,360.69000244140625,352.4354248046875,24847300
2023-11-10,MSFT,361.489990234375,370.1000061035156,361.07000732421875,369.6700134277344,361.2099304199219,28042100
2023-11-13,MSFT,368.2200012207031,368.4700012207031,365.8999938964844,366.67999267578125,358.288330078125,19986500
2023-11-14,MSFT,371.010009765625,371.95001220703125,367.3500061035156,370.2699890136719,361.7961730957031,27683900
2023-11-15,MSFT,371.2799987792969,373.1300048828125,367.1099853515625,369.6700134277344,361.9430847167969,26860100
2023-11-16,MSFT,370.9599914550781,376.3500061035156,370.17999267578125,376.1700134277344,368.3071594238281,27182300
2023-11-17,MSFT,373.6099853515625,374.3699951171875,367.0,369.8500061035156,362.1192321777344,40157000
2023-11-20,MSFT,371.2200012207031,378.8699951171875,371.0,377.44000244140625,369.5505676269531,52465100
2023-11-21,MSFT,375.6700134277344,376.2200012207031,371.1199951171875,373.07000732421875,365.27197265625,28423100
2023-11-22,MSFT,378.0,379.7900085449219,374.9700012207031,377.8500061035156,369.9520568847656,23345300
2023-11-24,MSFT,377.3299865722656,377.9700012207031,375.1400146484375,377.42999267578125,369.5408020019531,10176600
2023-11-27,MSFT,376.7799987792969,380.6400146484375,376.20001220703125,378.6099853515625,370.6961364746094,22179200
2023-11-28,MSFT,378.3500061035156,383.0,378.1600036621094,382.70001220703125,374.7006530761719,20453100
2023-11-29,MSFT,383.760009765625,384.29998779296875,377.44000244140625,378.8500061035156,370.93115234375,28963400
2023-11-30,MSFT,378.489990234375,380.0899963378906,375.4700012207031,378.9100036621094,370.9898681640625,30554400
2023-12-01,MSFT,376.760009765625,378.1600036621094,371.30999755859375,374.510009765625,366.681884765625,33040500
2023-12-04,MSFT,369.1000061035156,369.5199890136719,362.8999938964844,369.1400146484375,361.4241027832031,32063300
2023-12-05,MSFT,366.45001220703125,373.0799865722656,365.6199951171875,372.5199890136719,364.7334289550781,23065000
2023-12-06,MSFT,373.5400085449219,374.17999267578125,368.0299987792969,368.79998779296875,361.0911865234375,21182100
2023-12-07,MSFT,368.2300109863281,371.45001220703125,366.32000732421875,370.95001220703125,363.1962585449219,23118900
2023-12-08,MSFT,369.20001220703125,374.4599914550781,368.2300109863281,374.2300109863281,366.40771484375,20154400
2023-12-11,MSFT,368.4800109863281,371.6000061035156,366.1000061035156,371.29998779296875,363.5389404296875,27708800
2023-12-12,MSFT,370.8500061035156,374.4200134277344,370.4599914550781,374.3800048828125,366.5545654296875,24838300
2023-12-13,MSFT,376.0199890136719,377.6400146484375,370.7699890136719,374.3699951171875,366.5447998046875,30955500
2023-12-14,MSFT,373.30999755859375,373.760009765625,364.1300048828125,365.92999267578125,358.2811279296875,43277500
2023-12-15,MSFT,366.8500061035156,372.3999938964844,366.2799987792969,370.7300109863281,362.9808654785156,78502300
2023-12-18,MSFT,369.45001220703125,373.0,368.67999267578125,372.6499938964844,364.8607482910156,21802900
2023-12-19,MSFT,371.489990234375,373.260009765625,369.8399963378906,373.260009765625,365.4579772949219,20603700
2023-12-20,MSFT,375.0,376.0299987792969,370.5299987792969,370.6199951171875,362.8731689453125,26316700
2023-12-21,MSFT,372.55999755859375,374.4100036621094,370.0400085449219,373.5400085449219,365.73211669921875,17708000
2023-12-22,MSFT,373.67999267578125,375.17999267578125,372.7099914550781,374.5799865722656,366.7503662109375,17107500
2023-12-26,MSFT,375.0,376.94000244140625,373.5,374.6600036621094,366.8287353515625,12673100
2023-12-27,MSFT,373.69000244140625,375.05999755859375,372.80999755859375,374.07000732421875,366.25103759765625,14905400
2023-12-28,MSFT,375.3699951171875,376.4599914550781,374.1600036621094,375.2799987792969,367.4356994628906,14327000
2023-12-29,MSFT,376.0,377.1600036621094,373.4800109863281,376.0400085449219,368.1799011230469,18730800
2024-01-02,MSFT,373.8599853515625,375.8999938964844,366.7699890136719,370.8699951171875,363.117919921875,25258600
2024-01-03,MSFT,369.010009765625,373.260009765625,368.510009765625,370.6000061035156,362.8536071777344,23083500
2024-01-04,MSFT,370.6700134277344,373.1000061035156,367.1700134277344,367.94000244140625,360.24920654296875,20901500
2024-01-05,MSFT,368.9700012207031,372.05999755859375,366.5,367.75,360.06317138671875,21004600
2024-01-08,MSFT,369.29998779296875,375.20001220703125,369.010009765625,374.69000244140625,366.8580627441406,23134000
2024-01-09,MSFT,372.010009765625,375.989990234375,371.19000244140625,375.7900085449219,367.9350891113281,20830000
2024-01-10,MSFT,376.3699951171875,384.1700134277344,376.32000732421875,382.7699890136719,374.7691955566406,25514200
2024-01-11,MSFT,386.0,390.67999267578125,380.3800048828125,384.6300048828125,376.5903015136719,27850800
2024-01-12,MSFT,385.489990234375,388.67999267578125,384.6499938964844,388.4700012207031,380.35003662109375,21661200
2024-01-16,MSFT,393.6600036621094,394.0299987792969,387.6199951171875,390.2699890136719,382.1124267578125,27202300
2024-01-17,MSFT,387.9800109863281,390.1099853515625,384.80999755859375,389.4700012207031,381.3291015625,22234100
2024-01-18,MSFT,391.7200012207031,393.989990234375,390.1199951171875,393.8699951171875,385.6371765136719,23392100
2024-01-19,MSFT,395.760009765625,398.6700134277344,393.5,398.6700134277344,390.33685302734375,29331100
2024-01-22,MSFT,400.0199890136719,400.6199951171875,393.5899963378906,396.510009765625,388.2220153808594,27016900
2024-01-23,MSFT,395.75,399.3800048828125,393.92999267578125,398.8999938964844,390.5621032714844,20525900
2024-01-24,MSFT,401.5400085449219,405.6300048828125,400.45001220703125,402.55999755859375,394.1455078125,24867000
2024-01-25,MSFT,404.32000732421875,407.010009765625,402.5299987792969,404.8699951171875,396.4072570800781,21021200
2024-01-26,MSFT,404.3699951171875,406.1700134277344,402.42999267578125,403.92999267578125,395.4868469238281,17803300
2024-01-29,MSFT,406.05999755859375,409.9800109863281,404.3299865722656,409.7200012207031,401.1558532714844,24510200
2024-01-30,MSFT,412.260009765625,413.04998779296875,406.45001220703125,408.5899963378906,400.0494689941406,33477600
2024-01-31,MSFT,406.9599914550781,415.32000732421875,397.2099914550781,397.5799865722656,389.2696228027344,47871100
2024-02-01,MSFT,401.8299865722656,408.0,401.79998779296875,403.7799987792969,395.3399963378906,30657700
2024-02-02,MSFT,403.80999755859375,412.6499938964844,403.55999755859375,411.2200012207031,402.62457275390625,28256700
2024-02-05,MSFT,409.8999938964844,411.1600036621094,403.989990234375,405.6499938964844,397.17095947265625,25352300
2024-02-06,MSFT,405.8800048828125,407.9700012207031,402.9100036621094,405.489990234375,397.0143127441406,18382600
2024-02-07,MSFT,407.44000244140625,414.29998779296875,407.3999938964844,414.04998779296875,405.3953857421875,22340500
2024-02-08,MSFT,414.04998779296875,415.55999755859375,412.5299987792969,414.1099853515625,405.4541015625,21225300
2024-02-09,MSFT,415.25,420.82000732421875,415.0899963378906,420.54998779296875,411.75946044921875,22032800
2024-02-12,MSFT,420.55999755859375,420.739990234375,414.75,415.260009765625,406.5801086425781,21202900
2024-02-13,MSFT,404.94000244140625,410.07000732421875,403.3900146484375,406.32000732421875,397.82696533203125,27824900
2024-02-14,MSFT,408.07000732421875,409.8399963378906,404.57000732421875,409.489990234375,401.6720886230469,20401200
2024-02-15,MSFT,408.1400146484375,409.1300048828125,404.2900085449219,406.55999755859375,398.79803466796875,21825500
2024-02-16,MSFT,407.9599914550781,408.2900085449219,403.44000244140625,404.05999755859375,396.3457946777344,22296500
2024-02-20,MSFT,403.239990234375,404.489990234375,398.010009765625,402.7900085449219,395.10003662109375,24307900
2024-02-21,MSFT,400.1700134277344,402.2900085449219,397.2200012207031,402.17999267578125,394.5016784667969,18518900
2024-02-22,MSFT,410.19000244140625,412.8299865722656,408.57000732421875,411.6499938964844,403.7908630371094,27009900
2024-02-23,MSFT,415.6700134277344,415.8599853515625,408.9700012207031,410.3399963378906,402.5058898925781,16295900
2024-02-26,MSFT,411.4599914550781,412.1600036621094,407.3599853515625,407.5400085449219,399.75933837890625,16193500
2024-02-27,MSFT,407.989990234375,408.32000732421875,403.8500061035156,407.4800109863281,399.7005310058594,14835800
2024-02-28,MSFT,408.17999267578125,409.29998779296875,405.32000732421875,407.7200012207031,399.93585205078125,13183100
2024-02-29,MSFT,408.6400146484375,414.20001220703125,405.9200134277344,413.6400146484375,405.7428894042969,31947300
2024-03-01,MSFT,411.2699890136719,415.8699951171875,410.8800048828125,415.5,407.5673522949219,17823400
2024-03-04,MSFT,413.44000244140625,417.3500061035156,412.32000732421875,414.9200134277344,406.9984436035156,17596000
2024-03-05,MSFT,413.9599914550781,414.25,400.6400146484375,402.6499938964844,394.9626770019531,26919200
2024-03-06,MSFT,402.9700012207031,405.1600036621094,398.3900146484375,402.0899963378906,394.4133605957031,22344100
2024-03-07,MSFT,406.1199951171875,409.7799987792969,402.239990234375,409.1400146484375,401.32879638671875,18718500
2024-03-08,MSFT,407.9599914550781,410.4200134277344,404.3299865722656,406.2200012207031,398.4645080566406,18002200
2024-03-11,MSFT,403.760009765625,405.67999267578125,401.260009765625,404.5199890136719,396.7970275878906,16120800
2024-03-12,MSFT,407.6199951171875,415.57000732421875,406.7900085449219,415.2799987792969,407.3515930175781,22457000
2024-03-13,MSFT,418.1000061035156,418.17999267578125,411.45001220703125,415.1000061035156,407.1750183105469,17115900
2024-03-14,MSFT,420.239990234375,427.82000732421875,417.989990234375,425.2200012207031,417.1018371582031,34157300
2024-03-15,MSFT,419.2900085449219,422.6000061035156,412.7900085449219,416.4200134277344,408.4698181152344,45079900
2024-03-18,MSFT,414.25,420.7300109863281,413.7799987792969,417.32000732421875,409.3526306152344,20106000
2024-03-19,MSFT,417.8299865722656,421.6700134277344,415.54998779296875,421.4100036621094,413.364501953125,19837900
2024-03-20,MSFT,422.0,425.9599914550781,420.6600036621094,425.2300109863281,417.1116027832031,17860100
2024-03-21,MSFT,429.8299865722656,430.82000732421875,427.1600036621094,429.3699951171875,421.1725769042969,21296200
2024-03-22,MSFT,429.70001220703125,429.8599853515625,426.07000732421875,428.739990234375,420.5545654296875,17648500
2024-03-25,MSFT,425.239990234375,427.4100036621094,421.6099853515625,422.8599853515625,414.78680419921875,18060500
2024-03-26,MSFT,425.6099853515625,425.989990234375,421.3500061035156,421.6499938964844,413.5999450683594,16725600
2024-03-27,MSFT,424.44000244140625,424.45001220703125,419.010009765625,421.42999267578125,413.3841247558594,16705000
2024-03-28,MSFT,420.9599914550781,421.8699951171875,419.1199951171875,420.7200012207031,412.6876525878906,21871200
2024-04-01,MSFT,423.95001220703125,427.8900146484375,422.2200012207031,424.57000732421875,416.4642333984375,16316000
2024-04-02,MSFT,420.1099853515625,422.3800048828125,417.8399963378906,421.44000244140625,413.3939208984375,17912000
2024-04-03,MSFT,419.7300109863281,423.260009765625,419.0899963378906,420.45001220703125,412.4228515625,16502300
2024-04-04,MSFT,424.989990234375,428.6700134277344,417.57000732421875,417.8800048828125,409.90191650390625,19370900
2024-04-05,MSFT,420.010009765625,426.510009765625,418.32000732421875,425.5199890136719,417.39605712890625,16554800
2024-04-08,MSFT,425.1700134277344,427.2799987792969,423.29998779296875,424.5899963378906,416.4837951660156,14272400
2024-04-09,MSFT,426.44000244140625,427.739990234375,421.6199951171875,426.2799987792969,418.1415710449219,12496900
2024-04-10,MSFT,422.19000244140625,424.0299987792969,419.70001220703125,423.260009765625,415.1792297363281,16216600
2024-04-11,MSFT,425.82000732421875,429.3699951171875,422.3599853515625,427.92999267578125,419.7601013183594,17966400
2024-04-12,MSFT,424.04998779296875,425.17999267578125,419.7699890136719,421.8999938964844,413.84515380859375,19253800
2024-04-15,MSFT,426.6000061035156,426.82000732421875,413.42999267578125,413.6400146484375,405.7428894042969,20273500
2024-04-16,MSFT,414.57000732421875,418.3999938964844,413.7300109863281,414.5799865722656,406.66485595703125,16765600
2024-04-17,MSFT,417.25,418.8800048828125,410.3299865722656,411.8399963378906,403.9772033691406,15855500
2024-04-18,MSFT,410.6300048828125,411.8900146484375,403.95001220703125,404.2699890136719,396.5517578125,21029900
2024-04-19,MSFT,404.0299987792969,405.4800109863281,397.7699890136719,399.1199951171875,391.5001525878906,30565800
2024-04-22,MSFT,400.0799865722656,402.8500061035156,395.75,400.9599914550781,393.3049621582031,20286900
2024-04-23,MSFT,404.239990234375,408.20001220703125,403.05999755859375,407.57000732421875,399.7887878417969,15734500
2024-04-24,MSFT,409.55999755859375,412.4700012207031,406.7799987792969,409.05999755859375,401.2503356933594,15065300
2024-04-25,MSFT,394.0299987792969,399.8900146484375,388.0299987792969,399.0400085449219,391.4216613769531,40586500
2024-04-26,MSFT,412.1700134277344,413.0,405.760009765625,406.32000732421875,398.5626525878906,29694700
2024-04-29,MSFT,405.25,406.32000732421875,399.19000244140625,402.25,394.5702819824219,19582100
2024-04-30,MSFT,401.489990234375,402.1600036621094,389.1700134277344,389.3299865722656,381.89697265625,28781400
2024-05-01,MSFT,392.6099853515625,401.7200012207031,390.30999755859375,394.94000244140625,387.39990234375,23562500
2024-05-02,MSFT,397.6600036621094,399.92999267578125,394.6499938964844,397.8399963378906,390.2445373535156,17709400
2024-05-03,MSFT,402.2799987792969,407.1499938964844,401.8599853515625,406.6600036621094,398.89617919921875,17446700
2024-05-06,MSFT,408.760009765625,413.92999267578125,406.3699951171875,413.5400085449219,405.6447448730469,16996600
2024-05-07,MSFT,414.6600036621094,414.6700134277344,409.0899963378906,409.3399963378906,401.52490234375,20018200
2024-05-08,MSFT,408.1700134277344,412.2300109863281,406.7099914550781,410.5400085449219,402.70208740234375,11792300
2024-05-09,MSFT,410.57000732421875,412.7200012207031,409.1000061035156,412.32000732421875,404.4480285644531,14689700
2024-05-10,MSFT,412.94000244140625,415.3800048828125,411.79998779296875,414.739990234375,406.8218994140625,13402300
2024-05-13,MSFT,418.010009765625,418.3500061035156,410.82000732421875,413.7200012207031,405.82135009765625,15440200
2024-05-14,MSFT,412.0199890136719,417.489990234375,411.54998779296875,416.55999755859375,408.6071472167969,15109300
2024-05-15,MSFT,417.8999938964844,423.80999755859375,417.2699890136719,423.0799865722656,415.75115966796875,22239500
2024-05-16,MSFT,421.79998779296875,425.4200134277344,420.3500061035156,420.989990234375,413.69744873046875,17530100
2024-05-17,MSFT,422.5400085449219,422.9200134277344,418.0299987792969,420.2099914550781,412.9308776855469,15352200
2024-05-20,MSFT,420.2099914550781,426.7699890136719,419.989990234375,425.3399963378906,417.9720153808594,16272100
2024-05-21,MSFT,426.8299865722656,432.9700012207031,424.8500061035156,429.0400085449219,421.60797119140625,21453300
2024-05-22,MSFT,430.0899963378906,432.4100036621094,427.1300048828125,430.5199890136719,423.06231689453125,18073700
2024-05-23,MSFT,432.9700012207031,433.6000061035156,425.4200134277344,427.0,419.603271484375,17211700
2024-05-24,MSFT,427.19000244140625,431.05999755859375,424.4100036621094,430.1600036621094,422.70855712890625,11855300
2024-05-28,MSFT,429.6300048828125,430.82000732421875,426.6000061035156,430.32000732421875,422.86578369140625,15718000
2024-05-29,MSFT,425.69000244140625,430.94000244140625,425.69000244140625,429.1700134277344,421.7357177734375,15517100
2024-05-30,MSFT,424.29998779296875,424.29998779296875,414.239990234375,414.6700134277344,407.4869079589844,28394500
2024-05-31,MSFT,416.75,416.75,404.510009765625,415.1300048828125,407.9389343261719,47995300
2024-06-03,MSFT,415.5299987792969,416.42999267578125,408.9200134277344,413.5199890136719,406.3567810058594,17484700
2024-06-04,MSFT,412.42999267578125,416.44000244140625,409.67999267578125,416.07000732421875,408.8626403808594,14348900
2024-06-05,MSFT,417.80999755859375,424.0799865722656,416.29998779296875,424.010009765625,416.66510009765625,16988000
2024-06-06,MSFT,424.010009765625,425.30999755859375,420.5799865722656,424.5199890136719,417.1662902832031,14861300
2024-06-07,MSFT,426.20001220703125,426.2799987792969,423.0,423.8500061035156,416.5078430175781,13621700
2024-06-10,MSFT,424.70001220703125,428.0799865722656,423.8900146484375,427.8699951171875,420.4582214355469,13982900
2024-06-11,MSFT,425.4800109863281,432.82000732421875,425.25,432.67999267578125,425.1849365234375,14551100
2024-06-12,MSFT,435.32000732421875,443.3999938964844,433.25,441.05999755859375,433.4197082519531,22366200
2024-06-13,MSFT,440.8500061035156,443.3900146484375,439.3699951171875,441.5799865722656,433.9306640625,15960600
2024-06-14,MSFT,438.2799987792969,443.1400146484375,436.7200012207031,442.57000732421875,434.9035949707031,13582000
2024-06-17,MSFT,442.5899963378906,450.94000244140625,440.7200012207031,448.3699951171875,440.60308837890625,20790000
2024-06-18,MSFT,449.7099914550781,450.1400146484375,444.8900146484375,446.3399963378906,438.6082763671875,17112500
2024-06-20,MSFT,446.29998779296875,446.5299987792969,441.2699890136719,445.70001220703125,437.9794006347656,19877400
2024-06-21,MSFT,447.3800048828125,450.5799865722656,446.510009765625,449.7799987792969,441.9886474609375,34187100
2024-06-24,MSFT,449.79998779296875,452.75,446.4100036621094,447.6700134277344,439.9152526855469,15913700
2024-06-25,MSFT,448.25,451.4200134277344,446.75,450.95001220703125,443.1383972167969,16413400
2024-06-26,MSFT,449.0,453.6000061035156,448.19000244140625,452.1600036621094,444.32745361328125,16507000
2024-06-27,MSFT,452.17999267578125,456.1700134277344,451.7699890136719,452.8500061035156,445.0054626464844,14806300
2024-06-28,MSFT,453.07000732421875,455.3800048828125,446.4100036621094,446.95001220703125,439.2077331542969,28362300
2024-07-01,MSFT,448.6600036621094,457.3699951171875,445.6600036621094,456.7300109863281,448.81829833984375,17662800
2024-07-02,MSFT,453.20001220703125,459.5899963378906,453.1099853515625,459.2799987792969,451.3241882324219,13979800
2024-07-03,MSFT,458.19000244140625,461.0199890136719,457.8800048828125,460.7699890136719,452.7882995605469,9932800
2024-07-05,MSFT,459.6099853515625,468.3500061035156,458.9700012207031,467.55999755859375,459.4606628417969,16000300
2024-07-08,MSFT,466.54998779296875,467.70001220703125,464.4599914550781,466.239990234375,458.16357421875,12962300
2024-07-09,MSFT,467.0,467.3299865722656,458.0,459.5400085449219,451.57965087890625,17207200
2024-07-10,MSFT,461.2200012207031,466.4599914550781,458.8599853515625,466.25,458.17340087890625,18196100
2024-07-11,MSFT,462.9800109863281,464.7799987792969,451.54998779296875,454.70001220703125,446.8234558105469,23111200
2024-07-12,MSFT,454.3299865722656,456.3599853515625,450.6499938964844,453.54998779296875,445.6933288574219,16324300
2024-07-15,MSFT,453.29998779296875,457.260009765625,451.42999267578125,453.9599914550781,446.09625244140625,14429400
2024-07-16,MSFT,454.2200012207031,454.29998779296875,446.6600036621094,449.5199890136719,441.7331848144531,17175700
2024-07-17,MSFT,442.5899963378906,444.8500061035156,439.17999267578125,443.5199890136719,435.83709716796875,21778000
2024-07-18,MSFT,444.3399963378906,444.6499938964844,434.3999938964844,440.3699951171875,432.74169921875,20794800
2024-07-19,MSFT,433.1000061035156,441.1400146484375,432.0,437.1099853515625,429.53814697265625,20940400
2024-07-22,MSFT,441.7900085449219,444.6000061035156,438.9100036621094,442.94000244140625,435.26715087890625,15808800
2024-07-23,MSFT,443.8999938964844,448.3900146484375,443.1000061035156,444.8500061035156,437.1440734863281,13107100
2024-07-24,MSFT,440.45001220703125,441.4800109863281,427.5899963378906,428.8999938964844,421.47039794921875,26805800
2024-07-25,MSFT,428.79998779296875,429.79998779296875,417.510009765625,418.3999938964844,411.15228271484375,29943800
2024-07-26,MSFT,418.20001220703125,428.9200134277344,417.2699890136719,425.2699890136719,417.9032287597656,23583800
2024-07-29,MSFT,431.5799865722656,432.1499938964844,424.70001220703125,426.7300109863281,419.3379821777344,15125800
2024-07-30,MSFT,427.7200012207031,429.04998779296875,417.3599853515625,422.9200134277344,415.5940246582031,32687600
2024-07-31,MSFT,420.5,421.7799987792969,412.2099914550781,418.3500061035156,411.1031494140625,42891400
2024-08-01,MSFT,420.7900085449219,427.4599914550781,413.0899963378906,417.1099853515625,409.8846130371094,30296400
2024-08-02,MSFT,412.489990234375,415.0,404.3399963378906,408.489990234375,401.41387939453125,29437900
2024-08-05,MSFT,389.1700134277344,401.0400085449219,385.5799865722656,395.1499938964844,388.30499267578125,40709200
2024-08-06,MSFT,400.0,405.6700134277344,398.5,399.6099853515625,392.6877746582031,24946500
2024-08-07,MSFT,408.6400146484375,410.0799865722656,397.4700012207031,398.42999267578125,391.5281982421875,20650900
2024-08-08,MSFT,402.44000244140625,405.8599853515625,399.94000244140625,402.69000244140625,395.71441650390625,20203000
2024-08-09,MSFT,404.0299987792969,408.04998779296875,402.260009765625,406.0199890136719,398.9866943359375,19276700
2024-08-12,MSFT,407.05999755859375,408.760009765625,404.239990234375,406.80999755859375,399.76300048828125,16762900
2024-08-13,MSFT,409.5899963378906,414.95001220703125,409.57000732421875,414.010009765625,406.8382873535156,19414300
2024-08-14,MSFT,414.79998779296875,417.7200012207031,412.45001220703125,416.8599853515625,409.6389465332031,18267000
2024-08-15,MSFT,419.79998779296875,421.1099853515625,417.6600036621094,421.0299987792969,414.4823913574219,20752100
2024-08-16,MSFT,420.6000061035156,421.3399963378906,417.29998779296875,418.4700012207031,411.9622802734375,22775600
2024-08-19,MSFT,418.9599914550781,421.75,416.4599914550781,421.5299987792969,414.9746398925781,15234000
2024-08-20,MSFT,421.70001220703125,425.8599853515625,421.6400146484375,424.79998779296875,418.1937561035156,16387600
2024-08-21,MSFT,424.0799865722656,426.3999938964844,421.7200012207031,424.1400146484375,417.5440673828125,16067300
2024-08-22,MSFT,424.3599853515625,426.7900085449219,414.6099853515625,415.54998779296875,409.087646484375,19361900
2024-08-23,MSFT,416.9800109863281,419.260009765625,412.0899963378906,416.7900085449219,410.3083801269531,18493800
2024-08-26,MSFT,416.3699951171875,417.2799987792969,411.3399963378906,413.489990234375,407.0596618652344,13152800
2024-08-27,MSFT,412.8599853515625,414.3599853515625,410.25,413.8399963378906,407.404296875,13492900
2024-08-28,MSFT,414.8800048828125,415.0,407.30999755859375,410.6000061035156,404.2146911621094,14882700
2024-08-29,MSFT,414.94000244140625,422.04998779296875,410.6000061035156,413.1199951171875,406.6954345703125,17045200
2024-08-30,MSFT,415.6000061035156,417.489990234375,412.1300048828125,417.1400146484375,410.65289306640625,24308300
2024-09-03,MSFT,417.9100036621094,419.8800048828125,407.0299987792969,409.44000244140625,403.0726623535156,20313600
2024-09-04,MSFT,405.9100036621094,411.239990234375,404.3699951171875,408.8999938964844,402.5410461425781,15135800
2024-09-05,MSFT,407.6199951171875,413.1000061035156,406.1300048828125,408.3900146484375,402.0389709472656,14195500
2024-09-06,MSFT,409.05999755859375,410.6499938964844,400.79998779296875,401.70001220703125,395.45306396484375,19609500
2024-09-09,MSFT,407.239990234375,408.6499938964844,402.1499938964844,405.7200012207031,399.4105529785156,15295100
2024-09-10,MSFT,408.20001220703125,416.3299865722656,407.70001220703125,414.20001220703125,407.7586975097656,19594300
2024-09-11,MSFT,415.5,423.989990234375,409.5799865722656,423.0400085449219,416.461181640625,19266900
2024-09-12,MSFT,423.30999755859375,427.3699951171875,419.75,427.0,420.359619140625,17395700
2024-09-13,MSFT,425.8299865722656,431.8299865722656,425.4599914550781,430.5899963378906,423.89373779296875,15874600
2024-09-16,MSFT,430.6000061035156,433.5299987792969,428.2200012207031,431.3399963378906,424.6321105957031,13834700
2024-09-17,MSFT,440.2300109863281,441.8500061035156,432.2699890136719,435.1499938964844,428.3828430175781,18874200
2024-09-18,MSFT,435.0,436.0299987792969,430.4100036621094,430.80999755859375,424.1103210449219,18898000
2024-09-19,MSFT,441.2300109863281,441.5,436.8999938964844,438.69000244140625,431.8678283691406,21706600
2024-09-20,MSFT,437.2200012207031,439.239990234375,434.2200012207031,435.2699890136719,428.5009765625,55167100
2024-09-23,MSFT,434.2799987792969,436.4599914550781,430.3900146484375,433.510009765625,426.7684020996094,15128900
2024-09-24,MSFT,433.0,433.3500061035156,426.1000061035156,429.1700134277344,422.4958190917969,17015800
2024-09-25,MSFT,429.8299865722656,433.1199951171875,428.57000732421875,432.1099853515625,425.39013671875,13396400
2024-09-26,MSFT,435.0899963378906,435.29998779296875,429.1300048828125,431.30999755859375,424.6025390625,14492000
2024-09-27,MSFT,431.5199890136719,431.8500061035156,427.4700012207031,428.0199890136719,421.3636779785156,14896100
2024-09-30,MSFT,428.2099914550781,430.4200134277344,425.3699951171875,430.29998779296875,423.6082458496094,16807300
2024-10-01,MSFT,428.45001220703125,428.4800109863281,418.80999755859375,420.69000244140625,414.1477355957031,19092900
2024-10-02,MSFT,422.5799865722656,422.82000732421875,416.7099914550781,417.1300048828125,410.6430969238281,16582300
2024-10-03,MSFT,417.6300048828125,419.54998779296875,414.2900085449219,416.5400085449219,410.062255859375,13686400
2024-10-04,MSFT,418.239990234375,419.75,414.9700012207031,416.05999755859375,409.58966064453125,19169700
2024-10-07,MSFT,416.0,417.1099853515625,409.0,409.5400085449219,403.1711120605469,20919800
2024-10-08,MSFT,410.8999938964844,415.6600036621094,408.1700134277344,414.7099914550781,408.26068115234375,19229300
2024-10-09,MSFT,415.8599853515625,420.3800048828125,414.29998779296875,417.4599914550781,410.9679260253906,14974300
2024-10-10,MSFT,415.2300109863281,417.3500061035156,413.1499938964844,415.8399963378906,409.3731384277344,13848400
2024-10-11,MSFT,416.1400146484375,417.1300048828125,413.25,416.32000732421875,409.845703125,14144900
2024-10-14,MSFT,417.7699890136719,424.0400085449219,417.5199890136719,419.1400146484375,412.621826171875,16653100
2024-10-15,MSFT,422.17999267578125,422.4800109863281,415.260009765625,418.739990234375,412.2279968261719,18900200
2024-10-16,MSFT,415.1700134277344,416.3599853515625,410.4800109863281,416.1199951171875,409.6488037109375,15508900
2024-10-17,MSFT,422.3599853515625,422.5,415.5899963378906,416.7200012207031,410.2395324707031,14820000
2024-10-18,MSFT,417.1400146484375,419.6499938964844,416.260009765625,418.1600036621094,411.6570739746094,17145300
2024-10-21,MSFT,416.1199951171875,418.9599914550781,413.75,418.7799987792969,412.2674255371094,14206100
2024-10-22,MSFT,418.489990234375,430.5799865722656,418.0400085449219,427.510009765625,420.8616638183594,25482200
2024-10-23,MSFT,430.8599853515625,431.0799865722656,422.5299987792969,424.6000061035156,417.9969177246094,19654400
2024-10-24,MSFT,425.3299865722656,425.9800109863281,422.3999938964844,424.7300109863281,418.1248779296875,13581600
2024-10-25,MSFT,426.760009765625,432.5199890136719,426.57000732421875,428.1499938964844,421.49169921875,16899100
2024-10-28,MSFT,431.6600036621094,431.94000244140625,426.29998779296875,426.5899963378906,419.95599365234375,14882400
2024-10-29,MSFT,428.0,433.1700134277344,425.79998779296875,431.95001220703125,425.23260498046875,17644100
2024-10-30,MSFT,437.44000244140625,438.5,432.1000061035156,432.5299987792969,425.8035888671875,29749100
2024-10-31,MSFT,415.3599853515625,416.1600036621094,406.29998779296875,406.3500061035156,400.0307312011719,53971000
2024-11-01,MSFT,409.010009765625,415.5,407.5,410.3699951171875,403.98822021484375,24230400
2024-11-04,MSFT,409.79998779296875,410.4200134277344,405.57000732421875,408.4599914550781,402.10791015625,19672300
2024-11-05,MSFT,408.3699951171875,414.8999938964844,408.0799865722656,411.4599914550781,405.0612487792969,17626000
2024-11-06,MSFT,412.4200134277344,420.45001220703125,410.5199890136719,420.17999267578125,413.6456298828125,26681800
2024-11-07,MSFT,421.2799987792969,426.8500061035156,419.8800048828125,425.42999267578125,418.81402587890625,19901800
2024-11-08,MSFT,425.32000732421875,426.5,421.7799987792969,422.5400085449219,415.9689636230469,16891400
2024-11-11,MSFT,422.5199890136719,424.80999755859375,416.0,418.010009765625,411.5094299316406,24503300
2024-11-12,MSFT,418.25,424.44000244140625,417.20001220703125,423.0299987792969,416.4513244628906,19401200
2024-11-13,MSFT,421.6400146484375,429.3299865722656,418.2099914550781,425.20001220703125,418.5876159667969,21502200
2024-11-14,MSFT,425.0,428.1700134277344,420.0,426.8900146484375,420.25128173828125,30246900
2024-11-15,MSFT,419.82000732421875,422.79998779296875,413.6400146484375,415.0,408.5461730957031,28247600
2024-11-18,MSFT,414.8699951171875,418.3999938964844,412.1000061035156,415.760009765625,409.2944030761719,24727000
2024-11-19,MSFT,413.1099853515625,417.94000244140625,411.54998779296875,417.7900085449219,411.2928161621094,18133500
2024-11-20,MSFT,416.8699951171875,417.2900085449219,410.5799865722656,415.489990234375,409.02862548828125,19191700
2024-11-21,MSFT,419.5,419.7799987792969,410.2900085449219,412.8699951171875,407.2628479003906,20780200
2024-11-22,MSFT,411.3699951171875,417.3999938964844,411.05999755859375,417.0,411.3368225097656,24814600
2024-11-25,MSFT,418.3800048828125,421.0799865722656,414.8500061035156,418.7900085449219,413.10247802734375,27691100
2024-11-26,MSFT,419.5899963378906,429.0400085449219,418.8500061035156,427.989990234375,422.177490234375,23458900
2024-11-27,MSFT,425.1099853515625,427.2300109863281,422.0199890136719,422.989990234375,417.2455139160156,18332400
2024-11-29,MSFT,420.0899963378906,424.8800048828125,417.79998779296875,423.4599914550781,417.7090759277344,16271900
2024-12-02,MSFT,421.57000732421875,433.0,421.30999755859375,430.9800109863281,425.1269836425781,20207200
2024-12-03,MSFT,429.8399963378906,432.4700012207031,427.739990234375,431.20001220703125,425.343994140625,18302000
2024-12-04,MSFT,433.0299987792969,439.6700134277344,432.6300048828125,437.4200134277344,431.4794921875,26009400
2024-12-05,MSFT,437.9200134277344,444.6600036621094,436.1700134277344,442.6199951171875,436.6088562011719,21697800
2024-12-06,MSFT,442.29998779296875,446.1000061035156,441.7699890136719,443.57000732421875,437.54595947265625,18821000
2024-12-09,MSFT,442.6000061035156,448.3299865722656,440.5,446.0199890136719,439.96270751953125,19144400
2024-12-10,MSFT,444.3900146484375,449.6199951171875,441.6000061035156,443.3299865722656,437.3092346191406,18469500
2024-12-11,MSFT,444.04998779296875,450.3500061035156,444.04998779296875,448.989990234375,442.8923645019531,19200200
2024-12-12,MSFT,449.1099853515625,456.1600036621094,449.1099853515625,449.55999755859375,443.45465087890625,20834800
2024-12-13,MSFT,448.44000244140625,451.42999267578125,445.5799865722656,447.2699890136719,441.1956787109375,20177800
2024-12-16,MSFT,447.2699890136719,452.17999267578125,445.2799987792969,451.5899963378906,445.45703125,23598800
2024-12-17,MSFT,451.010009765625,455.2900085449219,449.57000732421875,454.4599914550781,448.2880554199219,22733500
2024-12-18,MSFT,451.32000732421875,452.6499938964844,437.0199890136719,437.3900146484375,431.44989013671875,24444500
2024-12-19,MSFT,441.6199951171875,443.17999267578125,436.32000732421875,437.0299987792969,431.0947265625,22963700
2024-12-20,MSFT,433.1099853515625,443.739990234375,428.6300048828125,436.6000061035156,430.6706237792969,64263700
2024-12-23,MSFT,436.739990234375,437.6499938964844,432.8299865722656,435.25,429.3389587402344,19152500
2024-12-24,MSFT,434.6499938964844,439.6000061035156,434.19000244140625,439.3299865722656,433.3635559082031,7164500
2024-12-26,MSFT,439.0799865722656,440.94000244140625,436.6300048828125,438.1099853515625,432.1601257324219,8194200
2024-12-27,MSFT,434.6000061035156,435.2200012207031,426.3500061035156,430.5299987792969,424.68304443359375,18117700
2024-12-30,MSFT,426.05999755859375,427.54998779296875,421.8999938964844,424.8299865722656,419.0604553222656,13158700
2024-12-31,MSFT,426.1000061035156,426.7300109863281,420.6600036621094,421.5,415.77569580078125,13246500
2025-01-02,MSFT,425.5299987792969,426.07000732421875,414.8500061035156,418.5799865722656,412.89532470703125,16896500
2025-01-03,MSFT,421.0799865722656,424.0299987792969,419.5400085449219,423.3500061035156,417.6005554199219,16662900
2025-01-06,MSFT,428.0,434.32000732421875,425.4800109863281,427.8500061035156,422.0394592285156,20573600
2025-01-07,MSFT,429.0,430.6499938964844,420.79998779296875,422.3699951171875,416.6338806152344,18139100
2025-01-08,MSFT,423.4599914550781,426.9700012207031,421.5400085449219,424.55999755859375,418.79412841796875,15054600
2025-01-10,MSFT,424.6300048828125,424.7099914550781,415.0199890136719,418.95001220703125,413.2603454589844,20201100
2025-01-13,MSFT,415.239990234375,418.5,412.2900085449219,417.19000244140625,411.52423095703125,17604800
2025-01-14,MSFT,417.80999755859375,419.739990234375,410.7200012207031,415.6700134277344,410.02490234375,16935900
2025-01-15,MSFT,419.1300048828125,428.1499938964844,418.2699890136719,426.30999755859375,420.5203552246094,19637800
2025-01-16,MSFT,428.70001220703125,429.489990234375,424.3900146484375,424.5799865722656,418.8138732910156,15300000
2025-01-17,MSFT,434.0899963378906,434.4800109863281,428.1700134277344,429.0299987792969,423.2034606933594,26197500
2025-01-21,MSFT,430.20001220703125,430.8999938964844,425.6000061035156,428.5,422.6805725097656,26085700
2025-01-22,MSFT,437.55999755859375,447.2699890136719,436.0,446.20001220703125,440.1402587890625,27803800
2025-01-23,MSFT,442.0,446.75,441.5,446.7099914550781,440.643310546875,18389300
2025-01-24,MSFT,445.1600036621094,446.6499938964844,441.3999938964844,444.05999755859375,438.0293273925781,15549500
2025-01-27,MSFT,424.010009765625,435.20001220703125,423.5,434.55999755859375,428.6583251953125,35647800
2025-01-28,MSFT,434.6000061035156,448.3800048828125,431.3800048828125,447.20001220703125,441.126708984375,23491700
2025-01-29,MSFT,446.69000244140625,446.8800048828125,440.3999938964844,442.3299865722656,436.3227844238281,23581400
2025-01-30,MSFT,418.7699890136719,422.8599853515625,413.1600036621094,414.989990234375,409.35406494140625,54586300
2025-01-31,MSFT,418.9800109863281,420.69000244140625,414.9100036621094,415.05999755859375,409.4231262207031,34161900
2025-02-03,MSFT,411.6000061035156,415.4100036621094,408.6600036621094,410.9200134277344,405.3393859863281,25679100
2025-02-04,MSFT,412.69000244140625,413.9200134277344,409.739990234375,412.3699951171875,406.7696838378906,20532100
2025-02-05,MSFT,412.3500061035156,413.8299865722656,410.3999938964844,413.2900085449219,407.67718505859375,16316700
2025-02-06,MSFT,414.0,418.20001220703125,414.0,415.82000732421875,410.1728515625,16309800
2025-02-07,MSFT,416.4800109863281,418.6499938964844,408.1000061035156,409.75,404.18524169921875,22886800
2025-02-10,MSFT,413.7099914550781,415.4599914550781,410.9200134277344,412.2200012207031,406.6217346191406,20817900
2025-02-11,MSFT,409.6400146484375,412.489990234375,409.29998779296875,411.44000244140625,405.85235595703125,18140600
2025-02-12,MSFT,407.2099914550781,410.75,404.3699951171875,409.0400085449219,403.48492431640625,19121700
2025-02-13,MSFT,407.0,411.0,406.3599853515625,410.5400085449219,404.9645080566406,23891700
2025-02-14,MSFT,407.7900085449219,408.9100036621094,405.8800048828125,408.42999267578125,402.88323974609375,22758500
2025-02-18,MSFT,408.0,410.6000061035156,406.5,409.6400146484375,404.0767517089844,21423100
2025-02-19,MSFT,407.8800048828125,415.489990234375,407.6499938964844,414.7699890136719,409.1370849609375,24114200
2025-02-20,MSFT,415.2900085449219,419.30999755859375,412.5400085449219,416.1300048828125,411.3016662597656,23508700
2025-02-21,MSFT,417.3399963378906,418.04998779296875,407.8900146484375,408.2099914550781,403.4735412597656,27524800
2025-02-24,MSFT,408.510009765625,409.3699951171875,399.32000732421875,404.0,399.3124084472656,26443700
2025-02-25,MSFT,401.1000061035156,401.9200134277344,396.70001220703125,397.8999938964844,393.283203125,29387400
2025-02-26,MSFT,398.010009765625,403.6000061035156,394.25,399.7300109863281,395.0919494628906,19619000
2025-02-27,MSFT,401.2699890136719,405.739990234375,392.1700134277344,392.5299987792969,387.9754943847656,21127400
2025-02-28,MSFT,392.6600036621094,397.6300048828125,386.57000732421875,396.989990234375,392.38372802734375,32845700
2025-03-03,MSFT,398.82000732421875,398.82000732421875,386.1600036621094,388.489990234375,383.9823913574219,23007700
2025-03-04,MSFT,383.3999938964844,392.5799865722656,381.0,388.6099853515625,384.1009521484375,29342900
2025-03-05,MSFT,389.3399963378906,401.6700134277344,388.80999755859375,401.0199890136719,396.36700439453125,23433100
2025-03-06,MSFT,394.2799987792969,402.1499938964844,392.67999267578125,396.8900146484375,392.2849426269531,23304600
2025-03-07,MSFT,392.32000732421875,394.79998779296875,385.5400085449219,393.30999755859375,388.7464599609375,22034100
2025-03-10,MSFT,385.8399963378906,386.3999938964844,377.2200012207031,380.1600036621094,375.7490234375,32840100
2025-03-11,MSFT,379.0,386.0,376.9100036621094,380.45001220703125,376.0356750488281,30380200
2025-03-12,MSFT,382.95001220703125,385.2200012207031,378.95001220703125,383.2699890136719,378.8229064941406,24253600
2025-03-13,MSFT,383.1600036621094,385.32000732421875,377.45001220703125,378.7699890136719,374.3751525878906,20473000
2025-03-14,MSFT,379.7799987792969,390.2300109863281,379.510009765625,388.55999755859375,384.05157470703125,19952800
2025-03-17,MSFT,386.70001220703125,392.7099914550781,385.57000732421875,388.70001220703125,384.1899719238281,22474300
2025-03-18,MSFT,387.07000732421875,387.3699951171875,381.1000061035156,383.5199890136719,379.0700988769531,19486900
2025-03-19,MSFT,385.5299987792969,389.67999267578125,384.0,387.82000732421875,383.3201599121094,19185500
2025-03-20,MSFT,385.739990234375,391.7900085449219,383.2799987792969,386.8399963378906,382.3515319824219,18470500
2025-03-21,MSFT,383.2200012207031,391.739990234375,382.79998779296875,391.260009765625,386.7203063964844,39675900
2025-03-24,MSFT,395.3999938964844,395.3999938964844,389.80999755859375,393.0799865722656,388.5191650390625,21004500
2025-03-25,MSFT,393.9200134277344,396.3599853515625,392.6400146484375,395.1600036621094,390.5749816894531,15775000
2025-03-26,MSFT,395.0,395.30999755859375,388.57000732421875,389.9700012207031,385.4452209472656,16108400
2025-03-27,MSFT,390.1300048828125,392.239990234375,387.3999938964844,390.5799865722656,386.048095703125,13766800
2025-03-28,MSFT,388.0799865722656,389.1300048828125,376.92999267578125,378.79998779296875,374.4048156738281,21632000
2025-03-31,MSFT,372.5400085449219,377.07000732421875,367.239990234375,375.3900146484375,371.0343933105469,35184700
2025-04-01,MSFT,374.6499938964844,382.8500061035156,373.2300109863281,382.19000244140625,377.7554931640625,19689500
2025-04-02,MSFT,377.9700012207031,385.0799865722656,376.6199951171875,382.1400146484375,377.7060852050781,16092600
2025-04-03,MSFT,374.7900085449219,377.4800109863281,369.3500061035156,373.1099853515625,368.7807922363281,30198000
2025-04-04,MSFT,364.1300048828125,374.5899963378906,359.4800109863281,359.8399963378906,355.664794921875,49209900
2025-04-07,MSFT,350.8800048828125,371.0,344.7900085449219,357.8599853515625,353.707763671875,50425000
2025-04-08,MSFT,368.260009765625,373.6499938964844,350.25,354.55999755859375,350.4460754394531,35868900
2025-04-09,MSFT,353.5400085449219,393.2300109863281,353.1000061035156,390.489990234375,385.9591979980469,50199700
2025-04-10,MSFT,382.05999755859375,383.8999938964844,367.79998779296875,381.3500061035156,376.92523193359375,38024400
2025-04-11,MSFT,380.6400146484375,390.04998779296875,378.8900146484375,388.45001220703125,383.94287109375,23839200
2025-04-14,MSFT,393.2200012207031,394.6499938964844,384.2099914550781,387.80999755859375,383.3102722167969,19251200
2025-04-15,MSFT,388.510009765625,391.8900146484375,384.1600036621094,385.7300109863281,381.2544250488281,17199900
2025-04-16,MSFT,380.6700134277344,381.6099853515625,368.0,371.6099853515625,367.2982177734375,21967800
2025-04-17,MSFT,373.75,374.32000732421875,366.8900146484375,367.7799987792969,363.5126647949219,21120200
2025-04-21,MSFT,362.82000732421875,364.4800109863281,355.6700134277344,359.1199951171875,354.9531555175781,20807300
2025-04-22,MSFT,363.3800048828125,367.7699890136719,359.8599853515625,366.82000732421875,362.5638427734375,19485000
2025-04-23,MSFT,376.05999755859375,380.3900146484375,373.0199890136719,374.3900146484375,370.0459899902344,20545500
2025-04-24,MSFT,375.70001220703125,388.45001220703125,375.19000244140625,387.29998779296875,382.80615234375,22232300
2025-04-25,MSFT,387.0,392.1600036621094,384.6000061035156,391.8500061035156,387.3034362792969,18973200
2025-04-28,MSFT,391.9599914550781,392.739990234375,386.6400146484375,391.1600036621094,386.6214294433594,16579400
2025-04-29,MSFT,391.29998779296875,395.1000061035156,390.3800048828125,394.0400085449219,389.4679870605469,14974000
2025-04-30,MSFT,390.29998779296875,396.6600036621094,384.44000244140625,395.260009765625,390.6738586425781,36461100
2025-05-01,MSFT,431.1099853515625,436.989990234375,424.8999938964844,425.3999938964844,420.464111328125,58938100
2025-05-02,MSFT,431.739990234375,439.44000244140625,429.989990234375,435.2799987792969,430.2294921875,30757400
2025-05-05,MSFT,432.8699951171875,439.5,432.1099853515625,436.1700134277344,431.10919189453125,20136100
2025-05-06,MSFT,432.20001220703125,437.7300109863281,431.1700134277344,433.30999755859375,428.2823486328125,15104200
2025-05-07,MSFT,433.8399963378906,438.1199951171875,431.1099853515625,433.3500061035156,428.3218688964844,23295300
2025-05-08,MSFT,437.92999267578125,443.6700134277344,435.6600036621094,438.1700134277344,433.08599853515625,23491300
2025-05-09,MSFT,440.0,440.739990234375,435.8800048828125,438.7300109863281,433.63946533203125,15324200
2025-05-12,MSFT,445.94000244140625,449.3699951171875,439.7799987792969,449.260009765625,444.0472717285156,22821900
2025-05-13,MSFT,447.7799987792969,450.6700134277344,445.3599853515625,449.1400146484375,443.9287109375,23618800
2025-05-14,MSFT,448.1400146484375,453.8999938964844,448.1400146484375,452.94000244140625,447.6846008300781,19902800
2025-05-15,MSFT,450.7699890136719,456.19000244140625,450.42999267578125,453.1300048828125,448.6946105957031,21992300
2025-05-16,MSFT,452.04998779296875,454.3599853515625,448.7300109863281,454.2699890136719,449.8233947753906,23849800
2025-05-19,MSFT,450.8800048828125,459.5899963378906,450.79998779296875,458.8699951171875,454.37841796875,21336500
2025-05-20,MSFT,455.5899963378906,458.3399963378906,454.32000732421875,458.1700134277344,453.6852722167969,15441800
2025-05-21,MSFT,454.57000732421875,457.7799987792969,451.80999755859375,452.57000732421875,448.1401062011719,19216900
2025-05-22,MSFT,454.95001220703125,460.25,453.8999938964844,454.8599853515625,450.40765380859375,18025600
2025-05-23,MSFT,449.9800109863281,453.69000244140625,448.9100036621094,450.17999267578125,445.7734680175781,16883500
2025-05-27,MSFT,456.4800109863281,460.95001220703125,456.1199951171875,460.69000244140625,456.18060302734375,20974300
2025-05-28,MSFT,461.2200012207031,462.5199890136719,456.92999267578125,457.3599853515625,452.8831787109375,17086300
2025-05-29,MSFT,461.54998779296875,461.7200012207031,455.30999755859375,458.67999267578125,454.1903076171875,13974800
2025-05-30,MSFT,459.7200012207031,461.67999267578125,455.5400085449219,460.3599853515625,455.85382080078125,34770500
2025-06-02,MSFT,457.1400146484375,462.1099853515625,456.8900146484375,461.9700012207031,457.4480895996094,16626500
2025-06-03,MSFT,461.4700012207031,464.1400146484375,460.8599853515625,462.9700012207031,458.43829345703125,15743800
2025-06-04,MSFT,464.0,465.69000244140625,463.0199890136719,463.8699951171875,459.3294677734375,14162700
2025-06-05,MSFT,464.9599914550781,469.6499938964844,464.0299987792969,467.67999267578125,463.1022033691406,20131700
2025-06-06,MSFT,470.0899963378906,473.3399963378906,468.7799987792969,470.3800048828125,465.7757263183594,15285600
2025-06-09,MSFT,469.70001220703125,473.42999267578125,468.6199951171875,472.75,468.12255859375,16469900
2025-06-10,MSFT,471.19000244140625,472.79998779296875,466.9599914550781,470.9200134277344,466.31048583984375,15375900
2025-06-11,MSFT,470.0199890136719,475.4700012207031,469.6600036621094,472.6199951171875,467.99383544921875,16399200
2025-06-12,MSFT,475.0199890136719,480.4200134277344,473.5199890136719,478.8699951171875,474.1826171875,18950600
2025-06-13,MSFT,476.4100036621094,479.17999267578125,472.760009765625,474.9599914550781,470.3109130859375,16814500
2025-06-16,MSFT,475.2099914550781,480.69000244140625,475.0,479.1400146484375,474.45001220703125,15626100
2025-06-17,MSFT,475.3999938964844,478.739990234375,474.0799865722656,478.0400085449219,473.36077880859375,15414100
2025-06-18,MSFT,478.0,481.0,474.4599914550781,480.239990234375,475.53924560546875,17526500
2025-06-20,MSFT,482.2300109863281,483.4599914550781,476.8699951171875,477.3999938964844,472.72698974609375,37576200
2025-06-23,MSFT,478.2099914550781,487.75,472.510009765625,486.0,481.24285888671875,24864000
2025-06-24,MSFT,488.95001220703125,491.8500061035156,486.79998779296875,490.1099853515625,485.3126220703125,22305600
2025-06-25,MSFT,492.0400085449219,494.55999755859375,489.3900146484375,492.2699890136719,487.45147705078125,17495100
2025-06-26,MSFT,492.9800109863281,498.0400085449219,492.80999755859375,497.45001220703125,492.5807800292969,21578900
2025-06-27,MSFT,497.54998779296875,499.29998779296875,493.0299987792969,495.94000244140625,491.0855712890625,34539200
2025-06-30,MSFT,497.0400085449219,500.760009765625,495.3299865722656,497.4100036621094,492.5411682128906,28369000
2025-07-01,MSFT,496.4700012207031,498.04998779296875,490.9800109863281,492.04998779296875,487.23358154296875,19945400
2025-07-02,MSFT,489.989990234375,493.5,488.70001220703125,491.0899963378906,486.2830505371094,16319600
2025-07-03,MSFT,493.80999755859375,500.1300048828125,493.44000244140625,498.8399963378906,493.95721435546875,13984800
2025-07-07,MSFT,497.3800048828125,498.75,495.2300109863281,497.7200012207031,492.8481140136719,13981600
2025-07-08,MSFT,497.239990234375,498.20001220703125,494.1099853515625,496.6199951171875,491.7588806152344,11846600
2025-07-09,MSFT,500.29998779296875,506.7799987792969,499.739990234375,503.510009765625,498.5814514160156,18659500
2025-07-10,MSFT,503.04998779296875,504.44000244140625,497.75,501.4800109863281,496.5713195800781,16492100
2025-07-11,MSFT,498.4700012207031,505.0299987792969,497.79998779296875,503.32000732421875,498.3933410644531,16459500
2025-07-14,MSFT,501.5199890136719,503.9700012207031,501.0299987792969,503.0199890136719,498.0962219238281,12058800
2025-07-15,MSFT,503.0199890136719,508.29998779296875,502.7900085449219,505.82000732421875,500.8688659667969,14927200
2025-07-16,MSFT,505.17999267578125,506.7200012207031,501.8900146484375,505.6199951171875,500.6708068847656,15154400
2025-07-17,MSFT,505.67999267578125,513.3699951171875,505.6199951171875,511.70001220703125,506.6912841796875,17503100
2025-07-18,MSFT,514.47998046875,514.6400146484375,507.42999267578125,510.04998779296875,505.05743408203125,21209700
2025-07-21,MSFT,506.7099914550781,512.0900268554688,505.54998779296875,510.05999755859375,505.06732177734375,14066800
2025-07-22,MSFT,510.9700012207031,511.20001220703125,505.2699890136719,505.2699890136719,500.3242492675781,13868600
2025-07-23,MSFT,506.75,506.7900085449219,500.70001220703125,505.8699951171875,500.9183349609375,16396600
2025-07-24,MSFT,508.7699890136719,513.6699829101562,507.29998779296875,510.8800048828125,505.8793029785156,16107000
2025-07-25,MSFT,512.469970703125,518.2899780273438,510.3599853515625,513.7100219726562,508.681640625,19125700
2025-07-28,MSFT,514.0800170898438,515.0,510.1199951171875,512.5,507.4834899902344,14308000
2025-07-29,MSFT,515.530029296875,517.6199951171875,511.55999755859375,512.5700073242188,507.55279541015625,16469200
2025-07-30,MSFT,515.1699829101562,515.9500122070312,509.44000244140625,513.239990234375,508.21624755859375,26380400
2025-07-31,MSFT,555.22998046875,555.4500122070312,531.9000244140625,533.5,528.2778930664062,51617300
2025-08-01,MSFT,535.0,535.7999877929688,520.8599853515625,524.1099853515625,518.9798583984375,28977600
2025-08-04,MSFT,528.27001953125,538.25,528.1300048828125,535.6400146484375,530.3969116210938,25349000
2025-08-05,MSFT,537.1799926757812,537.2999877929688,527.239990234375,527.75,522.584228515625,19171600
2025-08-06,MSFT,530.9000244140625,531.7000122070312,524.030029296875,524.9400024414062,519.8016967773438,21355700
2025-08-07,MSFT,526.7999877929688,528.0900268554688,517.5499877929688,520.8400268554688,515.7418212890625,16079100
2025-08-08,MSFT,522.5999755859375,524.6599731445312,519.4099731445312,522.0399780273438,516.9300537109375,15531000
2025-08-11,MSFT,522.2999877929688,527.5900268554688,519.719970703125,521.77001953125,516.6627807617188,20194400
2025-08-12,MSFT,523.75,530.97998046875,522.7000122070312,529.239990234375,524.0595092773438,18667000
2025-08-13,MSFT,532.1099853515625,532.7000122070312,519.3699951171875,520.5800170898438,515.4844360351562,19619200
2025-08-14,MSFT,522.5599975585938,525.9500122070312,520.1400146484375,522.47998046875,517.36572265625,20269100
2025-08-15,MSFT,522.77001953125,526.0999755859375,519.0800170898438,520.1699829101562,515.0783081054688,25213300
2025-08-18,MSFT,521.5900268554688,522.8200073242188,514.02001953125,517.0999755859375,512.0383911132812,23760600
2025-08-19,MSFT,515.0,515.1599731445312,508.54998779296875,509.7699890136719,504.7801818847656,21481000
2025-08-20,MSFT,509.8699951171875,511.0,504.44000244140625,505.7200012207031,500.76983642578125,27723000
2025-08-21,MSFT,503.69000244140625,507.6300048828125,502.7200012207031,504.239990234375,500.1251525878906,18443300
2025-08-22,MSFT,504.25,510.7300109863281,502.4100036621094,507.2300109863281,503.0907287597656,24324200
2025-08-25,MSFT,506.6300048828125,508.19000244140625,504.1199951171875,504.260009765625,500.1449890136719,21638600
2025-08-26,MSFT,504.3599853515625,504.9800109863281,498.510009765625,502.0400085449219,497.9430847167969,30835700
2025-08-27,MSFT,502.0,507.2900085449219,499.8999938964844,506.739990234375,502.604736328125,17277900
2025-08-28,MSFT,507.0899963378906,511.0899963378906,505.5,509.6400146484375,505.4810791015625,18015600
2025-08-29,MSFT,508.6600036621094,509.6000061035156,504.489990234375,506.69000244140625,502.55511474609375,20961600
2025-09-02,MSFT,500.4700012207031,506.0,496.80999755859375,505.1199951171875,500.9979248046875,18128000
2025-09-03,MSFT,503.7900085449219,507.7900085449219,502.32000732421875,505.3500061035156,501.22607421875,16345100
2025-09-04,MSFT,504.29998779296875,508.1499938964844,503.1499938964844,507.9700012207031,503.8246765136719,15509500
2025-09-05,MSFT,509.07000732421875,511.9700012207031,492.3699951171875,495.0,490.9605407714844,31994800
2025-09-08,MSFT,498.1099853515625,501.20001220703125,495.0299987792969,498.20001220703125,494.1344299316406,16771000
2025-09-09,MSFT,501.42999267578125,502.25,497.70001220703125,498.4100036621094,494.34271240234375,14410500
2025-09-10,MSFT,502.9800109863281,503.2300109863281,496.7200012207031,500.3699951171875,496.2867126464844,21611800
2025-09-11,MSFT,502.25,503.1700134277344,497.8800048828125,501.010009765625,496.9215087890625,18881600
2025-09-12,MSFT,506.6499938964844,512.5499877929688,503.8500061035156,509.8999938964844,505.73895263671875,23624900
2025-09-15,MSFT,508.7900085449219,515.469970703125,507.0,515.3599853515625,511.1543884277344,17143800
2025-09-16,MSFT,516.8800048828125,517.22998046875,508.6000061035156,509.0400085449219,504.885986328125,19711900
2025-09-17,MSFT,510.6199951171875,511.2900085449219,505.92999267578125,510.0199890136719,505.85797119140625,15816600
2025-09-18,MSFT,511.489990234375,513.0700073242188,507.6600036621094,508.45001220703125,504.3008117675781,18913700
2025-09-19,MSFT,510.55999755859375,519.2999877929688,510.30999755859375,517.9299926757812,513.7034912109375,52474100
2025-09-22,MSFT,515.5900268554688,517.739990234375,512.5399780273438,514.4500122070312,510.2518310546875,20009300
2025-09-23,MSFT,513.7999877929688,514.5900268554688,507.30999755859375,509.2300109863281,505.0744323730469,19799600
2025-09-24,MSFT,510.3800048828125,512.47998046875,506.9200134277344,510.1499938964844,505.9869079589844,13533700
2025-09-25,MSFT,508.29998779296875,510.010009765625,505.0400085449219,507.0299987792969,502.892333984375,15786500
2025-09-26,MSFT,510.05999755859375,513.9400024414062,506.6199951171875,511.4599914550781,507.28619384765625,16213100
2025-09-29,MSFT,511.5,516.8499755859375,508.8800048828125,514.5999755859375,510.4005126953125,17617800
2025-09-30,MSFT,513.239990234375,518.1599731445312,509.6600036621094,517.9500122070312,513.7232666015625,19728200
2025-10-01,MSFT,514.7999877929688,520.510009765625,511.69000244140625,519.7100219726562,515.4688110351562,22632300
2025-10-02,MSFT,517.6400146484375,521.5999755859375,510.67999267578125,515.739990234375,511.53131103515625,21222900
2025-10-03,MSFT,517.0999755859375,520.489990234375,515.0,517.3499755859375,513.1281127929688,15112300
2025-10-06,MSFT,518.6099853515625,531.030029296875,518.2000122070312,528.5700073242188,524.256591796875,21388600
2025-10-07,MSFT,528.2899780273438,529.7999877929688,521.4400024414062,523.97998046875,519.7040405273438,14615200
2025-10-08,MSFT,523.280029296875,526.9500122070312,523.0900268554688,524.8499755859375,520.5668334960938,13363400
2025-10-09,MSFT,522.3400268554688,524.3300170898438,517.4000244140625,522.4000244140625,518.1369018554688,18343600
2025-10-10,MSFT,519.6400146484375,523.5800170898438,509.6300048828125,510.9599914550781,506.790283203125,24133800
2025-10-13,MSFT,516.4099731445312,516.4099731445312,511.67999267578125,514.0499877929688,509.8550720214844,14284200
2025-10-14,MSFT,510.2300109863281,515.280029296875,506.0,513.5700073242188,509.3789978027344,14684300
2025-10-15,MSFT,514.9600219726562,517.1900024414062,510.0,513.4299926757812,509.2401428222656,14694700
2025-10-16,MSFT,512.5800170898438,516.8499755859375,508.1300048828125,511.6099853515625,507.43499755859375,15559600
2025-10-17,MSFT,509.0400085449219,515.47998046875,507.30999755859375,513.5800170898438,509.3889465332031,19867800
2025-10-20,MSFT,514.6099853515625,518.7000122070312,513.4299926757812,516.7899780273438,512.57275390625,14665600
2025-10-21,MSFT,517.5,518.6900024414062,513.0399780273438,517.6599731445312,513.4356079101562,15586200
2025-10-22,MSFT,521.1500244140625,525.22998046875,517.7100219726562,520.5399780273438,516.2921142578125,18962700
2025-10-23,MSFT,522.4600219726562,523.9500122070312,518.6099853515625,520.5599975585938,516.3118896484375,14023500
2025-10-24,MSFT,522.7899780273438,525.3499755859375,520.7100219726562,523.6099853515625,519.3369750976562,15532400
2025-10-27,MSFT,531.780029296875,534.5800170898438,529.010009765625,531.52001953125,527.1825561523438,18734700
2025-10-28,MSFT,550.0,553.719970703125,540.77001953125,542.0700073242188,537.6463623046875,29986700
2025-10-29,MSFT,544.9400024414062,546.27001953125,536.72998046875,541.5499877929688,537.130615234375,36023000
2025-10-30,MSFT,530.47998046875,534.969970703125,522.1199951171875,525.760009765625,521.4695434570312,41023100
2025-10-31,MSFT,528.8800048828125,529.3200073242188,515.0999755859375,517.8099975585938,513.5843505859375,34006400
2025-11-03,MSFT,519.8099975585938,524.9600219726562,514.5900268554688,517.030029296875,512.8107299804688,22374700
2025-11-04,MSFT,511.760009765625,515.5499877929688,507.8399963378906,514.3300170898438,510.1328430175781,20958700
2025-11-05,MSFT,513.2999877929688,514.8300170898438,506.5799865722656,507.1600036621094,503.0213317871094,23024300
2025-11-06,MSFT,505.6600036621094,505.70001220703125,495.80999755859375,497.1000061035156,493.04339599609375,27406500
2025-11-07,MSFT,496.95001220703125,499.3800048828125,493.25,496.82000732421875,492.76568603515625,24019800
2025-11-10,MSFT,500.0400085449219,506.8500061035156,498.79998779296875,506.0,501.8707580566406,26101500
2025-11-11,MSFT,504.79998779296875,509.6000061035156,502.3500061035156,508.67999267578125,504.5289306640625,17980000
2025-11-12,MSFT,509.3599853515625,511.6700134277344,499.1199951171875,511.1400146484375,506.9688415527344,26574900
2025-11-13,MSFT,510.30999755859375,513.5,501.2900085449219,503.2900085449219,499.1828918457031,25273100
2025-11-14,MSFT,498.2300109863281,511.6000061035156,497.44000244140625,510.17999267578125,506.01666259765625,28505700
2025-11-17,MSFT,508.45001220703125,512.1199951171875,504.9100036621094,507.489990234375,503.34857177734375,19092800
2025-11-18,MSFT,495.3699951171875,502.9800109863281,486.7799987792969,493.7900085449219,489.76043701171875,33815100
2025-11-19,MSFT,490.1000061035156,495.19000244140625,482.8299865722656,487.1199951171875,483.14483642578125,23245300
2025-11-20,MSFT,492.7099914550781,493.57000732421875,475.5,478.42999267578125,475.41387939453125,26802500
2025-11-21,MSFT,478.5,478.9200134277344,468.2699890136719,472.1199951171875,469.1436462402344,31769200
2025-11-24,MSFT,475.0,476.8999938964844,468.0199890136719,474.0,471.0118103027344,34421000
2025-11-25,MSFT,474.07000732421875,479.1499938964844,464.8900146484375,476.989990234375,473.9829406738281,28019800
2025-11-26,MSFT,486.30999755859375,488.30999755859375,481.20001220703125,485.5,482.4393310546875,25709100
2025-11-28,MSFT,487.6000061035156,492.6300048828125,486.6499938964844,492.010009765625,488.9082946777344,14386700
2025-12-01,MSFT,488.44000244140625,489.8599853515625,484.6499938964844,486.739990234375,483.6714782714844,23964000
2025-12-02,MSFT,486.7200012207031,493.5,486.32000732421875,490.0,486.91094970703125,19562700
2025-12-03,MSFT,476.32000732421875,484.239990234375,475.20001220703125,477.7300109863281,474.7182922363281,34615100
2025-12-04,MSFT,479.760009765625,481.32000732421875,476.489990234375,480.8399963378906,477.8087158203125,22318200
2025-12-05,MSFT,482.5199890136719,483.3999938964844,478.8800048828125,483.1600036621094,480.11407470703125,22608700
2025-12-08,MSFT,484.8900146484375,492.29998779296875,484.3800048828125,491.0199890136719,487.9245300292969,21965900
2025-12-09,MSFT,489.1000061035156,492.1199951171875,488.5,492.0199890136719,488.9181823730469,14696100
2025-12-10,MSFT,484.0299987792969,484.25,475.0799865722656,478.55999755859375,475.5430908203125,35756200
2025-12-11,MSFT,476.6300048828125,486.0299987792969,475.8599853515625,483.4700012207031,480.422119140625,24669200
2025-12-12,MSFT,479.82000732421875,482.45001220703125,476.3399963378906,478.5299987792969,475.51324462890625,21248100
2025-12-15,MSFT,480.1000061035156,480.7200012207031,472.5199890136719,474.82000732421875,471.82666015625,23727700
2025-12-16,MSFT,471.9100036621094,477.8900146484375,470.8800048828125,476.3900146484375,473.38677978515625,20705600
2025-12-17,MSFT,476.9100036621094,480.0,475.0,476.1199951171875,473.1184387207031,24527200
2025-12-18,MSFT,478.19000244140625,489.6000061035156,477.8900146484375,483.9800109863281,480.92889404296875,28573500
2025-12-19,MSFT,487.3599853515625,487.8500061035156,482.489990234375,485.9200134277344,482.8566589355469,70836100
2025-12-22,MSFT,486.1199951171875,488.7300109863281,482.69000244140625,484.9200134277344,481.8630065917969,16963000
2025-12-23,MSFT,484.9800109863281,487.8299865722656,484.739990234375,486.8500061035156,483.7807922363281,14683600
2025-12-24,MSFT,485.67999267578125,489.1600036621094,484.8299865722656,488.0199890136719,484.94342041015625,5855900
2025-12-26,MSFT,486.7099914550781,488.1199951171875,485.9599914550781,487.7099914550781,484.6353759765625,8842200
2025-12-29,MSFT,484.8599853515625,488.3500061035156,484.17999267578125,487.1000061035156,484.02923583984375,10893400
2025-12-30,MSFT,485.92999267578125,489.67999267578125,485.5,487.4800109863281,484.4068298339844,13944500
2025-12-31,MSFT,487.8399963378906,488.1400146484375,483.29998779296875,483.6199951171875,480.5711669921875,15601600
2026-01-02,MSFT,484.3900146484375,484.6600036621094,470.1600036621094,472.94000244140625,469.95849609375,25571600
2026-01-05,MSFT,474.05999755859375,476.07000732421875,469.5,472.8500061035156,469.8691101074219,25250300
2026-01-06,MSFT,473.79998779296875,478.739990234375,469.75,478.510009765625,475.493408203125,23037700
2026-01-07,MSFT,479.760009765625,489.70001220703125,477.95001220703125,483.4700012207031,480.422119140625,25564200
2026-01-08,MSFT,481.239990234375,482.6600036621094,475.8599853515625,478.1099853515625,475.09588623046875,18162600
2026-01-09,MSFT,474.05999755859375,479.82000732421875,472.20001220703125,479.2799987792969,476.2585144042969,18491000
2026-01-12,MSFT,476.6700134277344,480.989990234375,475.67999267578125,477.17999267578125,474.1717529296875,23519900
2026-01-13,MSFT,474.67999267578125,475.7799987792969,465.95001220703125,470.6700134277344,467.70281982421875,28545800
2026-01-14,MSFT,466.4599914550781,468.20001220703125,457.1700134277344,459.3800048828125,456.4839782714844,28184300
2026-01-15,MSFT,464.1199951171875,464.25,455.8999938964844,456.6600036621094,453.7811279296875,23225800
2026-01-16,MSFT,457.8299865722656,463.19000244140625,456.4800109863281,459.8599853515625,456.9609375,34246700
2026-01-20,MSFT,451.2200012207031,456.79998779296875,449.2799987792969,454.5199890136719,451.6546325683594,26130000
2026-01-21,MSFT,452.6000061035156,452.69000244140625,438.67999267578125,444.1099853515625,441.31024169921875,37980500
2026-01-22,MSFT,447.6199951171875,452.8399963378906,444.70001220703125,451.1400146484375,448.2959289550781,25349400
2026-01-23,MSFT,451.8699951171875,471.1000061035156,450.5299987792969,465.95001220703125,463.0125732421875,38000200
2026-01-26,MSFT,465.30999755859375,474.25,462.0,470.2799987792969,467.3152770996094,29291200
2026-01-27,MSFT,473.70001220703125,482.8699951171875,473.1600036621094,480.5799865722656,477.5503234863281,29213900
2026-01-28,MSFT,483.2099914550781,483.739990234375,478.0,481.6300048828125,478.5937194824219,36875400
2026-01-29,MSFT,439.989990234375,442.5,421.0199890136719,433.5,430.76715087890625,128855300
2026-01-30,MSFT,439.1700134277344,439.6000061035156,426.45001220703125,430.2900085449219,427.577392578125,58566800
2026-02-02,MSFT,430.239990234375,430.739990234375,422.25,423.3699951171875,420.7010192871094,42219900
2026-02-03,MSFT,422.010009765625,422.04998779296875,408.55999755859375,411.2099914550781,408.6176452636719,61424100
2026-02-04,MSFT,411.0,419.79998779296875,409.239990234375,414.19000244140625,411.578857421875,45012400
2026-02-05,MSFT,407.44000244140625,408.29998779296875,392.32000732421875,393.6700134277344,391.188232421875,66289200
2026-02-06,MSFT,399.1700134277344,401.7900085449219,392.9200134277344,401.1400146484375,398.61114501953125,53515300
2026-02-09,MSFT,404.8500061035156,414.8900146484375,400.8699951171875,413.6000061035156,410.9925842285156,45480500
2026-02-10,MSFT,419.6199951171875,423.67999267578125,412.70001220703125,413.2699890136719,410.6646728515625,44857900
2026-02-11,MSFT,416.17999267578125,416.4599914550781,401.010009765625,404.3699951171875,401.8207702636719,42491000
2026-02-12,MSFT,405.0,406.20001220703125,398.010009765625,401.8399963378906,399.30670166015625,40802400
2026-02-13,MSFT,404.45001220703125,405.5400085449219,398.04998779296875,401.32000732421875,398.7900085449219,34091600
2026-02-17,MSFT,399.2200012207031,400.5199890136719,394.5299987792969,396.8599853515625,394.3581237792969,32078800
2026-02-18,MSFT,398.1300048828125,402.55999755859375,396.32000732421875,399.6000061035156,397.08087158203125,23223400
2026-02-19,MSFT,400.69000244140625,404.42999267578125,396.6700134277344,398.4599914550781,396.8517761230469,28234000
2026-02-20,MSFT,396.1099853515625,400.1199951171875,395.1600036621094,397.2300109863281,395.6267395019531,34015200
2026-02-23,MSFT,395.0,395.3599853515625,383.1000061035156,384.4700012207031,382.918212890625,43238300
2026-02-24,MSFT,384.1400146484375,389.3599853515625,381.7099914550781,389.0,387.4299621582031,33884700
2026-02-25,MSFT,390.5299987792969,401.4700012207031,390.1600036621094,400.6000061035156,398.9831237792969,43625500
2026-02-26,MSFT,404.7099914550781,407.489990234375,398.739990234375,401.7200012207031,400.0986022949219,34405900
2026-02-27,MSFT,390.8800048828125,396.82000732421875,389.8800048828125,392.739990234375,391.15484619140625,51367200
2026-03-02,MSFT,392.8599853515625,401.19000244140625,390.6300048828125,398.54998779296875,396.9413757324219,35474900
2026-03-03,MSFT,393.1400146484375,406.70001220703125,392.6700134277344,403.92999267578125,402.2996826171875,38199200
2026-03-04,MSFT,401.2699890136719,411.0299987792969,400.30999755859375,405.20001220703125,403.5645751953125,35808000
2026-03-05,MSFT,404.4200134277344,411.6099853515625,404.3999938964844,410.67999267578125,409.0224304199219,39001300
2026-03-06,MSFT,409.20001220703125,413.04998779296875,408.510009765625,408.9599914550781,407.30938720703125,31123900
2026-03-09,MSFT,404.9200134277344,410.2099914550781,403.5,409.4100036621094,407.757568359375,30131900
2026-03-10,MSFT,410.0299987792969,410.20001220703125,402.92999267578125,405.760009765625,404.122314453125,31706400
2026-03-11,MSFT,405.57000732421875,409.010009765625,401.5899963378906,404.8800048828125,403.245849609375,25512100
2026-03-12,MSFT,404.6300048828125,406.1199951171875,401.7099914550781,401.8599853515625,400.238037109375,27263900
2026-03-13,MSFT,401.0,404.79998779296875,394.25,395.54998779296875,393.9534912109375,26848000
2026-03-16,MSFT,398.07000732421875,400.6300048828125,394.7900085449219,399.95001220703125,398.33575439453125,27733700
2026-03-17,MSFT,400.2699890136719,404.3999938964844,397.75,399.4100036621094,397.79791259765625,26228300
2026-03-18,MSFT,397.1300048828125,398.0,391.0,391.7900085449219,390.2087097167969,25908500
2026-03-19,MSFT,390.1000061035156,392.489990234375,387.05999755859375,389.0199890136719,387.4498596191406,25138800
2026-03-20,MSFT,386.7900085449219,387.0,380.1199951171875,381.8699951171875,380.3287353515625,50853200
2026-03-23,MSFT,383.8999938964844,387.2099914550781,381.67999267578125,383.0,381.4541931152344,29680100
2026-03-24,MSFT,382.3599853515625,382.4700012207031,371.8500061035156,372.739990234375,371.2355651855469,42733600
2026-03-25,MSFT,376.9200134277344,377.05999755859375,369.6300048828125,371.0400085449219,369.5424499511719,31181200
2026-03-26,MSFT,370.82000732421875,374.7200012207031,365.19000244140625,365.9700012207031,364.492919921875,36836600
2026-03-27,MSFT,361.8999938964844,362.45001220703125,356.510009765625,356.7699890136719,355.33001708984375,37883400
2026-03-30,MSFT,361.8999938964844,365.3599853515625,356.2799987792969,358.9599914550781,357.51116943359375,44797000
2026-03-31,MSFT,364.54998779296875,372.8999938964844,363.07000732421875,370.1700134277344,368.67596435546875,45244400
2026-04-01,MSFT,373.489990234375,373.989990234375,368.20001220703125,369.3699951171875,367.8791809082031,29417200
2026-04-02,MSFT,367.2099914550781,373.6400146484375,364.1499938964844,373.4599914550781,371.9526672363281,24099100
2026-04-06,MSFT,373.489990234375,373.7300109863281,369.5,372.8800048828125,371.375,16146600
2026-04-07,MSFT,370.3399963378906,372.45001220703125,366.55999755859375,372.2900085449219,370.78741455078125,21443300
2026-04-08,MSFT,384.9800109863281,385.0,371.4100036621094,374.3299865722656,372.81915283203125,33064800
2026-04-09,MSFT,372.5,373.5,367.04998779296875,373.07000732421875,371.56427001953125,30435300
2026-04-10,MSFT,372.9800109863281,375.6400146484375,370.0299987792969,370.8699951171875,369.3731384277344,28111100
2026-04-13,MSFT,373.6099853515625,384.5400085449219,371.0199890136719,384.3699951171875,382.8186340332031,35745800
2026-04-14,MSFT,387.9200134277344,394.69000244140625,386.5199890136719,393.1099853515625,391.5233459472656,37504500
2026-04-15,MSFT,398.0,414.3699951171875,396.7300109863281,411.2200012207031,409.5602722167969,45063400
2026-04-16,MSFT,419.8599853515625,420.82000732421875,412.1400146484375,420.260009765625,418.56378173828125,41642400
2026-04-17,MSFT,424.82000732421875,431.5799865722656,420.69000244140625,422.7900085449219,421.0835876464844,48568200
2026-04-20,MSFT,421.1499938964844,423.3299865722656,416.29998779296875,418.07000732421875,416.38262939453125,27582200
2026-04-21,MSFT,420.239990234375,427.17999267578125,417.20001220703125,424.1600036621094,422.44805908203125,32048500
2026-04-22,MSFT,426.19000244140625,433.70001220703125,423.6700134277344,432.9200134277344,431.1726989746094,29378200
2026-04-23,MSFT,419.8900146484375,423.6600036621094,411.4100036621094,415.75,414.07196044921875,38308000
2026-04-24,MSFT,416.9700012207031,424.95001220703125,415.79998779296875,424.6199951171875,422.90618896484375,27457400
2026-04-27,MSFT,422.3800048828125,427.1099853515625,417.07000732421875,424.82000732421875,423.1053771972656,30867300
2026-04-28,MSFT,424.57000732421875,429.9200134277344,421.8999938964844,429.25,427.5174865722656,30438100
2026-04-29,MSFT,424.5799865722656,426.82000732421875,420.2900085449219,424.4599914550781,422.7467956542969,38288300
2026-04-30,MSFT,410.80999755859375,414.4200134277344,398.010009765625,407.7799987792969,406.1341552734375,70909400
2026-05-01,MSFT,412.79998779296875,417.1099853515625,410.44000244140625,414.44000244140625,412.76727294921875,31372400
2026-05-04,MSFT,411.5400085449219,420.7799987792969,410.79998779296875,413.6199951171875,411.9505615234375,28066500
2026-05-05,MSFT,415.32000732421875,416.7799987792969,408.79998779296875,411.3800048828125,409.7196350097656,25700900
2026-05-06,MSFT,408.0,418.4200134277344,405.1099853515625,413.9599914550781,412.2891845703125,30285900
2026-05-07,MSFT,420.1099853515625,427.9800109863281,418.760009765625,420.7699890136719,419.07171630859375,34942400
2026-05-08,MSFT,417.3900146484375,418.6300048828125,414.0,415.1199951171875,413.44451904296875,33383800
2026-05-11,MSFT,407.8699951171875,412.69000244140625,405.5,412.6600036621094,410.99444580078125,35657900
2026-05-12,MSFT,414.4800109863281,415.5,406.6400146484375,407.7699890136719,406.1241760253906,38594200
2026-05-13,MSFT,403.20001220703125,406.30999755859375,401.0299987792969,405.2099914550781,403.57452392578125,29667100
2026-05-14,MSFT,404.4800109863281,411.8399963378906,400.8800048828125,409.42999267578125,407.7774963378906,27077500
2026-05-15,MSFT,414.2699890136719,428.1700134277344,412.9100036621094,421.9200134277344,420.2170715332031,50771200
2026-05-18,MSFT,416.6199951171875,425.1199951171875,415.6099853515625,423.5400085449219,421.83056640625,32564100
2026-05-19,MSFT,429.8999938964844,432.70001220703125,416.489990234375,417.4200134277344,415.7352600097656,33018700
2026-05-20,MSFT,414.1700134277344,422.1000061035156,411.29998779296875,421.05999755859375,419.36053466796875,27864000
2026-05-21,MSFT,424.75,426.3399963378906,415.7099914550781,419.0899963378906,418.3025207519531,31393500
2026-05-22,MSFT,419.5400085449219,424.3999938964844,416.3299865722656,418.57000732421875,417.7835388183594,22390300
2026-05-26,MSFT,416.42999267578125,419.7699890136719,413.0199890136719,416.0299987792969,415.248291015625,30398000
2026-05-27,MSFT,411.010009765625,415.94000244140625,409.5799865722656,412.6700134277344,411.8946228027344,28901500
2026-05-28,MSFT,412.9800109863281,429.489990234375,412.6700134277344,426.989990234375,426.18768310546875,47250500
2026-05-29,MSFT,432.54998779296875,450.3299865722656,432.3599853515625,450.239990234375,449.3940124511719,79654400
2026-06-01,MSFT,464.8399963378906,466.32000732421875,458.2699890136719,460.5199890136719,459.6546936035156,53628900
2026-06-02,MSFT,446.8800048828125,453.5,440.42999267578125,441.30999755859375,440.48077392578125,37036800
2026-06-03,MSFT,438.45001220703125,440.3900146484375,424.25,427.3399963378906,426.53704833984375,39037000
2026-06-04,MSFT,435.80999755859375,436.1499938964844,426.4100036621094,428.04998779296875,427.2456970214844,26899500
2026-06-05,MSFT,428.3399963378906,429.4700012207031,414.3999938964844,416.6700134277344,415.8870849609375,34782200
2026-06-08,MSFT,414.1400146484375,417.1600036621094,408.55999755859375,411.739990234375,410.9663391113281,32086700
2026-06-09,MSFT,409.0299987792969,411.9800109863281,398.4800109863281,403.4100036621094,402.6520080566406,35317300
2026-06-10,MSFT,398.54998779296875,405.0400085449219,397.1600036621094,397.3599853515625,396.61334228515625,32576000
2026-06-11,MSFT,395.2099914550781,396.8500061035156,384.0,390.3399963378906,389.6065673828125,47224100
2026-06-12,MSFT,391.42999267578125,391.739990234375,382.2699890136719,390.739990234375,390.00579833984375,34865800
2026-06-15,MSFT,396.79998779296875,401.75,392.8500061035156,399.760009765625,399.0088806152344,32266400
2026-06-16,MSFT,395.7900085449219,396.8399963378906,390.69000244140625,393.8299865722656,393.0899963378906,31506800
2026-06-17,MSFT,390.25,390.3699951171875,377.32000732421875,378.9100036621094,378.1980285644531,41987800
2026-06-18,MSFT,377.82000732421875,381.3699951171875,373.2799987792969,379.3999938964844,378.6871032714844,59714200
2026-06-22,MSFT,375.739990234375,381.6300048828125,367.07000732421875,367.3399963378906,366.6497802734375,45171100
2026-06-23,MSFT,372.3800048828125,377.2200012207031,370.6700134277344,373.94000244140625,373.23736572265625,40647600
2026-06-24,MSFT,371.57000732421875,378.8800048828125,364.7799987792969,365.4599914550781,364.7733154296875,44509900
2026-06-25,MSFT,362.7699890136719,364.2300109863281,349.20001220703125,352.8299865722656,352.1670227050781,66179000
2026-06-26,MSFT,357.1499938964844,376.6099853515625,355.42999267578125,372.9700012207031,372.2691955566406,186201600
2026-06-29,MSFT,377.5,380.5,359.8999938964844,368.57000732421875,367.8774719238281,51229900
2026-06-30,MSFT,371.0299987792969,374.1499938964844,367.45001220703125,373.0199890136719,372.319091796875,44945700
2026-07-01,MSFT,380.8299865722656,388.8299865722656,374.8900146484375,384.2799987792969,383.5579528808594,48065800
2026-07-02,MSFT,384.4800109863281,392.20001220703125,383.70001220703125,390.489990234375,389.7562561035156,42128900
2026-07-06,MSFT,387.0400085449219,389.1499938964844,381.2200012207031,386.739990234375,386.0133056640625,34224500
2026-07-07,MSFT,392.489990234375,395.57000732421875,388.2200012207031,388.8399963378906,388.109375,29297500
2026-07-08,MSFT,384.0299987792969,385.30999755859375,381.3299865722656,383.3399963378906,382.6197204589844,25908300
2026-07-09,MSFT,374.45001220703125,384.6499938964844,373.3500061035156,384.3599853515625,383.6377868652344,31083200
2026-07-10,MSFT,387.79998779296875,391.9100036621094,381.5,385.1000061035156,384.37640380859375,24644600
2026-07-13,MSFT,387.75,393.6499938964844,384.1499938964844,390.989990234375,390.2553405761719,28914900
2026-07-14,MSFT,382.82000732421875,388.19000244140625,378.6499938964844,384.92999267578125,384.20672607421875,27863900
2026-07-15,MSFT,387.79998779296875,398.9599914550781,386.3999938964844,395.6300048828125,394.8866271972656,36253700
2026-07-16,MSFT,398.30999755859375,405.989990234375,392.04998779296875,401.1000061035156,400.3463439941406,37047400
2026-07-17,MSFT,394.8599853515625,398.3900146484375,389.3900146484375,393.82000732421875,393.08001708984375,33049800
2026-07-20,MSFT,391.4100036621094,403.17999267578125,389.6499938964844,402.2900085449219,401.53411865234375,27915800
2026-07-21,MSFT,398.80999755859375,401.4700012207031,396.32000732421875,397.75,397.00262451171875,24126600
2026-07-22,MSFT,399.5799865722656,401.0,386.9599914550781,390.3399963378906,389.6065673828125,28142500
2026-07-23,MSFT,389.9700012207031,391.7799987792969,377.3900146484375,381.5799865722656,380.8630065917969,30351800
2026-07-24,MSFT,387.04998779296875,389.0299987792969,380.6499938964844,381.70001220703125,380.9828186035156,27659400
2026-07-27,MSFT,390.0799865722656,394.20001220703125,387.989990234375,389.1000061035156,388.368896484375,27856200
2026-07-28,MSFT,393.1600036621094,400.32000732421875,391.29998779296875,393.3500061035156,392.61090087890625,32367500
2026-07-29,MSFT,393.3999938964844,401.25,388.739990234375,390.5400085449219,389.8061828613281,47209000
2026-07-30,MSFT,437.8999938964844,458.69000244140625,432.44000244140625,451.1000061035156,450.2524108886719,110160700
2026-07-31,MSFT,450.0,466.8399963378906,449.3299865722656,464.7200012207031,463.8468017578125,60846000
2026-08-03,MSFT,476.1300048828125,491.6499938964844,475.0,487.6499938964844,486.73370361328125,66762100
2026-08-04,MSFT,480.8999938964844,499.44000244140625,479.1700134277344,492.80999755859375,491.884033203125,50455500
2026-08-05,MSFT,496.3599853515625,498.239990234375,485.67999267578125,487.4599914550781,486.5440673828125,33388900
2026-08-06,MSFT,488.54998779296875,501.55999755859375,488.5199890136719,499.8599853515625,498.9207458496094,36441500
2026-08-07,MSFT,499.2099914550781,505.17999267578125,498.7300109863281,499.989990234375,499.0505065917969,28846200
2026-08-10,MSFT,503.44000244140625,513.72998046875,502.2699890136719,506.05999755859375,505.109130859375,31206100
2026-08-11,MSFT,504.3299865722656,505.3299865722656,499.54998779296875,503.80999755859375,502.86334228515625,23049800
2026-08-12,MSFT,499.989990234375,501.5,491.5199890136719,492.42999267578125,491.5047302246094,29001500
2026-08-13,MSFT,493.2699890136719,501.3399963378906,493.010009765625,496.8800048828125,495.9463806152344,23039000
2026-08-14,MSFT,496.3599853515625,500.010009765625,493.9200134277344,495.3999938964844,494.4691467285156,16217600
2026-08-17,MSFT,490.1400146484375,492.6600036621094,478.4100036621094,480.3500061035156,479.44744873046875,29635800
2026-08-18,MSFT,481.5400085449219,484.2699890136719,477.1499938964844,481.6300048828125,480.72503662109375,24087600
2026-08-19,MSFT,480.07000732421875,489.29998779296875,479.3599853515625,484.30999755859375,483.3999938964844,19961900
2026-08-20,MSFT,483.29998779296875,484.1600036621094,479.5,481.1499938964844,481.1499938964844,20020800
2026-08-21,MSFT,479.8800048828125,486.3599853515625,478.5299987792969,483.239990234375,483.239990234375,22510800
2026-08-24,MSFT,483.2099914550781,490.6099853515625,481.8599853515625,487.30999755859375,487.30999755859375,17230800
2026-08-25,MSFT,485.44000244140625,492.44000244140625,484.29998779296875,491.7099914550781,491.7099914550781,19519000
2026-08-26,MSFT,487.8500061035156,497.3999938964844,487.30999755859375,496.3699951171875,496.3699951171875,20758900
2026-08-27,MSFT,494.8800048828125,506.4800109863281,490.0799865722656,505.05999755859375,505.05999755859375,28688800
2026-08-28,MSFT,505.3299865722656,517.780029296875,504.8699951171875,513.530029296875,513.530029296875,29207300
2026-08-31,MSFT,510.3800048828125,512.1900024414062,506.3900146484375,507.2900085449219,507.2900085449219,27208900
2026-09-01,MSFT,497.5199890136719,505.9700012207031,496.7799987792969,501.0199890136719,501.0199890136719,21046900
2026-09-02,MSFT,499.8500061035156,500.2699890136719,493.80999755859375,496.82000732421875,496.82000732421875,15336100
2026-09-03,MSFT,501.6600036621094,515.6500244140625,500.79998779296875,510.1199951171875,510.1199951171875,24125900
2026-09-04,MSFT,510.0,511.0,499.3599853515625,499.70001220703125,499.70001220703125,18101800
2026-09-08,MSFT,493.010009765625,495.19000244140625,490.1499938964844,493.95001220703125,493.95001220703125,18882300
2026-09-09,MSFT,493.07000732421875,494.3900146484375,489.79998779296875,491.6499938964844,491.6499938964844,12889600
2026-09-10,MSFT,488.32000732421875,494.5199890136719,486.0,492.44000244140625,492.44000244140625,16038800
2026-09-11,MSFT,495.6499938964844,498.9700012207031,492.5799865722656,495.6300048828125,495.6300048828125,14510500
2026-09-14,MSFT,497.05999755859375,509.95001220703125,495.3399963378906,505.4100036621094,505.4100036621094,23091900
2026-09-15,MSFT,500.05999755859375,505.8999938964844,495.5400085449219,497.1199951171875,497.1199951171875,17794600
2026-09-16,MSFT,493.0299987792969,495.9700012207031,487.2300109863281,490.29998779296875,490.29998779296875,16670300
2026-09-17,MSFT,497.79998779296875,501.4700012207031,493.1700134277344,497.75,497.75,17841600
2026-09-18,MSFT,497.9700012207031,498.6499938964844,491.1000061035156,493.7799987792969,493.7799987792969,39622300
2026-09-21,MSFT,494.95001220703125,501.8699951171875,491.3299865722656,501.6099853515625,501.6099853515625,27959900
2026-09-22,MSFT,507.5150146484375,508.5,493.6499938964844,,,20867650
