ticker,date,shares
NVDA,2020-08-05,603086016
NVDA,2020-08-06,615000000
NVDA,2020-08-21,615000000
NVDA,2020-08-28,617000000
NVDA,2020-09-05,680096000
NVDA,2020-09-16,617713984
NVDA,2020-11-21,619000000
NVDA,2020-11-23,619000000
NVDA,2020-11-26,619000000
NVDA,2021-02-02,607438016
NVDA,2021-02-03,619000000
NVDA,2021-03-03,620000000
NVDA,2021-03-17,620000000
NVDA,2021-03-24,625478976
NVDA,2021-03-25,620000000
NVDA,2021-03-30,614780992
NVDA,2021-03-31,623684992
NVDA,2021-04-01,597868032
NVDA,2021-04-02,599193984
NVDA,2021-04-03,620000000
NVDA,2021-04-07,625635968
NVDA,2021-04-08,607638016
NVDA,2021-04-09,612486976
NVDA,2021-04-10,620000000
NVDA,2021-04-14,601395008
NVDA,2021-04-15,620000000
NVDA,2021-04-21,627785024
NVDA,2021-04-22,620000000
NVDA,2021-04-23,641302976
NVDA,2021-04-24,623868992
NVDA,2021-04-27,631057984
NVDA,2021-04-28,622384000
NVDA,2021-05-05,643438976
NVDA,2021-05-06,617766976
NVDA,2021-05-07,622384000
NVDA,2021-05-18,625788992
NVDA,2021-05-19,622384000
NVDA,2021-05-25,597657024
NVDA,2021-05-26,622384000
NVDA,2021-05-28,623000000
NVDA,2021-07-01,623000000
NVDA,2021-07-08,623000000
NVDA,2021-07-15,623000000
NVDA,2021-07-20,2492000000
NVDA,2023-04-10,2470000128
NVDA,2023-05-04,2506249984
NVDA,2023-05-05,2470000128
NVDA,2023-05-10,2473129984
NVDA,2023-05-13,2520689920
NVDA,2023-05-17,2473129984
NVDA,2023-05-31,2470000128
NVDA,2023-06-23,2513779968
NVDA,2023-06-24,2470000128
NVDA,2023-07-12,2483180032
NVDA,2023-07-13,2470000128
NVDA,2023-08-21,2470000128
NVDA,2023-08-23,2540260096
NVDA,2023-08-24,2470000128
NVDA,2023-10-10,2470000128
NVDA,2023-10-11,2470000128
NVDA,2023-10-12,2470000128
NVDA,2023-10-13,2470000128
NVDA,2023-10-14,2470000128
NVDA,2023-10-15,2470000128
NVDA,2023-10-17,2470000128
NVDA,2023-10-18,2470000128
NVDA,2023-10-19,2470000128
NVDA,2023-10-20,2470000128
NVDA,2023-10-21,2470000128
NVDA,2023-10-22,2470000128
NVDA,2023-12-03,2473169920
NVDA,2023-12-05,2470000128
NVDA,2023-12-22,2470000128
NVDA,2023-12-23,2478089984
NVDA,2023-12-26,2470000128
NVDA,2023-12-30,2470000128
NVDA,2024-01-06,2526560000
NVDA,2024-01-13,2475239936
NVDA,2024-01-16,2470000128
NVDA,2024-02-09,2485779968
NVDA,2024-02-23,2500000000
NVDA,2024-03-12,2500000000
NVDA,2024-03-16,2500000000
NVDA,2024-03-26,2565929984
NVDA,2024-03-27,2500000000
NVDA,2024-04-04,2500000000
NVDA,2024-04-09,2500000000
NVDA,2024-04-12,2568600064
NVDA,2024-04-13,2500000000
NVDA,2024-04-16,2500000000
NVDA,2024-04-25,2500000000
NVDA,2024-05-16,2459830016
NVDA,2024-05-23,2471130112
NVDA,2024-05-31,2554579968
NVDA,2024-06-08,24598300672
NVDA,2024-06-10,24598300672
NVDA,2024-06-12,24761100288
NVDA,2024-06-13,24598300672
NVDA,2024-06-21,25507000320
NVDA,2024-06-28,25070499840
NVDA,2024-07-03,24925200384
NVDA,2024-07-16,25003300864
NVDA,2024-07-17,24598300672
NVDA,2024-07-18,26343299072
NVDA,2024-07-19,25257500672
NVDA,2024-07-20,24598300672
NVDA,2024-07-24,24789000192
NVDA,2024-07-25,25016600576
NVDA,2024-07-26,24598300672
NVDA,2024-08-27,24598300672
NVDA,2024-08-30,24529999872
NVDA,2024-09-07,25579499520
NVDA,2024-09-17,25017300992
NVDA,2024-09-21,24925399040
NVDA,2024-10-09,24529999872
NVDA,2024-10-10,24529999872
NVDA,2024-10-12,24529999872
NVDA,2024-10-18,24748699648
NVDA,2024-10-31,24900100096
NVDA,2024-11-05,24529999872
NVDA,2024-11-06,24529999872
NVDA,2024-11-14,24529999872
NVDA,2024-11-16,24529999872
NVDA,2024-11-19,24850300928
NVDA,2024-11-20,24529999872
NVDA,2024-11-21,24529999872
NVDA,2024-11-22,24490000384
NVDA,2024-12-06,24490000384
NVDA,2024-12-11,25168099328
NVDA,2024-12-13,24841299968
NVDA,2024-12-14,25413099520
NVDA,2025-01-17,24979499008
NVDA,2025-02-01,24490000384
NVDA,2025-02-13,24800000000
NVDA,2025-02-28,24399998976
NVDA,2025-03-04,24399998976
NVDA,2025-03-11,25702299648
NVDA,2025-03-22,24399998976
NVDA,2025-03-27,24399998976
NVDA,2025-03-28,24399998976
NVDA,2025-04-01,24399998976
NVDA,2025-04-10,25933400064
NVDA,2025-04-11,24399998976
NVDA,2025-04-14,24448499712
NVDA,2025-04-15,24399998976
NVDA,2025-04-22,25553199104
NVDA,2025-04-23,24399998976
NVDA,2025-05-01,24399998976
NVDA,2025-05-07,24399998976
NVDA,2025-05-10,24399998976
NVDA,2025-05-15,24479799296
NVDA,2025-05-16,24387600384
NVDA,2025-05-29,24512399360
NVDA,2025-05-30,24387600384
NVDA,2025-05-31,25120299008
NVDA,2025-06-06,24387600384
NVDA,2025-06-18,24483999744
NVDA,2025-07-01,25133699072
NVDA,2025-07-02,24387600384
NVDA,2025-07-08,24557099008
NVDA,2025-07-11,24570200064
NVDA,2025-08-30,24347000832
NVDA,2025-09-05,25023399936
NVDA,2025-09-06,24347000832
NVDA,2025-09-16,24746600448
NVDA,2025-09-17,24347000000
NVDA,2025-09-23,25053817576
NVDA,2025-09-24,24347000000
NVDA,2025-10-06,24511804872
NVDA,2025-10-07,24347000000
NVDA,2025-10-08,24412788478
NVDA,2025-10-15,24347000000
NVDA,2025-10-21,24424317455
NVDA,2025-10-22,24623853720
NVDA,2025-10-23,24347000000
NVDA,2025-11-17,24387557065
NVDA,2025-11-21,24305000000
NVDA,2025-12-03,24347000000
NVDA,2026-02-28,24305000000
NVDA,2026-05-13,24220525225
NVDA,2026-05-21,24221000000
NVDA,2026-08-28,24147000000
META,2022-06-09,2706319872
META,2022-07-30,2687549952
META,2022-08-01,2687549952
META,2022-08-03,2683190016
META,2022-08-05,2659660032
META,2022-08-06,2687549952
META,2022-08-09,2637979904
META,2022-08-10,2687549952
META,2022-09-02,2687549952
META,2022-10-12,2797319936
META,2022-10-13,2687549952
META,2022-10-29,2651549952
META,2022-11-08,2488979968
META,2022-11-10,2651549952
META,2022-12-03,2772559872
META,2022-12-04,2651549952
META,2022-12-16,2658200064
META,2023-01-06,2622200064
META,2023-02-06,2592640000
META,2023-03-18,2716169984
META,2023-03-21,2592640000
META,2023-03-25,2570870016
META,2023-03-30,2652969984
META,2023-04-01,2592640000
META,2023-04-04,2579500032
META,2023-04-05,2612720128
META,2023-04-06,2632359936
META,2023-04-07,2576079872
META,2023-04-18,2565360128
META,2023-04-25,2564160000
META,2023-04-27,2565360128
META,2023-04-29,2562729984
META,2023-05-02,2562729984
META,2023-05-04,2586629888
META,2023-05-06,2562729984
META,2023-05-11,2565920000
META,2023-05-14,2554729984
META,2023-05-16,2562729984
META,2023-06-09,2626080000
META,2023-06-13,2562729984
META,2023-06-23,2587209984
META,2023-06-25,2562729984
META,2023-07-05,2570350080
META,2023-07-06,2497440000
META,2023-07-07,2562729984
META,2023-07-12,2599239936
META,2023-07-13,2562729984
META,2023-07-19,2574530048
META,2023-07-21,2562729984
META,2023-08-21,2573159936
META,2023-08-23,2593740032
META,2023-08-24,2573159936
META,2023-09-09,2579899904
META,2023-09-12,2573159936
META,2023-09-16,2670929920
META,2023-09-17,2573159936
META,2023-09-26,2558190080
META,2023-10-10,2573159936
META,2023-10-11,2573159936
META,2023-10-13,2602210048
META,2023-10-14,2650599936
META,2023-10-15,2573159936
META,2023-10-17,2550840064
META,2023-10-18,2573159936
META,2023-10-19,2630230016
META,2023-10-20,2607379968
META,2023-10-21,2573159936
META,2023-10-24,2573159936
META,2023-10-25,2585179904
META,2023-10-27,2569860096
META,2023-10-28,2569860096
META,2023-11-01,2569860096
META,2023-11-02,2569860096
META,2023-11-03,2569860096
META,2023-11-04,2569860096
META,2023-11-07,2569860096
META,2023-11-08,2545920000
META,2023-11-09,2569860096
META,2023-11-14,2569860096
META,2023-11-21,2569860096
META,2023-11-22,2569860096
META,2023-11-23,2569860096
META,2023-11-25,2569860096
META,2023-11-29,2569860096
META,2023-11-30,2569860096
META,2023-12-02,2569860096
META,2023-12-03,2569939968
META,2023-12-05,2569860096
META,2023-12-06,2569860096
META,2023-12-08,2569860096
META,2023-12-13,2569860096
META,2023-12-14,2569860096
META,2023-12-15,2581969920
META,2023-12-16,2569860096
META,2023-12-19,2569860096
META,2023-12-20,2569860096
META,2023-12-21,2569860096
META,2023-12-22,2569860096
META,2023-12-23,2574949888
META,2023-12-26,2569860096
META,2023-12-27,2569860096
META,2023-12-29,2569860096
META,2023-12-30,2569860096
META,2024-01-05,2569860096
META,2024-01-06,2569860096
META,2024-01-09,2569860096
META,2024-01-10,2569860096
META,2024-01-11,2569860096
META,2024-01-12,2569860096
META,2024-01-18,2569860096
META,2024-01-23,2569860096
META,2024-01-24,2569860096
META,2024-01-26,2569860096
META,2024-01-30,2569860096
META,2024-02-01,2569860096
META,2024-02-02,2569860096
META,2024-02-03,2549410048
META,2024-02-06,2549410048
META,2024-02-08,2549410048
META,2024-02-10,2549410048
META,2024-02-13,2549410048
META,2024-02-14,2549410048
META,2024-02-16,2549410048
META,2024-02-17,2549410048
META,2024-02-21,2549410048
META,2024-02-22,2549410048
META,2024-02-24,2549410048
META,2024-03-02,2549410048
META,2024-03-05,2549410048
META,2024-03-07,2549410048
META,2024-03-09,2549410048
META,2024-03-12,2549410048
META,2024-03-13,2570909952
META,2024-03-14,2549410048
META,2024-03-16,2590779904
META,2024-03-19,2549410048
META,2024-03-20,2553769984
META,2024-03-21,2549410048
META,2024-03-22,2549410048
META,2024-03-23,2549410048
META,2024-03-26,2549410048
META,2024-03-27,2549410048
META,2024-04-12,2607660032
META,2024-04-13,2549410048
META,2024-04-16,2607150080
META,2024-04-17,2549410048
META,2024-04-19,2549410048
META,2024-04-20,2536529920
META,2024-04-25,2549900032
META,2024-04-26,2536529920
META,2024-04-30,2599089920
META,2024-05-04,2536529920
META,2024-05-07,2461329920
META,2024-05-10,2520379904
META,2024-05-11,2533499904
META,2024-05-15,2515889920
META,2024-05-16,2536529920
META,2024-05-20,2553139968
META,2024-05-21,2559520000
META,2024-05-22,2536529920
META,2024-05-23,2536529920
META,2024-05-24,2547429888
META,2024-05-31,2578299904
META,2024-06-05,2539190016
META,2024-06-12,2512189952
META,2024-06-13,2536529920
META,2024-06-15,2535729920
META,2024-06-18,2536529920
META,2024-06-25,2536529920
META,2024-06-27,2536529920
META,2024-06-28,2536529920
META,2024-07-03,2536529920
META,2024-07-10,2536529920
META,2024-07-11,2536529920
META,2024-07-12,2536529920
META,2024-07-13,2536529920
META,2024-07-16,2536529920
META,2024-07-18,2689149952
META,2024-07-20,2536529920
META,2024-07-23,2536529920
META,2024-07-24,2536529920
META,2024-07-25,2580790016
META,2024-07-26,2536529920
META,2024-07-27,2536529920
META,2024-07-30,2536529920
META,2024-07-31,2550390016
META,2024-08-01,2536529920
META,2024-08-02,2529819904
META,2024-08-07,2529819904
META,2024-08-08,2529819904
META,2024-08-09,2529819904
META,2024-08-10,2490040064
META,2024-08-13,2529819904
META,2024-08-17,2577349888
META,2024-08-20,2529819904
META,2024-08-21,2529819904
META,2024-08-23,2529819904
META,2024-08-27,2529819904
META,2024-08-28,2529819904
META,2024-08-29,2529819904
META,2024-08-30,2529819904
META,2024-08-31,2529819904
META,2024-09-03,2529819904
META,2024-09-06,2529819904
META,2024-09-07,2529819904
META,2024-09-10,2529819904
META,2024-09-12,2529819904
META,2024-09-16,2488730112
META,2024-09-17,2529819904
META,2024-09-18,2529819904
META,2024-09-19,2529819904
META,2024-09-21,2529819904
META,2024-09-24,2529819904
META,2024-09-25,2529819904
META,2024-09-27,2529819904
META,2024-09-28,2529819904
META,2024-09-30,2507369984
META,2024-10-01,2529819904
META,2024-10-03,2529819904
META,2024-10-05,2529819904
META,2024-10-08,2529819904
META,2024-10-09,2529819904
META,2024-10-10,2529819904
META,2024-10-11,2529819904
META,2024-10-12,2529819904
META,2024-10-15,2529819904
META,2024-10-16,2529819904
META,2024-10-17,2529819904
META,2024-10-18,2529819904
META,2024-10-19,2529819904
META,2024-10-22,2529819904
META,2024-10-23,2529819904
META,2024-10-24,2511589888
META,2024-10-26,2487630080
META,2024-10-28,2466500096
META,2024-10-29,2529819904
META,2024-10-30,2529819904
META,2024-10-31,2529819904
META,2024-11-01,2524489984
META,2024-11-02,2524489984
META,2024-11-05,2524489984
META,2024-11-06,2472669952
META,2024-11-07,2524489984
META,2024-11-08,2524489984
META,2024-11-09,2524489984
META,2024-11-13,2524489984
META,2024-11-14,2524489984
META,2024-11-15,2524489984
META,2024-11-16,2524489984
META,2024-11-19,2523030016
META,2024-11-20,2524489984
META,2024-11-21,2524489984
META,2024-11-22,2524489984
META,2024-11-27,2524489984
META,2024-11-30,2501979904
META,2024-12-03,2524489984
META,2024-12-04,2438840064
META,2024-12-06,2524489984
META,2024-12-10,2524489984
META,2024-12-11,2501050112
META,2024-12-12,2524489984
META,2024-12-13,2532049920
META,2024-12-14,2574660096
META,2024-12-18,2524489984
META,2024-12-21,2524489984
META,2024-12-24,2524489984
META,2024-12-25,2524489984
META,2025-01-04,2501979904
META,2025-01-07,2422060032
META,2025-01-09,2524489984
META,2025-01-11,2524489984
META,2025-01-15,2524489984
META,2025-01-17,2524489984
META,2025-01-22,2524489984
META,2025-01-25,2524489984
META,2025-01-30,2524489984
META,2025-01-31,2533659904
META,2025-02-01,2525639936
META,2025-02-08,2524689920
META,2025-02-13,2514170112
META,2025-02-15,2533659904
META,2025-02-26,2533659904
META,2025-03-04,2584519936
META,2025-03-05,2533659904
META,2025-03-11,2533659904
META,2025-03-12,2533659904
META,2025-03-13,2533659904
META,2025-03-18,2533659904
META,2025-03-19,2526279936
META,2025-03-20,2533659904
META,2025-03-22,2490099968
META,2025-03-27,2597230080
META,2025-03-28,2533659904
META,2025-04-01,2533659904
META,2025-04-02,2533659904
META,2025-04-05,2533659904
META,2025-04-09,2533659904
META,2025-04-10,2716770048
META,2025-04-11,2533659904
META,2025-04-12,2533659904
META,2025-04-14,2591290112
META,2025-04-15,2533659904
META,2025-04-16,2533659904
META,2025-04-17,2533659904
META,2025-04-22,2612059904
META,2025-04-23,2524450048
META,2025-04-24,2427450112
META,2025-04-26,2459320064
META,2025-04-29,2524450048
META,2025-05-01,2549459968
META,2025-05-02,2524450048
META,2025-05-06,2514330112
META,2025-05-07,2514330112
META,2025-05-09,2514330112
META,2025-05-10,2537750016
META,2025-05-14,2514330112
META,2025-05-15,2514330112
META,2025-05-16,2528229888
META,2025-05-17,2514330112
META,2025-05-21,2514330112
META,2025-05-28,2514330112
META,2025-05-29,2509400064
META,2025-05-30,2508600064
META,2025-05-31,2504849920
META,2025-06-06,2526560000
META,2025-06-07,2514330112
META,2025-06-10,2514330112
META,2025-06-11,2514330112
META,2025-06-12,2514330112
META,2025-06-13,2514330112
META,2025-06-17,2445390080
META,2025-06-18,2531960064
META,2025-06-19,2514330112
META,2025-06-24,2514330112
META,2025-06-27,2454040064
META,2025-06-28,2514330112
META,2025-07-08,2514330112
META,2025-07-09,2514330112
META,2025-07-10,2514330112
META,2025-07-11,2514330112
META,2025-07-12,2514330112
META,2025-07-15,2514330112
META,2025-07-22,2514330112
META,2025-07-23,2514330112
META,2025-07-24,2514330112
META,2025-07-25,2514330112
META,2025-07-26,2514330112
META,2025-07-31,2514330112
META,2025-08-01,2512140032
META,2025-08-02,2512140032
META,2025-08-07,2512140032
META,2025-08-08,2512140032
META,2025-08-09,2512140032
META,2025-08-15,2512140032
META,2025-08-19,2512140032
META,2025-08-23,2512140032
META,2025-08-26,2512140032
META,2025-08-28,2512140032
META,2025-08-30,2512140032
META,2025-09-03,2512140032
META,2025-09-04,2512140032
META,2025-09-05,2512140032
META,2025-09-11,2512140032
META,2025-09-12,2512140032
META,2025-09-13,2512140032
META,2025-09-16,2512140032
META,2025-09-17,2512141475
META,2025-09-18,2512141475
META,2025-09-19,2512141475
META,2025-09-20,2518176708
META,2025-09-23,2555544829
META,2025-09-26,2551555640
META,2025-09-30,2513324216
META,2025-10-01,2544194044
META,2025-10-02,2603404205
META,2025-10-03,2512141475
META,2025-10-06,2570440863
META,2025-10-07,2512141475
META,2025-10-08,2521230673
META,2025-10-10,2512141475
META,2025-10-11,2512141475
META,2025-10-15,2537133498
META,2025-10-16,2512141475
META,2025-10-17,2512141475
META,2025-10-18,2495164113
META,2025-10-20,2459800191
META,2025-10-22,2456110172
META,2025-10-23,2512141475
META,2025-10-24,2497307333
META,2025-10-25,2512141475
META,2025-10-27,2470452012
META,2025-10-28,2512141475
META,2025-10-30,2512141475
META,2025-10-31,2520527597
META,2025-11-01,2520527597
META,2025-11-05,2520527597
META,2025-11-06,2520527597
META,2025-11-07,2520527597
META,2025-11-08,2520527597
META,2025-11-11,2520527597
META,2025-11-12,2520527597
META,2025-11-14,2520527597
META,2025-11-15,2522305937
META,2025-11-17,2520527597
META,2026-01-30,2529555464
META,2026-04-18,2538423304
META,2026-07-31,2547506225
GOOGL,2020-06-02,681905984
GOOGL,2020-06-04,681950016
GOOGL,2020-06-05,682115968
GOOGL,2020-06-08,682240000
GOOGL,2020-06-09,682288000
GOOGL,2020-06-10,683564992
GOOGL,2020-06-11,682883968
GOOGL,2020-06-12,683084992
GOOGL,2020-06-15,682681984
GOOGL,2020-06-16,682409984
GOOGL,2020-06-17,681748992
GOOGL,2020-06-18,682291968
GOOGL,2020-06-19,683052032
GOOGL,2020-06-22,684291008
GOOGL,2020-06-23,682897984
GOOGL,2020-06-24,682718976
GOOGL,2020-06-25,682449024
GOOGL,2020-06-26,682673984
GOOGL,2020-06-29,681969024
GOOGL,2020-06-30,682091008
GOOGL,2020-07-01,681568000
GOOGL,2020-07-02,681697024
GOOGL,2020-07-03,681424000
GOOGL,2020-07-07,681734976
GOOGL,2020-07-08,681550976
GOOGL,2020-07-09,680921024
GOOGL,2020-07-10,680921984
GOOGL,2020-07-13,683217024
GOOGL,2020-07-14,682422016
GOOGL,2020-07-15,682558016
GOOGL,2020-07-16,681902016
GOOGL,2020-07-17,683304000
GOOGL,2020-07-20,682332032
GOOGL,2020-07-21,683024000
GOOGL,2020-07-22,683160000
GOOGL,2020-07-23,683401984
GOOGL,2020-07-24,682382976
GOOGL,2020-07-27,683436032
GOOGL,2020-07-28,682788992
GOOGL,2020-07-29,681880000
GOOGL,2020-07-30,682291008
GOOGL,2020-07-31,681107968
GOOGL,2020-08-03,680092992
GOOGL,2020-08-04,678294016
GOOGL,2020-08-05,678276992
GOOGL,2020-08-06,678928000
GOOGL,2020-08-07,679088000
GOOGL,2020-08-10,679299968
GOOGL,2020-08-11,680003008
GOOGL,2020-08-12,680113984
GOOGL,2020-08-13,680025984
GOOGL,2020-08-14,680560000
GOOGL,2020-08-17,680851008
GOOGL,2020-08-18,680545984
GOOGL,2020-08-19,680768000
GOOGL,2020-08-20,680793984
GOOGL,2020-08-21,681328000
GOOGL,2020-08-24,681190976
GOOGL,2020-08-25,680806016
GOOGL,2020-08-26,680656000
GOOGL,2020-08-27,681838016
GOOGL,2020-08-28,681353984
GOOGL,2020-08-31,681177024
GOOGL,2020-09-01,681116032
GOOGL,2020-09-02,681299008
GOOGL,2020-09-03,682278976
GOOGL,2020-09-05,719075008
GOOGL,2020-09-07,682238016
GOOGL,2020-09-09,682088000
GOOGL,2020-09-10,682262016
GOOGL,2020-09-11,681468992
GOOGL,2020-09-14,681254976
GOOGL,2020-09-15,682473984
GOOGL,2020-09-16,681537024
GOOGL,2020-09-17,682108032
GOOGL,2020-09-18,682067968
GOOGL,2020-09-21,682209984
GOOGL,2020-09-22,680401984
GOOGL,2020-09-23,681452992
GOOGL,2020-09-24,681540992
GOOGL,2020-09-25,681436992
GOOGL,2020-09-28,681532032
GOOGL,2020-09-29,681504000
GOOGL,2020-09-30,680916992
GOOGL,2020-10-01,681073984
GOOGL,2020-10-02,680654976
GOOGL,2020-10-05,680809984
GOOGL,2020-10-06,680881024
GOOGL,2020-10-07,680720000
GOOGL,2020-10-08,680427008
GOOGL,2020-10-09,680726016
GOOGL,2020-10-10,681217024
GOOGL,2020-10-13,681136000
GOOGL,2020-10-14,681145024
GOOGL,2020-10-15,681153984
GOOGL,2020-10-16,680948992
GOOGL,2020-10-17,680948992
GOOGL,2020-10-20,681180032
GOOGL,2020-10-21,681206976
GOOGL,2020-10-22,681702976
GOOGL,2020-10-23,681964032
GOOGL,2020-10-24,681801984
GOOGL,2020-10-27,681460992
GOOGL,2020-10-28,681286016
GOOGL,2020-10-29,681449024
GOOGL,2020-10-30,682384000
GOOGL,2020-10-31,681174976
GOOGL,2020-11-03,676774016
GOOGL,2020-11-04,677337984
GOOGL,2020-11-05,677337984
GOOGL,2020-11-06,676588992
GOOGL,2020-11-07,676588992
GOOGL,2020-11-10,676721984
GOOGL,2020-11-11,676932992
GOOGL,2020-11-12,677460992
GOOGL,2020-11-13,677460992
GOOGL,2020-11-14,677312000
GOOGL,2020-11-17,677793024
GOOGL,2020-11-18,678016000
GOOGL,2020-11-19,677590016
GOOGL,2020-11-20,677430016
GOOGL,2020-11-21,677529984
GOOGL,2020-11-24,677820032
GOOGL,2020-11-25,677358016
GOOGL,2020-11-26,677790976
GOOGL,2020-11-28,677564992
GOOGL,2020-12-01,677617984
GOOGL,2020-12-02,676929984
GOOGL,2020-12-03,676964992
GOOGL,2020-12-04,677318976
GOOGL,2020-12-05,677190976
GOOGL,2020-12-08,676870976
GOOGL,2020-12-09,677740992
GOOGL,2020-12-10,677590016
GOOGL,2020-12-11,677859008
GOOGL,2020-12-12,677721984
GOOGL,2020-12-15,677894976
GOOGL,2020-12-16,677678976
GOOGL,2020-12-17,677516992
GOOGL,2020-12-18,677827008
GOOGL,2020-12-19,677342016
GOOGL,2020-12-22,677340992
GOOGL,2020-12-23,677054976
GOOGL,2020-12-24,677217984
GOOGL,2020-12-25,677318016
GOOGL,2020-12-29,676822016
GOOGL,2020-12-30,676606016
GOOGL,2020-12-31,677048000
GOOGL,2021-01-01,676283008
GOOGL,2021-01-05,676830016
GOOGL,2021-01-06,676590976
GOOGL,2021-01-07,678801984
GOOGL,2021-01-08,678825984
GOOGL,2021-01-09,678147008
GOOGL,2021-01-12,678385024
GOOGL,2021-01-13,678158016
GOOGL,2021-01-14,677776000
GOOGL,2021-01-15,678190976
GOOGL,2021-01-16,678062976
GOOGL,2021-01-20,677606976
GOOGL,2021-01-21,677625024
GOOGL,2021-01-22,677668992
GOOGL,2021-01-23,677905984
GOOGL,2021-01-26,677318016
GOOGL,2021-01-27,678032000
GOOGL,2021-01-28,678574976
GOOGL,2021-01-29,678190016
GOOGL,2021-01-30,677939008
GOOGL,2021-02-02,677868992
GOOGL,2021-02-03,677868032
GOOGL,2021-02-04,675916992
GOOGL,2021-02-05,675531008
GOOGL,2021-02-06,675574976
GOOGL,2021-02-09,675454976
GOOGL,2021-02-10,675417984
GOOGL,2021-02-11,675534016
GOOGL,2021-02-12,675256000
GOOGL,2021-02-13,675555968
GOOGL,2021-02-17,675875008
GOOGL,2021-02-18,675635008
GOOGL,2021-02-19,675907968
GOOGL,2021-02-20,676070016
GOOGL,2021-02-23,675830016
GOOGL,2021-02-24,675843968
GOOGL,2021-02-25,675921984
GOOGL,2021-02-26,676641024
GOOGL,2021-02-27,676558976
GOOGL,2021-03-02,676012032
GOOGL,2021-03-03,675939008
GOOGL,2021-03-04,676627968
GOOGL,2021-03-05,676577984
GOOGL,2021-03-06,675928000
GOOGL,2021-03-09,676857024
GOOGL,2021-03-10,676118016
GOOGL,2021-03-11,677166976
GOOGL,2021-03-12,676355968
GOOGL,2021-03-13,676041024
GOOGL,2021-03-17,676041024
GOOGL,2021-03-18,675529984
GOOGL,2021-03-19,676547968
GOOGL,2021-03-20,676761024
GOOGL,2021-03-23,675411008
GOOGL,2021-03-24,676003008
GOOGL,2021-03-25,676156032
GOOGL,2021-03-26,676054976
GOOGL,2021-03-27,675886976
GOOGL,2021-03-30,675763008
GOOGL,2021-03-31,675587968
GOOGL,2021-04-01,675107008
GOOGL,2021-04-02,675361984
GOOGL,2021-04-06,675108992
GOOGL,2021-04-07,678073984
GOOGL,2021-04-08,667438976
GOOGL,2021-04-09,676321024
GOOGL,2021-04-10,676331008
GOOGL,2021-04-13,675620992
GOOGL,2021-04-14,676001984
GOOGL,2021-04-15,676025984
GOOGL,2021-04-16,675772032
GOOGL,2021-04-17,676289984
GOOGL,2021-04-20,675945024
GOOGL,2021-04-21,676238016
GOOGL,2021-04-22,676284992
GOOGL,2021-04-23,684040000
GOOGL,2021-04-24,669939008
GOOGL,2021-04-27,676524032
GOOGL,2021-04-28,676448000
GOOGL,2021-04-29,677038016
GOOGL,2021-04-30,675185024
GOOGL,2021-05-01,677948032
GOOGL,2021-05-04,677356992
GOOGL,2021-05-05,676814976
GOOGL,2021-05-06,676030976
GOOGL,2021-05-07,676254976
GOOGL,2021-05-08,676596992
GOOGL,2021-05-11,677211008
GOOGL,2021-05-12,675680000
GOOGL,2021-05-13,675873984
GOOGL,2021-05-14,674944000
GOOGL,2021-05-15,675529024
GOOGL,2021-05-18,674756992
GOOGL,2021-05-19,676022016
GOOGL,2021-05-20,675464000
GOOGL,2021-05-21,677056000
GOOGL,2021-05-22,677353024
GOOGL,2021-05-25,676417024
GOOGL,2021-05-26,676491008
GOOGL,2021-05-27,677398976
GOOGL,2021-05-28,675619008
GOOGL,2021-05-29,677675008
GOOGL,2021-06-02,676771968
GOOGL,2021-06-03,677083008
GOOGL,2021-06-04,678025024
GOOGL,2021-06-05,678030016
GOOGL,2021-06-08,678755968
GOOGL,2021-06-09,681552000
GOOGL,2021-06-10,681379008
GOOGL,2021-06-11,681654016
GOOGL,2021-06-12,681312000
GOOGL,2021-06-15,680486976
GOOGL,2021-06-16,682459008
GOOGL,2021-06-17,683356032
GOOGL,2021-06-22,682496000
GOOGL,2021-06-23,682513984
GOOGL,2021-06-25,682795008
GOOGL,2021-06-28,682014016
GOOGL,2021-07-01,678715008
GOOGL,2021-07-02,680534016
GOOGL,2021-07-03,679105984
GOOGL,2021-07-14,679446016
GOOGL,2021-07-15,679867008
GOOGL,2021-07-16,681020992
GOOGL,2021-07-18,682588992
GOOGL,2021-07-20,682308992
GOOGL,2021-07-22,682979008
GOOGL,2021-07-23,682528000
GOOGL,2021-07-24,681843008
GOOGL,2021-07-27,683705984
GOOGL,2021-07-29,667430976
GOOGL,2021-07-30,668553984
GOOGL,2021-07-31,667929984
GOOGL,2021-08-04,668289024
GOOGL,2021-08-05,668894016
GOOGL,2021-08-06,668372992
GOOGL,2021-08-07,669814976
GOOGL,2021-08-10,669302016
GOOGL,2021-08-11,669772992
GOOGL,2021-08-12,670068992
GOOGL,2021-08-13,669545024
GOOGL,2021-08-14,668332032
GOOGL,2021-08-17,668158976
GOOGL,2021-08-18,668252032
GOOGL,2021-08-19,669404992
GOOGL,2021-08-20,669665984
GOOGL,2021-08-21,669102016
GOOGL,2021-08-24,669174016
GOOGL,2021-08-25,669331968
GOOGL,2021-08-26,668718016
GOOGL,2021-08-27,668300032
GOOGL,2021-08-28,667969984
GOOGL,2021-08-31,668700992
GOOGL,2021-09-01,668446016
GOOGL,2021-09-02,668136000
GOOGL,2021-09-03,668836992
GOOGL,2021-09-04,669060992
GOOGL,2021-09-08,669502976
GOOGL,2021-09-09,669411968
GOOGL,2021-09-10,669816000
GOOGL,2021-09-11,669129984
GOOGL,2021-09-14,669302016
GOOGL,2021-09-15,668689984
GOOGL,2021-09-16,668476032
GOOGL,2021-09-17,668457024
GOOGL,2021-09-18,668264000
GOOGL,2021-09-21,667441984
GOOGL,2021-09-22,668168000
GOOGL,2021-09-23,668249984
GOOGL,2021-09-24,668139008
GOOGL,2021-09-25,667696000
GOOGL,2021-09-29,667588992
GOOGL,2021-09-30,667153984
GOOGL,2021-10-01,665772032
GOOGL,2021-10-02,666566016
GOOGL,2021-10-05,667008000
GOOGL,2021-10-06,655417984
GOOGL,2021-10-07,666264000
GOOGL,2021-10-08,666664000
GOOGL,2021-10-09,667374016
GOOGL,2021-10-12,671561024
GOOGL,2021-10-13,667374016
GOOGL,2021-10-15,667347008
GOOGL,2021-10-17,667449984
GOOGL,2021-10-19,667164032
GOOGL,2021-10-20,668062976
GOOGL,2021-10-21,668214016
GOOGL,2021-10-22,668772992
GOOGL,2021-10-23,669217984
GOOGL,2021-10-26,669843968
GOOGL,2021-10-27,667590016
GOOGL,2021-10-28,665139968
GOOGL,2021-10-29,664374016
GOOGL,2021-10-30,664246016
GOOGL,2021-11-02,664377024
GOOGL,2021-11-03,664705024
GOOGL,2021-11-04,664179968
GOOGL,2021-11-05,656700992
GOOGL,2021-11-06,664593984
GOOGL,2021-11-09,664446976
GOOGL,2021-11-10,664467968
GOOGL,2021-11-11,665358976
GOOGL,2021-11-12,665902976
GOOGL,2021-11-13,665832000
GOOGL,2021-11-16,665766976
GOOGL,2021-11-17,666342016
GOOGL,2021-11-18,665942016
GOOGL,2021-11-19,665609984
GOOGL,2021-11-20,665953024
GOOGL,2021-11-23,665449984
GOOGL,2021-11-24,665889024
GOOGL,2021-11-25,665062976
GOOGL,2021-11-28,665155968
GOOGL,2021-12-01,665006016
GOOGL,2021-12-02,665040000
GOOGL,2021-12-03,656134016
GOOGL,2021-12-04,664924992
GOOGL,2021-12-08,665187968
GOOGL,2021-12-09,664908992
GOOGL,2021-12-10,664769984
GOOGL,2021-12-11,665209984
GOOGL,2021-12-14,665676992
GOOGL,2021-12-15,666112000
GOOGL,2021-12-16,665776000
GOOGL,2021-12-17,664630016
GOOGL,2021-12-18,666180992
GOOGL,2021-12-21,665547008
GOOGL,2021-12-22,665420992
GOOGL,2021-12-23,664923008
GOOGL,2021-12-24,664252992
GOOGL,2021-12-28,664102016
GOOGL,2021-12-29,663246016
GOOGL,2021-12-30,663438016
GOOGL,2021-12-31,663334016
GOOGL,2022-01-01,663385984
GOOGL,2022-01-04,663945984
GOOGL,2022-01-05,663801024
GOOGL,2022-01-06,663484032
GOOGL,2022-01-07,663310976
GOOGL,2022-01-08,663734976
GOOGL,2022-01-11,663545024
GOOGL,2022-01-12,664403968
GOOGL,2022-01-13,664252992
GOOGL,2022-01-14,665011008
GOOGL,2022-01-15,664460992
GOOGL,2022-01-19,664446976
GOOGL,2022-01-20,665022976
GOOGL,2022-01-21,664238016
GOOGL,2022-01-22,663131008
GOOGL,2022-01-26,663265024
GOOGL,2022-01-27,663780992
GOOGL,2022-01-28,664049984
GOOGL,2022-01-29,663617024
GOOGL,2022-02-01,664691968
GOOGL,2022-02-02,664305024
GOOGL,2022-02-04,683731968
GOOGL,2022-02-05,660001984
GOOGL,2022-02-06,660361024
GOOGL,2022-02-08,660374976
GOOGL,2022-02-09,660550016
GOOGL,2022-02-11,660931008
GOOGL,2022-02-12,660612992
GOOGL,2022-02-15,660444992
GOOGL,2022-02-16,660547968
GOOGL,2022-02-17,660396992
GOOGL,2022-02-18,660422016
GOOGL,2022-02-20,661126976
GOOGL,2022-02-23,659971968
GOOGL,2022-02-25,660929984
GOOGL,2022-02-26,661112000
GOOGL,2022-03-02,661222016
GOOGL,2022-03-03,661393984
GOOGL,2022-03-04,664713024
GOOGL,2022-03-05,661486976
GOOGL,2022-03-08,661185984
GOOGL,2022-03-11,661572992
GOOGL,2022-03-12,662441984
GOOGL,2022-03-15,683056000
GOOGL,2022-03-17,665889984
GOOGL,2022-03-18,642798976
GOOGL,2022-03-19,662539008
GOOGL,2022-03-22,661846016
GOOGL,2022-03-23,653321984
GOOGL,2022-03-24,661491968
GOOGL,2022-03-25,660392000
GOOGL,2022-03-28,659921024
GOOGL,2022-03-31,662540992
GOOGL,2022-04-01,676219008
GOOGL,2022-04-02,657174016
GOOGL,2022-04-07,662422976
GOOGL,2022-04-08,662310016
GOOGL,2022-04-09,662683008
GOOGL,2022-04-12,663355008
GOOGL,2022-04-13,662606976
GOOGL,2022-04-14,661928000
GOOGL,2022-04-19,661678976
GOOGL,2022-04-20,662243008
GOOGL,2022-04-21,661481984
GOOGL,2022-04-23,660918976
GOOGL,2022-04-26,661254016
GOOGL,2022-04-29,660849984
GOOGL,2022-04-30,660852992
GOOGL,2022-05-03,660043008
GOOGL,2022-05-05,659305024
GOOGL,2022-05-06,659148032
GOOGL,2022-05-07,658265984
GOOGL,2022-05-10,660096000
GOOGL,2022-05-11,659019008
GOOGL,2022-05-14,659756032
GOOGL,2022-05-17,659451008
GOOGL,2022-05-18,659115008
GOOGL,2022-05-19,659904000
GOOGL,2022-05-20,659526016
GOOGL,2022-05-22,659665024
GOOGL,2022-05-24,659001984
GOOGL,2022-05-25,658369984
GOOGL,2022-05-26,658601984
GOOGL,2022-05-27,646459008
GOOGL,2022-05-28,659846016
GOOGL,2022-06-01,659262976
GOOGL,2022-06-03,658828992
GOOGL,2022-06-05,658563008
GOOGL,2022-06-07,659009984
GOOGL,2022-06-08,658713984
GOOGL,2022-06-09,658464000
GOOGL,2022-06-13,659249984
GOOGL,2022-06-14,659926016
GOOGL,2022-06-15,659905024
GOOGL,2022-06-16,660286976
GOOGL,2022-06-17,660281024
GOOGL,2022-06-18,660611968
GOOGL,2022-07-01,659678016
GOOGL,2022-07-02,659489984
GOOGL,2022-07-06,660225984
GOOGL,2022-07-07,660254976
GOOGL,2022-07-08,659880000
GOOGL,2022-07-09,660640000
GOOGL,2022-07-12,660792000
GOOGL,2022-07-14,660846016
GOOGL,2022-07-15,661545024
GOOGL,2022-07-16,13225499648
GOOGL,2022-07-18,13225499648
GOOGL,2022-07-20,13214600192
GOOGL,2022-07-21,13214000128
GOOGL,2022-07-22,13208399872
GOOGL,2022-07-23,13196699648
GOOGL,2022-07-26,13210800128
GOOGL,2022-07-27,13195100160
GOOGL,2022-07-28,13199899648
GOOGL,2022-07-29,13144000512
GOOGL,2022-07-30,13061000192
GOOGL,2022-08-02,13077300224
GOOGL,2022-08-05,13068399616
GOOGL,2022-08-06,13083299840
GOOGL,2022-08-09,13088100352
GOOGL,2022-08-13,13093099520
GOOGL,2022-08-16,13084399616
GOOGL,2022-08-19,13016200192
GOOGL,2022-08-20,13091800064
GOOGL,2022-08-23,13088799744
GOOGL,2022-08-29,13097600000
GOOGL,2022-08-30,13095799808
GOOGL,2022-09-02,13089500160
GOOGL,2022-09-13,13100099584
GOOGL,2022-09-15,13017600000
GOOGL,2022-09-16,13361000448
GOOGL,2022-09-17,13093799936
GOOGL,2022-09-20,13090599936
GOOGL,2022-09-21,13086000128
GOOGL,2022-09-22,13089300480
GOOGL,2022-09-23,13070499840
GOOGL,2022-09-24,13070799872
GOOGL,2022-10-01,13076200448
GOOGL,2022-10-05,13090700288
GOOGL,2022-10-06,13091999744
GOOGL,2022-10-08,13099599872
GOOGL,2022-10-11,13097499648
GOOGL,2022-10-12,13097499648
GOOGL,2022-10-13,13090700288
GOOGL,2022-10-14,13084399616
GOOGL,2022-10-16,13083599872
GOOGL,2022-10-18,13093900288
GOOGL,2022-10-19,13081900032
GOOGL,2022-10-22,13065299968
GOOGL,2022-10-26,13070499840
GOOGL,2022-10-29,12961300480
GOOGL,2022-11-01,12952699904
GOOGL,2022-11-05,12951400448
GOOGL,2022-11-08,12671899648
GOOGL,2022-11-10,12948599808
GOOGL,2022-11-11,12957899776
GOOGL,2022-11-12,12963200000
GOOGL,2022-11-15,12963999744
GOOGL,2022-11-16,12960300032
GOOGL,2022-11-17,12951600128
GOOGL,2022-11-19,12966099968
GOOGL,2022-11-23,12960600064
GOOGL,2022-11-26,12951700480
GOOGL,2022-11-29,13141900288
GOOGL,2022-11-30,12958999552
GOOGL,2022-12-04,12966599680
GOOGL,2022-12-06,13091800064
GOOGL,2022-12-07,12963699712
GOOGL,2022-12-11,12958699520
GOOGL,2022-12-13,12959299584
GOOGL,2022-12-14,12956999680
GOOGL,2022-12-15,12958400512
GOOGL,2022-12-16,12965799936
GOOGL,2022-12-18,12983499776
GOOGL,2022-12-21,12991899648
GOOGL,2022-12-24,12982599680
GOOGL,2022-12-29,12974100480
GOOGL,2022-12-30,12977399808
GOOGL,2023-01-01,12977500160
GOOGL,2023-01-04,12847899648
GOOGL,2023-01-06,12983199744
GOOGL,2023-01-13,12995099648
GOOGL,2023-01-19,12987100160
GOOGL,2023-01-20,12999199744
GOOGL,2023-01-21,13021200384
GOOGL,2023-01-24,13029600256
GOOGL,2023-01-26,13037100032
GOOGL,2023-01-27,12732000256
GOOGL,2023-01-29,13025099776
GOOGL,2023-01-31,13006399488
GOOGL,2023-02-02,13003599872
GOOGL,2023-02-06,12832100352
GOOGL,2023-02-07,12840099840
GOOGL,2023-02-08,12829200384
GOOGL,2023-02-11,12825299968
GOOGL,2023-02-16,12816799744
GOOGL,2023-02-17,12823900160
GOOGL,2023-02-18,12822200320
GOOGL,2023-02-22,12823900160
GOOGL,2023-02-23,12816799744
GOOGL,2023-02-25,12821699584
GOOGL,2023-02-28,12822299648
GOOGL,2023-03-01,12822899712
GOOGL,2023-03-02,12816900096
GOOGL,2023-03-03,12827100160
GOOGL,2023-03-04,12830600192
GOOGL,2023-03-07,12835200000
GOOGL,2023-03-09,12832300032
GOOGL,2023-03-10,12828999680
GOOGL,2023-03-11,12832000000
GOOGL,2023-03-15,12822200320
GOOGL,2023-03-16,12823400448
GOOGL,2023-03-17,12851600384
GOOGL,2023-03-18,12856299520
GOOGL,2023-03-21,12848900096
GOOGL,2023-03-22,12859299840
GOOGL,2023-03-23,12860699648
GOOGL,2023-03-24,12844300288
GOOGL,2023-03-25,12842099712
GOOGL,2023-03-28,12841900032
GOOGL,2023-03-29,12826500096
GOOGL,2023-03-30,12882799616
GOOGL,2023-04-01,12819900416
GOOGL,2023-04-04,12742599680
GOOGL,2023-04-05,12874099712
GOOGL,2023-04-06,12860499968
GOOGL,2023-04-07,12391999488
GOOGL,2023-04-11,12835600384
GOOGL,2023-04-13,12840099840
GOOGL,2023-04-14,12849200128
GOOGL,2023-04-15,12839300096
GOOGL,2023-04-18,12832300032
GOOGL,2023-04-20,12855100416
GOOGL,2023-04-21,12841600000
GOOGL,2023-04-24,12835300352
GOOGL,2023-04-25,12908000256
GOOGL,2023-04-27,12738899968
GOOGL,2023-04-28,12739600384
GOOGL,2023-04-29,12745199616
GOOGL,2023-05-02,12724899840
GOOGL,2023-05-04,12722899968
GOOGL,2023-05-06,12732900352
GOOGL,2023-05-10,12722599936
GOOGL,2023-05-11,12228100096
GOOGL,2023-05-14,12101099520
GOOGL,2023-05-16,12719699968
GOOGL,2023-05-18,12728099840
GOOGL,2023-05-19,12730000384
GOOGL,2023-05-23,12735500288
GOOGL,2023-05-27,12735699968
GOOGL,2023-05-31,12743100416
GOOGL,2023-06-01,12720900096
GOOGL,2023-06-02,12727900160
GOOGL,2023-06-05,12723399680
GOOGL,2023-06-09,6823000064
GOOGL,2023-06-13,12729299968
GOOGL,2023-06-14,12725499904
GOOGL,2023-06-15,12714300416
GOOGL,2023-06-16,12729900032
GOOGL,2023-06-17,12723200000
GOOGL,2023-06-20,12722199552
GOOGL,2023-06-23,13002099712
GOOGL,2023-06-24,12729600000
GOOGL,2023-06-28,12734199808
GOOGL,2023-07-05,12735099904
GOOGL,2023-07-06,12541599744
GOOGL,2023-07-07,12737099776
GOOGL,2023-07-09,12729400320
GOOGL,2023-07-11,12718199808
GOOGL,2023-07-12,12801000448
GOOGL,2023-07-13,12729100288
GOOGL,2023-07-14,12710700032
GOOGL,2023-07-16,12710099968
GOOGL,2023-07-19,12621400064
GOOGL,2023-07-21,12713299968
GOOGL,2023-08-22,12638600192
GOOGL,2023-08-23,12564799488
GOOGL,2023-08-24,12645799936
GOOGL,2023-08-25,12637599744
GOOGL,2023-08-26,12645199872
GOOGL,2023-08-30,12648699904
GOOGL,2023-08-31,12653800448
GOOGL,2023-09-02,12657699840
GOOGL,2023-09-07,12648299520
GOOGL,2023-09-08,12649299968
GOOGL,2023-09-12,12643699712
GOOGL,2023-09-13,12641099776
GOOGL,2023-09-15,12646400000
GOOGL,2023-09-17,12647000064
GOOGL,2023-09-19,12640499712
GOOGL,2023-09-20,12642199552
GOOGL,2023-09-21,12645900288
GOOGL,2023-09-23,12649499648
GOOGL,2023-09-25,12653500416
GOOGL,2023-09-26,12655899648
GOOGL,2023-09-27,12648899584
GOOGL,2023-09-29,12645000192
GOOGL,2023-09-30,12655099904
GOOGL,2023-10-03,12652699648
GOOGL,2023-10-04,12647100416
GOOGL,2023-10-07,12657500160
GOOGL,2023-10-10,12654300160
GOOGL,2023-10-11,12656900096
GOOGL,2023-10-12,12656499712
GOOGL,2023-10-13,12800400384
GOOGL,2023-10-14,12812499968
GOOGL,2023-10-17,12610499584
GOOGL,2023-10-18,12661699584
GOOGL,2023-10-19,12664500224
GOOGL,2023-10-20,12660799488
GOOGL,2023-10-21,12657800192
GOOGL,2023-10-24,12668499968
GOOGL,2023-10-25,12457700352
GOOGL,2023-10-26,12563900416
GOOGL,2023-10-27,12572699648
GOOGL,2023-10-28,12573400064
GOOGL,2023-10-31,12575299584
GOOGL,2023-11-01,12573500416
GOOGL,2023-11-02,12566700032
GOOGL,2023-11-03,12564899840
GOOGL,2023-11-04,12408299520
GOOGL,2023-11-07,12568699904
GOOGL,2023-11-08,12499600384
GOOGL,2023-11-09,12577699840
GOOGL,2023-11-10,12579699712
GOOGL,2023-11-11,12579500032
GOOGL,2023-11-14,12583199744
GOOGL,2023-11-15,12593099776
GOOGL,2023-11-16,12588300288
GOOGL,2023-11-17,12590799872
GOOGL,2023-11-18,12584999936
GOOGL,2023-11-21,12587899904
GOOGL,2023-11-22,12583499776
GOOGL,2023-11-23,12579200000
GOOGL,2023-11-25,12580100096
GOOGL,2023-11-28,12584800256
GOOGL,2023-11-29,12575299584
GOOGL,2023-11-30,12575800320
GOOGL,2023-12-01,12576000000
GOOGL,2023-12-02,12579800064
GOOGL,2023-12-03,12581300224
GOOGL,2023-12-05,12579300352
GOOGL,2023-12-06,12411299840
GOOGL,2023-12-07,12579000320
GOOGL,2023-12-08,12576600064
GOOGL,2023-12-09,12586000384
GOOGL,2023-12-12,12577200128
GOOGL,2023-12-13,12564400128
GOOGL,2023-12-14,12576000000
GOOGL,2023-12-15,12636499968
GOOGL,2023-12-16,12572999680
GOOGL,2023-12-19,12572499968
GOOGL,2023-12-20,12576300032
GOOGL,2023-12-21,12570600448
GOOGL,2023-12-22,12384400384
GOOGL,2023-12-23,12477200384
GOOGL,2023-12-26,12565799936
GOOGL,2023-12-27,12568599552
GOOGL,2023-12-28,12559599616
GOOGL,2023-12-29,12558900224
GOOGL,2023-12-30,12567600128
GOOGL,2024-01-02,12566800384
GOOGL,2024-01-03,12572800000
GOOGL,2024-01-04,12575299584
GOOGL,2024-01-05,12808599552
GOOGL,2024-01-06,12586000384
GOOGL,2024-01-09,12585700352
GOOGL,2024-01-10,12581799936
GOOGL,2024-01-11,12576799744
GOOGL,2024-01-12,12591800320
GOOGL,2024-01-13,12578199552
GOOGL,2024-01-16,12579800064
GOOGL,2024-01-17,12579900416
GOOGL,2024-01-18,12573500416
GOOGL,2024-01-19,12576300032
GOOGL,2024-01-20,12577800192
GOOGL,2024-01-23,12583400448
GOOGL,2024-01-24,12579900416
GOOGL,2024-01-25,12579500032
GOOGL,2024-01-26,12583100416
GOOGL,2024-01-27,12576900096
GOOGL,2024-01-30,12462699520
GOOGL,2024-01-31,12519700480
GOOGL,2024-02-01,12501399552
GOOGL,2024-02-02,12495299584
GOOGL,2024-02-03,12479599616
GOOGL,2024-02-06,12483200000
GOOGL,2024-02-07,12484100096
GOOGL,2024-02-08,12477400064
GOOGL,2024-02-09,12485099520
GOOGL,2024-02-10,12483900416
GOOGL,2024-02-13,12478300160
GOOGL,2024-02-14,12481500160
GOOGL,2024-02-15,12482799616
GOOGL,2024-02-16,12480700416
GOOGL,2024-02-17,12484299776
GOOGL,2024-02-20,12483000320
GOOGL,2024-02-21,12478000128
GOOGL,2024-02-22,12484700160
GOOGL,2024-02-23,12480199680
GOOGL,2024-02-24,12485799936
GOOGL,2024-02-27,12481599488
GOOGL,2024-02-28,12482400256
GOOGL,2024-02-29,12476699648
GOOGL,2024-03-01,12481699840
GOOGL,2024-03-02,12471900160
GOOGL,2024-03-05,12469399552
GOOGL,2024-03-06,12479599616
GOOGL,2024-03-07,12483500032
GOOGL,2024-03-08,12469300224
GOOGL,2024-03-09,12470700032
GOOGL,2024-03-12,12261499904
GOOGL,2024-03-13,12359400448
GOOGL,2024-03-14,12471900160
GOOGL,2024-03-15,12479899648
GOOGL,2024-03-16,12470299648
GOOGL,2024-03-19,12463699968
GOOGL,2024-03-20,12519700480
GOOGL,2024-03-21,12468799488
GOOGL,2024-03-22,12476800000
GOOGL,2024-03-23,12470200320
GOOGL,2024-03-26,12424099840
GOOGL,2024-03-27,12476699648
GOOGL,2024-03-28,12472099840
GOOGL,2024-04-12,12611500032
GOOGL,2024-04-13,12485799936
GOOGL,2024-04-16,12720499712
GOOGL,2024-04-17,12491799552
GOOGL,2024-04-18,12486299648
GOOGL,2024-04-19,12486400000
GOOGL,2024-04-20,12491799552
GOOGL,2024-04-23,12492099584
GOOGL,2024-04-24,12492499968
GOOGL,2024-04-25,12503199744
GOOGL,2024-04-26,12503900160
GOOGL,2024-04-27,12490399744
GOOGL,2024-04-30,12926400512
GOOGL,2024-05-01,12423900160
GOOGL,2024-05-02,12416600064
GOOGL,2024-05-03,12417300480
GOOGL,2024-05-04,12377199616
GOOGL,2024-05-07,12353300480
GOOGL,2024-05-08,12414699520
GOOGL,2024-05-09,12417000448
GOOGL,2024-05-10,12412900352
GOOGL,2024-05-11,12509299712
GOOGL,2024-05-14,12416400384
GOOGL,2024-05-15,12328999936
GOOGL,2024-05-16,12402599936
GOOGL,2024-05-17,12398300160
GOOGL,2024-05-18,12397200384
GOOGL,2024-05-21,12341999616
GOOGL,2024-05-22,12411400192
GOOGL,2024-05-23,12409600000
GOOGL,2024-05-24,12611900416
GOOGL,2024-05-25,12401000448
GOOGL,2024-05-29,12411199488
GOOGL,2024-05-30,12407799808
GOOGL,2024-05-31,12680999936
GOOGL,2024-06-01,12405499904
GOOGL,2024-06-04,12396900352
GOOGL,2024-06-05,12356299776
GOOGL,2024-06-06,12411199488
GOOGL,2024-06-07,12409499648
GOOGL,2024-06-08,12405999616
GOOGL,2024-06-11,12412199936
GOOGL,2024-06-12,12301899776
GOOGL,2024-06-13,12413299712
GOOGL,2024-06-14,12411899904
GOOGL,2024-06-15,12290400256
GOOGL,2024-06-18,12376699904
GOOGL,2024-06-19,12401600512
GOOGL,2024-06-21,12401999872
GOOGL,2024-06-22,12381500416
GOOGL,2024-06-25,12407199744
GOOGL,2024-06-26,12406200320
GOOGL,2024-06-27,12403500032
GOOGL,2024-06-28,12401899520
GOOGL,2024-06-29,12395899904
GOOGL,2024-07-02,12403999744
GOOGL,2024-07-03,12399500288
GOOGL,2024-07-04,12405499904
GOOGL,2024-07-06,12398100480
GOOGL,2024-07-09,12401099776
GOOGL,2024-07-10,12258700288
GOOGL,2024-07-11,12401500160
GOOGL,2024-07-12,12411299840
GOOGL,2024-07-13,12409900032
GOOGL,2024-07-16,12408000512
GOOGL,2024-07-17,12406299648
GOOGL,2024-07-18,12608499712
GOOGL,2024-07-19,12406400000
GOOGL,2024-07-20,12412699648
GOOGL,2024-07-23,12409900032
GOOGL,2024-07-24,12401800192
GOOGL,2024-07-25,12765599744
GOOGL,2024-07-26,12371800064
GOOGL,2024-07-27,12365899776
GOOGL,2024-07-30,12362699776
GOOGL,2024-07-31,12337200128
GOOGL,2024-08-01,12363100160
GOOGL,2024-08-02,12364300288
GOOGL,2024-08-03,12368300032
GOOGL,2024-08-06,12364000256
GOOGL,2024-08-07,12388299776
GOOGL,2024-08-08,12374700032
GOOGL,2024-08-09,12372400128
GOOGL,2024-08-10,12368700416
GOOGL,2024-08-13,12367099904
GOOGL,2024-08-14,12370199552
GOOGL,2024-08-15,12367800320
GOOGL,2024-08-16,12374700032
GOOGL,2024-08-17,12371000320
GOOGL,2024-08-20,12368000000
GOOGL,2024-08-21,12369500160
GOOGL,2024-08-22,12369899520
GOOGL,2024-08-23,12369000448
GOOGL,2024-08-24,12371000320
GOOGL,2024-08-27,12371500032
GOOGL,2024-08-28,12367699968
GOOGL,2024-08-29,12366600192
GOOGL,2024-08-30,12365899776
GOOGL,2024-08-31,12250099712
GOOGL,2024-09-03,12369099776
GOOGL,2024-09-04,12353300480
GOOGL,2024-09-05,12358500352
GOOGL,2024-09-06,12356500480
GOOGL,2024-09-07,12357199872
GOOGL,2024-09-10,12341199872
GOOGL,2024-09-11,12345299968
GOOGL,2024-09-12,12156300288
GOOGL,2024-09-13,12340500480
GOOGL,2024-09-14,12342299648
GOOGL,2024-09-16,12295400448
GOOGL,2024-09-17,12342899712
GOOGL,2024-09-18,12343700480
GOOGL,2024-09-19,12347400192
GOOGL,2024-09-20,12347899904
GOOGL,2024-09-21,12347599872
GOOGL,2024-09-24,12352100352
GOOGL,2024-09-25,12355800064
GOOGL,2024-09-26,12361900032
GOOGL,2024-09-27,12347100160
GOOGL,2024-09-28,12256700416
GOOGL,2024-09-30,12214099968
GOOGL,2024-10-01,12355099648
GOOGL,2024-10-02,12355800064
GOOGL,2024-10-03,12358800384
GOOGL,2024-10-04,12355500032
GOOGL,2024-10-05,12360099840
GOOGL,2024-10-08,12499399680
GOOGL,2024-10-09,12355200000
GOOGL,2024-10-10,12351800320
GOOGL,2024-10-11,12347899904
GOOGL,2024-10-12,12260200448
GOOGL,2024-10-15,12357399552
GOOGL,2024-10-16,12359300096
GOOGL,2024-10-17,12363400192
GOOGL,2024-10-18,12364199936
GOOGL,2024-10-19,12365700096
GOOGL,2024-10-22,12368900096
GOOGL,2024-10-23,12366799872
GOOGL,2024-10-24,12372899840
GOOGL,2024-10-25,12181999616
GOOGL,2024-10-28,12076000256
GOOGL,2024-10-29,12364300288
GOOGL,2024-10-30,12148599808
GOOGL,2024-10-31,12015299584
GOOGL,2024-11-01,12295000064
GOOGL,2024-11-02,12284900352
GOOGL,2024-11-05,12288400384
GOOGL,2024-11-06,12295400448
GOOGL,2024-11-07,12298099712
GOOGL,2024-11-08,12009600000
GOOGL,2024-11-09,12287899648
GOOGL,2024-11-12,12290700288
GOOGL,2024-11-13,12292800512
GOOGL,2024-11-14,12290799616
GOOGL,2024-11-15,12296800256
GOOGL,2024-11-16,12285899776
GOOGL,2024-11-19,12088999936
GOOGL,2024-11-20,12286400512
GOOGL,2024-11-21,12283499520
GOOGL,2024-11-22,12294200320
GOOGL,2024-11-23,12301800448
GOOGL,2024-11-26,12299799552
GOOGL,2024-11-27,12290100224
GOOGL,2024-11-28,12293000192
GOOGL,2024-11-30,12313400320
GOOGL,2024-12-03,12289099776
GOOGL,2024-12-04,12295300096
GOOGL,2024-12-05,12295600128
GOOGL,2024-12-06,12294500352
GOOGL,2024-12-07,12297400320
GOOGL,2024-12-10,12295600128
GOOGL,2024-12-11,12281600000
GOOGL,2024-12-12,12278099968
GOOGL,2024-12-13,12498100224
GOOGL,2024-12-14,12286499840
GOOGL,2024-12-17,12283199488
GOOGL,2024-12-18,12289099776
GOOGL,2024-12-19,12292400128
GOOGL,2024-12-20,12275900416
GOOGL,2024-12-21,12285800448
GOOGL,2024-12-24,12279700480
GOOGL,2024-12-25,12282200064
GOOGL,2024-12-27,12283400192
GOOGL,2024-12-28,12277699584
GOOGL,2024-12-31,12282999808
GOOGL,2025-01-01,12274299904
GOOGL,2025-01-03,12276100096
GOOGL,2025-01-04,12279700480
GOOGL,2025-01-07,11962800128
GOOGL,2025-01-08,12275500032
GOOGL,2025-01-09,12282099712
GOOGL,2025-01-11,12404200448
GOOGL,2025-01-14,12278099968
GOOGL,2025-01-15,12281600000
GOOGL,2025-01-16,12281499648
GOOGL,2025-01-17,12284000256
GOOGL,2025-01-18,12284800000
GOOGL,2025-01-22,12285100032
GOOGL,2025-01-23,12287299584
GOOGL,2025-01-24,12285700096
GOOGL,2025-01-25,12287699968
GOOGL,2025-01-28,12297499648
GOOGL,2025-01-29,12291200000
GOOGL,2025-01-30,12291099648
GOOGL,2025-01-31,12289500160
GOOGL,2025-02-01,12283899904
GOOGL,2025-02-04,12279799808
GOOGL,2025-02-05,12276700160
GOOGL,2025-02-06,12246599680
GOOGL,2025-02-07,12239099904
GOOGL,2025-02-08,12243399680
GOOGL,2025-02-11,12241000448
GOOGL,2025-02-12,12241899520
GOOGL,2025-02-13,12355900416
GOOGL,2025-02-14,12241399808
GOOGL,2025-02-15,12238699520
GOOGL,2025-02-19,12250699776
GOOGL,2025-02-20,12245199872
GOOGL,2025-02-21,12252000256
GOOGL,2025-02-22,12248699904
GOOGL,2025-02-25,12249499648
GOOGL,2025-02-26,12251100160
GOOGL,2025-02-27,12252699648
GOOGL,2025-02-28,12245799936
GOOGL,2025-03-01,12252600320
GOOGL,2025-03-04,12244299776
GOOGL,2025-03-05,12244400128
GOOGL,2025-03-06,12252600320
GOOGL,2025-03-07,12249299968
GOOGL,2025-03-08,12249799680
GOOGL,2025-03-11,12839799808
GOOGL,2025-03-12,12254999552
GOOGL,2025-03-13,12252199936
GOOGL,2025-03-14,12256499712
GOOGL,2025-03-15,12260800512
GOOGL,2025-03-18,12266300416
GOOGL,2025-03-19,12258400256
GOOGL,2025-03-20,12270199808
GOOGL,2025-03-21,12266000384
GOOGL,2025-03-22,12177000448
GOOGL,2025-03-25,12263799808
GOOGL,2025-03-26,12261900288
GOOGL,2025-03-27,12670499840
GOOGL,2025-03-28,12472399872
GOOGL,2025-03-29,12251599872
GOOGL,2025-04-01,12227099648
GOOGL,2025-04-02,12253299712
GOOGL,2025-04-03,12253700096
GOOGL,2025-04-04,12259699712
GOOGL,2025-04-05,12270799872
GOOGL,2025-04-08,12283299840
GOOGL,2025-04-09,12261399552
GOOGL,2025-04-10,12271399936
GOOGL,2025-04-11,12281700352
GOOGL,2025-04-12,12269100032
GOOGL,2025-04-15,12272900096
GOOGL,2025-04-16,12273300480
GOOGL,2025-04-17,12267799552
GOOGL,2025-04-18,12270000128
GOOGL,2025-04-22,12560000000
GOOGL,2025-04-23,12278200320
GOOGL,2025-04-24,12273899520
GOOGL,2025-04-25,12265600000
GOOGL,2025-04-26,12062600192
GOOGL,2025-04-29,12196299776
GOOGL,2025-04-30,12199499776
GOOGL,2025-05-01,12206600192
GOOGL,2025-05-02,12185199616
GOOGL,2025-05-03,12193999872
GOOGL,2025-05-06,12195900416
GOOGL,2025-05-07,12200599552
GOOGL,2025-05-08,12186000384
GOOGL,2025-05-09,12186800128
GOOGL,2025-05-10,12193000448
GOOGL,2025-05-13,12173299712
GOOGL,2025-05-14,12181300224
GOOGL,2025-05-15,12182299648
GOOGL,2025-05-16,12019200000
GOOGL,2025-05-17,12175500288
GOOGL,2025-05-20,12178299904
GOOGL,2025-05-21,12179399680
GOOGL,2025-05-22,12183300096
GOOGL,2025-05-23,12170200064
GOOGL,2025-05-24,12170999808
GOOGL,2025-05-27,11859200000
GOOGL,2025-05-28,12168899584
GOOGL,2025-05-29,12167100416
GOOGL,2025-05-30,12169700352
GOOGL,2025-05-31,12170000384
GOOGL,2025-06-03,12177999872
GOOGL,2025-06-04,12184999936
GOOGL,2025-06-05,12178299904
GOOGL,2025-06-06,11802900480
GOOGL,2025-06-07,12173700096
GOOGL,2025-06-10,12182500352
GOOGL,2025-06-11,12177800192
GOOGL,2025-06-12,12179099648
GOOGL,2025-06-13,12174199808
GOOGL,2025-06-14,12172600320
GOOGL,2025-06-17,12028000256
GOOGL,2025-06-18,12359199744
GOOGL,2025-06-19,12155499520
GOOGL,2025-06-21,12170500096
GOOGL,2025-06-24,12161800192
GOOGL,2025-06-25,12166500352
GOOGL,2025-06-26,12160700416
GOOGL,2025-06-27,11960200192
GOOGL,2025-06-28,11822799872
GOOGL,2025-07-01,12170699776
GOOGL,2025-07-02,12167999488
GOOGL,2025-07-03,12168999936
GOOGL,2025-07-04,12165799936
GOOGL,2025-07-08,12158499840
GOOGL,2025-07-09,12159800320
GOOGL,2025-07-10,12166899712
GOOGL,2025-07-11,12167900160
GOOGL,2025-07-12,12168699904
GOOGL,2025-07-15,12172300288
GOOGL,2025-07-16,12167700480
GOOGL,2025-07-17,12158600192
GOOGL,2025-07-18,12168099840
GOOGL,2025-07-19,12160700416
GOOGL,2025-07-22,12164899840
GOOGL,2025-07-23,12156699648
GOOGL,2025-07-24,12171499520
GOOGL,2025-07-25,12123100160
GOOGL,2025-07-26,12119300096
GOOGL,2025-07-29,12117699584
GOOGL,2025-07-30,12112900096
GOOGL,2025-07-31,12119100416
GOOGL,2025-08-01,12121199616
GOOGL,2025-08-02,12117499904
GOOGL,2025-08-05,12113800192
GOOGL,2025-08-06,12112100352
GOOGL,2025-08-07,12090500096
GOOGL,2025-08-08,12115000320
GOOGL,2025-08-09,12112100352
GOOGL,2025-08-12,12110999552
GOOGL,2025-08-13,12115900416
GOOGL,2025-08-14,12122800128
GOOGL,2025-08-15,12117499904
GOOGL,2025-08-16,12120899584
GOOGL,2025-08-19,12115099648
GOOGL,2025-08-20,12118800384
GOOGL,2025-08-21,12117699584
GOOGL,2025-08-22,12117699584
GOOGL,2025-08-23,12110600192
GOOGL,2025-08-26,12111500288
GOOGL,2025-08-27,12115200000
GOOGL,2025-08-28,12113099776
GOOGL,2025-08-29,12112700416
GOOGL,2025-08-30,12040500224
GOOGL,2025-09-03,12110399488
GOOGL,2025-09-04,12104399872
GOOGL,2025-09-05,12102400000
GOOGL,2025-09-06,12097899520
GOOGL,2025-09-09,12096799744
GOOGL,2025-09-10,12101000192
GOOGL,2025-09-11,12102899712
GOOGL,2025-09-12,12103300096
GOOGL,2025-09-13,12107100160
GOOGL,2025-09-17,12099621118
GOOGL,2025-09-18,12100963491
GOOGL,2025-09-19,12100463516
GOOGL,2025-09-20,11972675173
GOOGL,2025-09-23,12101525839
GOOGL,2025-09-24,12108672177
GOOGL,2025-09-25,12109160233
GOOGL,2025-09-26,12175669718
GOOGL,2025-09-27,12108095887
GOOGL,2025-09-30,12231632698
GOOGL,2025-10-01,12279432168
GOOGL,2025-10-02,12189179094
GOOGL,2025-10-03,12110354756
GOOGL,2025-10-06,12127136988
GOOGL,2025-10-07,12117417322
GOOGL,2025-10-08,12347675863
GOOGL,2025-10-09,12112646063
GOOGL,2025-10-10,12109287542
GOOGL,2025-10-11,12115116794
GOOGL,2025-10-14,12104897809
GOOGL,2025-10-15,12040785496
GOOGL,2025-10-16,12108708999
GOOGL,2025-10-17,12103069435
GOOGL,2025-10-18,12104504145
GOOGL,2025-10-20,11951163126
GOOGL,2025-10-22,12241758764
GOOGL,2025-10-23,12112122293
GOOGL,2025-10-24,12107946183
GOOGL,2025-10-25,12106325716
GOOGL,2025-10-27,11685951573
GOOGL,2025-10-28,12107309318
GOOGL,2025-10-29,12113489289
GOOGL,2025-10-30,12105865827
GOOGL,2025-10-31,12075067856
GOOGL,2025-11-01,12087521249
GOOGL,2025-11-04,12074623009
GOOGL,2025-11-05,12077130576
GOOGL,2025-11-06,12075367908
GOOGL,2025-11-07,12078203266
GOOGL,2025-11-08,12083870817
GOOGL,2025-11-11,12076132816
GOOGL,2025-11-12,12074981223
GOOGL,2025-11-13,12080578320
GOOGL,2025-11-14,12077675414
GOOGL,2025-11-15,12172056148
GOOGL,2025-11-17,12112122294
GOOGL,2026-02-06,12097000000
GOOGL,2026-04-28,12097444154
GOOGL,2026-05-01,12115444154
GOOGL,2026-06-05,12166363532
GOOGL,2026-06-06,12194935223
GOOGL,2026-06-16,12202573129
GOOGL,2026-07-24,12229934831
MSFT,2020-07-24,7570999808
MSFT,2020-08-04,7567649792
MSFT,2020-08-28,7567649792
MSFT,2020-09-05,8067400192
MSFT,2020-09-06,7567649792
MSFT,2020-09-21,7662819840
MSFT,2020-09-22,7567649792
MSFT,2020-10-21,7562829824
MSFT,2020-10-29,7560500224
MSFT,2020-11-26,7560500224
MSFT,2021-01-28,7542219776
MSFT,2021-03-17,7542219776
MSFT,2021-04-10,7542219776
MSFT,2021-04-23,7642220032
MSFT,2021-04-25,7525749760
MSFT,2021-04-27,7542219776
MSFT,2021-04-28,7542219776
MSFT,2021-04-29,7531570176
MSFT,2021-07-30,7519000064
MSFT,2021-08-02,7514890240
MSFT,2021-09-11,7514890240
MSFT,2021-10-12,7514890240
MSFT,2021-10-19,7507899904
MSFT,2021-10-28,7507979776
MSFT,2021-12-02,7519580160
MSFT,2021-12-03,7521419776
MSFT,2021-12-04,7658599936
MSFT,2022-01-27,7496869888
MSFT,2022-02-04,7800719872
MSFT,2022-02-05,7496869888
MSFT,2022-02-11,7496869888
MSFT,2022-03-04,7605040128
MSFT,2022-03-05,7496869888
MSFT,2022-03-16,7595310080
MSFT,2022-03-17,7496869888
MSFT,2022-03-28,7507230208
MSFT,2022-03-31,7496869888
MSFT,2022-04-01,7631819776
MSFT,2022-04-02,7496869888
MSFT,2022-04-29,7479029760
MSFT,2022-06-09,7536840192
MSFT,2022-06-13,7479029760
MSFT,2022-07-28,7464000000
MSFT,2022-08-01,7457889792
MSFT,2022-08-25,7475469824
MSFT,2022-08-26,7457889792
MSFT,2022-09-01,7457889792
MSFT,2022-09-02,7457889792
MSFT,2022-09-10,7290379776
MSFT,2022-09-12,7457889792
MSFT,2022-09-15,7457889792
MSFT,2022-09-16,7457889792
MSFT,2022-09-17,7477389824
MSFT,2022-10-29,7454470144
MSFT,2023-01-04,7461940224
MSFT,2023-01-06,7454470144
MSFT,2023-01-27,7443800064
MSFT,2023-03-08,7443800064
MSFT,2023-03-10,7484519936
MSFT,2023-03-30,7586610176
MSFT,2023-04-01,7555180032
MSFT,2023-04-04,7471529984
MSFT,2023-04-05,7443800064
MSFT,2023-04-06,7518150144
MSFT,2023-04-07,7443800064
MSFT,2023-04-27,7435489792
MSFT,2023-05-04,7460160000
MSFT,2023-05-06,7435489792
MSFT,2023-05-14,7515870208
MSFT,2023-05-16,7435489792
MSFT,2023-06-14,7435489792
MSFT,2023-06-23,7535580160
MSFT,2023-06-24,7435489792
MSFT,2023-07-05,7491590144
MSFT,2023-07-06,7488039936
MSFT,2023-07-07,7435489792
MSFT,2023-07-12,7449829888
MSFT,2023-07-13,7435489792
MSFT,2023-07-19,7731420160
MSFT,2023-07-21,7435489792
MSFT,2023-08-21,7429760000
MSFT,2023-10-10,7429760000
MSFT,2023-10-11,7462119936
MSFT,2023-10-12,7520940032
MSFT,2023-10-13,7429760000
MSFT,2023-10-14,7507520000
MSFT,2023-10-15,7429760000
MSFT,2023-10-17,7429760000
MSFT,2023-10-18,7429760000
MSFT,2023-10-19,7429760000
MSFT,2023-10-22,7429760000
MSFT,2023-10-24,7429029888
MSFT,2023-10-26,7432260096
MSFT,2023-10-28,7432260096
MSFT,2023-11-01,7432260096
MSFT,2023-11-03,7432260096
MSFT,2023-11-09,7432260096
MSFT,2023-11-10,7432260096
MSFT,2023-11-14,7432260096
MSFT,2023-11-16,7432260096
MSFT,2023-11-17,7432260096
MSFT,2023-11-22,7432260096
MSFT,2023-11-23,7432260096
MSFT,2023-11-25,7432260096
MSFT,2023-11-28,7432260096
MSFT,2023-11-29,7432260096
MSFT,2023-11-30,7432260096
MSFT,2023-12-01,7432260096
MSFT,2023-12-02,7432260096
MSFT,2023-12-06,7432260096
MSFT,2023-12-08,7432260096
MSFT,2023-12-13,7432260096
MSFT,2023-12-15,7603060224
MSFT,2023-12-16,7432260096
MSFT,2023-12-19,7432260096
MSFT,2023-12-20,7432260096
MSFT,2023-12-22,7432260096
MSFT,2023-12-23,7432260096
MSFT,2023-12-26,7432260096
MSFT,2023-12-27,7432260096
MSFT,2024-01-04,7432260096
MSFT,2024-01-05,7432260096
MSFT,2024-01-06,7432260096
MSFT,2024-01-09,7432260096
MSFT,2024-01-10,7432260096
MSFT,2024-01-11,7432260096
MSFT,2024-01-13,7432260096
MSFT,2024-01-19,7432260096
MSFT,2024-01-20,7432260096
MSFT,2024-01-24,7432260096
MSFT,2024-01-27,7449560064
MSFT,2024-01-30,7432260096
MSFT,2024-02-01,7639620096
MSFT,2024-02-02,7430439936
MSFT,2024-02-06,7430439936
MSFT,2024-02-07,7432640000
MSFT,2024-02-14,7430439936
MSFT,2024-02-15,7430439936
MSFT,2024-02-17,7430439936
MSFT,2024-02-23,7430439936
MSFT,2024-02-27,7430439936
MSFT,2024-03-01,7430439936
MSFT,2024-03-02,7430439936
MSFT,2024-03-05,7440820224
MSFT,2024-03-06,7430439936
MSFT,2024-03-07,7430439936
MSFT,2024-03-08,7430439936
MSFT,2024-03-09,7430439936
MSFT,2024-03-12,7460740096
MSFT,2024-03-13,7431329792
MSFT,2024-03-14,7430439936
MSFT,2024-03-15,7430439936
MSFT,2024-03-20,7430439936
MSFT,2024-03-21,7430439936
MSFT,2024-03-22,7430439936
MSFT,2024-03-23,7446219776
MSFT,2024-03-26,7528840192
MSFT,2024-03-27,7430439936
MSFT,2024-03-29,7443680256
MSFT,2024-04-04,7447220224
MSFT,2024-04-05,7430439936
MSFT,2024-04-06,7430439936
MSFT,2024-04-11,7430439936
MSFT,2024-04-12,7532709888
MSFT,2024-04-13,7430439936
MSFT,2024-04-16,7430439936
MSFT,2024-04-17,7430439936
MSFT,2024-04-18,7481690112
MSFT,2024-04-19,7430439936
MSFT,2024-04-20,7430439936
MSFT,2024-04-23,7430439936
MSFT,2024-04-25,7430439936
MSFT,2024-04-26,7430439936
MSFT,2024-04-27,7432309760
MSFT,2024-04-30,7432309760
MSFT,2024-05-01,7678949888
MSFT,2024-05-07,7432309760
MSFT,2024-05-10,7432309760
MSFT,2024-05-11,7432309760
MSFT,2024-05-15,7432309760
MSFT,2024-05-16,7432309760
MSFT,2024-05-17,7432309760
MSFT,2024-05-18,7432309760
MSFT,2024-05-20,7432309760
MSFT,2024-05-21,7432309760
MSFT,2024-05-22,7432309760
MSFT,2024-05-23,7432309760
MSFT,2024-05-24,7493570048
MSFT,2024-05-30,7432309760
MSFT,2024-05-31,7698290176
MSFT,2024-06-01,7432309760
MSFT,2024-06-05,7432309760
MSFT,2024-06-11,7432309760
MSFT,2024-06-12,7432309760
MSFT,2024-06-13,7432309760
MSFT,2024-06-14,7432309760
MSFT,2024-06-15,7432309760
MSFT,2024-06-21,7442979840
MSFT,2024-06-22,7432309760
MSFT,2024-06-26,7432309760
MSFT,2024-06-27,7432309760
MSFT,2024-06-28,7432309760
MSFT,2024-06-29,7432309760
MSFT,2024-07-02,7432309760
MSFT,2024-07-03,7432309760
MSFT,2024-07-06,7432309760
MSFT,2024-07-10,7540669952
MSFT,2024-07-11,7432309760
MSFT,2024-07-18,7532850176
MSFT,2024-07-19,7487739904
MSFT,2024-07-20,7432309760
MSFT,2024-07-24,7432309760
MSFT,2024-07-25,7617189888
MSFT,2024-07-26,7432309760
MSFT,2024-07-30,7432309760
MSFT,2024-07-31,7432309760
MSFT,2024-08-01,7433039872
MSFT,2024-08-02,7433039872
MSFT,2024-08-06,7433039872
MSFT,2024-08-07,7433039872
MSFT,2024-08-10,7433039872
MSFT,2024-08-13,7433039872
MSFT,2024-08-16,7433039872
MSFT,2024-08-17,7433039872
MSFT,2024-08-20,7433039872
MSFT,2024-08-22,7433039872
MSFT,2024-08-24,7433039872
MSFT,2024-08-27,7490189824
MSFT,2024-08-29,7433039872
MSFT,2024-08-30,7433039872
MSFT,2024-08-31,7433039872
MSFT,2024-09-04,7433039872
MSFT,2024-09-06,7433039872
MSFT,2024-09-07,7433039872
MSFT,2024-09-10,7433039872
MSFT,2024-09-14,7433039872
MSFT,2024-09-16,7433039872
MSFT,2024-09-17,7433039872
MSFT,2024-09-18,7433039872
MSFT,2024-09-20,7433039872
MSFT,2024-09-21,7433039872
MSFT,2024-09-24,7433039872
MSFT,2024-09-26,7433039872
MSFT,2024-09-27,7433039872
MSFT,2024-09-28,7433039872
MSFT,2024-09-30,7433039872
MSFT,2024-10-03,7433039872
MSFT,2024-10-05,7441610240
MSFT,2024-10-09,7433039872
MSFT,2024-10-12,7433039872
MSFT,2024-10-15,7433039872
MSFT,2024-10-16,7433039872
MSFT,2024-10-17,7433039872
MSFT,2024-10-18,7433039872
MSFT,2024-10-19,7433039872
MSFT,2024-10-22,7433039872
MSFT,2024-10-24,7433039872
MSFT,2024-10-26,7434440192
MSFT,2024-10-31,7434880000
MSFT,2024-11-01,7434880000
MSFT,2024-11-02,7434880000
MSFT,2024-11-05,7469649920
MSFT,2024-11-06,7434880000
MSFT,2024-11-08,7434880000
MSFT,2024-11-09,7434880000
MSFT,2024-11-12,7434880000
MSFT,2024-11-13,7434880000
MSFT,2024-11-15,7434880000
MSFT,2024-11-16,7647889920
MSFT,2024-12-05,7434880000
MSFT,2024-12-06,7434880000
MSFT,2024-12-10,7434880000
MSFT,2024-12-11,7479989760
MSFT,2024-12-14,7434880000
MSFT,2024-12-20,7434880000
MSFT,2024-12-21,7434880000
MSFT,2024-12-24,7434880000
MSFT,2025-01-04,7434880000
MSFT,2025-01-07,7434880000
MSFT,2025-01-08,7434880000
MSFT,2025-01-09,7434880000
MSFT,2025-01-11,7534439936
MSFT,2025-01-14,7466250240
MSFT,2025-01-15,7434880000
MSFT,2025-01-17,7434880000
MSFT,2025-01-24,7434880000
MSFT,2025-01-29,7434880000
MSFT,2025-01-31,7433979904
MSFT,2025-02-01,7433979904
MSFT,2025-02-05,7433979904
MSFT,2025-02-06,7433979904
MSFT,2025-02-07,7433979904
MSFT,2025-02-08,7544110080
MSFT,2025-02-11,7433979904
MSFT,2025-02-12,7433979904
MSFT,2025-02-13,7477600256
MSFT,2025-02-14,7433979904
MSFT,2025-02-15,7433979904
MSFT,2025-02-20,7433979904
MSFT,2025-02-22,7433979904
MSFT,2025-02-26,7433979904
MSFT,2025-02-27,7433979904
MSFT,2025-03-04,7596630016
MSFT,2025-03-06,7433979904
MSFT,2025-03-07,7433979904
MSFT,2025-03-08,7433979904
MSFT,2025-03-11,7691129856
MSFT,2025-03-13,7433979904
MSFT,2025-03-14,7433979904
MSFT,2025-03-19,7433979904
MSFT,2025-03-20,7433979904
MSFT,2025-03-21,7433979904
MSFT,2025-03-25,7433979904
MSFT,2025-03-26,7433979904
MSFT,2025-03-27,7532919808
MSFT,2025-03-28,7433979904
MSFT,2025-04-01,7501510144
MSFT,2025-04-05,7433979904
MSFT,2025-04-09,7433979904
MSFT,2025-04-10,7612160000
MSFT,2025-04-11,7433979904
MSFT,2025-04-12,7433979904
MSFT,2025-04-15,7433979904
MSFT,2025-04-16,7433979904
MSFT,2025-04-17,7433979904
MSFT,2025-04-18,7511399936
MSFT,2025-04-22,7613250048
MSFT,2025-04-23,7433979904
MSFT,2025-04-24,7433979904
MSFT,2025-04-26,7433979904
MSFT,2025-04-29,7433979904
MSFT,2025-04-30,7433979904
MSFT,2025-05-02,7432540160
MSFT,2025-05-07,7481600000
MSFT,2025-05-08,7432540160
MSFT,2025-05-09,7432540160
MSFT,2025-05-13,7432540160
MSFT,2025-05-14,7432540160
MSFT,2025-05-17,7432540160
MSFT,2025-05-21,7432540160
MSFT,2025-05-23,7432540160
MSFT,2025-05-27,7432540160
MSFT,2025-05-28,7432540160
MSFT,2025-05-29,7486660096
MSFT,2025-06-05,7432540160
MSFT,2025-06-06,7432540160
MSFT,2025-06-07,7432540160
MSFT,2025-06-10,7432540160
MSFT,2025-06-11,7461429760
MSFT,2025-06-12,7432540160
MSFT,2025-06-13,7432540160
MSFT,2025-06-14,7493729792
MSFT,2025-06-18,7449650176
MSFT,2025-06-19,7432540160
MSFT,2025-06-21,7432540160
MSFT,2025-06-26,7432540160
MSFT,2025-06-27,7432540160
MSFT,2025-07-01,7513509888
MSFT,2025-07-02,7432540160
MSFT,2025-07-03,7432540160
MSFT,2025-07-08,7449010176
MSFT,2025-07-09,7432540160
MSFT,2025-07-12,7432540160
MSFT,2025-07-15,7432540160
MSFT,2025-07-18,7432540160
MSFT,2025-07-19,7432540160
MSFT,2025-07-22,7432540160
MSFT,2025-07-25,7432540160
MSFT,2025-07-29,7432540160
MSFT,2025-07-30,7432540160
MSFT,2025-07-31,7432540160
MSFT,2025-08-01,7433169920
MSFT,2025-08-06,7433169920
MSFT,2025-08-08,7491680256
MSFT,2025-08-12,7433169920
MSFT,2025-08-16,7433169920
MSFT,2025-08-19,7433169920
MSFT,2025-08-23,7433169920
MSFT,2025-08-26,7433169920
MSFT,2025-08-27,7433169920
MSFT,2025-08-29,7433169920
MSFT,2025-09-03,7433169920
MSFT,2025-09-04,7433169920
MSFT,2025-09-05,7627930112
MSFT,2025-09-06,7433169920
MSFT,2025-09-09,7433169920
MSFT,2025-09-10,7433169920
MSFT,2025-09-12,7433169920
MSFT,2025-09-13,7433169920
MSFT,2025-09-17,7433166379
MSFT,2025-09-18,7433166379
MSFT,2025-09-20,7433166379
MSFT,2025-09-23,7433166379
MSFT,2025-09-24,7433166379
MSFT,2025-09-25,7433166379
MSFT,2025-09-26,7433166379
MSFT,2025-10-03,7490384494
MSFT,2025-10-08,7498279997
MSFT,2025-10-10,7433166379
MSFT,2025-10-15,7433166379
MSFT,2025-10-16,7433166379
MSFT,2025-10-17,7433166379
MSFT,2025-10-18,7433166379
MSFT,2025-10-21,7433166379
MSFT,2025-10-23,7433087554
MSFT,2025-10-31,7432377655
MSFT,2025-11-01,7432377655
MSFT,2025-11-05,7471394278
MSFT,2025-11-06,7432377655
MSFT,2025-11-08,7432377655
MSFT,2025-11-13,7432377655
MSFT,2025-11-15,7432377655
MSFT,2025-11-17,7433166379
MSFT,2026-01-30,7425629076
MSFT,2026-02-04,7432377656
MSFT,2026-05-01,7428434704
MSFT,2026-07-31,7425545491
TSLA,2020-06-02,185475008
TSLA,2020-07-30,186362000
TSLA,2020-08-04,193427008
TSLA,2020-08-28,186362000
TSLA,2020-08-31,4659040256
TSLA,2020-10-22,933539968
TSLA,2020-10-27,947900992
TSLA,2020-11-26,947900992
TSLA,2021-02-09,959854016
TSLA,2021-03-17,959854016
TSLA,2021-04-14,959854016
TSLA,2021-04-23,992435968
TSLA,2021-04-25,979224000
TSLA,2021-04-27,959854016
TSLA,2021-05-01,963329984
TSLA,2021-05-03,963329984
TSLA,2021-07-29,990014976
TSLA,2021-08-28,1001769984
TSLA,2021-08-30,1001769984
TSLA,2021-10-06,1002969984
TSLA,2021-10-07,1001769984
TSLA,2021-10-26,1004259968
TSLA,2021-10-27,1004259968
TSLA,2021-12-03,1013889984
TSLA,2021-12-04,1004259968
TSLA,2022-02-04,1020630016
TSLA,2022-02-05,1004259968
TSLA,2022-02-08,1033510016
TSLA,2022-02-11,1033510016
TSLA,2022-03-04,1083500032
TSLA,2022-03-05,1033510016
TSLA,2022-03-15,1072590016
TSLA,2022-03-17,1033510016
TSLA,2022-03-28,1036860032
TSLA,2022-03-31,1033510016
TSLA,2022-04-01,1049230016
TSLA,2022-04-02,1033510016
TSLA,2022-04-29,1036009984
TSLA,2022-07-01,1036390016
TSLA,2022-07-26,1044489984
TSLA,2022-08-19,1048380032
TSLA,2022-08-20,1044489984
TSLA,2022-08-29,3133469952
TSLA,2022-09-02,3133469952
TSLA,2022-09-15,3024950016
TSLA,2022-09-16,3121710080
TSLA,2022-09-17,3133469952
TSLA,2022-10-12,3226970112
TSLA,2022-10-13,3133469952
TSLA,2022-10-26,3157750016
TSLA,2022-11-08,3324229888
TSLA,2022-11-10,3157750016
TSLA,2022-12-06,3372539904
TSLA,2022-12-07,3157750016
TSLA,2023-01-04,3598259968
TSLA,2023-01-06,3157750016
TSLA,2023-02-02,3164100096
TSLA,2023-03-16,3211770112
TSLA,2023-03-25,3164100096
TSLA,2023-03-30,3242540032
TSLA,2023-04-01,3164100096
TSLA,2023-04-04,3370909952
TSLA,2023-04-05,3164100096
TSLA,2023-04-06,3284509952
TSLA,2023-04-07,3164100096
TSLA,2023-04-08,3169309952
TSLA,2023-04-13,3169309952
TSLA,2023-04-25,3169499904
TSLA,2023-05-03,3199559936
TSLA,2023-05-04,3169499904
TSLA,2023-05-14,3180069888
TSLA,2023-05-16,3169499904
TSLA,2023-07-19,3201809920
TSLA,2023-07-20,3169499904
TSLA,2023-08-22,3173989888
TSLA,2023-10-11,3173989888
TSLA,2023-10-12,3173989888
TSLA,2023-10-13,3173989888
TSLA,2023-10-14,3173989888
TSLA,2023-10-17,3173989888
TSLA,2023-10-18,3173989888
TSLA,2023-10-19,3173989888
TSLA,2023-10-20,3173989888
TSLA,2023-10-22,3173989888
TSLA,2023-10-24,3178919936
TSLA,2023-10-26,3178919936
TSLA,2023-10-27,3178919936
TSLA,2023-10-28,3178919936
TSLA,2023-11-01,3178919936
TSLA,2023-11-14,3178919936
TSLA,2023-11-15,3178919936
TSLA,2023-11-16,3178919936
TSLA,2023-11-18,3178919936
TSLA,2023-11-21,3178919936
TSLA,2023-11-23,3178919936
TSLA,2023-11-25,3178919936
TSLA,2023-11-28,3178919936
TSLA,2023-11-29,3178919936
TSLA,2023-12-01,3178919936
TSLA,2023-12-02,3178919936
TSLA,2023-12-05,3178919936
TSLA,2023-12-13,3178919936
TSLA,2023-12-15,3178919936
TSLA,2023-12-20,3178919936
TSLA,2023-12-22,3178919936
TSLA,2023-12-23,3203589888
TSLA,2023-12-26,3178919936
TSLA,2023-12-27,3178919936
TSLA,2023-12-28,3178919936
TSLA,2023-12-30,3178919936
TSLA,2024-01-05,3178919936
TSLA,2024-01-06,3178919936
TSLA,2024-01-12,3178919936
TSLA,2024-01-13,3178919936
TSLA,2024-01-16,3178919936
TSLA,2024-01-18,3178919936
TSLA,2024-01-20,3178919936
TSLA,2024-01-26,3178919936
TSLA,2024-01-30,3184790016
TSLA,2024-02-01,3184790016
TSLA,2024-02-02,3184790016
TSLA,2024-02-03,3184790016
TSLA,2024-02-06,3184790016
TSLA,2024-02-07,3184790016
TSLA,2024-02-10,3184790016
TSLA,2024-02-13,3184790016
TSLA,2024-02-14,3184790016
TSLA,2024-02-17,3184790016
TSLA,2024-02-20,3184790016
TSLA,2024-02-21,3184790016
TSLA,2024-02-22,3184790016
TSLA,2024-02-24,3184790016
TSLA,2024-02-27,3184790016
TSLA,2024-02-29,3184790016
TSLA,2024-03-01,3184790016
TSLA,2024-03-02,3184790016
TSLA,2024-03-05,3430240000
TSLA,2024-03-07,3184790016
TSLA,2024-03-09,3184790016
TSLA,2024-03-12,3184790016
TSLA,2024-03-13,3334929920
TSLA,2024-03-14,3184790016
TSLA,2024-03-15,3184790016
TSLA,2024-03-19,3184790016
TSLA,2024-03-20,3230889984
TSLA,2024-03-23,3220960000
TSLA,2024-03-27,3184790016
TSLA,2024-04-12,3250889984
TSLA,2024-04-13,3184790016
TSLA,2024-04-16,3184790016
TSLA,2024-04-17,3273789952
TSLA,2024-04-18,3217979904
TSLA,2024-04-19,3184790016
TSLA,2024-04-20,3184790016
TSLA,2024-04-23,3184790016
TSLA,2024-04-24,3184790016
TSLA,2024-04-25,3189199872
TSLA,2024-05-01,3374390016
TSLA,2024-05-02,3189199872
TSLA,2024-05-03,3189199872
TSLA,2024-05-04,3189199872
TSLA,2024-05-07,3189199872
TSLA,2024-05-08,3189199872
TSLA,2024-05-10,3189199872
TSLA,2024-05-11,3255450112
TSLA,2024-05-14,3189199872
TSLA,2024-05-15,3189199872
TSLA,2024-05-18,3189199872
TSLA,2024-05-20,3234949888
TSLA,2024-05-21,3189199872
TSLA,2024-05-23,3304110080
TSLA,2024-05-24,3306119936
TSLA,2024-05-25,3189199872
TSLA,2024-05-29,3189199872
TSLA,2024-05-30,3189199872
TSLA,2024-05-31,3189199872
TSLA,2024-06-01,3189199872
TSLA,2024-06-05,3218579968
TSLA,2024-06-06,3189199872
TSLA,2024-06-07,3189199872
TSLA,2024-06-08,3189199872
TSLA,2024-06-11,3189199872
TSLA,2024-06-12,3189199872
TSLA,2024-06-13,3189199872
TSLA,2024-06-15,3189199872
TSLA,2024-06-18,3189199872
TSLA,2024-06-19,3189199872
TSLA,2024-06-21,3246980096
TSLA,2024-06-22,3189199872
TSLA,2024-06-26,3189199872
TSLA,2024-06-27,3189199872
TSLA,2024-06-28,3189199872
TSLA,2024-07-02,3189199872
TSLA,2024-07-03,3189199872
TSLA,2024-07-06,3189199872
TSLA,2024-07-10,3189199872
TSLA,2024-07-17,3189199872
TSLA,2024-07-18,3292770048
TSLA,2024-07-19,3322919936
TSLA,2024-07-20,3189199872
TSLA,2024-07-24,3189199872
TSLA,2024-07-25,3194639872
TSLA,2024-07-30,3194639872
TSLA,2024-07-31,3329779968
TSLA,2024-08-01,3194639872
TSLA,2024-08-07,3194639872
TSLA,2024-08-08,3194639872
TSLA,2024-08-09,3194639872
TSLA,2024-08-10,3194639872
TSLA,2024-08-13,3235239936
TSLA,2024-08-15,3194639872
TSLA,2024-08-16,3194639872
TSLA,2024-08-17,3194639872
TSLA,2024-08-22,3194639872
TSLA,2024-08-23,3194639872
TSLA,2024-08-27,3301169920
TSLA,2024-08-31,3194639872
TSLA,2024-09-05,3194639872
TSLA,2024-09-06,3194639872
TSLA,2024-09-07,3194639872
TSLA,2024-09-10,3194639872
TSLA,2024-09-11,3194639872
TSLA,2024-09-12,3194639872
TSLA,2024-09-14,3194639872
TSLA,2024-09-17,3244090112
TSLA,2024-09-18,3194639872
TSLA,2024-09-21,3268900096
TSLA,2024-09-24,3194639872
TSLA,2024-09-28,3194639872
TSLA,2024-09-30,3194639872
TSLA,2024-10-04,3194639872
TSLA,2024-10-05,3194639872
TSLA,2024-10-08,3194639872
TSLA,2024-10-11,3194639872
TSLA,2024-10-12,3194639872
TSLA,2024-10-16,3194639872
TSLA,2024-10-18,3194639872
TSLA,2024-10-19,3194639872
TSLA,2024-10-24,3194639872
TSLA,2024-10-25,3210060032
TSLA,2024-10-30,3247040000
TSLA,2024-10-31,3233359872
TSLA,2024-11-02,3210060032
TSLA,2024-11-05,3291360000
TSLA,2024-11-06,3210060032
TSLA,2024-11-08,3210060032
TSLA,2024-11-12,3210060032
TSLA,2024-11-13,3210060032
TSLA,2024-11-14,3210060032
TSLA,2024-11-15,3210060032
TSLA,2024-11-16,3210060032
TSLA,2024-11-21,3247320064
TSLA,2024-11-23,3210060032
TSLA,2024-11-26,3210060032
TSLA,2024-11-30,3210060032
TSLA,2024-12-04,3261850112
TSLA,2024-12-06,3210060032
TSLA,2024-12-11,3210060032
TSLA,2024-12-13,3261270016
TSLA,2024-12-14,3210060032
TSLA,2024-12-17,3210060032
TSLA,2024-12-18,3210060032
TSLA,2024-12-20,3210060032
TSLA,2024-12-21,3210060032
TSLA,2024-12-24,3210060032
TSLA,2024-12-25,3210060032
TSLA,2024-12-31,3210060032
TSLA,2025-01-01,3210060032
TSLA,2025-01-04,3210060032
TSLA,2025-01-07,3210060032
TSLA,2025-01-08,3210060032
TSLA,2025-01-11,3210060032
TSLA,2025-01-14,3210060032
TSLA,2025-01-16,3210060032
TSLA,2025-01-17,3210060032
TSLA,2025-01-18,3210060032
TSLA,2025-01-22,3228450048
TSLA,2025-01-28,3210060032
TSLA,2025-01-29,3210060032
TSLA,2025-01-30,3210060032
TSLA,2025-01-31,3216519936
TSLA,2025-02-05,3216519936
TSLA,2025-02-06,3216519936
TSLA,2025-02-07,3216519936
TSLA,2025-02-08,3216519936
TSLA,2025-02-11,3216519936
TSLA,2025-02-12,3216519936
TSLA,2025-02-13,3216519936
TSLA,2025-02-15,3216519936
TSLA,2025-02-20,3216519936
TSLA,2025-02-28,3216519936
TSLA,2025-03-04,3216519936
TSLA,2025-03-06,3216519936
TSLA,2025-03-11,3216519936
TSLA,2025-03-12,3216519936
TSLA,2025-03-20,3216519936
TSLA,2025-03-22,3216519936
TSLA,2025-03-27,3216519936
TSLA,2025-03-28,3216519936
TSLA,2025-03-29,3216519936
TSLA,2025-04-01,3216519936
TSLA,2025-04-02,3216519936
TSLA,2025-04-05,3216519936
TSLA,2025-04-10,3216519936
TSLA,2025-04-11,3216519936
TSLA,2025-04-12,3216519936
TSLA,2025-04-15,3216519936
TSLA,2025-04-16,3216519936
TSLA,2025-04-18,3216519936
TSLA,2025-04-22,3412620032
TSLA,2025-04-23,3216519936
TSLA,2025-04-24,3220960000
TSLA,2025-04-25,3220960000
TSLA,2025-04-26,3220960000
TSLA,2025-04-29,3220960000
TSLA,2025-04-30,3220960000
TSLA,2025-05-01,3220960000
TSLA,2025-05-03,3220960000
TSLA,2025-05-06,3220960000
TSLA,2025-05-07,3220960000
TSLA,2025-05-08,3220960000
TSLA,2025-05-10,3220960000
TSLA,2025-05-13,3220960000
TSLA,2025-05-14,3220960000
TSLA,2025-05-15,3266619904
TSLA,2025-05-16,3220960000
TSLA,2025-05-17,3220960000
TSLA,2025-05-21,3220960000
TSLA,2025-05-22,3220960000
TSLA,2025-05-23,3220960000
TSLA,2025-05-24,3220960000
TSLA,2025-05-28,3220960000
TSLA,2025-05-29,3220960000
TSLA,2025-05-30,3220960000
TSLA,2025-05-31,3220960000
TSLA,2025-06-03,3220960000
TSLA,2025-06-06,3220960000
TSLA,2025-06-07,3220960000
TSLA,2025-06-10,3220960000
TSLA,2025-06-11,3220960000
TSLA,2025-06-13,3220960000
TSLA,2025-06-18,3220960000
TSLA,2025-06-19,3220960000
TSLA,2025-06-24,3220960000
TSLA,2025-06-27,3238459904
TSLA,2025-06-28,3220960000
TSLA,2025-07-01,3220960000
TSLA,2025-07-02,3220960000
TSLA,2025-07-03,3220960000
TSLA,2025-07-04,3220960000
TSLA,2025-07-08,3220960000
TSLA,2025-07-09,3220960000
TSLA,2025-07-10,3220960000
TSLA,2025-07-11,3373250048
TSLA,2025-07-12,3220960000
TSLA,2025-07-17,3220960000
TSLA,2025-07-18,3220960000
TSLA,2025-07-19,3220960000
TSLA,2025-07-25,3225449984
TSLA,2025-07-26,3225449984
TSLA,2025-07-29,3225449984
TSLA,2025-08-01,3225449984
TSLA,2025-08-07,3225449984
TSLA,2025-08-08,3225449984
TSLA,2025-08-09,3225449984
TSLA,2025-08-19,3225449984
TSLA,2025-08-20,3225449984
TSLA,2025-08-21,3225449984
TSLA,2025-08-22,3225449984
TSLA,2025-08-26,3225449984
TSLA,2025-08-27,3225449984
TSLA,2025-08-28,3225449984
TSLA,2025-09-06,3225449984
TSLA,2025-09-10,3225449984
TSLA,2025-09-13,3225449984
TSLA,2025-09-16,3225449984
TSLA,2025-09-17,3225448889
TSLA,2025-09-18,3225448889
TSLA,2025-09-19,3325150886
TSLA,2025-09-25,3325150886
TSLA,2025-09-26,3477511422
TSLA,2025-09-27,3325150886
TSLA,2025-10-02,3325150886
TSLA,2025-10-03,3325150886
TSLA,2025-10-06,3372881805
TSLA,2025-10-07,3325150886
TSLA,2025-10-08,3479934053
TSLA,2025-10-09,3325150886
TSLA,2025-10-15,3376743247
TSLA,2025-10-18,3325150886
TSLA,2025-10-20,3325150886
TSLA,2025-10-24,3442834754
TSLA,2025-10-25,3325819167
TSLA,2025-10-29,3325819167
TSLA,2025-10-30,3325819167
TSLA,2025-10-31,3325819167
TSLA,2025-11-01,3325819167
TSLA,2025-11-05,3325819167
TSLA,2025-11-06,3325819167
TSLA,2025-11-11,3325819167
TSLA,2025-11-12,3325819167
TSLA,2025-11-13,3325819167
TSLA,2025-11-17,3325819167
TSLA,2026-01-30,3752431984
TSLA,2026-04-24,3755723871
TSLA,2026-07-24,3949547394
ORCL,2020-06-24,3068679936
ORCL,2020-08-28,3068679936
ORCL,2020-09-05,3172400128
ORCL,2020-09-06,3068679936
ORCL,2020-09-14,3068679936
ORCL,2020-09-18,3007160064
ORCL,2020-09-23,3010889984
ORCL,2020-11-26,3010889984
ORCL,2020-12-14,3010889984
ORCL,2020-12-15,3010889984
ORCL,2021-02-26,2971340032
ORCL,2021-02-27,2944029952
ORCL,2021-03-14,2883539968
ORCL,2021-03-17,2883539968
ORCL,2021-03-18,2883539968
ORCL,2021-03-24,2842810112
ORCL,2021-03-25,2883539968
ORCL,2021-03-30,2847859968
ORCL,2021-03-31,2907239936
ORCL,2021-04-01,2899150080
ORCL,2021-04-02,2817679872
ORCL,2021-04-03,2883539968
ORCL,2021-04-08,2891709952
ORCL,2021-04-09,2837189888
ORCL,2021-04-10,2883539968
ORCL,2021-04-14,2862850048
ORCL,2021-04-15,2883539968
ORCL,2021-04-23,2952470016
ORCL,2021-04-24,2948539904
ORCL,2021-04-27,2865459968
ORCL,2021-04-28,2883539968
ORCL,2021-04-29,2900890112
ORCL,2021-04-30,2883539968
ORCL,2021-05-05,2839470080
ORCL,2021-05-06,2859500032
ORCL,2021-05-07,2883539968
ORCL,2021-05-18,2876610048
ORCL,2021-05-19,2883539968
ORCL,2021-05-25,2870820096
ORCL,2021-05-26,2883539968
ORCL,2021-06-23,2792000000
ORCL,2021-07-14,2792320000
ORCL,2021-07-15,2792000000
ORCL,2021-09-01,2802020096
ORCL,2021-09-02,2792000000
ORCL,2021-09-15,2738180096
ORCL,2021-09-28,2733690112
ORCL,2021-10-26,2743739904
ORCL,2021-11-05,2748549888
ORCL,2021-11-06,2733690112
ORCL,2021-12-14,2670449920
ORCL,2022-02-12,2670449920
ORCL,2022-04-05,2668160000
ORCL,2022-05-04,2694000128
ORCL,2022-05-06,2668160000
ORCL,2022-05-17,2724039936
ORCL,2022-05-19,2668160000
ORCL,2022-06-01,2700059904
ORCL,2022-06-02,2668160000
ORCL,2022-06-14,2796879872
ORCL,2022-06-15,2668160000
ORCL,2022-06-18,2707160064
ORCL,2022-06-19,2668160000
ORCL,2022-06-29,2664930048
ORCL,2022-07-07,2677199872
ORCL,2022-07-09,2664930048
ORCL,2022-07-27,2694799872
ORCL,2022-07-29,2706020096
ORCL,2022-07-30,2664930048
ORCL,2022-09-02,2664930048
ORCL,2022-09-15,2695650048
ORCL,2022-09-20,2686289920
ORCL,2022-09-21,2695650048
ORCL,2022-10-01,2696169984
ORCL,2022-11-04,2699399936
ORCL,2022-12-17,2696250112
ORCL,2023-03-08,2738360064
ORCL,2023-03-09,2696250112
ORCL,2023-03-14,2699800064
ORCL,2023-03-24,2703490048
ORCL,2023-03-25,2699800064
ORCL,2023-03-30,2722939904
ORCL,2023-04-01,2699800064
ORCL,2023-04-18,2699800064
ORCL,2023-05-04,2700369920
ORCL,2023-05-05,2699800064
ORCL,2023-05-12,2702020096
ORCL,2023-05-14,2699800064
ORCL,2023-06-22,2714259968
ORCL,2023-07-12,2726119936
ORCL,2023-07-13,2714259968
ORCL,2023-08-21,2714259968
ORCL,2023-08-23,2715419904
ORCL,2023-08-25,2714259968
ORCL,2023-09-15,2739820032
ORCL,2023-09-27,2739379968
ORCL,2023-10-10,2739379968
ORCL,2023-10-11,2739379968
ORCL,2023-10-12,2739379968
ORCL,2023-10-13,2739379968
ORCL,2023-10-14,2761139968
ORCL,2023-10-15,2739379968
ORCL,2023-10-16,2739379968
ORCL,2023-10-17,2739379968
ORCL,2023-10-18,2739379968
ORCL,2023-10-19,2759369984
ORCL,2023-10-20,2739379968
ORCL,2023-10-23,2739379968
ORCL,2023-10-25,2751589888
ORCL,2023-11-08,2742390016
ORCL,2023-11-09,2739379968
ORCL,2023-12-06,2769270016
ORCL,2023-12-14,2748920064
ORCL,2023-12-15,2822370048
ORCL,2023-12-16,2748920064
ORCL,2023-12-22,2748920064
ORCL,2024-01-06,2748920064
ORCL,2024-01-18,2752539904
ORCL,2024-01-19,2748920064
ORCL,2024-01-27,2757550080
ORCL,2024-01-30,2748920064
ORCL,2024-02-07,2748920064
ORCL,2024-02-10,2749860096
ORCL,2024-02-13,2748920064
ORCL,2024-03-13,2793159936
ORCL,2024-03-14,2748509952
ORCL,2024-03-23,2748509952
ORCL,2024-03-26,2748509952
ORCL,2024-04-12,2796849920
ORCL,2024-04-13,2748509952
ORCL,2024-04-18,2748509952
ORCL,2024-04-25,2759280128
ORCL,2024-04-26,2748509952
ORCL,2024-04-30,2748509952
ORCL,2024-05-01,2814720000
ORCL,2024-05-10,2766190080
ORCL,2024-05-23,2748509952
ORCL,2024-05-24,2748509952
ORCL,2024-05-31,2748509952
ORCL,2024-06-12,2748509952
ORCL,2024-06-15,2782739968
ORCL,2024-06-21,2781789952
ORCL,2024-06-22,2755859968
ORCL,2024-06-25,2755859968
ORCL,2024-06-27,2755859968
ORCL,2024-07-10,2755859968
ORCL,2024-07-18,2822149888
ORCL,2024-07-23,2755859968
ORCL,2024-07-24,2755859968
ORCL,2024-07-25,2774860032
ORCL,2024-07-26,2755859968
ORCL,2024-07-31,2755859968
ORCL,2024-08-01,2755859968
ORCL,2024-08-20,2755859968
ORCL,2024-08-22,2755859968
ORCL,2024-08-27,2755859968
ORCL,2024-08-29,2755859968
ORCL,2024-08-30,2755859968
ORCL,2024-08-31,2755859968
ORCL,2024-09-07,2771409920
ORCL,2024-09-10,2755859968
ORCL,2024-09-11,2770970112
ORCL,2024-09-12,2770970112
ORCL,2024-09-26,2771059968
ORCL,2024-09-27,2771059968
ORCL,2024-10-02,2771059968
ORCL,2024-10-03,2771059968
ORCL,2024-10-04,2771059968
ORCL,2024-10-05,2771059968
ORCL,2024-10-11,2771059968
ORCL,2024-10-12,2771059968
ORCL,2024-10-15,2771059968
ORCL,2024-10-16,2771059968
ORCL,2024-10-18,2785489920
ORCL,2024-10-23,2771059968
ORCL,2024-10-28,2781989888
ORCL,2024-10-29,2771059968
ORCL,2024-10-31,2771059968
ORCL,2024-11-01,2771059968
ORCL,2024-11-05,2778089984
ORCL,2024-11-06,2771059968
ORCL,2024-11-07,2771059968
ORCL,2024-11-08,2771059968
ORCL,2024-11-12,2771059968
ORCL,2024-11-13,2771059968
ORCL,2024-11-14,2771059968
ORCL,2024-11-15,2771059968
ORCL,2024-11-16,2820979968
ORCL,2024-11-21,2771059968
ORCL,2024-11-22,2771059968
ORCL,2024-11-23,2771059968
ORCL,2024-11-28,2771059968
ORCL,2024-12-04,2771059968
ORCL,2024-12-06,2800079872
ORCL,2024-12-07,2771059968
ORCL,2024-12-11,2969220096
ORCL,2024-12-12,2796960000
ORCL,2024-12-13,2848960000
ORCL,2024-12-14,2796960000
ORCL,2025-01-07,2796960000
ORCL,2025-01-11,2796960000
ORCL,2025-01-14,2796960000
ORCL,2025-02-13,2796960000
ORCL,2025-03-04,2796960000
ORCL,2025-03-11,2796960000
ORCL,2025-03-13,2804229888
ORCL,2025-03-14,2804229888
ORCL,2025-03-22,2813260032
ORCL,2025-03-26,2804229888
ORCL,2025-03-27,2920539904
ORCL,2025-03-28,2804229888
ORCL,2025-04-01,2804229888
ORCL,2025-04-10,2937560064
ORCL,2025-04-11,2804229888
ORCL,2025-04-15,2804229888
ORCL,2025-04-16,2804229888
ORCL,2025-04-18,2829090048
ORCL,2025-04-22,2936659968
ORCL,2025-04-23,2804229888
ORCL,2025-04-29,2804229888
ORCL,2025-04-30,2804229888
ORCL,2025-05-07,2804229888
ORCL,2025-05-15,2866690048
ORCL,2025-05-16,2804229888
ORCL,2025-05-20,2804229888
ORCL,2025-05-21,2804229888
ORCL,2025-05-30,2804229888
ORCL,2025-06-05,2804229888
ORCL,2025-06-17,2804229888
ORCL,2025-06-18,2843569920
ORCL,2025-06-20,2808829952
ORCL,2025-07-08,2870030080
ORCL,2025-07-11,2862919936
ORCL,2025-07-12,2808829952
ORCL,2025-08-08,2888120064
ORCL,2025-09-05,2814500096
ORCL,2025-09-12,2841710080
ORCL,2025-09-17,2841714000
ORCL,2025-09-23,2971380840
ORCL,2025-09-24,2841714000
ORCL,2025-09-30,2850792605
ORCL,2025-10-01,2864145393
ORCL,2025-10-02,2850792605
ORCL,2025-10-03,2853063130
ORCL,2025-10-06,2877094738
ORCL,2025-10-07,2850792605
ORCL,2025-10-08,2924509625
ORCL,2025-10-10,2850792605
ORCL,2025-10-14,2850792605
ORCL,2025-10-15,2936697760
ORCL,2025-10-18,3063053398
ORCL,2025-10-21,2996119467
ORCL,2025-10-22,3018224219
ORCL,2025-10-23,2850792605
ORCL,2025-10-25,2850792605
ORCL,2025-10-27,2870344949
ORCL,2025-10-28,2850792605
ORCL,2025-10-30,2850792605
ORCL,2025-10-31,2850792605
ORCL,2025-11-05,2850792605
ORCL,2025-11-07,2850792605
ORCL,2025-11-12,2850792605
ORCL,2025-11-15,2850792605
ORCL,2025-11-17,2850792605
ORCL,2025-12-13,2873130000
ORCL,2026-02-03,2874091000
ORCL,2026-03-17,2876046000
ORCL,2026-06-23,2880471000
ORCL,2026-09-16,3023736000
ORCL,2026-09-29,3031501149
AMD,2020-07-31,1174060032
AMD,2020-08-28,1174060032
AMD,2020-09-05,1283299968
AMD,2020-09-06,1174060032
AMD,2020-09-21,1199440000
AMD,2020-09-22,1174060032
AMD,2020-10-29,1201789952
AMD,2020-10-30,1202710016
AMD,2020-11-26,1202710016
AMD,2020-12-08,1204070016
AMD,2021-01-29,1212070016
AMD,2021-02-02,1211280000
AMD,2021-02-09,1211320064
AMD,2021-03-17,1186439936
AMD,2021-03-18,1211320064
AMD,2021-04-02,1214610048
AMD,2021-04-23,1253779968
AMD,2021-04-24,1197730048
AMD,2021-04-27,1214610048
AMD,2021-04-28,1214610048
AMD,2021-04-30,1215020032
AMD,2021-07-30,1212969984
AMD,2021-10-29,1207609984
AMD,2022-02-04,1234560000
AMD,2022-02-05,1207609984
AMD,2022-02-06,1234460032
AMD,2022-02-07,1199299968
AMD,2022-02-11,1199299968
AMD,2022-02-19,1627360000
AMD,2022-02-23,1627360000
AMD,2022-03-04,1718919936
AMD,2022-03-05,1627360000
AMD,2022-03-15,1659830016
AMD,2022-03-17,1627360000
AMD,2022-03-28,1639059968
AMD,2022-03-29,1627360000
AMD,2022-05-05,1620160000
AMD,2022-05-06,1620509952
AMD,2022-05-10,1620509952
AMD,2022-06-03,1738499968
AMD,2022-06-05,1620509952
AMD,2022-06-07,1630480000
AMD,2022-06-08,1626200064
AMD,2022-08-06,1614320000
AMD,2022-09-02,1614320000
AMD,2022-11-10,1612359936
AMD,2022-12-06,1642140032
AMD,2022-12-07,1612359936
AMD,2023-01-04,1631250048
AMD,2023-01-06,1612359936
AMD,2023-03-02,1611389952
AMD,2023-03-25,1649720064
AMD,2023-03-30,1637459968
AMD,2023-04-01,1611389952
AMD,2023-04-04,1635590016
AMD,2023-04-05,1611389952
AMD,2023-04-06,1666960000
AMD,2023-04-07,1611389952
AMD,2023-05-04,1772870016
AMD,2023-05-06,1610360064
AMD,2023-05-14,1640109952
AMD,2023-05-16,1610360064
AMD,2023-06-23,1708329984
AMD,2023-06-24,1610360064
AMD,2023-08-21,1615670016
AMD,2023-08-23,1654819968
AMD,2023-08-24,1615670016
AMD,2023-09-07,1615670016
AMD,2023-09-13,1615820032
AMD,2023-09-15,1615670016
AMD,2023-10-11,1615670016
AMD,2023-10-13,1615670016
AMD,2023-10-14,1615670016
AMD,2023-10-18,1615670016
AMD,2023-10-19,1615670016
AMD,2023-10-20,1615670016
AMD,2023-10-22,1615670016
AMD,2023-10-24,1615670016
AMD,2023-10-25,1615670016
AMD,2023-10-28,1615670016
AMD,2023-11-04,1615670016
AMD,2023-11-07,1615500032
AMD,2023-11-09,1615500032
AMD,2023-11-15,1615500032
AMD,2023-11-17,1615500032
AMD,2023-11-18,1615500032
AMD,2023-11-22,1615500032
AMD,2023-11-23,1615500032
AMD,2023-11-29,1615500032
AMD,2023-11-30,1615500032
AMD,2023-12-01,1615500032
AMD,2023-12-03,1615900032
AMD,2023-12-05,1615500032
AMD,2023-12-06,1617549952
AMD,2023-12-07,1615500032
AMD,2023-12-08,1615500032
AMD,2023-12-09,1615500032
AMD,2023-12-14,1615500032
AMD,2023-12-15,1617720064
AMD,2023-12-16,1615500032
AMD,2023-12-21,1615500032
AMD,2023-12-22,1615500032
AMD,2023-12-23,1619090048
AMD,2023-12-26,1615500032
AMD,2023-12-27,1615500032
AMD,2023-12-28,1615500032
AMD,2023-12-29,1615500032
AMD,2024-01-04,1615500032
AMD,2024-01-05,1615500032
AMD,2024-01-06,1615500032
AMD,2024-01-09,1615500032
AMD,2024-01-10,1615500032
AMD,2024-01-11,1615500032
AMD,2024-01-12,1615500032
AMD,2024-01-13,1615500032
AMD,2024-01-16,1616050048
AMD,2024-01-17,1615500032
AMD,2024-01-18,1615500032
AMD,2024-01-20,1615500032
AMD,2024-01-23,1673609984
AMD,2024-01-24,1615500032
AMD,2024-01-27,1615500032
AMD,2024-01-31,1615500032
AMD,2024-02-01,1615500032
AMD,2024-02-02,1615789952
AMD,2024-02-03,1615789952
AMD,2024-02-06,1615789952
AMD,2024-02-07,1615789952
AMD,2024-02-08,1615789952
AMD,2024-02-10,1615789952
AMD,2024-02-15,1615789952
AMD,2024-02-21,1615789952
AMD,2024-02-22,1615789952
AMD,2024-02-24,1615789952
AMD,2024-02-28,1615789952
AMD,2024-02-29,1615789952
AMD,2024-03-01,1615789952
AMD,2024-03-04,1615789952
AMD,2024-03-05,1615789952
AMD,2024-03-06,1615789952
AMD,2024-03-08,1615789952
AMD,2024-03-09,1615789952
AMD,2024-03-12,1615789952
AMD,2024-03-13,1615789952
AMD,2024-03-14,1615789952
AMD,2024-03-15,1615789952
AMD,2024-03-20,1615789952
AMD,2024-03-26,1615789952
AMD,2024-03-27,1616140032
AMD,2024-03-28,1616140032
AMD,2024-04-02,1616140032
AMD,2024-04-03,1616140032
AMD,2024-04-06,1616140032
AMD,2024-04-09,1616140032
AMD,2024-04-11,1616140032
AMD,2024-04-12,1687410048
AMD,2024-04-13,1616140032
AMD,2024-04-16,1616140032
AMD,2024-04-17,1616140032
AMD,2024-04-18,1714560000
AMD,2024-04-19,1616140032
AMD,2024-04-23,1616140032
AMD,2024-04-25,1621779968
AMD,2024-04-30,1616140032
AMD,2024-05-01,1635020032
AMD,2024-05-03,1616310016
AMD,2024-05-04,1616310016
AMD,2024-05-07,1616310016
AMD,2024-05-08,1616310016
AMD,2024-05-09,1616310016
AMD,2024-05-10,1616310016
AMD,2024-05-11,1621309952
AMD,2024-05-14,1616310016
AMD,2024-05-15,1616310016
AMD,2024-05-16,1616310016
AMD,2024-05-17,1616310016
AMD,2024-05-21,1632710016
AMD,2024-05-22,1616310016
AMD,2024-05-23,1616310016
AMD,2024-05-24,1616310016
AMD,2024-05-30,1616310016
AMD,2024-06-01,1616310016
AMD,2024-06-04,1616310016
AMD,2024-06-05,1616310016
AMD,2024-06-08,1616310016
AMD,2024-06-12,1630550016
AMD,2024-06-15,1618540032
AMD,2024-06-18,1616310016
AMD,2024-06-19,1616310016
AMD,2024-06-21,1616310016
AMD,2024-06-25,1616310016
AMD,2024-06-26,1616310016
AMD,2024-06-27,1616310016
AMD,2024-06-28,1616310016
AMD,2024-06-29,1616310016
AMD,2024-07-03,1616310016
AMD,2024-07-04,1616310016
AMD,2024-07-10,1630829952
AMD,2024-07-12,1616310016
AMD,2024-07-13,1616310016
AMD,2024-07-16,1637069952
AMD,2024-07-17,1616310016
AMD,2024-07-18,1616310016
AMD,2024-07-19,1660989952
AMD,2024-07-20,1616310016
AMD,2024-07-23,1616310016
AMD,2024-07-24,1635939968
AMD,2024-07-25,1616310016
AMD,2024-07-26,1616310016
AMD,2024-07-31,1616310016
AMD,2024-08-01,1618480000
AMD,2024-08-02,1618480000
AMD,2024-08-03,1618480000
AMD,2024-08-06,1618480000
AMD,2024-08-09,1618480000
AMD,2024-08-10,1618480000
AMD,2024-08-13,1618480000
AMD,2024-08-16,1618480000
AMD,2024-08-20,1618480000
AMD,2024-08-21,1618480000
AMD,2024-08-23,1618480000
AMD,2024-08-24,1618480000
AMD,2024-08-27,1672220032
AMD,2024-08-28,1618480000
AMD,2024-08-29,1618480000
AMD,2024-08-30,1618480000
AMD,2024-09-07,1618480000
AMD,2024-09-11,1618480000
AMD,2024-09-12,1618480000
AMD,2024-09-17,1620930048
AMD,2024-09-19,1618480000
AMD,2024-09-20,1618480000
AMD,2024-09-21,1626840064
AMD,2024-09-24,1618480000
AMD,2024-09-27,1618480000
AMD,2024-09-28,1618480000
AMD,2024-09-30,1621149952
AMD,2024-10-01,1618480000
AMD,2024-10-02,1618480000
AMD,2024-10-03,1618480000
AMD,2024-10-09,1618480000
AMD,2024-10-10,1618480000
AMD,2024-10-11,1618480000
AMD,2024-10-15,1644140032
AMD,2024-10-16,1618899968
AMD,2024-10-17,1618480000
AMD,2024-10-18,1619730048
AMD,2024-10-19,1618480000
AMD,2024-10-23,1618480000
AMD,2024-10-24,1618480000
AMD,2024-10-30,1618480000
AMD,2024-10-31,1622809984
AMD,2024-11-01,1622809984
AMD,2024-11-02,1622809984
AMD,2024-11-05,1622809984
AMD,2024-11-07,1622809984
AMD,2024-11-08,1622809984
AMD,2024-11-12,1622809984
AMD,2024-11-13,1664839936
AMD,2024-11-14,1622809984
AMD,2024-11-16,1670200064
AMD,2024-11-20,1622809984
AMD,2024-11-21,1643920000
AMD,2024-11-23,1622809984
AMD,2024-11-26,1622809984
AMD,2024-11-27,1622809984
AMD,2024-12-03,1622809984
AMD,2024-12-04,1622809984
AMD,2024-12-05,1622809984
AMD,2024-12-06,1622809984
AMD,2024-12-07,1622809984
AMD,2024-12-11,1622809984
AMD,2024-12-12,1622809984
AMD,2024-12-13,1622809984
AMD,2024-12-14,1622809984
AMD,2024-12-20,1622809984
AMD,2024-12-21,1622809984
AMD,2024-12-25,1622809984
AMD,2024-12-27,1622809984
AMD,2024-12-31,1622809984
AMD,2025-01-03,1622809984
AMD,2025-01-04,1622809984
AMD,2025-01-09,1622809984
AMD,2025-01-15,1622809984
AMD,2025-01-17,1622809984
AMD,2025-01-22,1622809984
AMD,2025-01-28,1622809984
AMD,2025-01-29,1622809984
AMD,2025-01-30,1622809984
AMD,2025-01-31,1622809984
AMD,2025-02-01,1663529984
AMD,2025-02-04,1622809984
AMD,2025-02-07,1620480000
AMD,2025-02-08,1620480000
AMD,2025-02-12,1620480000
AMD,2025-02-13,1620480000
AMD,2025-02-14,1620480000
AMD,2025-02-20,1620480000
AMD,2025-02-22,1620480000
AMD,2025-02-25,1620480000
AMD,2025-03-01,1620480000
AMD,2025-03-04,1647369984
AMD,2025-03-05,1620480000
AMD,2025-03-08,1620480000
AMD,2025-03-11,1682189952
AMD,2025-03-13,1620480000
AMD,2025-03-15,1620480000
AMD,2025-03-18,1620480000
AMD,2025-03-19,1620480000
AMD,2025-03-21,1620480000
AMD,2025-03-22,1631129984
AMD,2025-03-25,1620480000
AMD,2025-03-26,1620480000
AMD,2025-03-27,1688419968
AMD,2025-03-28,1674269952
AMD,2025-03-29,1620480000
AMD,2025-04-01,1628050048
AMD,2025-04-02,1624630016
AMD,2025-04-04,1624630016
AMD,2025-04-08,1624630016
AMD,2025-04-09,1624630016
AMD,2025-04-10,1773730048
AMD,2025-04-11,1624630016
AMD,2025-04-12,1624630016
AMD,2025-04-15,1624630016
AMD,2025-04-22,1661469952
AMD,2025-04-23,1624630016
AMD,2025-04-24,1624630016
AMD,2025-04-25,1624630016
AMD,2025-04-29,1624630016
AMD,2025-04-30,1624630016
AMD,2025-05-01,1624630016
AMD,2025-05-02,1624630016
AMD,2025-05-03,1624630016
AMD,2025-05-07,1657090048
AMD,2025-05-08,1621400064
AMD,2025-05-09,1621400064
AMD,2025-05-10,1621400064
AMD,2025-05-13,1621400064
AMD,2025-05-14,1621400064
AMD,2025-05-15,1659900032
AMD,2025-05-16,1621400064
AMD,2025-05-22,1621400064
AMD,2025-05-23,1621400064
AMD,2025-05-29,1645830016
AMD,2025-05-30,1621400064
AMD,2025-05-31,1621400064
AMD,2025-06-03,1621400064
AMD,2025-06-04,1621400064
AMD,2025-06-06,1661910016
AMD,2025-06-11,1621400064
AMD,2025-06-12,1621400064
AMD,2025-06-13,1621400064
AMD,2025-06-14,1621400064
AMD,2025-06-18,1621400064
AMD,2025-06-19,1625369984
AMD,2025-06-21,1621400064
AMD,2025-06-24,1621400064
AMD,2025-06-25,1621400064
AMD,2025-06-26,1621400064
AMD,2025-06-27,1621400064
AMD,2025-06-30,1643229952
AMD,2025-07-01,1690380032
AMD,2025-07-02,1621400064
AMD,2025-07-08,1658809984
AMD,2025-07-09,1621400064
AMD,2025-07-10,1621400064
AMD,2025-07-11,1688760064
AMD,2025-07-12,1621400064
AMD,2025-07-19,1621400064
AMD,2025-07-24,1621400064
AMD,2025-07-25,1621400064
AMD,2025-07-26,1621400064
AMD,2025-07-28,1621400064
AMD,2025-07-29,1621400064
AMD,2025-07-31,1621400064
AMD,2025-08-02,1621400064
AMD,2025-08-05,1621400064
AMD,2025-08-07,1622840064
AMD,2025-08-08,1622840064
AMD,2025-08-09,1622840064
AMD,2025-08-14,1622840064
AMD,2025-08-15,1622840064
AMD,2025-08-16,1622840064
AMD,2025-08-18,1635469952
AMD,2025-08-19,1622840064
AMD,2025-08-20,1622840064
AMD,2025-08-22,1622840064
AMD,2025-08-23,1622840064
AMD,2025-08-26,1622840064
AMD,2025-08-28,1622840064
AMD,2025-08-30,1622840064
AMD,2025-09-04,1622840064
AMD,2025-09-05,1622840064
AMD,2025-09-06,1622840064
AMD,2025-09-10,1622840064
AMD,2025-09-11,1622840064
AMD,2025-09-12,1622840064
AMD,2025-09-16,1629920000
AMD,2025-09-17,1622843689
AMD,2025-09-18,1622843689
AMD,2025-09-19,1622843689
AMD,2025-09-23,1622843689
AMD,2025-09-27,1622843689
AMD,2025-09-30,1622843689
AMD,2025-10-02,1622843689
AMD,2025-10-03,1622843689
AMD,2025-10-06,1672710629
AMD,2025-10-07,1622843689
AMD,2025-10-09,1622843689
AMD,2025-10-10,1622843689
AMD,2025-10-17,1622843689
AMD,2025-10-18,1622843689
AMD,2025-10-25,1622843689
AMD,2025-10-28,1633284837
AMD,2025-10-29,1622843689
AMD,2025-10-30,1622843689
AMD,2025-10-31,1622843689
AMD,2025-11-05,1622843689
AMD,2025-11-06,1628041540
AMD,2025-11-08,1628041540
AMD,2025-11-11,1628041540
AMD,2025-11-12,1628041540
AMD,2025-11-14,1628041540
AMD,2025-11-15,1635627326
AMD,2025-11-17,1628041540
AMD,2026-02-06,1630410843
AMD,2026-03-31,1630410844
AMD,2026-05-06,1630600639
AMD,2026-08-07,1632475042
INTC,2020-07-28,4252999936
INTC,2020-08-28,4252999936
INTC,2020-09-05,4409990144
INTC,2020-09-06,4252999936
INTC,2020-10-24,4097999872
INTC,2020-10-26,4097999872
INTC,2020-11-26,4097999872
INTC,2021-01-23,4063000064
INTC,2021-03-17,4063000064
INTC,2021-03-31,4072349952
INTC,2021-04-01,4072349952
INTC,2021-04-23,4145890048
INTC,2021-04-24,4378939904
INTC,2021-04-27,4038000128
INTC,2021-07-24,4056999936
INTC,2021-07-27,4056999936
INTC,2021-08-14,4060790016
INTC,2021-10-23,4067000064
INTC,2021-10-26,4067000064
INTC,2021-11-05,4073469952
INTC,2021-11-06,4067000064
INTC,2021-11-11,4067000064
INTC,2021-11-18,4067000064
INTC,2021-11-20,4080140032
INTC,2021-12-02,4117210112
INTC,2021-12-03,4067000064
INTC,2021-12-04,4067000064
INTC,2022-01-26,4141959936
INTC,2022-01-27,4067000064
INTC,2022-01-28,4072000000
INTC,2022-02-04,4175739904
INTC,2022-02-05,4072000000
INTC,2022-02-11,4072000000
INTC,2022-03-04,4151859968
INTC,2022-03-05,4072000000
INTC,2022-03-15,4203150080
INTC,2022-03-17,4164689920
INTC,2022-03-18,4072000000
INTC,2022-04-02,4088699904
INTC,2022-05-03,4088999936
INTC,2022-05-05,4088999936
INTC,2022-06-03,4156669952
INTC,2022-06-05,4088999936
INTC,2022-06-07,4093720064
INTC,2022-06-08,4088999936
INTC,2022-07-30,4105999872
INTC,2022-08-02,4105999872
INTC,2022-08-05,4205019904
INTC,2022-08-06,4105999872
INTC,2022-08-25,4116910080
INTC,2022-08-26,4105999872
INTC,2022-09-01,4105999872
INTC,2022-09-03,4105999872
INTC,2022-10-29,4127000064
INTC,2022-11-01,4127000064
INTC,2022-11-22,4259620096
INTC,2022-11-25,4147859968
INTC,2023-01-29,4136999936
INTC,2023-01-31,4136999936
INTC,2023-03-07,4202259968
INTC,2023-03-08,4136999936
INTC,2023-03-18,4188349952
INTC,2023-03-21,4136999936
INTC,2023-03-30,4451970048
INTC,2023-03-31,4136999936
INTC,2023-04-01,4171049984
INTC,2023-04-04,4141250048
INTC,2023-04-05,4197680128
INTC,2023-04-06,4205360128
INTC,2023-04-07,4171049984
INTC,2023-05-02,4171000064
INTC,2023-05-11,4189090048
INTC,2023-05-14,4317960192
INTC,2023-05-16,4171000064
INTC,2023-06-14,4171000064
INTC,2023-06-23,4437230080
INTC,2023-06-24,4171000064
INTC,2023-07-06,4290319872
INTC,2023-07-07,4171000064
INTC,2023-07-12,4242340096
INTC,2023-07-13,4171000064
INTC,2023-07-19,4186779904
INTC,2023-08-22,4188000000
INTC,2023-08-23,4219830016
INTC,2023-08-24,4188000000
INTC,2023-10-10,4188000000
INTC,2023-10-11,4188000000
INTC,2023-10-13,4192549888
INTC,2023-10-14,4289289984
INTC,2023-10-15,4188000000
INTC,2023-10-17,4244910080
INTC,2023-10-18,4188000000
INTC,2023-10-19,4237349888
INTC,2023-10-21,4188000000
INTC,2023-10-24,4188000000
INTC,2023-10-27,4216000000
INTC,2023-10-28,4216000000
INTC,2023-10-31,4216000000
INTC,2023-11-01,4216000000
INTC,2023-11-03,4216000000
INTC,2023-11-04,4216000000
INTC,2023-11-09,4218779904
INTC,2023-11-14,4216000000
INTC,2023-11-16,4216000000
INTC,2023-11-29,4216000000
INTC,2023-11-30,4216000000
INTC,2023-12-02,4216000000
INTC,2023-12-03,4216960000
INTC,2023-12-05,4216000000
INTC,2023-12-06,4256199936
INTC,2023-12-12,4216000000
INTC,2023-12-13,4216000000
INTC,2023-12-20,4216000000
INTC,2023-12-21,4216000000
INTC,2023-12-22,4216000000
INTC,2024-01-04,4216000000
INTC,2024-01-05,4234899968
INTC,2024-01-06,4216000000
INTC,2024-01-10,4216000000
INTC,2024-01-11,4216000000
INTC,2024-01-18,4216000000
INTC,2024-01-19,4216000000
INTC,2024-01-26,4228000000
INTC,2024-01-27,4228000000
INTC,2024-02-09,4228000000
INTC,2024-03-01,4228000000
INTC,2024-03-02,4228000000
INTC,2024-03-16,4235930112
INTC,2024-03-20,4228000000
INTC,2024-03-21,4228000000
INTC,2024-03-23,4228000000
INTC,2024-03-26,4228000000
INTC,2024-04-04,4228000000
INTC,2024-04-05,4228000000
INTC,2024-04-06,4256869888
INTC,2024-04-09,4256869888
INTC,2024-04-10,4256869888
INTC,2024-04-12,4256869888
INTC,2024-04-13,4256869888
INTC,2024-04-16,4256869888
INTC,2024-04-17,4256869888
INTC,2024-04-18,4256869888
INTC,2024-04-19,4256869888
INTC,2024-04-30,4327459840
INTC,2024-05-11,4291099904
INTC,2024-05-21,4305149952
INTC,2024-05-22,4256869888
INTC,2024-05-23,4256869888
INTC,2024-05-24,4256869888
INTC,2024-06-05,4256869888
INTC,2024-06-12,4258249984
INTC,2024-06-13,4256869888
INTC,2024-06-21,4256869888
INTC,2024-07-19,4500819968
INTC,2024-07-20,4256869888
INTC,2024-07-24,4256869888
INTC,2024-07-25,4336260096
INTC,2024-07-26,4256869888
INTC,2024-08-02,4276000000
INTC,2024-08-03,4276000000
INTC,2024-08-08,4276000000
INTC,2024-08-09,4276000000
INTC,2024-08-10,4449560064
INTC,2024-08-13,4353299968
INTC,2024-08-21,4276000000
INTC,2024-08-22,4276000000
INTC,2024-08-27,4276000000
INTC,2024-08-29,4276000000
INTC,2024-09-06,4276000000
INTC,2024-09-07,4390280192
INTC,2024-09-10,4276000000
INTC,2024-09-11,4298529792
INTC,2024-09-24,4276000000
INTC,2024-09-26,4276000000
INTC,2024-09-28,4277789952
INTC,2024-09-30,4358020096
INTC,2024-10-01,4276000000
INTC,2024-10-04,4300969984
INTC,2024-10-08,4276000000
INTC,2024-10-09,4276000000
INTC,2024-10-15,4297889792
INTC,2024-10-17,4276000000
INTC,2024-10-18,4276000000
INTC,2024-10-23,4276000000
INTC,2024-10-24,4276000000
INTC,2024-10-29,4279729920
INTC,2024-10-30,4276000000
INTC,2024-10-31,4391050240
INTC,2024-11-01,4309000192
INTC,2024-11-02,4312999936
INTC,2024-11-05,4312999936
INTC,2024-11-16,4312999936
INTC,2024-12-04,4312999936
INTC,2024-12-06,4312999936
INTC,2024-12-11,4312999936
INTC,2025-01-07,4462770176
INTC,2025-01-11,4312999936
INTC,2025-01-31,4329999872
INTC,2025-02-01,4329999872
INTC,2025-02-08,4393480192
INTC,2025-03-04,4518510080
INTC,2025-03-11,4484250112
INTC,2025-03-26,4333579776
INTC,2025-03-27,4329999872
INTC,2025-03-29,4360589824
INTC,2025-04-03,4360589824
INTC,2025-04-04,4360589824
INTC,2025-04-05,4360589824
INTC,2025-04-10,4360589824
INTC,2025-04-11,4360589824
INTC,2025-04-12,4360589824
INTC,2025-04-15,4360589824
INTC,2025-04-17,4360589824
INTC,2025-04-18,4429700096
INTC,2025-04-22,4381420032
INTC,2025-04-23,4360589824
INTC,2025-04-24,4360589824
INTC,2025-04-26,4673769984
INTC,2025-04-29,4361999872
INTC,2025-04-30,4398459904
INTC,2025-05-07,4434189824
INTC,2025-05-29,4400540160
INTC,2025-05-30,4518179840
INTC,2025-05-31,4361999872
INTC,2025-06-05,4370619904
INTC,2025-06-06,4418729984
INTC,2025-06-14,4498449920
INTC,2025-06-30,4418469888
INTC,2025-07-01,4361999872
INTC,2025-07-08,4459149824
INTC,2025-07-10,4389910016
INTC,2025-07-11,4432719872
INTC,2025-07-12,4361999872
INTC,2025-07-26,4376999936
INTC,2025-08-08,4518689792
INTC,2025-08-27,4376979968
INTC,2025-09-05,4398419968
INTC,2025-09-06,4376979968
INTC,2025-09-09,4670260224
INTC,2025-09-10,4670260224
INTC,2025-09-11,4670260224
INTC,2025-09-13,4670260224
INTC,2025-09-16,4670260224
INTC,2025-09-17,4670261514
INTC,2025-09-20,4670261514
INTC,2025-09-23,4803419179
INTC,2025-09-24,4670261514
INTC,2025-09-25,4670261514
INTC,2025-09-26,4670261514
INTC,2025-09-27,4670261514
INTC,2025-09-30,4808418902
INTC,2025-10-01,4941707414
INTC,2025-10-02,4757218036
INTC,2025-10-03,4757218036
INTC,2025-10-06,4817926493
INTC,2025-10-07,4757218036
INTC,2025-10-10,4757218036
INTC,2025-10-11,4757218036
INTC,2025-10-14,4757218036
INTC,2025-10-15,4969510393
INTC,2025-10-16,4757218036
INTC,2025-10-24,4757218036
INTC,2025-10-25,4766000000
INTC,2025-11-01,4786260565
INTC,2025-11-05,5083904942
INTC,2025-11-07,4770000000
INTC,2025-11-15,4822373311
INTC,2025-11-17,4770000000
INTC,2026-01-24,4995000000
INTC,2026-01-28,4995178516
INTC,2026-03-27,5021010228
INTC,2026-04-24,5026000000
INTC,2026-07-25,5044000000
INTC,2026-08-13,5254526315
INTC,2026-08-14,5254526315
SMCI,2020-06-02,51923600
SMCI,2020-06-04,51418100
SMCI,2020-06-05,51923600
SMCI,2020-08-13,52437000
SMCI,2020-08-28,52437000
SMCI,2020-09-05,52437000
SMCI,2020-09-06,52437000
SMCI,2020-10-08,51428200
SMCI,2020-10-09,52437000
SMCI,2020-10-10,52437000
SMCI,2020-11-06,51782100
SMCI,2020-11-07,51782100
SMCI,2020-11-26,51782100
SMCI,2021-02-03,51439600
SMCI,2021-02-04,51782100
SMCI,2021-02-05,50651100
SMCI,2021-02-09,50575300
SMCI,2021-02-11,50575300
SMCI,2021-02-25,50575300
SMCI,2021-02-27,50575300
SMCI,2021-03-05,49071000
SMCI,2021-03-06,50575300
SMCI,2021-03-11,50575300
SMCI,2021-03-12,50575300
SMCI,2021-03-17,50575300
SMCI,2021-03-18,50575300
SMCI,2021-03-19,50575300
SMCI,2021-04-06,50575300
SMCI,2021-04-07,50575300
SMCI,2021-04-20,51375400
SMCI,2021-04-21,51551300
SMCI,2021-04-22,50575300
SMCI,2021-04-23,51525500
SMCI,2021-04-24,50905900
SMCI,2021-04-27,50575300
SMCI,2021-04-28,49826400
SMCI,2021-04-30,49878700
SMCI,2021-05-01,49826400
SMCI,2021-05-06,50266100
SMCI,2021-05-07,49826400
SMCI,2021-05-11,49934300
SMCI,2021-05-12,49934300
SMCI,2021-05-18,50114000
SMCI,2021-05-19,49934300
SMCI,2021-05-25,49559100
SMCI,2021-05-26,49934300
SMCI,2021-08-31,50590500
SMCI,2021-09-01,50590500
SMCI,2021-11-10,51075800
SMCI,2021-11-16,51787000
SMCI,2022-02-08,51563300
SMCI,2022-02-12,51563300
SMCI,2022-03-15,52924900
SMCI,2022-03-16,51563300
SMCI,2022-04-15,51864500
SMCI,2022-04-23,51864500
SMCI,2022-05-10,51906900
SMCI,2022-09-14,52347000
SMCI,2022-11-09,52922900
SMCI,2023-02-07,53637200
SMCI,2023-03-04,53933200
SMCI,2023-03-05,53637200
SMCI,2023-03-18,54608800
SMCI,2023-03-22,53637200
SMCI,2023-03-30,55134900
SMCI,2023-04-01,53637200
SMCI,2023-04-06,54347200
SMCI,2023-04-07,53637200
SMCI,2023-04-13,53637200
SMCI,2023-05-09,52488500
SMCI,2023-06-23,53082800
SMCI,2023-06-24,52488500
SMCI,2023-07-12,52686800
SMCI,2023-07-13,52488500
SMCI,2023-07-19,55329700
SMCI,2023-07-20,52488500
SMCI,2023-08-22,52488500
SMCI,2023-08-25,52488500
SMCI,2023-09-15,52905900
SMCI,2023-10-19,52905900
SMCI,2023-10-20,52905900
SMCI,2023-10-21,52905900
SMCI,2023-10-22,52905900
SMCI,2023-10-24,52905900
SMCI,2023-10-25,52905900
SMCI,2023-10-26,52905900
SMCI,2023-10-31,52905900
SMCI,2023-11-02,52905900
SMCI,2023-11-07,53313500
SMCI,2023-11-08,53313500
SMCI,2023-11-14,53313500
SMCI,2023-11-16,53313500
SMCI,2023-11-18,53313500
SMCI,2023-11-25,53313500
SMCI,2023-11-28,53313500
SMCI,2023-11-30,53313500
SMCI,2023-12-06,53958200
SMCI,2023-12-07,55853200
SMCI,2023-12-09,55853200
SMCI,2023-12-12,55853200
SMCI,2023-12-13,55853200
SMCI,2023-12-15,55853200
SMCI,2023-12-19,55853200
SMCI,2023-12-22,55853200
SMCI,2023-12-23,58640900
SMCI,2023-12-26,55853200
SMCI,2023-12-27,55853200
SMCI,2023-12-29,55853200
SMCI,2024-01-05,55853200
SMCI,2024-01-11,55853200
SMCI,2024-01-16,55859000
SMCI,2024-01-19,55853200
SMCI,2024-01-24,55853200
SMCI,2024-01-25,55853200
SMCI,2024-01-26,55853200
SMCI,2024-01-27,55853200
SMCI,2024-02-01,55853200
SMCI,2024-02-02,55853200
SMCI,2024-02-04,55933300
SMCI,2024-02-06,55933300
SMCI,2024-02-07,55933300
SMCI,2024-02-09,55933300
SMCI,2024-02-10,55933300
SMCI,2024-02-14,55933300
SMCI,2024-02-16,55933300
SMCI,2024-02-17,55933300
SMCI,2024-02-24,55933300
SMCI,2024-02-28,55933300
SMCI,2024-02-29,55933300
SMCI,2024-03-01,55933300
SMCI,2024-03-02,55933300
SMCI,2024-03-06,55933300
SMCI,2024-03-07,55933300
SMCI,2024-03-08,55933300
SMCI,2024-03-09,55933300
SMCI,2024-03-12,55933300
SMCI,2024-03-13,55933300
SMCI,2024-03-14,55933300
SMCI,2024-03-15,55933300
SMCI,2024-03-16,55933300
SMCI,2024-03-19,55933300
SMCI,2024-03-22,56550400
SMCI,2024-03-23,58550400
SMCI,2024-03-26,58550400
SMCI,2024-03-28,59405300
SMCI,2024-03-29,58550400
SMCI,2024-04-04,58550400
SMCI,2024-04-05,58550400
SMCI,2024-04-06,58550400
SMCI,2024-04-09,59814700
SMCI,2024-04-12,58550400
SMCI,2024-04-16,59633900
SMCI,2024-04-19,58550400
SMCI,2024-04-20,58550400
SMCI,2024-04-23,58550400
SMCI,2024-04-26,58550400
SMCI,2024-05-02,58550400
SMCI,2024-05-04,58550400
SMCI,2024-05-06,58550400
SMCI,2024-05-07,58556500
SMCI,2024-05-08,58556500
SMCI,2024-05-09,58556500
SMCI,2024-05-10,58556500
SMCI,2024-05-15,58556500
SMCI,2024-05-16,58556500
SMCI,2024-05-17,61661800
SMCI,2024-05-18,58556500
SMCI,2024-05-22,60278500
SMCI,2024-05-23,58556500
SMCI,2024-05-24,58556500
SMCI,2024-05-25,58556500
SMCI,2024-05-29,58556500
SMCI,2024-05-30,59389700
SMCI,2024-05-31,58556500
SMCI,2024-06-01,58556500
SMCI,2024-06-04,58556500
SMCI,2024-06-07,58556500
SMCI,2024-06-12,60029600
SMCI,2024-06-13,58556500
SMCI,2024-06-18,58556500
SMCI,2024-06-21,58556500
SMCI,2024-06-22,58556500
SMCI,2024-06-25,58556500
SMCI,2024-06-26,58556500
SMCI,2024-06-28,58556500
SMCI,2024-07-03,58556500
SMCI,2024-07-04,58556500
SMCI,2024-07-06,58556500
SMCI,2024-07-09,58556500
SMCI,2024-07-10,58556500
SMCI,2024-07-13,58556500
SMCI,2024-07-16,58556500
SMCI,2024-07-17,58556500
SMCI,2024-07-18,58556500
SMCI,2024-07-23,58556500
SMCI,2024-07-24,58556500
SMCI,2024-07-25,58556500
SMCI,2024-07-30,58556500
SMCI,2024-07-31,58556500
SMCI,2024-08-02,58556500
SMCI,2024-08-03,58556500
SMCI,2024-08-06,58556500
SMCI,2024-08-07,58556500
SMCI,2024-08-09,58692300
SMCI,2024-08-10,58556500
SMCI,2024-08-20,59042900
SMCI,2024-08-26,63838600
SMCI,2024-08-27,58556500
SMCI,2024-08-29,58556500
SMCI,2024-09-05,58556500
SMCI,2024-09-06,62836600
SMCI,2024-09-07,58556500
SMCI,2024-09-18,59851900
SMCI,2024-10-01,585564992
SMCI,2024-10-04,591907008
SMCI,2024-10-16,585809984
SMCI,2024-10-17,585564992
SMCI,2024-10-30,869760000
SMCI,2024-10-31,585564992
SMCI,2024-11-01,665222976
SMCI,2024-11-14,585564992
SMCI,2024-11-30,629160000
SMCI,2024-12-03,585564992
SMCI,2024-12-04,585564992
SMCI,2024-12-06,595102016
SMCI,2024-12-11,637852992
SMCI,2024-12-13,591123008
SMCI,2024-12-14,585564992
SMCI,2025-01-11,585564992
SMCI,2025-01-14,585564992
SMCI,2025-01-18,585564992
SMCI,2025-02-27,593481024
SMCI,2025-02-28,593481024
SMCI,2025-03-01,593481024
SMCI,2025-03-04,593481024
SMCI,2025-03-05,593481024
SMCI,2025-03-07,593481024
SMCI,2025-03-11,615022016
SMCI,2025-03-13,593481024
SMCI,2025-03-15,593481024
SMCI,2025-03-20,593481024
SMCI,2025-03-22,593481024
SMCI,2025-03-25,593481024
SMCI,2025-03-26,593481024
SMCI,2025-03-27,593481024
SMCI,2025-03-28,633137984
SMCI,2025-03-29,593481024
SMCI,2025-04-01,593481024
SMCI,2025-04-02,593481024
SMCI,2025-04-09,593481024
SMCI,2025-04-10,593481024
SMCI,2025-04-11,593481024
SMCI,2025-04-12,593481024
SMCI,2025-04-15,593481024
SMCI,2025-04-16,593481024
SMCI,2025-04-17,593481024
SMCI,2025-04-18,600734016
SMCI,2025-04-22,633603008
SMCI,2025-04-23,593481024
SMCI,2025-04-24,593481024
SMCI,2025-04-25,593481024
SMCI,2025-04-29,596788992
SMCI,2025-04-30,617843008
SMCI,2025-05-01,596788992
SMCI,2025-05-03,596788992
SMCI,2025-05-06,596788992
SMCI,2025-05-07,596788992
SMCI,2025-05-08,596788992
SMCI,2025-05-10,599027968
SMCI,2025-05-13,596788992
SMCI,2025-05-14,596817984
SMCI,2025-05-15,596817984
SMCI,2025-05-17,596817984
SMCI,2025-05-20,596817984
SMCI,2025-05-22,596817984
SMCI,2025-05-24,596817984
SMCI,2025-05-30,596817984
SMCI,2025-05-31,596817984
SMCI,2025-06-03,596817984
SMCI,2025-06-04,596817984
SMCI,2025-06-05,596817984
SMCI,2025-06-06,596817984
SMCI,2025-06-10,596817984
SMCI,2025-06-11,596817984
SMCI,2025-06-14,596817984
SMCI,2025-06-17,596817984
SMCI,2025-06-18,596817984
SMCI,2025-06-19,596817984
SMCI,2025-06-26,596817984
SMCI,2025-06-28,596817984
SMCI,2025-06-30,596817984
SMCI,2025-07-02,596817984
SMCI,2025-07-04,596817984
SMCI,2025-07-08,596817984
SMCI,2025-07-10,596817984
SMCI,2025-07-11,596817984
SMCI,2025-07-12,596817984
SMCI,2025-07-15,596817984
SMCI,2025-07-17,596817984
SMCI,2025-07-18,596817984
SMCI,2025-07-19,596817984
SMCI,2025-07-23,596817984
SMCI,2025-07-24,596817984
SMCI,2025-07-25,596817984
SMCI,2025-07-29,596817984
SMCI,2025-07-30,596817984
SMCI,2025-08-02,596817984
SMCI,2025-08-05,596817984
SMCI,2025-08-06,596817984
SMCI,2025-08-08,596817984
SMCI,2025-08-09,596817984
SMCI,2025-08-30,594273024
SMCI,2025-09-04,594273024
SMCI,2025-09-06,598537984
SMCI,2025-09-12,594273024
SMCI,2025-09-13,594273024
SMCI,2025-09-17,594273308
SMCI,2025-09-19,594273308
SMCI,2025-09-20,594273308
SMCI,2025-09-23,594273308
SMCI,2025-09-26,594273308
SMCI,2025-09-27,594273308
SMCI,2025-09-30,594273308
SMCI,2025-10-06,600449359
SMCI,2025-10-07,594273308
SMCI,2025-10-08,594273308
SMCI,2025-10-10,594273308
SMCI,2025-10-14,594273308
SMCI,2025-10-15,612624056
SMCI,2025-10-18,594273308
SMCI,2025-10-28,594273308
SMCI,2025-10-29,594273308
SMCI,2025-11-04,594273308
SMCI,2025-11-08,602867552
SMCI,2025-11-11,596971133
SMCI,2025-11-14,596971133
SMCI,2025-11-15,596971133
SMCI,2025-11-17,596971133
SMCI,2026-02-10,598989428
SMCI,2026-03-10,600481952
SMCI,2026-05-13,601418482
SMCI,2026-06-20,646873027
SMCI,2026-09-02,656965384
MU,2020-07-08,1111000064
MU,2020-08-28,1111000064
MU,2020-09-05,1146969984
MU,2020-09-21,1116249984
MU,2020-10-01,1199719936
MU,2020-10-05,1079239936
MU,2020-10-08,1085980032
MU,2020-10-14,1136649984
MU,2020-10-21,1113219968
MU,2020-10-24,1145449984
MU,2020-10-30,1113219968
MU,2020-11-03,1127330048
MU,2020-11-05,1113219968
MU,2020-11-11,1102279936
MU,2020-11-19,1136130048
MU,2020-11-20,1113219968
MU,2020-11-25,1113219968
MU,2020-11-26,1113219968
MU,2020-12-02,1116909952
MU,2020-12-04,1116909952
MU,2020-12-10,1116909952
MU,2020-12-18,1116909952
MU,2020-12-24,1116909952
MU,2020-12-29,1116909952
MU,2021-01-01,1068480000
MU,2021-01-05,1116909952
MU,2021-01-06,1116909952
MU,2021-01-07,1116909952
MU,2021-01-12,1099160064
MU,2021-01-27,1143570048
MU,2021-01-28,1184519936
MU,2021-02-03,1102360064
MU,2021-02-04,1084269952
MU,2021-02-06,1120739968
MU,2021-02-24,1118669952
MU,2021-03-05,1058659968
MU,2021-03-11,1169619968
MU,2021-03-13,1138300032
MU,2021-03-17,1087100032
MU,2021-03-24,1118669952
MU,2021-03-27,1069089984
MU,2021-03-30,1136760064
MU,2021-03-31,1119320064
MU,2021-04-01,1097490048
MU,2021-04-02,1118669952
MU,2021-04-05,1118669952
MU,2021-04-06,1121420032
MU,2021-04-07,1124530048
MU,2021-04-08,1115810048
MU,2021-04-09,1105760000
MU,2021-04-10,1121299968
MU,2021-04-13,1118009984
MU,2021-04-14,1163280000
MU,2021-04-15,1139719936
MU,2021-04-16,1126380032
MU,2021-04-17,1116589952
MU,2021-04-20,1149959936
MU,2021-04-21,1133340032
MU,2021-04-22,1096230016
MU,2021-04-23,1184690048
MU,2021-04-24,1166520064
MU,2021-04-27,1145010048
MU,2021-04-29,1166130048
MU,2021-04-30,1095559936
MU,2021-05-01,1147340032
MU,2021-05-04,1107740032
MU,2021-05-05,1129520000
MU,2021-05-06,1111670016
MU,2021-05-07,1121420032
MU,2021-05-08,1106029952
MU,2021-05-11,1192569984
MU,2021-05-12,1123779968
MU,2021-05-13,1178070016
MU,2021-05-14,1115750016
MU,2021-05-15,1086099968
MU,2021-05-18,1111789952
MU,2021-05-19,1142880000
MU,2021-05-20,1106680064
MU,2021-05-21,1104829952
MU,2021-05-25,1091929984
MU,2021-05-28,1098829952
MU,2021-05-29,1118620032
MU,2021-06-02,1121280000
MU,2021-06-03,1118889984
MU,2021-06-04,1121420032
MU,2021-06-05,1098249984
MU,2021-06-08,1117680000
MU,2021-06-09,1170290048
MU,2021-06-10,1148080000
MU,2021-06-12,1122259968
MU,2021-06-17,1144960000
MU,2021-06-19,1175190016
MU,2021-07-14,1125750016
MU,2021-08-18,1125750016
MU,2021-09-09,1147090048
MU,2021-10-06,1127670016
MU,2021-10-12,1118620032
MU,2021-10-19,1125609984
MU,2021-10-23,1137350016
MU,2021-12-08,1120169984
MU,2022-01-10,1119779968
MU,2022-02-08,1123929984
MU,2022-02-09,1119779968
MU,2022-02-12,1119779968
MU,2022-03-15,1174960000
MU,2022-03-16,1119779968
MU,2022-04-01,1116669952
MU,2022-06-03,1144300032
MU,2022-07-05,1103149952
MU,2022-07-29,1106349952
MU,2022-07-30,1103149952
MU,2022-08-17,1117660032
MU,2022-08-18,1103149952
MU,2022-09-02,1103149952
MU,2022-10-04,1068590016
MU,2022-10-07,1103149952
MU,2022-10-11,1087170048
MU,2022-12-07,1090889984
MU,2022-12-24,1091180032
MU,2023-02-16,1095229952
MU,2023-02-17,1091180032
MU,2023-03-30,1169590016
MU,2023-04-01,1094390016
MU,2023-04-06,1099190016
MU,2023-04-07,1094390016
MU,2023-04-21,1109010048
MU,2023-04-22,1094390016
MU,2023-05-03,1094390016
MU,2023-05-04,1112179968
MU,2023-05-06,1094390016
MU,2023-05-09,1100870016
MU,2023-05-11,1111539968
MU,2023-05-14,1094390016
MU,2023-06-23,1112690048
MU,2023-06-24,1094390016
MU,2023-07-05,1095299968
MU,2023-07-06,1113830016
MU,2023-07-07,1095299968
MU,2023-07-12,1114940032
MU,2023-07-13,1095299968
MU,2023-07-21,1095299968
MU,2023-08-22,1095299968
MU,2023-08-23,1104800000
MU,2023-08-24,1095299968
MU,2023-10-10,1098029952
MU,2023-10-11,1098029952
MU,2023-10-12,1098029952
MU,2023-10-13,1105280000
MU,2023-10-14,1106599936
MU,2023-10-17,1098029952
MU,2023-10-18,1098029952
MU,2023-10-19,1098029952
MU,2023-10-20,1098029952
MU,2023-10-24,1098029952
MU,2023-10-25,1098029952
MU,2023-11-02,1098029952
MU,2023-11-07,1098029952
MU,2023-11-08,1100600064
MU,2023-11-09,1108519936
MU,2023-11-10,1098029952
MU,2023-11-11,1098029952
MU,2023-11-14,1098029952
MU,2023-11-16,1098029952
MU,2023-11-21,1098029952
MU,2023-11-25,1098029952
MU,2023-11-28,1098029952
MU,2023-11-29,1098029952
MU,2023-12-01,1103730048
MU,2023-12-03,1104320000
MU,2023-12-05,1103730048
MU,2023-12-06,1103730048
MU,2023-12-07,1103730048
MU,2023-12-08,1103730048
MU,2023-12-09,1103730048
MU,2023-12-12,1103730048
MU,2023-12-15,1103730048
MU,2023-12-16,1103730048
MU,2023-12-20,1103730048
MU,2023-12-22,1103730048
MU,2023-12-23,1103910016
MU,2023-12-27,1103910016
MU,2023-12-29,1103910016
MU,2024-01-03,1103910016
MU,2024-01-05,1103910016
MU,2024-01-06,1114189952
MU,2024-01-17,1103910016
MU,2024-01-18,1103910016
MU,2024-01-19,1103910016
MU,2024-01-20,1103910016
MU,2024-01-24,1125479936
MU,2024-01-25,1103910016
MU,2024-01-26,1103910016
MU,2024-01-27,1118329984
MU,2024-01-30,1103910016
MU,2024-01-31,1141190016
MU,2024-02-01,1146649984
MU,2024-02-06,1103910016
MU,2024-02-07,1134700032
MU,2024-02-08,1103910016
MU,2024-02-09,1103910016
MU,2024-02-13,1103910016
MU,2024-02-16,1103910016
MU,2024-02-21,1103910016
MU,2024-02-22,1103910016
MU,2024-02-23,1103910016
MU,2024-02-24,1103910016
MU,2024-02-27,1103910016
MU,2024-02-29,1103910016
MU,2024-03-01,1103910016
MU,2024-03-02,1103910016
MU,2024-03-06,1103910016
MU,2024-03-08,1103910016
MU,2024-03-12,1140349952
MU,2024-03-13,1142130048
MU,2024-03-14,1103910016
MU,2024-03-16,1103910016
MU,2024-03-19,1103910016
MU,2024-03-20,1103910016
MU,2024-03-22,1103910016
MU,2024-03-23,1107369984
MU,2024-03-28,1107369984
MU,2024-03-29,1120329984
MU,2024-04-02,1107369984
MU,2024-04-03,1107369984
MU,2024-04-04,1107369984
MU,2024-04-05,1107369984
MU,2024-04-09,1107369984
MU,2024-04-12,1152659968
MU,2024-04-13,1107369984
MU,2024-04-16,1107369984
MU,2024-04-17,1107369984
MU,2024-04-18,1107369984
MU,2024-04-19,1107369984
MU,2024-04-23,1107369984
MU,2024-04-25,1107369984
MU,2024-04-26,1107369984
MU,2024-04-27,1107369984
MU,2024-04-30,1107369984
MU,2024-05-01,1121090048
MU,2024-05-02,1107369984
MU,2024-05-07,1107369984
MU,2024-05-08,1107369984
MU,2024-05-10,1107369984
MU,2024-05-11,1107369984
MU,2024-05-17,1107369984
MU,2024-05-20,1107369984
MU,2024-05-21,1120400000
MU,2024-05-22,1107369984
MU,2024-05-23,1118070016
MU,2024-05-24,1107459968
MU,2024-05-31,1107369984
MU,2024-06-01,1107369984
MU,2024-06-04,1107369984
MU,2024-06-05,1107369984
MU,2024-06-07,1107369984
MU,2024-06-08,1107369984
MU,2024-06-12,1107369984
MU,2024-06-13,1107369984
MU,2024-06-15,1120920064
MU,2024-06-18,1107369984
MU,2024-06-19,1107369984
MU,2024-06-21,1178809984
MU,2024-06-22,1107369984
MU,2024-06-26,1107369984
MU,2024-06-27,1107369984
MU,2024-06-28,1192620032
MU,2024-06-29,1108839936
MU,2024-07-02,1108839936
MU,2024-07-03,1108839936
MU,2024-07-06,1108839936
MU,2024-07-10,1108839936
MU,2024-07-12,1108839936
MU,2024-07-16,1138669952
MU,2024-07-17,1108839936
MU,2024-07-18,1183480064
MU,2024-07-19,1139800064
MU,2024-07-20,1108839936
MU,2024-07-23,1108839936
MU,2024-07-24,1118840064
MU,2024-07-25,1138579968
MU,2024-07-26,1108839936
MU,2024-07-27,1108839936
MU,2024-07-30,1108839936
MU,2024-07-31,1108839936
MU,2024-08-01,1108839936
MU,2024-08-02,1108839936
MU,2024-08-03,1108839936
MU,2024-08-06,1108839936
MU,2024-08-07,1108839936
MU,2024-08-09,1108839936
MU,2024-08-10,1108839936
MU,2024-08-13,1108839936
MU,2024-08-14,1108839936
MU,2024-08-15,1108839936
MU,2024-08-17,1108839936
MU,2024-08-20,1108839936
MU,2024-08-21,1108839936
MU,2024-08-23,1108839936
MU,2024-08-27,1108839936
MU,2024-08-28,1108839936
MU,2024-08-30,1108839936
MU,2024-08-31,1108839936
MU,2024-09-04,1108839936
MU,2024-09-06,1108839936
MU,2024-09-07,1147609984
MU,2024-09-10,1108839936
MU,2024-09-12,1108839936
MU,2024-09-13,1108839936
MU,2024-09-14,1108839936
MU,2024-09-17,1160230016
MU,2024-09-19,1108839936
MU,2024-09-20,1108839936
MU,2024-09-21,1108839936
MU,2024-09-24,1108839936
MU,2024-09-26,1108839936
MU,2024-09-27,1108839936
MU,2024-09-28,1108839936
MU,2024-09-30,1149360000
MU,2024-10-01,1108839936
MU,2024-10-02,1108839936
MU,2024-10-03,1108839936
MU,2024-10-05,1108839936
MU,2024-10-08,1108739968
MU,2024-10-11,1108739968
MU,2024-10-12,1108739968
MU,2024-10-15,1108739968
MU,2024-10-16,1109059968
MU,2024-10-17,1108739968
MU,2024-10-18,1137260032
MU,2024-10-22,1108739968
MU,2024-10-23,1108739968
MU,2024-10-29,1108739968
MU,2024-10-30,1108739968
MU,2024-10-31,1153309952
MU,2024-11-02,1108739968
MU,2024-11-05,1108739968
MU,2024-11-06,1108739968
MU,2024-11-08,1108739968
MU,2024-11-09,1108739968
MU,2024-11-13,1157200000
MU,2024-11-14,1155129984
MU,2024-11-15,1108739968
MU,2024-11-16,1141430016
MU,2024-11-19,1108739968
MU,2024-11-20,1108739968
MU,2024-11-21,1108739968
MU,2024-11-27,1114040064
MU,2024-11-28,1114040064
MU,2024-11-30,1116889984
MU,2024-12-03,1114040064
MU,2024-12-06,1139779968
MU,2024-12-11,1114040064
MU,2024-12-13,1157309952
MU,2024-12-14,1114040064
MU,2024-12-20,1114169984
MU,2024-12-24,1114169984
MU,2024-12-25,1114169984
MU,2024-12-27,1114169984
MU,2024-12-31,1114169984
MU,2025-01-01,1114169984
MU,2025-01-03,1114169984
MU,2025-01-04,1114169984
MU,2025-01-07,1114169984
MU,2025-01-11,1114169984
MU,2025-01-16,1114169984
MU,2025-01-17,1120579968
MU,2025-01-24,1114169984
MU,2025-01-25,1114169984
MU,2025-01-28,1114169984
MU,2025-01-29,1114169984
MU,2025-02-01,1129560064
MU,2025-02-04,1114169984
MU,2025-02-08,1141209984
MU,2025-02-13,1143340032
MU,2025-02-14,1114169984
MU,2025-02-15,1114169984
MU,2025-02-19,1114169984
MU,2025-02-20,1114169984
MU,2025-02-25,1114169984
MU,2025-02-27,1114169984
MU,2025-02-28,1114169984
MU,2025-03-04,1152199936
MU,2025-03-06,1114169984
MU,2025-03-11,1189410048
MU,2025-03-13,1114169984
MU,2025-03-18,1114169984
MU,2025-03-19,1114169984
MU,2025-03-20,1114169984
MU,2025-03-21,1114169984
MU,2025-03-22,1211570048
MU,2025-03-25,1117570048
MU,2025-03-27,1117570048
MU,2025-03-28,1129459968
MU,2025-04-01,1137510016
MU,2025-04-02,1117570048
MU,2025-04-03,1117570048
MU,2025-04-04,1117570048
MU,2025-04-05,1117570048
MU,2025-04-09,1117570048
MU,2025-04-10,1242329984
MU,2025-04-11,1117570048
MU,2025-04-12,1117570048
MU,2025-04-14,1117570048
MU,2025-04-15,1117570048
MU,2025-04-16,1117570048
MU,2025-04-22,1152070016
MU,2025-04-23,1117570048
MU,2025-04-25,1117570048
MU,2025-04-26,1117570048
MU,2025-05-01,1117570048
MU,2025-05-02,1117570048
MU,2025-05-06,1117570048
MU,2025-05-07,1117570048
MU,2025-05-10,1117570048
MU,2025-05-13,1117570048
MU,2025-05-14,1136450048
MU,2025-05-15,1117570048
MU,2025-05-21,1117570048
MU,2025-05-22,1117570048
MU,2025-05-23,1117570048
MU,2025-05-24,1117570048
MU,2025-05-28,1117570048
MU,2025-05-29,1119900032
MU,2025-05-30,1117570048
MU,2025-05-31,1145260032
MU,2025-06-04,1117570048
MU,2025-06-10,1117570048
MU,2025-06-14,1117570048
MU,2025-06-18,1117570048
MU,2025-06-19,1117570048
MU,2025-06-21,1117570048
MU,2025-06-25,1117570048
MU,2025-06-26,1117570048
MU,2025-06-27,1119129984
MU,2025-06-28,1119129984
MU,2025-06-30,1132839936
MU,2025-07-01,1140969984
MU,2025-07-02,1119129984
MU,2025-07-04,1119129984
MU,2025-07-08,1141240064
MU,2025-07-09,1119129984
MU,2025-07-10,1139079936
MU,2025-07-11,1119129984
MU,2025-07-12,1119129984
MU,2025-07-16,1119129984
MU,2025-07-24,1119129984
MU,2025-07-26,1119129984
MU,2025-07-28,1119229952
MU,2025-07-29,1119129984
MU,2025-07-30,1119129984
MU,2025-08-01,1119129984
MU,2025-08-02,1119129984
MU,2025-08-06,1119129984
MU,2025-08-07,1119129984
MU,2025-08-08,1119129984
MU,2025-08-09,1119129984
MU,2025-08-14,1119129984
MU,2025-08-16,1119129984
MU,2025-08-18,1119129984
MU,2025-08-19,1119129984
MU,2025-08-20,1119129984
MU,2025-08-22,1119129984
MU,2025-08-26,1119129984
MU,2025-08-27,1119129984
MU,2025-08-29,1119129984
MU,2025-09-04,1119129984
MU,2025-09-05,1119129984
MU,2025-09-12,1119129984
MU,2025-09-13,1119129984
MU,2025-09-16,1119129984
MU,2025-09-17,1119125101
MU,2025-09-23,1119125101
MU,2025-10-07,1122466035
MU,2025-10-08,1122466035
MU,2025-10-09,1122466035
MU,2025-10-11,1122466035
MU,2025-10-14,1122466035
MU,2025-10-15,1122466035
MU,2025-10-16,1122466035
MU,2025-10-18,1122466035
MU,2025-10-22,1122965427
MU,2025-10-23,1122466035
MU,2025-10-24,1122466035
MU,2025-10-25,1122466035
MU,2025-10-28,1122466035
MU,2025-10-29,1122466035
MU,2025-10-30,1122466035
MU,2025-11-01,1122466035
MU,2025-11-05,1122466035
MU,2025-11-06,1122466035
MU,2025-11-08,1122466035
MU,2025-11-11,1122466035
MU,2025-11-14,1122466035
MU,2025-11-17,1122466035
MU,2025-11-27,1125349754
MU,2025-12-19,1125509261
MU,2026-03-21,1127734051
MU,2026-06-25,1129393151
MU,2026-08-28,1129393151
RKLB,2021-10-23,448798016
RKLB,2021-10-26,449144000
RKLB,2021-10-27,448798016
RKLB,2021-11-03,448798016
RKLB,2021-11-18,449204992
RKLB,2021-11-19,472419008
RKLB,2021-12-03,460729984
RKLB,2021-12-04,511748000
RKLB,2021-12-05,449204992
RKLB,2022-01-23,450924992
RKLB,2022-01-24,450924992
RKLB,2022-02-11,450924992
RKLB,2022-03-04,450924992
RKLB,2022-03-05,450924992
RKLB,2022-03-16,477684992
RKLB,2022-03-18,450924992
RKLB,2022-03-24,463280000
RKLB,2022-03-25,450924992
RKLB,2022-03-28,464776992
RKLB,2022-03-29,464776992
RKLB,2022-03-31,464776992
RKLB,2022-05-04,487656000
RKLB,2022-05-06,463796000
RKLB,2022-05-11,463796000
RKLB,2022-05-18,463804000
RKLB,2022-05-19,558537984
RKLB,2022-05-20,463804000
RKLB,2022-08-14,469025984
RKLB,2022-08-16,469025984
RKLB,2022-08-30,484568000
RKLB,2022-09-14,469025984
RKLB,2022-10-12,481339008
RKLB,2022-10-14,469025984
RKLB,2022-11-11,473256992
RKLB,2022-11-12,473256992
RKLB,2023-03-02,475356992
RKLB,2023-03-03,475356992
RKLB,2023-03-09,477648992
RKLB,2023-03-18,487497984
RKLB,2023-03-22,477648992
RKLB,2023-03-30,486244000
RKLB,2023-04-01,477648992
RKLB,2023-04-06,503679008
RKLB,2023-04-07,477648992
RKLB,2023-05-13,478152992
RKLB,2023-05-17,478660992
RKLB,2023-07-12,495499008
RKLB,2023-07-15,478660992
RKLB,2023-08-21,483327008
RKLB,2023-10-25,483327008
RKLB,2023-10-26,483327008
RKLB,2023-10-27,483327008
RKLB,2023-10-28,483327008
RKLB,2023-10-31,483327008
RKLB,2023-11-01,483327008
RKLB,2023-11-04,483327008
RKLB,2023-11-08,483327008
RKLB,2023-11-10,485887008
RKLB,2023-11-14,485887008
RKLB,2023-11-16,485887008
RKLB,2023-11-18,485887008
RKLB,2023-11-22,485887008
RKLB,2023-12-02,485887008
RKLB,2023-12-03,486979008
RKLB,2023-12-05,485887008
RKLB,2023-12-06,485887008
RKLB,2023-12-08,485887008
RKLB,2023-12-13,485887008
RKLB,2023-12-15,485887008
RKLB,2023-12-16,485887008
RKLB,2023-12-20,485887008
RKLB,2023-12-22,485887008
RKLB,2023-12-23,485887008
RKLB,2023-12-26,485887008
RKLB,2023-12-29,485887008
RKLB,2024-01-03,485887008
RKLB,2024-01-04,485887008
RKLB,2024-01-05,485887008
RKLB,2024-01-06,485887008
RKLB,2024-01-10,485887008
RKLB,2024-01-16,486828992
RKLB,2024-01-17,485887008
RKLB,2024-01-18,485887008
RKLB,2024-01-19,485887008
RKLB,2024-01-20,485887008
RKLB,2024-01-24,485887008
RKLB,2024-01-26,485887008
RKLB,2024-01-30,485887008
RKLB,2024-02-02,485887008
RKLB,2024-02-03,485887008
RKLB,2024-02-10,485887008
RKLB,2024-02-21,485887008
RKLB,2024-02-22,505783008
RKLB,2024-02-24,485887008
RKLB,2024-02-29,488923008
RKLB,2024-03-01,488923008
RKLB,2024-03-05,501063008
RKLB,2024-03-06,489140000
RKLB,2024-03-07,489140000
RKLB,2024-03-08,489140000
RKLB,2024-03-12,489140000
RKLB,2024-03-13,489140000
RKLB,2024-03-14,489140000
RKLB,2024-03-15,489140000
RKLB,2024-03-16,489140000
RKLB,2024-03-19,489140000
RKLB,2024-03-21,489140000
RKLB,2024-03-22,489140000
RKLB,2024-03-23,489140000
RKLB,2024-03-26,489140000
RKLB,2024-03-28,489140000
RKLB,2024-04-12,506188000
RKLB,2024-04-13,489140000
RKLB,2024-04-16,489140000
RKLB,2024-04-17,489140000
RKLB,2024-04-25,489140000
RKLB,2024-04-26,492684000
RKLB,2024-05-08,492780000
RKLB,2024-05-11,492780000
RKLB,2024-05-15,492780000
RKLB,2024-05-17,492780000
RKLB,2024-05-18,492780000
RKLB,2024-05-23,492780000
RKLB,2024-05-24,492780000
RKLB,2024-05-25,492780000
RKLB,2024-06-01,492780000
RKLB,2024-06-04,492780000
RKLB,2024-06-05,492780000
RKLB,2024-06-07,492780000
RKLB,2024-06-08,492780000
RKLB,2024-06-14,492780000
RKLB,2024-06-15,492780000
RKLB,2024-06-18,492780000
RKLB,2024-06-19,492780000
RKLB,2024-06-22,492780000
RKLB,2024-06-26,492780000
RKLB,2024-06-28,492780000
RKLB,2024-07-03,492780000
RKLB,2024-07-06,492780000
RKLB,2024-07-09,492780000
RKLB,2024-07-10,492780000
RKLB,2024-07-12,492780000
RKLB,2024-07-16,492780000
RKLB,2024-07-17,492780000
RKLB,2024-07-18,492780000
RKLB,2024-07-19,492780000
RKLB,2024-07-20,492780000
RKLB,2024-07-31,499350016
RKLB,2024-08-01,492780000
RKLB,2024-08-03,492780000
RKLB,2024-08-07,492780000
RKLB,2024-08-10,496640000
RKLB,2024-08-12,496640000
RKLB,2024-08-13,496640000
RKLB,2024-08-14,496640000
RKLB,2024-08-20,496640000
RKLB,2024-08-21,496640000
RKLB,2024-08-27,512851008
RKLB,2024-08-29,499087008
RKLB,2024-09-04,513849984
RKLB,2024-09-05,496640000
RKLB,2024-09-06,517028000
RKLB,2024-09-07,496640000
RKLB,2024-09-10,496640000
RKLB,2024-09-11,496640000
RKLB,2024-09-12,496640000
RKLB,2024-09-18,510492992
RKLB,2024-09-19,496640000
RKLB,2024-09-20,496640000
RKLB,2024-09-21,496640000
RKLB,2024-09-26,496640000
RKLB,2024-09-27,496640000
RKLB,2024-10-01,496640000
RKLB,2024-10-03,496640000
RKLB,2024-10-04,496640000
RKLB,2024-10-08,502796992
RKLB,2024-10-09,496640000
RKLB,2024-10-10,496640000
RKLB,2024-10-11,496640000
RKLB,2024-10-12,496640000
RKLB,2024-10-14,496640000
RKLB,2024-10-15,496640000
RKLB,2024-10-16,496640000
RKLB,2024-10-17,496640000
RKLB,2024-10-18,496640000
RKLB,2024-10-19,496640000
RKLB,2024-10-22,496640000
RKLB,2024-10-23,496640000
RKLB,2024-10-24,496640000
RKLB,2024-10-25,496640000
RKLB,2024-10-29,496640000
RKLB,2024-10-30,519296992
RKLB,2024-10-31,496640000
RKLB,2024-11-01,496640000
RKLB,2024-11-02,496640000
RKLB,2024-11-06,496640000
RKLB,2024-11-07,496640000
RKLB,2024-11-08,496640000
RKLB,2024-11-13,501044000
RKLB,2024-11-14,499911008
RKLB,2024-11-16,499911008
RKLB,2024-11-21,499911008
RKLB,2024-11-22,499911008
RKLB,2024-11-23,499911008
RKLB,2024-11-26,499911008
RKLB,2024-11-27,499911008
RKLB,2024-12-04,499911008
RKLB,2024-12-06,499911008
RKLB,2024-12-07,499911008
RKLB,2024-12-10,499911008
RKLB,2024-12-11,499911008
RKLB,2024-12-13,516959008
RKLB,2024-12-14,499911008
RKLB,2024-12-17,499911008
RKLB,2024-12-18,499911008
RKLB,2024-12-20,499911008
RKLB,2024-12-21,499911008
RKLB,2024-12-24,499911008
RKLB,2024-12-25,499911008
RKLB,2024-12-27,499911008
RKLB,2024-12-31,499911008
RKLB,2025-01-07,499911008
RKLB,2025-01-14,448960000
RKLB,2025-01-18,460932000
RKLB,2025-02-08,448960000
RKLB,2025-03-01,453544992
RKLB,2025-03-03,453544992
RKLB,2025-03-04,498559008
RKLB,2025-03-10,497919008
RKLB,2025-03-11,453544992
RKLB,2025-03-13,453544992
RKLB,2025-03-14,453544992
RKLB,2025-03-15,453544992
RKLB,2025-03-19,453544992
RKLB,2025-03-25,453544992
RKLB,2025-03-26,472908992
RKLB,2025-03-27,453544992
RKLB,2025-03-28,453544992
RKLB,2025-04-01,472184000
RKLB,2025-04-04,453544992
RKLB,2025-04-05,453544992
RKLB,2025-04-11,453544992
RKLB,2025-04-15,453544992
RKLB,2025-04-16,453544992
RKLB,2025-04-18,453544992
RKLB,2025-04-22,480052992
RKLB,2025-04-23,470220000
RKLB,2025-04-24,453544992
RKLB,2025-04-26,453544992
RKLB,2025-04-29,453544992
RKLB,2025-04-30,459012000
RKLB,2025-05-01,453544992
RKLB,2025-05-02,461432000
RKLB,2025-05-06,461432000
RKLB,2025-05-07,461432000
RKLB,2025-05-08,461432000
RKLB,2025-05-09,461432000
RKLB,2025-05-10,461432000
RKLB,2025-05-22,461432000
RKLB,2025-05-23,461432000
RKLB,2025-05-28,461432000
RKLB,2025-05-29,461432000
RKLB,2025-05-30,461432000
RKLB,2025-05-31,461432000
RKLB,2025-06-03,461432000
RKLB,2025-06-05,461432000
RKLB,2025-06-06,469456992
RKLB,2025-06-07,461432000
RKLB,2025-06-11,461432000
RKLB,2025-06-12,461432000
RKLB,2025-06-14,479409984
RKLB,2025-06-18,463703008
RKLB,2025-06-21,461432000
RKLB,2025-06-27,461432000
RKLB,2025-07-01,461432000
RKLB,2025-07-02,461432000
RKLB,2025-07-03,461432000
RKLB,2025-07-08,461432000
RKLB,2025-07-09,463100000
RKLB,2025-07-10,461432000
RKLB,2025-07-12,461432000
RKLB,2025-07-15,479339008
RKLB,2025-07-18,479339008
RKLB,2025-07-23,479339008
RKLB,2025-07-24,479339008
RKLB,2025-07-26,479339008
RKLB,2025-07-29,479339008
RKLB,2025-07-31,479339008
RKLB,2025-08-02,479339008
RKLB,2025-08-03,479446016
RKLB,2025-08-05,479339008
RKLB,2025-08-08,479339008
RKLB,2025-08-09,479356000
RKLB,2025-08-12,479356000
RKLB,2025-08-13,479356000
RKLB,2025-08-14,482412992
RKLB,2025-08-15,482412992
RKLB,2025-08-16,482412992
RKLB,2025-08-19,482412992
RKLB,2025-08-23,482412992
RKLB,2025-08-29,482412992
RKLB,2025-09-03,482412992
RKLB,2025-09-04,482412992
RKLB,2025-09-06,482412992
RKLB,2025-09-10,482412992
RKLB,2025-09-17,483960665
RKLB,2025-09-18,483960665
RKLB,2025-09-19,483960665
RKLB,2025-09-20,483960665
RKLB,2025-09-23,483960665
RKLB,2025-09-24,483960665
RKLB,2025-09-25,483960665
RKLB,2025-09-26,487831513
RKLB,2025-09-27,483960665
RKLB,2025-09-30,483960665
RKLB,2025-10-03,483960665
RKLB,2025-10-06,483960665
RKLB,2025-10-07,483960665
RKLB,2025-10-08,483960665
RKLB,2025-10-11,483960665
RKLB,2025-10-14,483960665
RKLB,2025-10-15,483960665
RKLB,2025-10-17,483960665
RKLB,2025-10-18,483960665
RKLB,2025-10-21,483960665
RKLB,2025-10-22,490398674
RKLB,2025-10-23,483960665
RKLB,2025-10-24,483960665
RKLB,2025-10-28,498156845
RKLB,2025-10-29,483960665
RKLB,2025-10-30,483960665
RKLB,2025-10-31,483960665
RKLB,2025-11-04,483960665
RKLB,2025-11-07,483960665
RKLB,2025-11-08,483960665
RKLB,2025-11-12,534156333
RKLB,2025-11-13,534156333
RKLB,2025-11-17,534156333
RKLB,2026-03-05,567445449
RKLB,2026-03-24,569407668
RKLB,2026-04-08,575767300
RKLB,2026-04-16,578044302
RKLB,2026-05-09,578750990
RKLB,2026-05-23,578867475
RKLB,2026-06-05,624818725
RKLB,2026-06-16,624818725
RKLB,2026-08-12,639301732
RKLB,2026-08-14,639301732
WDC,2020-08-28,299700992
WDC,2020-09-01,302526016
WDC,2020-09-05,311752000
WDC,2020-09-06,302526016
WDC,2020-09-21,311224992
WDC,2020-09-22,302526016
WDC,2020-10-07,304228000
WDC,2020-11-10,304244992
WDC,2020-11-26,304244992
WDC,2021-02-11,306096992
WDC,2021-03-05,306096992
WDC,2021-03-17,306096992
WDC,2021-04-23,320880000
WDC,2021-04-25,312348000
WDC,2021-04-27,306096992
WDC,2021-05-11,306452992
WDC,2021-06-05,304904000
WDC,2021-08-20,313860992
WDC,2021-08-31,308748000
WDC,2021-09-01,308748000
WDC,2021-10-06,311542016
WDC,2021-10-26,312748000
WDC,2021-10-27,311542016
WDC,2021-11-06,311623008
WDC,2021-11-09,311623008
WDC,2021-11-17,314020992
WDC,2021-11-18,311623008
WDC,2021-12-03,315836000
WDC,2021-12-04,311623008
WDC,2022-01-21,322128000
WDC,2022-01-22,311623008
WDC,2022-02-04,318476000
WDC,2022-02-05,318476000
WDC,2022-02-07,312918016
WDC,2022-02-11,312918016
WDC,2022-03-29,313596992
WDC,2022-03-30,312918016
WDC,2022-05-06,313168000
WDC,2022-06-30,322411008
WDC,2022-07-01,313168000
WDC,2022-09-14,314492992
WDC,2022-10-05,317555008
WDC,2022-10-28,326247008
WDC,2022-11-06,317649984
WDC,2022-11-09,317649984
WDC,2023-01-04,319065984
WDC,2023-01-05,317649984
WDC,2023-02-02,319328000
WDC,2023-02-08,319328000
WDC,2023-03-18,321695008
WDC,2023-03-22,319328000
WDC,2023-03-30,337688992
WDC,2023-04-01,319328000
WDC,2023-04-04,323361984
WDC,2023-04-06,327343008
WDC,2023-04-07,326504992
WDC,2023-04-14,329024992
WDC,2023-04-19,322009984
WDC,2023-05-04,323385984
WDC,2023-05-06,319328000
WDC,2023-05-11,326320000
WDC,2023-05-12,322564992
WDC,2023-05-13,319328000
WDC,2023-05-16,319936992
WDC,2023-06-14,322080000
WDC,2023-06-15,319936992
WDC,2023-06-23,325767008
WDC,2023-06-24,319936992
WDC,2023-08-22,319936992
WDC,2023-08-26,321896000
WDC,2023-10-03,322992992
WDC,2023-10-05,321896000
WDC,2023-10-09,324144992
WDC,2023-10-11,324144992
WDC,2023-10-13,324144992
WDC,2023-10-14,324144992
WDC,2023-10-15,324144992
WDC,2023-10-17,335968992
WDC,2023-10-18,324144992
WDC,2023-10-19,324144992
WDC,2023-10-20,334608992
WDC,2023-10-21,324144992
WDC,2023-10-25,324144992
WDC,2023-10-26,324144992
WDC,2023-10-28,324144992
WDC,2023-10-31,324144992
WDC,2023-11-02,324144992
WDC,2023-11-03,324144992
WDC,2023-11-04,324144992
WDC,2023-11-08,324596992
WDC,2023-11-09,324243008
WDC,2023-11-11,324243008
WDC,2023-11-14,324243008
WDC,2023-11-17,324243008
WDC,2023-11-18,324243008
WDC,2023-11-21,324243008
WDC,2023-11-29,324243008
WDC,2023-11-30,324243008
WDC,2023-12-02,324243008
WDC,2023-12-06,329164992
WDC,2023-12-13,324243008
WDC,2023-12-15,324243008
WDC,2023-12-16,324243008
WDC,2023-12-19,324243008
WDC,2023-12-20,324243008
WDC,2023-12-22,324243008
WDC,2023-12-27,324243008
WDC,2023-12-30,324243008
WDC,2024-01-02,324243008
WDC,2024-01-05,324243008
WDC,2024-01-06,324567008
WDC,2024-01-10,324243008
WDC,2024-01-11,324243008
WDC,2024-01-16,324243008
WDC,2024-01-18,324243008
WDC,2024-01-20,324243008
WDC,2024-01-23,324243008
WDC,2024-01-24,324243008
WDC,2024-01-25,324243008
WDC,2024-02-09,328897984
WDC,2024-02-10,325955008
WDC,2024-02-13,324243008
WDC,2024-02-14,325860000
WDC,2024-02-21,325860000
WDC,2024-02-22,325860000
WDC,2024-02-23,325860000
WDC,2024-02-29,325860000
WDC,2024-03-01,325860000
WDC,2024-03-05,325860000
WDC,2024-03-06,325860000
WDC,2024-03-12,325860000
WDC,2024-03-13,325860000
WDC,2024-03-15,325860000
WDC,2024-03-16,325860000
WDC,2024-03-20,325860000
WDC,2024-03-29,325860000
WDC,2024-04-03,325860000
WDC,2024-04-04,325860000
WDC,2024-04-09,326476000
WDC,2024-04-13,326476000
WDC,2024-04-16,326476000
WDC,2024-04-19,326476000
WDC,2024-04-24,326476000
WDC,2024-04-25,326476000
WDC,2024-04-30,326476000
WDC,2024-05-01,326524992
WDC,2024-05-02,326524992
WDC,2024-05-03,326524992
WDC,2024-05-04,326524992
WDC,2024-05-06,326524992
WDC,2024-05-07,326524992
WDC,2024-05-08,326524992
WDC,2024-05-09,326524992
WDC,2024-05-10,326524992
WDC,2024-05-11,328759008
WDC,2024-05-15,326524992
WDC,2024-05-16,326524992
WDC,2024-05-21,326524992
WDC,2024-05-22,326524992
WDC,2024-05-23,326524992
WDC,2024-05-24,326524992
WDC,2024-05-25,326524992
WDC,2024-05-31,326524992
WDC,2024-06-04,326524992
WDC,2024-06-05,326524992
WDC,2024-06-06,326524992
WDC,2024-06-07,326524992
WDC,2024-06-08,326524992
WDC,2024-06-12,329169984
WDC,2024-06-13,326524992
WDC,2024-06-14,326524992
WDC,2024-06-15,332627008
WDC,2024-06-19,326524992
WDC,2024-06-21,343388000
WDC,2024-06-22,326524992
WDC,2024-06-27,326524992
WDC,2024-06-28,326524992
WDC,2024-07-02,326524992
WDC,2024-07-03,326524992
WDC,2024-07-04,326524992
WDC,2024-07-09,326524992
WDC,2024-07-10,326524992
WDC,2024-07-16,326524992
WDC,2024-07-17,326524992
WDC,2024-07-18,326524992
WDC,2024-07-19,326524992
WDC,2024-07-20,326524992
WDC,2024-07-23,326524992
WDC,2024-07-24,326972000
WDC,2024-07-25,326524992
WDC,2024-07-26,326524992
WDC,2024-07-27,326524992
WDC,2024-07-30,326524992
WDC,2024-07-31,326524992
WDC,2024-08-01,326524992
WDC,2024-08-21,343452000
WDC,2024-08-22,343452000
WDC,2024-08-27,343452000
WDC,2024-08-28,343452000
WDC,2024-08-29,343452000
WDC,2024-09-03,343452000
WDC,2024-09-04,343452000
WDC,2024-09-06,343452000
WDC,2024-09-07,343452000
WDC,2024-09-10,343452000
WDC,2024-09-11,343452000
WDC,2024-09-12,343452000
WDC,2024-09-16,348435008
WDC,2024-09-17,343452000
WDC,2024-09-18,343452000
WDC,2024-09-19,343452000
WDC,2024-09-21,343452000
WDC,2024-09-24,343452000
WDC,2024-09-28,343452000
WDC,2024-10-01,343452000
WDC,2024-10-04,343452000
WDC,2024-10-05,343452000
WDC,2024-10-08,343452000
WDC,2024-10-09,345673984
WDC,2024-10-10,345673984
WDC,2024-10-12,345673984
WDC,2024-10-15,345673984
WDC,2024-10-18,345673984
WDC,2024-10-19,345673984
WDC,2024-10-25,347184992
WDC,2024-10-29,352862016
WDC,2024-10-30,345673984
WDC,2024-10-31,345673984
WDC,2024-11-01,345708000
WDC,2024-11-02,345708000
WDC,2024-11-05,349207008
WDC,2024-11-06,345708000
WDC,2024-11-07,345708000
WDC,2024-11-12,345708000
WDC,2024-11-13,345708000
WDC,2024-11-14,345708000
WDC,2024-11-15,345708000
WDC,2024-11-16,345708000
WDC,2024-11-21,345708000
WDC,2024-11-27,345708000
WDC,2024-11-28,345708000
WDC,2024-11-30,345708000
WDC,2024-12-03,345708000
WDC,2024-12-04,345708000
WDC,2024-12-05,345708000
WDC,2024-12-06,345708000
WDC,2024-12-10,345708000
WDC,2024-12-11,345708000
WDC,2024-12-12,345708000
WDC,2024-12-13,366192000
WDC,2024-12-14,345708000
WDC,2024-12-17,345708000
WDC,2024-12-21,345708000
WDC,2024-12-25,345708000
WDC,2024-12-27,345708000
WDC,2024-12-28,345708000
WDC,2024-12-31,345708000
WDC,2025-01-01,345708000
WDC,2025-01-04,345708000
WDC,2025-01-07,345708000
WDC,2025-01-11,345708000
WDC,2025-01-14,345708000
WDC,2025-01-22,345708000
WDC,2025-01-23,345708000
WDC,2025-01-25,345708000
WDC,2025-01-28,345708000
WDC,2025-02-01,347824000
WDC,2025-02-04,347824000
WDC,2025-02-06,347824000
WDC,2025-02-07,347824000
WDC,2025-02-08,347932000
WDC,2025-02-11,347824000
WDC,2025-02-12,347824000
WDC,2025-02-14,347824000
WDC,2025-02-15,347824000
WDC,2025-02-19,347824000
WDC,2025-02-21,347824000
WDC,2025-02-22,347824000
WDC,2025-03-01,347824000
WDC,2025-03-03,348036992
WDC,2025-03-04,361721984
WDC,2025-03-07,347824000
WDC,2025-03-08,347824000
WDC,2025-03-10,357862016
WDC,2025-03-11,347824000
WDC,2025-03-12,347824000
WDC,2025-03-14,347824000
WDC,2025-03-18,347824000
WDC,2025-03-21,347824000
WDC,2025-03-22,354596000
WDC,2025-03-25,347824000
WDC,2025-03-26,355199008
WDC,2025-03-27,354108000
WDC,2025-03-28,347824000
WDC,2025-03-29,347824000
WDC,2025-04-01,349457984
WDC,2025-04-04,347824000
WDC,2025-04-10,362088000
WDC,2025-04-11,347824000
WDC,2025-04-17,347824000
WDC,2025-04-22,353144000
WDC,2025-04-23,347824000
WDC,2025-04-29,347824000
WDC,2025-04-30,350307008
WDC,2025-05-01,347824000
WDC,2025-05-02,347824000
WDC,2025-05-04,348878016
WDC,2025-05-06,348878016
WDC,2025-05-07,348878016
WDC,2025-05-10,348878016
WDC,2025-05-13,348878016
WDC,2025-05-14,348878016
WDC,2025-05-15,348878016
WDC,2025-05-16,348878016
WDC,2025-05-17,348878016
WDC,2025-05-20,348878016
WDC,2025-05-27,348878016
WDC,2025-05-29,348878016
WDC,2025-05-30,355646016
WDC,2025-05-31,348878016
WDC,2025-06-03,348878016
WDC,2025-06-05,348878016
WDC,2025-06-06,348878016
WDC,2025-06-07,348878016
WDC,2025-06-11,348878016
WDC,2025-06-14,348878016
WDC,2025-06-16,348878016
WDC,2025-06-17,348878016
WDC,2025-06-24,348878016
WDC,2025-06-27,348878016
WDC,2025-06-28,348878016
WDC,2025-07-04,348878016
WDC,2025-07-08,348878016
WDC,2025-07-09,348878016
WDC,2025-07-10,348878016
WDC,2025-07-11,348878016
WDC,2025-07-23,348878016
WDC,2025-07-25,348878016
WDC,2025-07-29,348878016
WDC,2025-08-07,348878016
WDC,2025-08-08,348878016
WDC,2025-08-09,348878016
WDC,2025-08-12,348878016
WDC,2025-08-13,348878016
WDC,2025-08-14,348878016
WDC,2025-08-15,348878016
WDC,2025-08-16,346921984
WDC,2025-08-20,346921984
WDC,2025-08-21,346921984
WDC,2025-08-22,346921984
WDC,2025-08-26,346921984
WDC,2025-08-27,346921984
WDC,2025-08-30,346921984
WDC,2025-09-04,346921984
WDC,2025-09-05,346921984
WDC,2025-09-06,346921984
WDC,2025-09-09,346921984
WDC,2025-09-10,346921984
WDC,2025-09-11,346921984
WDC,2025-09-12,346921984
WDC,2025-09-13,346921984
WDC,2025-09-17,346922126
WDC,2025-09-19,346922126
WDC,2025-09-20,346922126
WDC,2025-09-23,346922126
WDC,2025-09-26,354947188
WDC,2025-09-27,346922126
WDC,2025-09-30,346922126
WDC,2025-10-03,346922126
WDC,2025-10-06,346922126
WDC,2025-10-08,362398098
WDC,2025-10-15,360158023
WDC,2025-10-20,355968044
WDC,2025-10-22,356319878
WDC,2025-10-23,342795534
WDC,2025-10-27,350264672
WDC,2025-10-28,342795534
WDC,2025-11-04,341899281
WDC,2025-11-06,341899281
WDC,2025-11-07,341899281
WDC,2025-11-08,341899281
WDC,2025-11-11,341899281
WDC,2025-11-12,341899281
WDC,2025-11-13,341899281
WDC,2025-11-15,341899281
WDC,2025-11-17,342795534
WDC,2026-01-31,339037922
WDC,2026-02-04,341899281
WDC,2026-05-05,344682131
WDC,2026-08-18,360540944
STX,2020-08-12,257462000
STX,2020-08-28,257462000
STX,2020-09-02,256536992
STX,2020-09-05,256536992
STX,2020-09-06,256536992
STX,2020-09-21,258218000
STX,2020-09-22,256536992
STX,2020-10-24,258000000
STX,2020-10-31,256932000
STX,2020-11-03,256932000
STX,2020-11-26,256932000
STX,2021-01-23,240000000
STX,2021-01-25,240000000
STX,2021-01-30,236682000
STX,2021-02-01,236682000
STX,2021-03-05,231531008
STX,2021-03-12,231531008
STX,2021-03-13,231531008
STX,2021-03-17,231531008
STX,2021-04-01,231531008
STX,2021-04-02,231531008
STX,2021-04-09,231531008
STX,2021-04-10,231531008
STX,2021-04-23,230980000
STX,2021-04-24,217844000
STX,2021-04-26,217844000
STX,2021-04-27,230000000
STX,2021-05-04,228872992
STX,2021-05-20,228872992
STX,2021-05-25,219010000
STX,2021-06-29,228872992
STX,2021-07-20,229335008
STX,2021-07-21,228872992
STX,2021-07-23,227000000
STX,2021-08-10,227603008
STX,2021-08-18,228864992
STX,2021-08-19,227603008
STX,2021-09-02,225972000
STX,2021-09-11,235182000
STX,2021-10-05,226698000
STX,2021-10-06,225972000
STX,2021-10-19,225972000
STX,2021-11-01,222636000
STX,2021-11-03,222636000
STX,2021-11-18,222636000
STX,2022-01-28,219000000
STX,2022-01-31,218898000
STX,2022-02-11,218898000
STX,2022-03-28,218898000
STX,2022-05-02,216000000
STX,2022-05-04,214844000
STX,2022-06-24,217424992
STX,2022-06-29,214844000
STX,2022-07-01,214964000
STX,2022-07-02,214844000
STX,2022-07-25,210000000
STX,2022-07-29,212988992
STX,2022-07-30,210000000
STX,2022-08-10,208755008
STX,2022-09-02,208755008
STX,2022-09-14,206824992
STX,2022-10-28,206000000
STX,2022-10-30,206454000
STX,2022-11-22,208248000
STX,2022-11-23,206454000
STX,2023-01-04,209359008
STX,2023-01-05,206454000
STX,2023-01-27,206484000
STX,2023-03-04,207411008
STX,2023-03-05,206484000
STX,2023-03-08,210404992
STX,2023-03-09,206484000
STX,2023-03-18,207024992
STX,2023-03-22,206484000
STX,2023-03-30,217964992
STX,2023-03-31,206484000
STX,2023-04-04,207646000
STX,2023-04-06,208012000
STX,2023-04-07,206484000
STX,2023-04-21,207000000
STX,2023-04-28,207082000
STX,2023-04-29,207082000
STX,2023-05-04,210526000
STX,2023-05-06,207082000
STX,2023-05-11,207227008
STX,2023-05-12,208796000
STX,2023-05-13,207082000
STX,2023-06-23,210479008
STX,2023-06-24,207082000
STX,2023-07-06,210555008
STX,2023-07-07,207082000
STX,2023-07-08,208936992
STX,2023-07-12,209344992
STX,2023-07-13,207082000
STX,2023-07-21,209038000
STX,2023-07-26,207082000
STX,2023-08-22,207392992
STX,2023-09-08,207848000
STX,2023-10-20,207848000
STX,2023-10-21,207848000
STX,2023-10-24,207848000
STX,2023-10-25,207848000
STX,2023-10-26,207848000
STX,2023-10-27,209000000
STX,2023-10-28,209000000
STX,2023-10-31,209184000
STX,2023-11-01,209184000
STX,2023-11-04,209184000
STX,2023-11-08,210040000
STX,2023-11-09,209184000
STX,2023-11-10,209184000
STX,2023-11-15,209184000
STX,2023-11-17,209184000
STX,2023-11-18,209184000
STX,2023-11-21,209184000
STX,2023-11-25,209184000
STX,2023-11-28,209184000
STX,2023-11-29,209184000
STX,2023-11-30,209184000
STX,2023-12-01,209184000
STX,2023-12-03,209236992
STX,2023-12-05,209184000
STX,2023-12-06,213615008
STX,2023-12-08,209184000
STX,2023-12-09,209184000
STX,2023-12-12,209184000
STX,2023-12-14,209184000
STX,2023-12-15,209392000
STX,2023-12-16,209184000
STX,2023-12-20,209184000
STX,2023-12-22,209184000
STX,2023-12-23,209528000
STX,2023-12-26,209184000
STX,2023-12-28,209184000
STX,2023-12-29,209184000
STX,2023-12-30,209184000
STX,2024-01-02,209184000
STX,2024-01-03,209184000
STX,2024-01-04,209184000
STX,2024-01-05,209184000
STX,2024-01-11,209184000
STX,2024-01-12,209184000
STX,2024-01-17,209184000
STX,2024-01-18,209184000
STX,2024-01-23,209184000
STX,2024-01-25,210000000
STX,2024-01-26,210000000
STX,2024-01-30,209511008
STX,2024-02-01,209511008
STX,2024-02-02,209511008
STX,2024-02-06,209511008
STX,2024-02-07,209511008
STX,2024-02-08,209511008
STX,2024-02-09,209511008
STX,2024-02-10,209511008
STX,2024-02-13,209511008
STX,2024-02-14,209511008
STX,2024-02-16,209511008
STX,2024-02-17,209511008
STX,2024-02-21,209511008
STX,2024-02-22,209511008
STX,2024-02-28,209511008
STX,2024-03-01,209511008
STX,2024-03-02,209511008
STX,2024-03-05,209511008
STX,2024-03-09,209511008
STX,2024-03-12,209511008
STX,2024-03-13,215300000
STX,2024-03-14,209511008
STX,2024-03-16,209511008
STX,2024-03-19,209511008
STX,2024-03-20,209511008
STX,2024-03-21,209511008
STX,2024-03-23,209511008
STX,2024-03-26,209511008
STX,2024-04-12,218315008
STX,2024-04-13,209511008
STX,2024-04-16,209511008
STX,2024-04-17,209511008
STX,2024-04-18,209511008
STX,2024-04-19,209511008
STX,2024-04-23,209511008
STX,2024-04-24,209511008
STX,2024-04-30,209988992
STX,2024-05-01,210404000
STX,2024-05-07,209988992
STX,2024-05-08,209988992
STX,2024-05-14,211927008
STX,2024-05-18,216535008
STX,2024-05-21,217190000
STX,2024-05-22,209988992
STX,2024-05-24,212707008
STX,2024-05-25,209988992
STX,2024-05-31,211187008
STX,2024-06-04,209988992
STX,2024-06-05,209988992
STX,2024-06-06,209988992
STX,2024-06-08,209988992
STX,2024-06-12,209988992
STX,2024-06-13,209988992
STX,2024-06-14,209988992
STX,2024-06-15,211828000
STX,2024-06-19,209988992
STX,2024-06-21,209988992
STX,2024-06-27,209988992
STX,2024-06-28,209988992
STX,2024-07-04,209988992
STX,2024-07-09,209988992
STX,2024-07-10,209988992
STX,2024-07-11,209988992
STX,2024-07-12,209988992
STX,2024-07-16,210452000
STX,2024-07-17,209988992
STX,2024-07-18,217552992
STX,2024-07-19,209988992
STX,2024-07-20,209988992
STX,2024-07-23,209988992
STX,2024-07-24,211743008
STX,2024-07-26,221112992
STX,2024-08-02,216712000
STX,2024-08-03,219824992
STX,2024-08-06,210195008
STX,2024-08-07,210195008
STX,2024-08-13,210195008
STX,2024-08-14,210195008
STX,2024-08-15,210195008
STX,2024-08-23,210195008
STX,2024-08-27,210195008
STX,2024-08-29,213287008
STX,2024-08-30,210195008
STX,2024-09-04,210490000
STX,2024-09-05,210490000
STX,2024-09-07,216612000
STX,2024-09-10,210490000
STX,2024-09-11,210490000
STX,2024-09-13,210490000
STX,2024-09-17,211920992
STX,2024-09-18,210490000
STX,2024-09-19,210490000
STX,2024-09-21,210490000
STX,2024-09-24,210490000
STX,2024-09-28,210490000
STX,2024-10-01,210490000
STX,2024-10-03,210490000
STX,2024-10-04,210490000
STX,2024-10-05,210490000
STX,2024-10-09,210490000
STX,2024-10-10,212708000
STX,2024-10-11,210490000
STX,2024-10-15,210490000
STX,2024-10-16,210527008
STX,2024-10-17,210490000
STX,2024-10-18,211846000
STX,2024-10-23,229034000
STX,2024-10-24,211000000
STX,2024-10-26,212044992
STX,2024-10-29,215582000
STX,2024-10-30,211530000
STX,2024-10-31,214794000
STX,2024-11-02,211530000
STX,2024-11-09,211530000
STX,2024-11-12,211530000
STX,2024-11-13,215852992
STX,2024-11-23,211530000
STX,2024-11-26,211530000
STX,2024-11-27,211530000
STX,2024-11-28,211530000
STX,2024-12-04,211530000
STX,2024-12-05,211530000
STX,2024-12-11,214520992
STX,2024-12-12,211530000
STX,2024-12-13,213154000
STX,2024-12-14,217362000
STX,2024-12-17,211530000
STX,2024-12-18,213970000
STX,2024-12-20,211530000
STX,2024-12-25,211530000
STX,2024-12-27,211530000
STX,2025-01-04,211530000
STX,2025-01-07,211530000
STX,2025-01-08,211530000
STX,2025-01-11,211530000
STX,2025-01-14,211530000
STX,2025-01-17,211530000
STX,2025-01-18,211530000
STX,2025-01-23,211530000
STX,2025-01-28,211707008
STX,2025-01-29,211707008
STX,2025-02-01,215926000
STX,2025-02-04,211707008
STX,2025-02-05,211707008
STX,2025-02-06,211707008
STX,2025-02-07,211707008
STX,2025-02-08,211707008
STX,2025-02-11,211707008
STX,2025-02-13,211707008
STX,2025-02-19,211707008
STX,2025-02-21,211707008
STX,2025-02-22,211707008
STX,2025-02-26,211707008
STX,2025-02-27,211707008
STX,2025-03-04,211707008
STX,2025-03-05,211707008
STX,2025-03-06,211707008
STX,2025-03-08,211707008
STX,2025-03-11,215603008
STX,2025-03-13,211707008
STX,2025-03-18,211707008
STX,2025-03-19,211707008
STX,2025-03-20,211707008
STX,2025-03-22,211707008
STX,2025-03-27,211707008
STX,2025-03-28,212022000
STX,2025-04-01,211707008
STX,2025-04-02,211707008
STX,2025-04-04,211707008
STX,2025-04-10,211707008
STX,2025-04-11,225370000
STX,2025-04-15,211707008
STX,2025-04-18,211707008
STX,2025-04-22,217004992
STX,2025-04-23,211707008
STX,2025-04-25,211707008
STX,2025-04-26,212578000
STX,2025-04-29,211707008
STX,2025-04-30,213160000
STX,2025-05-04,212216992
STX,2025-05-06,212216992
STX,2025-05-07,212216992
STX,2025-05-08,212216992
STX,2025-05-09,212216992
STX,2025-05-10,213526000
STX,2025-05-16,212216992
STX,2025-05-17,212216992
STX,2025-05-21,212216992
STX,2025-05-24,212216992
STX,2025-05-28,212216992
STX,2025-05-30,212576992
STX,2025-05-31,212216992
STX,2025-06-06,213420992
STX,2025-06-07,212216992
STX,2025-06-10,212216992
STX,2025-06-11,215832000
STX,2025-06-12,212216992
STX,2025-06-13,212216992
STX,2025-06-17,212216992
STX,2025-06-18,212492992
STX,2025-06-19,212216992
STX,2025-06-21,212216992
STX,2025-06-25,212216992
STX,2025-06-26,212216992
STX,2025-06-28,212216992
STX,2025-06-30,212216992
STX,2025-07-01,212216992
STX,2025-07-02,212216992
STX,2025-07-03,212216992
STX,2025-07-04,212216992
STX,2025-07-09,217976000
STX,2025-07-10,215894000
STX,2025-07-11,215938000
STX,2025-07-12,212216992
STX,2025-07-17,212216992
STX,2025-07-18,212216992
STX,2025-07-19,212216992
STX,2025-07-23,212216992
STX,2025-07-24,212216992
STX,2025-07-26,212216992
STX,2025-07-29,212216992
STX,2025-07-30,212216992
STX,2025-07-31,213000000
STX,2025-08-01,213000000
STX,2025-08-02,213000000
STX,2025-08-05,212676992
STX,2025-08-06,212676992
STX,2025-08-07,219132000
STX,2025-08-08,212676992
STX,2025-08-09,212676992
STX,2025-08-12,212676992
STX,2025-08-13,212676992
STX,2025-08-14,212676992
STX,2025-08-21,212676992
STX,2025-08-22,212676992
STX,2025-08-23,212676992
STX,2025-08-27,212676992
STX,2025-08-29,212676992
STX,2025-08-30,219004000
STX,2025-09-04,212676992
STX,2025-09-05,212676992
STX,2025-09-09,212676992
STX,2025-09-10,212676992
STX,2025-09-11,212968000
STX,2025-09-17,212968277
STX,2025-09-18,212968277
STX,2025-09-19,212968277
STX,2025-09-20,212968277
STX,2025-09-23,212968277
STX,2025-09-25,212968277
STX,2025-09-26,212968277
STX,2025-10-02,212968277
STX,2025-10-06,214611096
STX,2025-10-07,212968277
STX,2025-10-08,229834615
STX,2025-10-11,212968277
STX,2025-10-15,212968277
STX,2025-10-16,212968277
STX,2025-10-18,212968277
STX,2025-10-20,223894821
STX,2025-10-22,223717433
STX,2025-10-23,212968277
STX,2025-10-24,212968277
STX,2025-10-27,216481995
STX,2025-10-28,212968277
STX,2025-10-29,212968277
STX,2025-10-30,212968277
STX,2025-11-01,213558113
STX,2025-11-04,213558113
STX,2025-11-05,213558113
STX,2025-11-06,213558113
STX,2025-11-08,213558113
STX,2025-11-12,213558113
STX,2025-11-14,217872054
STX,2025-11-15,221542491
STX,2025-11-17,217872054
STX,2026-02-03,218073067
STX,2026-03-04,224025377
STX,2026-05-01,224228992
STX,2026-05-30,226252116
STX,2026-07-30,227000000
STX,2026-08-06,226644518
STX,2026-09-10,227393014
CRWD,2020-06-05,215994000
CRWD,2020-08-28,215994000
CRWD,2020-09-05,237418000
CRWD,2020-09-06,215994000
CRWD,2020-09-07,219448992
CRWD,2020-09-21,214690000
CRWD,2020-11-07,219448992
CRWD,2020-11-26,219448992
CRWD,2020-12-01,219448992
CRWD,2020-12-05,221264000
CRWD,2020-12-07,221264000
CRWD,2021-03-17,224296000
CRWD,2021-03-20,223876000
CRWD,2021-03-22,223876000
CRWD,2021-04-23,217307008
CRWD,2021-04-24,214760000
CRWD,2021-04-27,223876000
CRWD,2021-05-18,225754000
CRWD,2021-06-08,225811008
CRWD,2021-06-26,226220992
CRWD,2021-06-28,225811008
CRWD,2021-08-17,234575008
CRWD,2021-08-18,225811008
CRWD,2021-08-27,218707008
CRWD,2021-09-03,228192992
CRWD,2021-09-18,229624000
CRWD,2021-09-19,228192992
CRWD,2021-10-06,222564992
CRWD,2021-10-07,228192992
CRWD,2021-10-16,228192992
CRWD,2021-10-28,234800992
CRWD,2021-10-29,228192992
CRWD,2021-10-30,228192992
CRWD,2021-11-05,220872000
CRWD,2021-11-06,228192992
CRWD,2021-12-08,229339008
CRWD,2022-02-04,237955008
CRWD,2022-02-11,229339008
CRWD,2022-03-15,238632000
CRWD,2022-03-16,231648992
CRWD,2022-03-19,230768000
CRWD,2022-03-25,226719008
CRWD,2022-03-26,230768000
CRWD,2022-04-13,223632992
CRWD,2022-04-14,215038000
CRWD,2022-04-29,224080992
CRWD,2022-04-30,230768000
CRWD,2022-05-05,234522000
CRWD,2022-05-10,232019008
CRWD,2022-05-27,218320992
CRWD,2022-05-28,213356000
CRWD,2022-05-30,232019008
CRWD,2022-06-07,232072000
CRWD,2022-07-29,225534000
CRWD,2022-07-30,232072000
CRWD,2022-09-14,233380992
CRWD,2022-09-19,233380000
CRWD,2022-09-22,233380992
CRWD,2022-10-01,233380000
CRWD,2022-10-04,227178000
CRWD,2022-10-08,233380992
CRWD,2022-10-11,233380000
CRWD,2022-10-12,241304992
CRWD,2022-10-14,233380000
CRWD,2022-10-15,233380992
CRWD,2022-10-18,233380000
CRWD,2022-10-20,240020992
CRWD,2022-10-22,233380000
CRWD,2022-10-26,233380992
CRWD,2022-11-08,238771008
CRWD,2022-11-10,233380992
CRWD,2022-11-11,233380000
CRWD,2022-11-17,233380992
CRWD,2022-11-24,224948992
CRWD,2022-11-25,233380000
CRWD,2022-11-29,233380992
CRWD,2022-12-04,234394000
CRWD,2022-12-13,227552000
CRWD,2022-12-15,234394000
CRWD,2022-12-17,234394000
CRWD,2022-12-21,234394000
CRWD,2023-02-02,234394000
CRWD,2023-02-06,234394000
CRWD,2023-03-10,235864000
CRWD,2023-03-11,235864000
CRWD,2023-03-18,236475008
CRWD,2023-03-21,235864000
CRWD,2023-03-23,240748992
CRWD,2023-03-24,235864000
CRWD,2023-04-04,237108000
CRWD,2023-04-05,236399008
CRWD,2023-04-10,235864000
CRWD,2023-04-21,230643008
CRWD,2023-04-22,235864000
CRWD,2023-05-03,240006000
CRWD,2023-05-06,227060992
CRWD,2023-05-07,235864000
CRWD,2023-05-09,237099008
CRWD,2023-05-12,240060000
CRWD,2023-05-15,243599008
CRWD,2023-05-18,237099008
CRWD,2023-06-02,237108000
CRWD,2023-06-03,227732000
CRWD,2023-06-04,237108000
CRWD,2023-06-23,250674000
CRWD,2023-06-24,237108000
CRWD,2023-07-11,227779008
CRWD,2023-07-13,237108000
CRWD,2023-07-19,237450000
CRWD,2023-07-20,237108000
CRWD,2023-08-22,237108000
CRWD,2023-08-23,239552000
CRWD,2023-08-24,237108000
CRWD,2023-09-02,238788000
CRWD,2023-10-03,235788000
CRWD,2023-10-04,238788000
CRWD,2023-10-11,236152000
CRWD,2023-10-20,243020000
CRWD,2023-10-21,238788000
CRWD,2023-10-24,238788000
CRWD,2023-10-25,233980000
CRWD,2023-10-26,238788000
CRWD,2023-10-27,238788000
CRWD,2023-11-04,231887008
CRWD,2023-11-07,238788000
CRWD,2023-11-08,231848992
CRWD,2023-11-09,238788000
CRWD,2023-11-10,238788000
CRWD,2023-11-11,238788000
CRWD,2023-11-14,238788000
CRWD,2023-11-16,238788000
CRWD,2023-11-18,238788000
CRWD,2023-11-21,238788000
CRWD,2023-11-22,238788000
CRWD,2023-11-28,238788000
CRWD,2023-11-29,238788000
CRWD,2023-11-30,240144992
CRWD,2023-12-06,240144992
CRWD,2023-12-07,240144992
CRWD,2023-12-12,240144992
CRWD,2023-12-13,240144992
CRWD,2023-12-15,239726000
CRWD,2023-12-16,240144992
CRWD,2023-12-19,240144992
CRWD,2023-12-20,240144992
CRWD,2023-12-21,240144992
CRWD,2023-12-22,237084000
CRWD,2023-12-23,241732000
CRWD,2023-12-26,240144992
CRWD,2023-12-27,240144992
CRWD,2023-12-29,240144992
CRWD,2023-12-30,240144992
CRWD,2024-01-03,240144992
CRWD,2024-01-04,240144992
CRWD,2024-01-05,240144992
CRWD,2024-01-06,240144992
CRWD,2024-01-09,240144992
CRWD,2024-01-10,240144992
CRWD,2024-01-11,240144992
CRWD,2024-01-13,240144992
CRWD,2024-01-17,240144992
CRWD,2024-01-19,240144992
CRWD,2024-01-23,240144992
CRWD,2024-01-27,240144992
CRWD,2024-01-30,240144992
CRWD,2024-02-02,240144992
CRWD,2024-02-03,240144992
CRWD,2024-02-06,240144992
CRWD,2024-02-08,240144992
CRWD,2024-02-09,240144992
CRWD,2024-02-10,240144992
CRWD,2024-02-13,240144992
CRWD,2024-02-14,240144992
CRWD,2024-02-15,240144992
CRWD,2024-02-17,240144992
CRWD,2024-02-21,240144992
CRWD,2024-02-24,240144992
CRWD,2024-02-28,240144992
CRWD,2024-02-29,240144992
CRWD,2024-03-04,240136992
CRWD,2024-03-05,240144992
CRWD,2024-03-06,240144992
CRWD,2024-03-08,241868992
CRWD,2024-03-12,241868992
CRWD,2024-03-15,241868992
CRWD,2024-03-16,251936992
CRWD,2024-03-19,241868992
CRWD,2024-03-22,241868992
CRWD,2024-03-26,241868992
CRWD,2024-03-27,241868992
CRWD,2024-04-13,241868992
CRWD,2024-04-16,241868992
CRWD,2024-04-17,241868992
CRWD,2024-04-19,241868992
CRWD,2024-04-24,241868992
CRWD,2024-04-25,241868992
CRWD,2024-04-26,241868992
CRWD,2024-04-27,241868992
CRWD,2024-04-30,241868992
CRWD,2024-05-01,241868992
CRWD,2024-05-02,241868992
CRWD,2024-05-03,241868992
CRWD,2024-05-04,236668000
CRWD,2024-05-06,236084992
CRWD,2024-05-07,241868992
CRWD,2024-05-08,243178000
CRWD,2024-05-10,239951008
CRWD,2024-05-11,241070000
CRWD,2024-05-15,235526000
CRWD,2024-05-16,243178000
CRWD,2024-05-17,243178000
CRWD,2024-05-21,242780992
CRWD,2024-05-22,245924000
CRWD,2024-05-23,243178000
CRWD,2024-05-24,245359008
CRWD,2024-05-25,236868000
CRWD,2024-05-31,269040992
CRWD,2024-06-06,243360992
CRWD,2024-06-07,243360992
CRWD,2024-06-12,243360992
CRWD,2024-06-13,243360992
CRWD,2024-06-15,243360992
CRWD,2024-06-19,243360992
CRWD,2024-06-21,248054000
CRWD,2024-06-22,243360992
CRWD,2024-06-26,243360992
CRWD,2024-06-28,243360992
CRWD,2024-07-02,243360992
CRWD,2024-07-03,243360992
CRWD,2024-07-04,243360992
CRWD,2024-07-06,243360992
CRWD,2024-07-10,243360992
CRWD,2024-07-11,243360992
CRWD,2024-07-13,243360992
CRWD,2024-07-16,243360992
CRWD,2024-07-18,243360992
CRWD,2024-07-19,243360992
CRWD,2024-07-20,243360992
CRWD,2024-07-24,243360992
CRWD,2024-07-25,243360992
CRWD,2024-07-26,243360992
CRWD,2024-07-27,243360992
CRWD,2024-07-31,269448992
CRWD,2024-08-01,243360992
CRWD,2024-08-02,243360992
CRWD,2024-08-03,243360992
CRWD,2024-08-07,243360992
CRWD,2024-08-08,243360992
CRWD,2024-08-10,243360992
CRWD,2024-08-12,244947008
CRWD,2024-08-13,243360992
CRWD,2024-08-14,243360992
CRWD,2024-08-15,243360992
CRWD,2024-08-17,243360992
CRWD,2024-08-20,243360992
CRWD,2024-08-21,243360992
CRWD,2024-08-23,243360992
CRWD,2024-08-24,243360992
CRWD,2024-08-27,248624992
CRWD,2024-08-29,243360992
CRWD,2024-08-30,245126000
CRWD,2024-08-31,245126000
CRWD,2024-09-03,245126000
CRWD,2024-09-04,245126000
CRWD,2024-09-05,245126000
CRWD,2024-09-06,245126000
CRWD,2024-09-07,245126000
CRWD,2024-09-11,245126000
CRWD,2024-09-12,245126000
CRWD,2024-09-16,237182000
CRWD,2024-09-17,245126000
CRWD,2024-09-18,245126000
CRWD,2024-09-19,245126000
CRWD,2024-09-20,245126000
CRWD,2024-09-21,245126000
CRWD,2024-09-25,245126000
CRWD,2024-09-26,245126000
CRWD,2024-09-28,245126000
CRWD,2024-10-01,245126000
CRWD,2024-10-02,245126000
CRWD,2024-10-03,245126000
CRWD,2024-10-04,245126000
CRWD,2024-10-05,245126000
CRWD,2024-10-08,249472000
CRWD,2024-10-09,245126000
CRWD,2024-10-10,245126000
CRWD,2024-10-12,245126000
CRWD,2024-10-14,252776000
CRWD,2024-10-15,245126000
CRWD,2024-10-16,245159008
CRWD,2024-10-17,245126000
CRWD,2024-10-18,245126000
CRWD,2024-10-23,245126000
CRWD,2024-10-24,245126000
CRWD,2024-10-25,244050000
CRWD,2024-10-29,245126000
CRWD,2024-10-30,245126000
CRWD,2024-10-31,245126000
CRWD,2024-11-01,245126000
CRWD,2024-11-05,245126000
CRWD,2024-11-06,245126000
CRWD,2024-11-07,245126000
CRWD,2024-11-13,245126000
CRWD,2024-11-15,245126000
CRWD,2024-11-16,245126000
CRWD,2024-11-19,240680992
CRWD,2024-11-20,245126000
CRWD,2024-11-21,245126000
CRWD,2024-11-23,245126000
CRWD,2024-11-27,245126000
CRWD,2024-11-28,246311008
CRWD,2024-11-30,247464992
CRWD,2024-12-03,246311008
CRWD,2024-12-04,246311008
CRWD,2024-12-06,246311008
CRWD,2024-12-11,246311008
CRWD,2024-12-13,244606000
CRWD,2024-12-14,246311008
CRWD,2024-12-17,233851008
CRWD,2024-12-18,246311008
CRWD,2024-12-27,246311008
CRWD,2025-01-03,246311008
CRWD,2025-01-09,246311008
CRWD,2025-01-11,246311008
CRWD,2025-01-14,246311008
CRWD,2025-01-15,246311008
CRWD,2025-01-17,246311008
CRWD,2025-01-18,246311008
CRWD,2025-01-22,246311008
CRWD,2025-01-24,246311008
CRWD,2025-01-30,246311008
CRWD,2025-01-31,246311008
CRWD,2025-02-01,246311008
CRWD,2025-02-04,246311008
CRWD,2025-02-05,246311008
CRWD,2025-02-06,246311008
CRWD,2025-02-07,246311008
CRWD,2025-02-12,246311008
CRWD,2025-02-14,246311008
CRWD,2025-02-15,246311008
CRWD,2025-02-19,246311008
CRWD,2025-02-20,246311008
CRWD,2025-02-22,246311008
CRWD,2025-02-25,246311008
CRWD,2025-02-26,246311008
CRWD,2025-02-27,246311008
CRWD,2025-03-04,246311008
CRWD,2025-03-06,246311008
CRWD,2025-03-10,265960992
CRWD,2025-03-11,247872992
CRWD,2025-03-12,247872992
CRWD,2025-03-14,247872992
CRWD,2025-03-15,247872992
CRWD,2025-03-19,249020000
CRWD,2025-03-20,247872992
CRWD,2025-03-21,247872992
CRWD,2025-03-22,247872992
CRWD,2025-03-26,247872992
CRWD,2025-03-27,247872992
CRWD,2025-03-28,247872992
CRWD,2025-03-29,247872992
CRWD,2025-04-01,247872992
CRWD,2025-04-03,247872992
CRWD,2025-04-04,247872992
CRWD,2025-04-05,247872992
CRWD,2025-04-09,247872992
CRWD,2025-04-10,247872992
CRWD,2025-04-11,247872992
CRWD,2025-04-12,247872992
CRWD,2025-04-16,247872992
CRWD,2025-04-17,247872992
CRWD,2025-04-18,247872992
CRWD,2025-04-22,256710000
CRWD,2025-04-23,247872992
CRWD,2025-04-25,247872992
CRWD,2025-04-26,247872992
CRWD,2025-04-30,247872992
CRWD,2025-05-01,247872992
CRWD,2025-05-03,247872992
CRWD,2025-05-06,247872992
CRWD,2025-05-07,247872992
CRWD,2025-05-08,249074000
CRWD,2025-05-10,249074000
CRWD,2025-05-14,249074000
CRWD,2025-05-15,249074000
CRWD,2025-05-17,249074000
CRWD,2025-05-20,249074000
CRWD,2025-05-24,249074000
CRWD,2025-05-29,254514000
CRWD,2025-05-30,249074000
CRWD,2025-05-31,249074000
CRWD,2025-06-04,249074000
CRWD,2025-06-05,249248000
CRWD,2025-06-06,249248000
CRWD,2025-06-07,249248000
CRWD,2025-06-10,251406000
CRWD,2025-06-11,249248000
CRWD,2025-06-12,249248000
CRWD,2025-06-13,249248000
CRWD,2025-06-14,249248000
CRWD,2025-06-16,249888000
CRWD,2025-06-17,249248000
CRWD,2025-06-18,252778000
CRWD,2025-06-19,249248000
CRWD,2025-06-21,249248000
CRWD,2025-06-24,249248000
CRWD,2025-06-25,249248000
CRWD,2025-06-26,249248000
CRWD,2025-06-27,249248000
CRWD,2025-06-28,252188000
CRWD,2025-07-01,249248000
CRWD,2025-07-02,249248000
CRWD,2025-07-08,253508992
CRWD,2025-07-09,249248000
CRWD,2025-07-10,249248000
CRWD,2025-07-11,249248000
CRWD,2025-07-16,249248000
CRWD,2025-07-17,249248000
CRWD,2025-07-22,249248000
CRWD,2025-07-23,249248000
CRWD,2025-07-30,249248000
CRWD,2025-07-31,249248000
CRWD,2025-08-02,253662000
CRWD,2025-08-07,249248000
CRWD,2025-08-08,249248000
CRWD,2025-08-12,249248000
CRWD,2025-08-13,249248000
CRWD,2025-08-14,249248000
CRWD,2025-08-19,249248000
CRWD,2025-08-21,249248000
CRWD,2025-08-22,249248000
CRWD,2025-08-23,249248000
CRWD,2025-08-26,249248000
CRWD,2025-08-29,250955008
CRWD,2025-08-30,261794000
CRWD,2025-09-05,251404992
CRWD,2025-09-11,250955008
CRWD,2025-09-12,250955008
CRWD,2025-09-17,250955140
CRWD,2025-09-20,250995089
CRWD,2025-09-23,255743816
CRWD,2025-09-24,250955140
CRWD,2025-09-26,252673829
CRWD,2025-09-30,250955140
CRWD,2025-10-06,254500109
CRWD,2025-10-07,250955140
CRWD,2025-10-08,256822256
CRWD,2025-10-09,250955140
CRWD,2025-10-15,261051036
CRWD,2025-10-17,250955140
CRWD,2025-10-25,250955140
CRWD,2025-10-28,250955140
CRWD,2025-10-29,250955140
CRWD,2025-10-30,250955140
CRWD,2025-11-04,250955140
CRWD,2025-11-08,250955140
CRWD,2025-11-17,250955140
CRWD,2025-12-09,252098440
CRWD,2026-03-10,253614090
CRWD,2026-05-06,254536521
CRWD,2026-06-05,254564820
CRWD,2026-07-02,1018259280
CRWD,2026-08-28,1023934842
PLTR,2020-09-30,2200000000
PLTR,2020-10-22,1587520000
PLTR,2020-11-05,1554940032
PLTR,2020-11-06,1587520000
PLTR,2020-11-08,1587520000
PLTR,2020-11-15,1877929984
PLTR,2020-11-26,1877929984
PLTR,2020-12-01,1877929984
PLTR,2021-01-08,1768259968
PLTR,2021-01-09,1877929984
PLTR,2021-01-23,1497510016
PLTR,2021-01-24,1877929984
PLTR,2021-01-27,1923590016
PLTR,2021-01-28,1877929984
PLTR,2021-02-03,2055920000
PLTR,2021-02-04,1877929984
PLTR,2021-02-18,1877929984
PLTR,2021-03-02,1822269952
PLTR,2021-03-17,1915480064
PLTR,2021-04-23,1803929984
PLTR,2021-04-24,1761549952
PLTR,2021-04-27,1822269952
PLTR,2021-04-28,1822269952
PLTR,2021-05-01,1867309952
PLTR,2021-05-03,1867309952
PLTR,2021-05-15,1876749952
PLTR,2021-05-17,1876749952
PLTR,2021-06-05,1845510016
PLTR,2021-06-18,1828809984
PLTR,2021-06-22,1876749952
PLTR,2021-06-26,1859229952
PLTR,2021-06-28,1876749952
PLTR,2021-07-14,1880080000
PLTR,2021-07-23,1918409984
PLTR,2021-07-24,1880080000
PLTR,2021-07-31,1920780032
PLTR,2021-08-01,1880080000
PLTR,2021-08-14,1953120000
PLTR,2021-08-16,1953120000
PLTR,2021-09-30,1953120000
PLTR,2021-10-05,1953120000
PLTR,2021-10-06,1949760000
PLTR,2021-10-08,1953120000
PLTR,2021-11-12,2004819968
PLTR,2021-11-15,2004819968
PLTR,2021-11-17,2029090048
PLTR,2021-11-18,2004819968
PLTR,2021-12-03,1973260032
PLTR,2021-12-04,2004819968
PLTR,2022-02-04,2144920064
PLTR,2022-02-05,2004819968
PLTR,2022-02-11,2004819968
PLTR,2022-02-25,2030119936
PLTR,2022-02-28,2030119936
PLTR,2022-03-04,2159010048
PLTR,2022-03-05,2030119936
PLTR,2022-03-16,2146989952
PLTR,2022-03-18,1929180032
PLTR,2022-03-20,2030119936
PLTR,2022-03-31,2076920064
PLTR,2022-04-01,2030119936
PLTR,2022-04-23,2092920064
PLTR,2022-04-30,2047100032
PLTR,2022-05-04,2083970048
PLTR,2022-05-06,2047100032
PLTR,2022-05-11,2046589952
PLTR,2022-05-27,1948669952
PLTR,2022-05-29,2046589952
PLTR,2022-07-26,2080419968
PLTR,2022-07-27,2046589952
PLTR,2022-08-05,2046589952
PLTR,2022-08-07,2046589952
PLTR,2022-08-10,2064160000
PLTR,2022-09-14,2064160000
PLTR,2022-10-12,2069299968
PLTR,2022-10-14,2064160000
PLTR,2022-10-21,2030790016
PLTR,2022-10-22,2064160000
PLTR,2022-11-09,2080140032
PLTR,2022-11-12,2080189952
PLTR,2022-11-16,2080189952
PLTR,2023-02-23,2101389952
PLTR,2023-02-24,2150259968
PLTR,2023-02-25,2101389952
PLTR,2023-03-04,2010569984
PLTR,2023-03-05,2101389952
PLTR,2023-03-18,2128050048
PLTR,2023-03-22,2101389952
PLTR,2023-03-24,2071120000
PLTR,2023-03-25,2101389952
PLTR,2023-03-28,2101389952
PLTR,2023-03-30,2159180032
PLTR,2023-04-01,2101389952
PLTR,2023-04-04,2118940032
PLTR,2023-04-06,2198820096
PLTR,2023-04-07,2101389952
PLTR,2023-04-14,2101389952
PLTR,2023-04-21,2017229952
PLTR,2023-04-22,2101389952
PLTR,2023-04-27,2117970048
PLTR,2023-04-28,2117970048
PLTR,2023-05-04,2126380032
PLTR,2023-05-05,2117970048
PLTR,2023-05-11,2034870016
PLTR,2023-05-12,2047229952
PLTR,2023-05-13,2216560128
PLTR,2023-05-17,2118439936
PLTR,2023-06-09,2156100096
PLTR,2023-06-10,2118439936
PLTR,2023-07-12,2143139968
PLTR,2023-07-13,2118439936
PLTR,2023-08-21,2151830016
PLTR,2023-08-23,2126889984
PLTR,2023-08-26,2151830016
PLTR,2023-08-29,2135660032
PLTR,2023-08-30,2151830016
PLTR,2023-09-29,2047250048
PLTR,2023-10-03,2168090112
PLTR,2023-10-05,2151830016
PLTR,2023-10-06,2151830016
PLTR,2023-10-09,2151830016
PLTR,2023-10-11,2128860032
PLTR,2023-10-13,2149430016
PLTR,2023-10-14,2151830016
PLTR,2023-10-15,2151830016
PLTR,2023-10-17,2093929984
PLTR,2023-10-18,2151830016
PLTR,2023-10-19,2231889920
PLTR,2023-10-20,2151830016
PLTR,2023-10-24,2151830016
PLTR,2023-10-25,2094930048
PLTR,2023-10-26,2151830016
PLTR,2023-10-27,2151830016
PLTR,2023-11-03,2151830016
PLTR,2023-11-04,2047250048
PLTR,2023-11-07,2175990016
PLTR,2023-11-08,2145900032
PLTR,2023-11-09,2175990016
PLTR,2023-11-17,2175990016
PLTR,2023-11-18,2175990016
PLTR,2023-11-21,2175990016
PLTR,2023-11-23,2175990016
PLTR,2023-11-28,2175990016
PLTR,2023-11-29,2175990016
PLTR,2023-12-01,2175990016
PLTR,2023-12-02,2175990016
PLTR,2023-12-06,2175990016
PLTR,2023-12-08,2175990016
PLTR,2023-12-13,2175990016
PLTR,2023-12-14,2175990016
PLTR,2023-12-15,2135360000
PLTR,2023-12-16,2175990016
PLTR,2023-12-21,2175990016
PLTR,2023-12-22,2175990016
PLTR,2023-12-23,2198490112
PLTR,2023-12-26,2175990016
PLTR,2023-12-29,2175990016
PLTR,2023-12-30,2175990016
PLTR,2024-01-03,2175990016
PLTR,2024-01-05,2154560000
PLTR,2024-01-06,2175990016
PLTR,2024-01-11,2175990016
PLTR,2024-01-12,2175990016
PLTR,2024-01-13,2175990016
PLTR,2024-01-18,2175990016
PLTR,2024-01-23,2175990016
PLTR,2024-01-25,2175990016
PLTR,2024-01-27,2175990016
PLTR,2024-01-30,2175990016
PLTR,2024-02-02,2144009984
PLTR,2024-02-06,2175990016
PLTR,2024-02-09,2175990016
PLTR,2024-02-10,2187589888
PLTR,2024-02-13,2175990016
PLTR,2024-02-21,2212730112
PLTR,2024-02-22,2212730112
PLTR,2024-02-27,2212730112
PLTR,2024-03-05,2294650112
PLTR,2024-03-06,2212730112
PLTR,2024-03-08,2212730112
PLTR,2024-03-12,2272960000
PLTR,2024-03-13,2212730112
PLTR,2024-03-16,2301280000
PLTR,2024-03-19,2212730112
PLTR,2024-03-21,2212730112
PLTR,2024-03-22,2219960064
PLTR,2024-03-26,2178949888
PLTR,2024-03-27,2212730112
PLTR,2024-04-12,2212730112
PLTR,2024-04-13,2212730112
PLTR,2024-04-16,2290530048
PLTR,2024-04-17,2212730112
PLTR,2024-04-18,2212730112
PLTR,2024-04-19,2212730112
PLTR,2024-04-20,2212730112
PLTR,2024-04-25,2217860096
PLTR,2024-04-27,2212730112
PLTR,2024-04-30,2182690048
PLTR,2024-05-04,2226990080
PLTR,2024-05-06,2130439936
PLTR,2024-05-07,2226990080
PLTR,2024-05-08,2226899968
PLTR,2024-05-09,2226899968
PLTR,2024-05-10,2271140096
PLTR,2024-05-11,2285270016
PLTR,2024-05-15,2174960128
PLTR,2024-05-16,2226899968
PLTR,2024-05-17,2228950016
PLTR,2024-05-21,2266739968
PLTR,2024-05-22,2226899968
PLTR,2024-05-23,2234259968
PLTR,2024-05-24,2275259904
PLTR,2024-05-25,2196160000
PLTR,2024-05-31,2145939968
PLTR,2024-06-04,2226899968
PLTR,2024-06-07,2149199872
PLTR,2024-06-08,2226899968
PLTR,2024-06-11,2226899968
PLTR,2024-06-12,2159670016
PLTR,2024-06-13,2234390016
PLTR,2024-06-14,2226899968
PLTR,2024-06-15,2226899968
PLTR,2024-06-18,2226899968
PLTR,2024-06-21,2249550080
PLTR,2024-06-22,2226899968
PLTR,2024-06-25,2226899968
PLTR,2024-06-27,2226899968
PLTR,2024-06-28,2130339968
PLTR,2024-07-02,2226899968
PLTR,2024-07-03,2231209984
PLTR,2024-07-06,2226899968
PLTR,2024-07-10,2252100096
PLTR,2024-07-11,2226899968
PLTR,2024-07-12,2226899968
PLTR,2024-07-16,2226899968
PLTR,2024-07-18,2262409984
PLTR,2024-07-24,2199840000
PLTR,2024-07-27,2226899968
PLTR,2024-07-31,2286850048
PLTR,2024-08-01,2226899968
PLTR,2024-08-02,2226899968
PLTR,2024-08-03,2226899968
PLTR,2024-08-06,2226899968
PLTR,2024-08-07,2239450112
PLTR,2024-08-08,2239450112
PLTR,2024-08-09,2239450112
PLTR,2024-08-10,2184979968
PLTR,2024-08-12,2287470080
PLTR,2024-08-13,2239450112
PLTR,2024-08-17,2179419904
PLTR,2024-08-20,2210510080
PLTR,2024-08-22,2239450112
PLTR,2024-08-27,2306959872
PLTR,2024-08-28,2239450112
PLTR,2024-08-29,2274860032
PLTR,2024-08-30,2205309952
PLTR,2024-08-31,2239450112
PLTR,2024-09-04,2310650112
PLTR,2024-09-05,2239450112
PLTR,2024-09-06,2239450112
PLTR,2024-09-07,2226899968
PLTR,2024-09-11,2229149952
PLTR,2024-09-12,2233669888
PLTR,2024-09-14,2239450112
PLTR,2024-09-16,2195049984
PLTR,2024-09-17,2239450112
PLTR,2024-09-18,2230850048
PLTR,2024-09-20,2212090112
PLTR,2024-09-21,2217179904
PLTR,2024-09-25,2239450112
PLTR,2024-09-27,2239450112
PLTR,2024-09-28,2239450112
PLTR,2024-10-01,2239450112
PLTR,2024-10-04,2142320000
PLTR,2024-10-05,2239450112
PLTR,2024-10-08,2303950080
PLTR,2024-10-09,2239450112
PLTR,2024-10-12,2239970048
PLTR,2024-10-14,2245129984
PLTR,2024-10-15,2239450112
PLTR,2024-10-18,2243190016
PLTR,2024-10-24,2239450112
PLTR,2024-10-25,2189590016
PLTR,2024-10-29,2241449984
PLTR,2024-10-30,2303010048
PLTR,2024-10-31,2239450112
PLTR,2024-11-01,2354230016
PLTR,2024-11-05,2239450112
PLTR,2024-11-06,2142320000
PLTR,2024-11-07,2180649984
PLTR,2024-11-16,2180649984
PLTR,2024-11-19,2445730048
PLTR,2024-11-20,2278020096
PLTR,2024-11-30,2243040000
PLTR,2024-12-03,2278020096
PLTR,2024-12-04,2180649984
PLTR,2024-12-06,2278020096
PLTR,2024-12-11,2328470016
PLTR,2024-12-13,2256549888
PLTR,2024-12-14,2278020096
PLTR,2025-01-07,2397139968
PLTR,2025-01-11,2310870016
PLTR,2025-01-14,2357949952
PLTR,2025-01-18,2278020096
PLTR,2025-02-04,2278020096
PLTR,2025-02-08,2286860032
PLTR,2025-02-15,2254119936
PLTR,2025-02-19,2345359872
PLTR,2025-02-22,2345359872
PLTR,2025-02-27,2306749952
PLTR,2025-03-04,2345359872
PLTR,2025-03-05,2345359872
PLTR,2025-03-07,2345359872
PLTR,2025-03-10,2607280128
PLTR,2025-03-11,2345359872
PLTR,2025-03-13,2345359872
PLTR,2025-03-15,2345359872
PLTR,2025-03-20,2345359872
PLTR,2025-03-21,2345359872
PLTR,2025-03-22,2345359872
PLTR,2025-03-26,2351429888
PLTR,2025-03-27,2452610048
PLTR,2025-03-28,2345359872
PLTR,2025-04-01,2385649920
PLTR,2025-04-03,2345359872
PLTR,2025-04-05,2345359872
PLTR,2025-04-09,2345359872
PLTR,2025-04-10,2435899904
PLTR,2025-04-11,2345359872
PLTR,2025-04-15,2345359872
PLTR,2025-04-16,2345359872
PLTR,2025-04-18,2345359872
PLTR,2025-04-22,2422330112
PLTR,2025-04-23,2340120064
PLTR,2025-04-24,2345359872
PLTR,2025-04-25,2345359872
PLTR,2025-04-26,2248950016
PLTR,2025-04-29,2359689984
PLTR,2025-04-30,2330619904
PLTR,2025-05-07,2682889984
PLTR,2025-05-08,2359909888
PLTR,2025-05-09,2359909888
PLTR,2025-05-10,2359909888
PLTR,2025-05-14,2359909888
PLTR,2025-05-20,2359909888
PLTR,2025-05-27,2358380032
PLTR,2025-05-28,2359909888
PLTR,2025-05-29,2359909888
PLTR,2025-05-30,2359909888
PLTR,2025-05-31,2359909888
PLTR,2025-06-04,2339889920
PLTR,2025-06-05,2359909888
PLTR,2025-06-06,2359909888
PLTR,2025-06-07,2359909888
PLTR,2025-06-10,2359909888
PLTR,2025-06-11,2346589952
PLTR,2025-06-13,2359909888
PLTR,2025-06-14,2321949952
PLTR,2025-06-16,2292989952
PLTR,2025-06-17,2359909888
PLTR,2025-06-18,2330240000
PLTR,2025-06-19,2359909888
PLTR,2025-06-24,2359909888
PLTR,2025-06-25,2359909888
PLTR,2025-06-26,2359909888
PLTR,2025-06-27,2337829888
PLTR,2025-06-28,2603770112
PLTR,2025-07-01,2359909888
PLTR,2025-07-02,2359909888
PLTR,2025-07-08,2349949952
PLTR,2025-07-09,2359909888
PLTR,2025-07-10,2303520000
PLTR,2025-07-11,2359909888
PLTR,2025-07-16,2359909888
PLTR,2025-07-17,2359909888
PLTR,2025-07-18,2359909888
PLTR,2025-07-19,2367140096
PLTR,2025-07-24,2359909888
PLTR,2025-07-25,2359909888
PLTR,2025-07-26,2359909888
PLTR,2025-08-01,2359909888
PLTR,2025-08-02,2359909888
PLTR,2025-08-06,2372339968
PLTR,2025-08-07,2337710080
PLTR,2025-08-08,2372339968
PLTR,2025-08-13,2372339968
PLTR,2025-08-19,2372339968
PLTR,2025-08-20,2372339968
PLTR,2025-08-21,2372339968
PLTR,2025-08-22,2372339968
PLTR,2025-08-27,2372339968
PLTR,2025-08-29,2351340032
PLTR,2025-08-30,2393690112
PLTR,2025-09-05,2353499904
PLTR,2025-09-06,2372339968
PLTR,2025-09-11,2372339968
PLTR,2025-09-12,2406690048
PLTR,2025-09-17,2372342421
PLTR,2025-09-18,2372342421
PLTR,2025-09-20,2372342421
PLTR,2025-09-23,2372342421
PLTR,2025-09-25,2372342421
PLTR,2025-09-26,2378169970
PLTR,2025-09-30,2355232269
PLTR,2025-10-01,2309268960
PLTR,2025-10-02,2277679609
PLTR,2025-10-03,2372342421
PLTR,2025-10-06,2563972091
PLTR,2025-10-07,2372342421
PLTR,2025-10-08,2337962534
PLTR,2025-10-09,2372342421
PLTR,2025-10-10,2372342421
PLTR,2025-10-14,2348647110
PLTR,2025-10-15,2338949596
PLTR,2025-10-16,2372342421
PLTR,2025-10-17,2372342421
PLTR,2025-10-18,2372342421
PLTR,2025-10-20,2327401301
PLTR,2025-10-22,2328427097
PLTR,2025-10-23,2372342421
PLTR,2025-10-24,2319018362
PLTR,2025-10-25,2372342421
PLTR,2025-10-28,2372342421
PLTR,2025-10-30,2372342421
PLTR,2025-10-31,2372342421
PLTR,2025-11-01,2302285719
PLTR,2025-11-05,2383436338
PLTR,2025-11-06,2383436338
PLTR,2025-11-07,2383436338
PLTR,2025-11-08,2383436338
PLTR,2025-11-12,2383436338
PLTR,2025-11-13,2383436338
PLTR,2025-11-14,2383436338
PLTR,2025-11-15,2357822718
PLTR,2025-11-17,2383436338
PLTR,2026-02-24,2391675711
PLTR,2026-04-28,2397157109
PLTR,2026-05-05,2397311977
PLTR,2026-08-04,2397311977
PLTR,2026-08-06,2403058480
AAPL,2020-08-03,4283940096
AAPL,2020-08-04,4275630080
AAPL,2020-08-28,4275630080
AAPL,2020-08-31,4275630080
AAPL,2020-10-22,17102499840
AAPL,2020-11-03,17001799680
AAPL,2020-11-26,17001799680
AAPL,2021-01-07,16823300096
AAPL,2021-01-29,16788100096
AAPL,2021-03-17,16181099520
AAPL,2021-04-14,16389699584
AAPL,2021-04-23,16986600448
AAPL,2021-04-25,16685599744
AAPL,2021-04-27,16788100096
AAPL,2021-05-04,16687599616
AAPL,2021-07-30,16530199552
AAPL,2021-10-12,16530199552
AAPL,2021-11-02,16406400000
AAPL,2021-11-05,16464000000
AAPL,2021-11-06,16406400000
AAPL,2021-12-03,16507599872
AAPL,2021-12-04,16406400000
AAPL,2022-01-10,16334399488
AAPL,2022-01-31,16319399936
AAPL,2022-02-04,16596899840
AAPL,2022-02-05,16319399936
AAPL,2022-02-11,16319399936
AAPL,2022-03-04,16351800320
AAPL,2022-03-05,16319399936
AAPL,2022-03-15,16764800000
AAPL,2022-03-17,16319399936
AAPL,2022-04-01,16614800384
AAPL,2022-04-02,16347499520
AAPL,2022-05-04,16185199616
AAPL,2022-06-09,16267200512
AAPL,2022-06-13,16185199616
AAPL,2022-07-29,16243000320
AAPL,2022-07-30,16185199616
AAPL,2022-08-01,16070800384
AAPL,2022-09-02,16070800384
AAPL,2022-09-15,15918600192
AAPL,2022-09-16,16380800000
AAPL,2022-09-17,16070800384
AAPL,2022-11-01,15908100096
AAPL,2022-11-04,16612599808
AAPL,2022-11-05,15965599744
AAPL,2022-12-06,16036100096
AAPL,2022-12-07,15908100096
AAPL,2023-01-04,16526300160
AAPL,2023-01-06,15908100096
AAPL,2023-01-19,15836199936
AAPL,2023-02-05,15821899776
AAPL,2023-03-18,15903599616
AAPL,2023-03-21,15821899776
AAPL,2023-03-30,16135100416
AAPL,2023-04-01,16063599616
AAPL,2023-04-06,16002599936
AAPL,2023-04-07,15915200512
AAPL,2023-04-25,15851700224
AAPL,2023-04-27,15821899776
AAPL,2023-05-04,15924899840
AAPL,2023-05-06,15821899776
AAPL,2023-05-09,15728700416
AAPL,2023-05-10,15728700416
AAPL,2023-05-11,15728700416
AAPL,2023-05-13,15818500096
AAPL,2023-05-16,15728700416
AAPL,2023-06-15,15783600128
AAPL,2023-06-16,15728700416
AAPL,2023-06-23,15818500096
AAPL,2023-06-24,15728700416
AAPL,2023-07-05,15838199808
AAPL,2023-07-06,15945700352
AAPL,2023-07-07,15728700416
AAPL,2023-08-22,15634199552
AAPL,2023-10-10,15634199552
AAPL,2023-10-11,15634199552
AAPL,2023-10-12,15634199552
AAPL,2023-10-13,15634199552
AAPL,2023-10-14,15634199552
AAPL,2023-10-15,15634199552
AAPL,2023-10-17,15772800000
AAPL,2023-10-18,15634199552
AAPL,2023-10-19,15634199552
AAPL,2023-10-20,15668100096
AAPL,2023-10-22,15634199552
AAPL,2023-10-27,15634199552
AAPL,2023-10-28,15634199552
AAPL,2023-11-03,15634199552
AAPL,2023-11-04,15634199552
AAPL,2023-11-09,15552799744
AAPL,2023-11-10,15552799744
AAPL,2023-11-22,15552799744
AAPL,2023-11-23,15552799744
AAPL,2023-12-19,15552799744
AAPL,2023-12-20,15552799744
AAPL,2023-12-22,15564699648
AAPL,2023-12-23,15639499776
AAPL,2023-12-26,15552799744
AAPL,2024-01-03,15552799744
AAPL,2024-01-04,15552799744
AAPL,2024-01-05,15752800256
AAPL,2024-01-10,15552799744
AAPL,2024-01-11,15552799744
AAPL,2024-01-13,15461900288
AAPL,2024-01-16,15461900288
AAPL,2024-02-01,15770500096
AAPL,2024-02-03,15441899520
AAPL,2024-02-29,15441899520
AAPL,2024-03-01,15441899520
AAPL,2024-03-05,15441899520
AAPL,2024-03-06,15441899520
AAPL,2024-03-07,15441899520
AAPL,2024-03-13,15631399936
AAPL,2024-03-14,15441899520
AAPL,2024-03-16,15441899520
AAPL,2024-03-19,15441899520
AAPL,2024-03-21,15441899520
AAPL,2024-03-22,15441899520
AAPL,2024-03-26,15568400384
AAPL,2024-03-27,15441899520
AAPL,2024-03-29,15441899520
AAPL,2024-04-10,15441899520
AAPL,2024-04-11,15441899520
AAPL,2024-04-17,15441899520
AAPL,2024-04-18,15441899520
AAPL,2024-04-26,15441899520
AAPL,2024-04-27,15441899520
AAPL,2024-05-01,15759800320
AAPL,2024-05-04,15334099968
AAPL,2024-05-07,15334099968
AAPL,2024-05-08,15334099968
AAPL,2024-05-10,15334099968
AAPL,2024-05-11,15334099968
AAPL,2024-05-23,15450600448
AAPL,2024-05-24,15663899648
AAPL,2024-06-08,15334099968
AAPL,2024-06-11,15334099968
AAPL,2024-06-15,15334099968
AAPL,2024-06-21,15680199680
AAPL,2024-06-25,15334099968
AAPL,2024-06-26,15334099968
AAPL,2024-07-18,15334099968
AAPL,2024-07-25,15410899968
AAPL,2024-07-26,15334099968
AAPL,2024-08-03,15204100096
AAPL,2024-08-31,15256599552
AAPL,2024-09-07,15309500416
AAPL,2024-09-11,15259400192
AAPL,2024-09-17,15204100096
AAPL,2024-09-21,15250799616
AAPL,2024-10-12,15204100096
AAPL,2024-10-18,15228399616
AAPL,2024-10-24,15216700416
AAPL,2024-10-26,15204100096
AAPL,2024-10-31,15204100096
AAPL,2024-11-02,15115799552
AAPL,2024-11-05,15169599488
AAPL,2024-11-16,15115799552
AAPL,2024-12-27,15115799552
AAPL,2024-12-28,15115799552
AAPL,2025-01-04,15146300416
AAPL,2025-01-14,15037899776
AAPL,2025-01-17,15671000064
AAPL,2025-01-22,15533599744
AAPL,2025-02-01,15139200000
AAPL,2025-02-08,15022100480
AAPL,2025-03-04,15022100480
AAPL,2025-03-11,15787400192
AAPL,2025-03-27,15022100480
AAPL,2025-04-09,15022100480
AAPL,2025-04-10,15687100416
AAPL,2025-04-11,15022100480
AAPL,2025-04-12,15022100480
AAPL,2025-04-16,15022100480
AAPL,2025-04-17,15022100480
AAPL,2025-04-22,15319199744
AAPL,2025-04-23,15022100480
AAPL,2025-04-29,15022100480
AAPL,2025-04-30,15022100480
AAPL,2025-05-03,14935799808
AAPL,2025-05-06,14935799808
AAPL,2025-05-07,14935799808
AAPL,2025-05-14,14977999872
AAPL,2025-05-15,14935799808
AAPL,2025-05-16,14935799808
AAPL,2025-05-17,14935799808
AAPL,2025-05-30,14935799808
AAPL,2025-06-06,14935799808
AAPL,2025-06-10,14935799808
AAPL,2025-06-18,14935799808
AAPL,2025-06-19,14935799808
AAPL,2025-06-27,14977399808
AAPL,2025-07-08,14935799808
AAPL,2025-07-10,14935799808
AAPL,2025-07-11,15025699840
AAPL,2025-07-12,14935799808
AAPL,2025-08-02,15318899712
AAPL,2025-09-17,14840390000
AAPL,2025-09-30,14900467828
AAPL,2025-10-01,14888764205
AAPL,2025-10-02,14840390000
AAPL,2025-10-08,14840390000
AAPL,2025-10-31,14840390000
AAPL,2025-11-01,14776353000
AAPL,2025-11-04,14776353000
AAPL,2025-11-07,14776353000
AAPL,2025-11-08,14776353000
AAPL,2025-11-15,14805644254
AAPL,2025-11-17,14840390000
AAPL,2026-01-10,14776353000
AAPL,2026-01-31,14697926000
AAPL,2026-04-23,14681140000
AAPL,2026-05-02,14667688000
AAPL,2026-05-05,14687356000
AAPL,2026-08-04,14594180000
AAPL,2026-08-05,14594180000
AMZN,2020-08-03,501000000
AMZN,2020-08-04,500889984
AMZN,2020-08-28,500889984
AMZN,2020-09-05,525198016
AMZN,2020-09-06,500889984
AMZN,2020-09-21,510012992
AMZN,2020-09-22,500889984
AMZN,2020-11-03,501751008
AMZN,2020-11-26,501751008
AMZN,2021-02-04,503564992
AMZN,2021-02-19,503564992
AMZN,2021-03-17,503564992
AMZN,2021-03-18,503564992
AMZN,2021-04-16,504116992
AMZN,2021-04-23,512188000
AMZN,2021-04-24,507307008
AMZN,2021-04-28,504116992
AMZN,2021-05-04,504324000
AMZN,2021-05-25,497809984
AMZN,2021-08-01,506440992
AMZN,2021-08-02,504324000
AMZN,2021-08-05,506440992
AMZN,2021-10-21,510753984
AMZN,2021-10-30,507000000
AMZN,2021-11-02,507148000
AMZN,2022-02-06,508844000
AMZN,2022-02-07,508844000
AMZN,2022-02-11,508844000
AMZN,2022-03-15,522015008
AMZN,2022-03-16,508844000
AMZN,2022-04-12,520086016
AMZN,2022-04-13,508844000
AMZN,2022-04-19,508540000
AMZN,2022-04-30,591665984
AMZN,2022-05-01,508540000
AMZN,2022-05-03,508720000
AMZN,2022-05-05,508720000
AMZN,2022-05-07,515964992
AMZN,2022-06-06,10174400512
AMZN,2022-07-30,10187599872
AMZN,2022-08-05,10187599872
AMZN,2022-09-02,10187599872
AMZN,2022-10-04,9934359552
AMZN,2022-10-05,10187599872
AMZN,2022-10-07,10242599936
AMZN,2022-10-08,10187599872
AMZN,2022-10-30,10201700352
AMZN,2022-11-05,10201700352
AMZN,2022-11-18,10445800448
AMZN,2022-11-19,10201700352
AMZN,2023-02-08,10247300096
AMZN,2023-03-18,10360099840
AMZN,2023-03-21,10247300096
AMZN,2023-03-25,10307800064
AMZN,2023-03-26,10247300096
AMZN,2023-03-30,10564500480
AMZN,2023-04-01,10247300096
AMZN,2023-04-04,10335299584
AMZN,2023-04-05,10401399808
AMZN,2023-04-06,10536099840
AMZN,2023-04-07,10247300096
AMZN,2023-04-15,10257999872
AMZN,2023-04-29,10257999872
AMZN,2023-05-03,10260400128
AMZN,2023-06-10,10328500224
AMZN,2023-06-12,10260400128
AMZN,2023-07-12,10393499648
AMZN,2023-07-13,10260400128
AMZN,2023-08-22,10317800448
AMZN,2023-09-08,10317800448
AMZN,2023-10-11,10317800448
AMZN,2023-10-12,10317800448
AMZN,2023-10-13,10317800448
AMZN,2023-10-14,10317800448
AMZN,2023-10-17,10402499584
AMZN,2023-10-18,10317800448
AMZN,2023-10-19,10586699776
AMZN,2023-10-20,10317800448
AMZN,2023-10-22,10317800448
AMZN,2023-10-24,10317800448
AMZN,2023-10-25,10317800448
AMZN,2023-10-26,10317800448
AMZN,2023-10-27,10330000384
AMZN,2023-10-28,10334000128
AMZN,2023-10-29,10334000128
AMZN,2023-10-31,10334000128
AMZN,2023-11-04,10334000128
AMZN,2023-11-07,10334000128
AMZN,2023-11-09,10334000128
AMZN,2023-11-11,10334000128
AMZN,2023-11-14,10334000128
AMZN,2023-11-18,10334000128
AMZN,2023-11-21,10334000128
AMZN,2023-11-22,10334000128
AMZN,2023-11-25,10334000128
AMZN,2023-12-03,10334699520
AMZN,2023-12-05,10334000128
AMZN,2023-12-06,10334000128
AMZN,2023-12-09,10334000128
AMZN,2023-12-12,10334000128
AMZN,2023-12-13,10334000128
AMZN,2023-12-15,10432199680
AMZN,2023-12-16,10334000128
AMZN,2023-12-21,10334000128
AMZN,2023-12-22,10334000128
AMZN,2023-12-23,10362300416
AMZN,2023-12-26,10334000128
AMZN,2023-12-29,10334000128
AMZN,2024-01-05,10334000128
AMZN,2024-01-06,10381899776
AMZN,2024-01-12,10334000128
AMZN,2024-01-13,10334000128
AMZN,2024-01-16,10334000128
AMZN,2024-01-17,10334000128
AMZN,2024-01-18,10334000128
AMZN,2024-01-24,10334000128
AMZN,2024-01-26,10334000128
AMZN,2024-02-03,10387399680
AMZN,2024-02-06,10387399680
AMZN,2024-02-07,10387399680
AMZN,2024-02-08,10387399680
AMZN,2024-02-09,10428999680
AMZN,2024-02-13,10387399680
AMZN,2024-02-15,10387399680
AMZN,2024-02-16,10387399680
AMZN,2024-02-20,10387399680
AMZN,2024-02-23,10387399680
AMZN,2024-02-24,10387399680
AMZN,2024-02-28,10387399680
AMZN,2024-03-02,10387399680
AMZN,2024-03-05,10428300288
AMZN,2024-03-06,10387399680
AMZN,2024-03-12,10591500288
AMZN,2024-03-15,10387399680
AMZN,2024-03-16,10387399680
AMZN,2024-03-19,10387399680
AMZN,2024-03-22,10387399680
AMZN,2024-03-26,10460099584
AMZN,2024-03-27,10387399680
AMZN,2024-03-28,10387399680
AMZN,2024-03-29,10387399680
AMZN,2024-04-02,10387399680
AMZN,2024-04-03,10387399680
AMZN,2024-04-04,10387399680
AMZN,2024-04-06,10387399680
AMZN,2024-04-09,10387399680
AMZN,2024-04-10,10387399680
AMZN,2024-04-11,10387399680
AMZN,2024-04-12,10564200448
AMZN,2024-04-13,10402700288
AMZN,2024-04-16,10402700288
AMZN,2024-04-17,10402700288
AMZN,2024-04-19,10402700288
AMZN,2024-04-25,10577699840
AMZN,2024-04-26,10402700288
AMZN,2024-04-27,10402700288
AMZN,2024-04-30,10402700288
AMZN,2024-05-01,10403000320
AMZN,2024-05-02,10406599680
AMZN,2024-05-03,10406599680
AMZN,2024-05-04,10406599680
AMZN,2024-05-07,10406599680
AMZN,2024-05-09,10406599680
AMZN,2024-05-10,10406599680
AMZN,2024-05-11,10518800384
AMZN,2024-05-14,10406599680
AMZN,2024-05-15,10406599680
AMZN,2024-05-16,10406599680
AMZN,2024-05-17,10406599680
AMZN,2024-05-18,10406599680
AMZN,2024-05-21,10428800000
AMZN,2024-05-22,10406599680
AMZN,2024-05-23,10407799808
AMZN,2024-05-24,10406599680
AMZN,2024-05-25,10406599680
AMZN,2024-05-31,10567400448
AMZN,2024-06-04,10406599680
AMZN,2024-06-08,10406599680
AMZN,2024-06-12,10406599680
AMZN,2024-06-13,10406599680
AMZN,2024-06-15,10416300032
AMZN,2024-06-19,10406599680
AMZN,2024-06-21,10406599680
AMZN,2024-06-27,10406599680
AMZN,2024-06-28,10406599680
AMZN,2024-07-02,10406599680
AMZN,2024-07-04,10406599680
AMZN,2024-07-06,10406599680
AMZN,2024-07-11,10406599680
AMZN,2024-07-13,10406599680
AMZN,2024-07-16,10406599680
AMZN,2024-07-18,10690799616
AMZN,2024-07-19,10441900032
AMZN,2024-07-20,10406599680
AMZN,2024-07-23,10406599680
AMZN,2024-07-25,10463299584
AMZN,2024-07-26,10406599680
AMZN,2024-07-30,10406599680
AMZN,2024-07-31,10406599680
AMZN,2024-08-01,10406599680
AMZN,2024-08-02,10490000384
AMZN,2024-08-03,10495599616
AMZN,2024-08-09,10495599616
AMZN,2024-08-10,10495599616
AMZN,2024-08-13,10504399872
AMZN,2024-08-15,10495599616
AMZN,2024-08-17,10495599616
AMZN,2024-08-21,10495599616
AMZN,2024-08-22,10495599616
AMZN,2024-08-23,10495599616
AMZN,2024-08-27,10587700224
AMZN,2024-08-30,10495599616
AMZN,2024-08-31,10495599616
AMZN,2024-09-04,10495599616
AMZN,2024-09-05,10495599616
AMZN,2024-09-06,10495599616
AMZN,2024-09-07,10495599616
AMZN,2024-09-11,10495599616
AMZN,2024-09-12,10495599616
AMZN,2024-09-13,10495599616
AMZN,2024-09-17,10586399744
AMZN,2024-09-19,10495599616
AMZN,2024-09-20,10495599616
AMZN,2024-09-21,10495599616
AMZN,2024-09-24,10495599616
AMZN,2024-09-26,10495599616
AMZN,2024-09-30,10587899904
AMZN,2024-10-01,10495599616
AMZN,2024-10-04,10495599616
AMZN,2024-10-08,10495599616
AMZN,2024-10-09,10495599616
AMZN,2024-10-10,10495599616
AMZN,2024-10-12,10495599616
AMZN,2024-10-15,10563300352
AMZN,2024-10-16,10495599616
AMZN,2024-10-17,10495599616
AMZN,2024-10-18,10531500032
AMZN,2024-10-19,10495599616
AMZN,2024-10-22,10495599616
AMZN,2024-10-24,10495599616
AMZN,2024-10-29,10495599616
AMZN,2024-10-30,10495599616
AMZN,2024-10-31,10495599616
AMZN,2024-11-01,10495599616
AMZN,2024-11-02,10515000320
AMZN,2024-11-05,10515000320
AMZN,2024-11-07,10515000320
AMZN,2024-11-08,10515000320
AMZN,2024-11-12,10515000320
AMZN,2024-11-13,10515000320
AMZN,2024-11-14,10515000320
AMZN,2024-11-16,10515000320
AMZN,2024-11-19,10562499584
AMZN,2024-11-20,10515000320
AMZN,2024-11-21,10515000320
AMZN,2024-11-23,10515000320
AMZN,2024-11-30,10515000320
AMZN,2024-12-03,10515000320
AMZN,2024-12-04,10515000320
AMZN,2024-12-05,10515000320
AMZN,2024-12-10,10515000320
AMZN,2024-12-11,10515000320
AMZN,2024-12-13,10574300160
AMZN,2024-12-14,10515000320
AMZN,2024-12-17,10515000320
AMZN,2025-01-03,10515000320
AMZN,2025-01-04,10515000320
AMZN,2025-01-07,10515000320
AMZN,2025-01-09,10515000320
AMZN,2025-01-11,10515000320
AMZN,2025-01-15,10515000320
AMZN,2025-01-16,10515000320
AMZN,2025-01-17,10515000320
AMZN,2025-01-18,10515000320
AMZN,2025-01-22,10515000320
AMZN,2025-01-23,10515000320
AMZN,2025-01-25,10515000320
AMZN,2025-01-28,10515000320
AMZN,2025-01-30,10515000320
AMZN,2025-01-31,10515000320
AMZN,2025-02-07,10515000320
AMZN,2025-02-08,10959200256
AMZN,2025-02-11,10597699584
AMZN,2025-02-12,10597699584
AMZN,2025-02-13,10775000064
AMZN,2025-02-19,10597699584
AMZN,2025-02-22,10597699584
AMZN,2025-02-25,10597699584
AMZN,2025-02-27,10597699584
AMZN,2025-03-01,10597699584
AMZN,2025-03-04,10972999680
AMZN,2025-03-05,10597699584
AMZN,2025-03-07,10597699584
AMZN,2025-03-11,10854299648
AMZN,2025-03-12,10597699584
AMZN,2025-03-13,10597699584
AMZN,2025-03-19,10597699584
AMZN,2025-03-22,10597699584
AMZN,2025-03-27,10597699584
AMZN,2025-03-28,10597699584
AMZN,2025-03-29,10597699584
AMZN,2025-04-01,10597699584
AMZN,2025-04-04,10597699584
AMZN,2025-04-08,10597699584
AMZN,2025-04-09,10597699584
AMZN,2025-04-10,11175499776
AMZN,2025-04-11,10612400128
AMZN,2025-04-14,10772599808
AMZN,2025-04-15,10612400128
AMZN,2025-04-16,10612400128
AMZN,2025-04-22,10947900416
AMZN,2025-04-23,10612400128
AMZN,2025-04-29,10612400128
AMZN,2025-05-01,10612400128
AMZN,2025-05-02,10612400128
AMZN,2025-05-03,10616399872
AMZN,2025-05-06,10616399872
AMZN,2025-05-07,10616399872
AMZN,2025-05-08,10616399872
AMZN,2025-05-10,10616399872
AMZN,2025-05-14,10616399872
AMZN,2025-05-15,10879200256
AMZN,2025-05-16,10616399872
AMZN,2025-05-22,10616399872
AMZN,2025-05-28,10616399872
AMZN,2025-05-29,10616399872
AMZN,2025-05-30,10616399872
AMZN,2025-05-31,10616399872
AMZN,2025-06-03,10616399872
AMZN,2025-06-06,10616399872
AMZN,2025-06-07,10616399872
AMZN,2025-06-10,10616399872
AMZN,2025-06-11,10616399872
AMZN,2025-06-13,10616399872
AMZN,2025-06-17,10616399872
AMZN,2025-06-18,10616399872
AMZN,2025-06-19,10616399872
AMZN,2025-06-24,10616399872
AMZN,2025-06-26,10616399872
AMZN,2025-06-27,10616399872
AMZN,2025-06-28,10616399872
AMZN,2025-07-01,10616399872
AMZN,2025-07-02,10616399872
AMZN,2025-07-04,10616399872
AMZN,2025-07-08,10616399872
AMZN,2025-07-09,10616399872
AMZN,2025-07-10,10616399872
AMZN,2025-07-11,10616399872
AMZN,2025-07-15,10616399872
AMZN,2025-07-16,10616399872
AMZN,2025-07-19,10616399872
AMZN,2025-07-22,10616399872
AMZN,2025-07-25,10616399872
AMZN,2025-07-26,10616399872
AMZN,2025-07-29,10616399872
AMZN,2025-07-30,10616399872
AMZN,2025-08-01,10616399872
AMZN,2025-08-02,10664899584
AMZN,2025-08-05,10664899584
AMZN,2025-08-06,10664899584
AMZN,2025-08-07,10664899584
AMZN,2025-08-08,10664899584
AMZN,2025-08-12,10664899584
AMZN,2025-08-13,10664899584
AMZN,2025-08-14,10664899584
AMZN,2025-08-16,10664899584
AMZN,2025-08-22,10664899584
AMZN,2025-08-27,10664899584
AMZN,2025-08-29,10664899584
AMZN,2025-09-03,10664899584
AMZN,2025-09-04,10664899584
AMZN,2025-09-05,10664899584
AMZN,2025-09-06,10664899584
AMZN,2025-09-12,10664899584
AMZN,2025-09-13,10664899584
AMZN,2025-09-16,10664899584
AMZN,2025-09-17,10664912097
AMZN,2025-09-18,10664912097
AMZN,2025-09-20,10664912097
AMZN,2025-09-23,10845292150
AMZN,2025-09-24,10664912097
AMZN,2025-09-25,10664912097
AMZN,2025-09-26,10664912097
AMZN,2025-09-30,10664912097
AMZN,2025-10-01,10675112177
AMZN,2025-10-02,10664912097
AMZN,2025-10-03,10664912097
AMZN,2025-10-06,10805808845
AMZN,2025-10-07,10664912097
AMZN,2025-10-08,10664912097
AMZN,2025-10-09,10664912097
AMZN,2025-10-10,10664912097
AMZN,2025-10-15,10846283124
AMZN,2025-10-16,10664912097
AMZN,2025-10-17,10664912097
AMZN,2025-10-18,10664912097
AMZN,2025-10-20,10664912097
AMZN,2025-10-24,10664912097
AMZN,2025-11-01,10690216011
AMZN,2025-11-02,10690216011
AMZN,2025-11-04,10690216011
AMZN,2025-11-05,10890882668
AMZN,2025-11-06,10690216011
AMZN,2025-11-08,10690216011
AMZN,2025-11-11,10690216011
AMZN,2025-11-15,10821856576
AMZN,2025-11-17,10690216011
AMZN,2026-02-07,10734920870
AMZN,2026-04-10,10754251799
AMZN,2026-05-05,10757109436
AMZN,2026-08-04,10786313572
AMZN,2026-08-05,10786313572
AVGO,2020-06-16,402184992
AVGO,2020-08-28,402184992
AVGO,2020-09-05,402184992
AVGO,2020-09-06,402184992
AVGO,2020-09-15,404500992
AVGO,2020-09-21,411462016
AVGO,2020-09-22,404500992
AVGO,2020-11-26,404500992
AVGO,2020-12-22,406712992
AVGO,2021-02-23,408225984
AVGO,2021-03-17,408302016
AVGO,2021-04-23,412500992
AVGO,2021-04-24,402748992
AVGO,2021-04-27,408302016
AVGO,2021-05-18,408302016
AVGO,2021-06-15,410260992
AVGO,2021-06-17,414656000
AVGO,2021-06-18,410260992
AVGO,2021-06-19,417049984
AVGO,2021-07-01,410527008
AVGO,2021-07-03,411548992
AVGO,2021-07-08,413528000
AVGO,2021-07-13,410260992
AVGO,2021-09-11,411616000
AVGO,2021-09-13,411616000
AVGO,2021-12-03,413336992
AVGO,2021-12-04,411616000
AVGO,2021-12-21,412873984
AVGO,2022-02-04,428924000
AVGO,2022-02-05,412873984
AVGO,2022-02-11,412873984
AVGO,2022-02-23,409612992
AVGO,2022-03-04,414696000
AVGO,2022-03-05,409612992
AVGO,2022-03-14,408280992
AVGO,2022-03-15,415508000
AVGO,2022-03-17,408280992
AVGO,2022-05-28,421396992
AVGO,2022-06-01,421396992
AVGO,2022-06-07,422966016
AVGO,2022-06-08,421396992
AVGO,2022-06-15,403817984
AVGO,2022-06-28,406516992
AVGO,2022-07-01,407640992
AVGO,2022-07-02,403817984
AVGO,2022-07-20,404977984
AVGO,2022-09-02,404977984
AVGO,2022-09-13,405000992
AVGO,2022-09-14,405000992
AVGO,2022-09-15,405000992
AVGO,2022-09-17,405000992
AVGO,2022-09-20,405008000
AVGO,2022-10-12,411532992
AVGO,2022-10-14,405008000
AVGO,2022-12-06,412761984
AVGO,2022-12-07,405008000
AVGO,2022-12-21,417886016
AVGO,2023-01-04,422152000
AVGO,2023-01-05,417886016
AVGO,2023-02-21,416924000
AVGO,2023-02-25,416924000
AVGO,2023-02-28,416924000
AVGO,2023-03-02,416924000
AVGO,2023-03-03,416924000
AVGO,2023-03-04,416924000
AVGO,2023-03-05,416924000
AVGO,2023-03-10,416924000
AVGO,2023-03-18,420584000
AVGO,2023-03-21,416924000
AVGO,2023-03-23,416924000
AVGO,2023-03-30,417457984
AVGO,2023-03-31,416924000
AVGO,2023-04-01,416924000
AVGO,2023-04-04,416924000
AVGO,2023-04-06,420503008
AVGO,2023-04-07,416924000
AVGO,2023-04-14,416924000
AVGO,2023-04-15,416924000
AVGO,2023-04-18,416924000
AVGO,2023-04-24,416924000
AVGO,2023-04-25,418004000
AVGO,2023-04-27,416924000
AVGO,2023-05-02,416924000
AVGO,2023-05-04,416924000
AVGO,2023-05-06,416924000
AVGO,2023-05-11,416924000
AVGO,2023-05-19,416924000
AVGO,2023-06-01,416924000
AVGO,2023-06-02,416924000
AVGO,2023-06-04,416924000
AVGO,2023-06-09,412684992
AVGO,2023-06-23,422603008
AVGO,2023-06-24,412684992
AVGO,2023-07-06,415352000
AVGO,2023-07-07,412684992
AVGO,2023-07-08,412684992
AVGO,2023-07-12,414716992
AVGO,2023-07-13,412684992
AVGO,2023-08-21,412684992
AVGO,2023-08-23,417193984
AVGO,2023-08-24,412684992
AVGO,2023-09-08,412735008
AVGO,2023-09-12,412736000
AVGO,2023-09-13,419880992
AVGO,2023-09-15,412736000
AVGO,2023-09-19,412735008
AVGO,2023-09-20,412736000
AVGO,2023-09-21,412735008
AVGO,2023-09-27,412736000
AVGO,2023-09-28,412735008
AVGO,2023-10-04,412736000
AVGO,2023-10-07,412735008
AVGO,2023-10-10,412736000
AVGO,2023-10-12,412735008
AVGO,2023-10-20,412735008
AVGO,2023-10-21,412736000
AVGO,2023-10-25,412735008
AVGO,2023-11-01,412736000
AVGO,2023-11-03,412735008
AVGO,2023-11-04,412736000
AVGO,2023-11-07,412735008
AVGO,2023-11-09,412736000
AVGO,2023-11-11,412735008
AVGO,2023-11-14,412736000
AVGO,2023-11-16,412735008
AVGO,2023-11-18,412736000
AVGO,2023-11-21,412735008
AVGO,2023-11-22,412736000
AVGO,2023-11-23,412735008
AVGO,2023-11-24,521545984
AVGO,2023-11-25,521545984
AVGO,2023-12-01,521545984
AVGO,2023-12-03,521552000
AVGO,2023-12-05,521545984
AVGO,2023-12-06,527888992
AVGO,2023-12-08,467158016
AVGO,2023-12-09,467158016
AVGO,2023-12-12,467158016
AVGO,2023-12-13,467158016
AVGO,2023-12-14,467158016
AVGO,2023-12-16,468140992
AVGO,2023-12-19,468140992
AVGO,2023-12-22,468140992
AVGO,2023-12-23,470356000
AVGO,2023-12-26,468140992
AVGO,2023-12-27,468140992
AVGO,2023-12-28,468140992
AVGO,2023-12-29,468140992
AVGO,2024-01-04,468140992
AVGO,2024-01-05,468140992
AVGO,2024-01-06,468391008
AVGO,2024-01-09,468140992
AVGO,2024-01-10,468140992
AVGO,2024-01-12,468140992
AVGO,2024-01-13,468140992
AVGO,2024-01-16,468284000
AVGO,2024-01-17,468140992
AVGO,2024-01-18,468140992
AVGO,2024-01-24,468140992
AVGO,2024-02-02,468140992
AVGO,2024-02-03,468140992
AVGO,2024-02-06,468140992
AVGO,2024-02-08,468140992
AVGO,2024-02-13,468140992
AVGO,2024-02-17,468140992
AVGO,2024-02-21,468140992
AVGO,2024-02-22,468140992
AVGO,2024-02-24,468140992
AVGO,2024-02-28,463420992
AVGO,2024-02-29,463420992
AVGO,2024-03-02,463420992
AVGO,2024-03-04,463572992
AVGO,2024-03-05,463420992
AVGO,2024-03-07,463420992
AVGO,2024-03-09,463420992
AVGO,2024-03-12,463420992
AVGO,2024-03-13,463420992
AVGO,2024-03-15,463420992
AVGO,2024-03-16,463420992
AVGO,2024-03-20,463420992
AVGO,2024-03-26,470414016
AVGO,2024-03-27,463420992
AVGO,2024-04-12,463420992
AVGO,2024-04-16,463420992
AVGO,2024-04-17,463420992
AVGO,2024-04-18,463420992
AVGO,2024-04-19,463420992
AVGO,2024-04-20,463420992
AVGO,2024-04-26,463420992
AVGO,2024-04-30,465308000
AVGO,2024-05-01,463420992
AVGO,2024-05-02,463420992
AVGO,2024-05-03,463420992
AVGO,2024-05-09,463420992
AVGO,2024-05-10,470416992
AVGO,2024-05-11,463420992
AVGO,2024-05-15,463420992
AVGO,2024-05-17,463420992
AVGO,2024-05-21,463420992
AVGO,2024-05-22,463420992
AVGO,2024-05-23,463420992
AVGO,2024-05-24,463420992
AVGO,2024-05-25,463420992
AVGO,2024-05-29,463420992
AVGO,2024-05-30,463420992
AVGO,2024-05-31,463420992
AVGO,2024-06-01,463420992
AVGO,2024-06-04,463420992
AVGO,2024-06-05,463420992
AVGO,2024-06-07,463420992
AVGO,2024-06-11,463420992
AVGO,2024-06-13,463420992
AVGO,2024-06-14,465488000
AVGO,2024-06-15,465488000
AVGO,2024-06-18,465488000
AVGO,2024-06-21,483679008
AVGO,2024-06-25,465488000
AVGO,2024-06-27,465488000
AVGO,2024-06-28,467055008
AVGO,2024-06-29,465488000
AVGO,2024-07-03,465488000
AVGO,2024-07-04,465488000
AVGO,2024-07-06,465488000
AVGO,2024-07-10,468859008
AVGO,2024-07-11,465488000
AVGO,2024-07-13,4654879744
AVGO,2024-07-16,4654879744
AVGO,2024-07-18,5055280128
AVGO,2024-07-19,4654879744
AVGO,2024-07-20,4654879744
AVGO,2024-07-24,4654879744
AVGO,2024-07-25,4654879744
AVGO,2024-07-26,4654879744
AVGO,2024-07-30,4654879744
AVGO,2024-07-31,4869810176
AVGO,2024-08-01,4654879744
AVGO,2024-08-06,4654879744
AVGO,2024-08-07,4654879744
AVGO,2024-08-08,4654879744
AVGO,2024-08-13,4654879744
AVGO,2024-08-14,4654879744
AVGO,2024-08-15,4654879744
AVGO,2024-08-16,4654879744
AVGO,2024-08-17,4666399744
AVGO,2024-08-20,4654879744
AVGO,2024-08-23,4654879744
AVGO,2024-08-24,4654879744
AVGO,2024-08-27,4848399872
AVGO,2024-08-29,4691959808
AVGO,2024-08-30,4654879744
AVGO,2024-08-31,4654879744
AVGO,2024-09-04,4654879744
AVGO,2024-09-05,4654879744
AVGO,2024-09-06,4654879744
AVGO,2024-09-07,5192589824
AVGO,2024-09-12,4670580224
AVGO,2024-09-13,4670580224
AVGO,2024-09-16,4775079936
AVGO,2024-09-17,4670580224
AVGO,2024-09-18,4670580224
AVGO,2024-09-19,4670580224
AVGO,2024-09-21,4670580224
AVGO,2024-09-27,4670580224
AVGO,2024-09-28,4817710080
AVGO,2024-09-30,4675720192
AVGO,2024-10-01,4670580224
AVGO,2024-10-02,4670580224
AVGO,2024-10-03,4670580224
AVGO,2024-10-04,4670580224
AVGO,2024-10-05,4670580224
AVGO,2024-10-09,4670580224
AVGO,2024-10-12,4670580224
AVGO,2024-10-15,4670580224
AVGO,2024-10-16,4670580224
AVGO,2024-10-17,4670580224
AVGO,2024-10-18,4794990080
AVGO,2024-10-22,4670580224
AVGO,2024-10-23,4670580224
AVGO,2024-10-24,4670580224
AVGO,2024-10-25,4729449984
AVGO,2024-10-29,4670580224
AVGO,2024-10-31,4741179904
AVGO,2024-11-01,4670580224
AVGO,2024-11-02,4670580224
AVGO,2024-11-05,4670580224
AVGO,2024-11-06,4670580224
AVGO,2024-11-07,4670580224
AVGO,2024-11-08,4670580224
AVGO,2024-11-12,4670580224
AVGO,2024-11-13,4670580224
AVGO,2024-11-14,4741609984
AVGO,2024-11-15,4670580224
AVGO,2024-11-16,4670580224
AVGO,2024-11-19,4670580224
AVGO,2024-11-21,4670580224
AVGO,2024-11-22,4670580224
AVGO,2024-11-28,4670580224
AVGO,2024-11-30,4670580224
AVGO,2024-12-06,4673039872
AVGO,2024-12-07,4670580224
AVGO,2024-12-10,4670580224
AVGO,2024-12-11,4670580224
AVGO,2024-12-12,4670580224
AVGO,2024-12-13,4736240128
AVGO,2024-12-14,4670580224
AVGO,2024-12-20,4670580224
AVGO,2024-12-21,4670580224
AVGO,2024-12-24,4687360000
AVGO,2024-12-25,4687360000
AVGO,2025-01-03,4687360000
AVGO,2025-01-07,4687360000
AVGO,2025-01-09,4687360000
AVGO,2025-01-11,4687360000
AVGO,2025-01-17,4687360000
AVGO,2025-01-18,4687360000
AVGO,2025-01-22,4687360000
AVGO,2025-01-23,4687360000
AVGO,2025-01-25,4687360000
AVGO,2025-01-30,4687360000
AVGO,2025-02-01,4687360000
AVGO,2025-02-04,4687360000
AVGO,2025-02-05,4687360000
AVGO,2025-02-08,4687360000
AVGO,2025-02-11,4687360000
AVGO,2025-02-13,4687360000
AVGO,2025-02-15,4742870016
AVGO,2025-02-19,4687360000
AVGO,2025-02-21,4687360000
AVGO,2025-02-22,4687360000
AVGO,2025-02-25,4687360000
AVGO,2025-02-27,4687360000
AVGO,2025-03-01,4687360000
AVGO,2025-03-04,4687360000
AVGO,2025-03-05,4701929984
AVGO,2025-03-06,4701929984
AVGO,2025-03-08,4701929984
AVGO,2025-03-11,4969849856
AVGO,2025-03-14,4701949952
AVGO,2025-03-18,4701949952
AVGO,2025-03-19,4701949952
AVGO,2025-03-20,4701949952
AVGO,2025-03-21,4701949952
AVGO,2025-03-26,4776629760
AVGO,2025-03-27,4937739776
AVGO,2025-03-28,4900969984
AVGO,2025-03-29,4701949952
AVGO,2025-04-01,4749409792
AVGO,2025-04-02,4701949952
AVGO,2025-04-04,4701949952
AVGO,2025-04-05,4701949952
AVGO,2025-04-08,4701949952
AVGO,2025-04-09,4701949952
AVGO,2025-04-10,5052619776
AVGO,2025-04-11,4701949952
AVGO,2025-04-12,4701949952
AVGO,2025-04-15,4701949952
AVGO,2025-04-18,4801489920
AVGO,2025-04-22,4837170176
AVGO,2025-04-23,4701949952
AVGO,2025-04-24,4701949952
AVGO,2025-04-25,4701949952
AVGO,2025-04-26,4701949952
AVGO,2025-04-29,4701949952
AVGO,2025-04-30,4733920256
AVGO,2025-05-06,4701949952
AVGO,2025-05-07,4716749824
AVGO,2025-05-09,4701949952
AVGO,2025-05-13,4701949952
AVGO,2025-05-14,4701949952
AVGO,2025-05-16,4701949952
AVGO,2025-05-17,4701949952
AVGO,2025-05-20,4701949952
AVGO,2025-05-22,4701949952
AVGO,2025-06-06,4722749952
AVGO,2025-06-10,4752960000
AVGO,2025-06-11,4701949952
AVGO,2025-06-12,4701949952
AVGO,2025-06-13,4703470080
AVGO,2025-06-14,4842849792
AVGO,2025-06-17,4754959872
AVGO,2025-06-18,4703470080
AVGO,2025-06-19,4703470080
AVGO,2025-06-21,4703470080
AVGO,2025-06-24,4703470080
AVGO,2025-06-26,4703470080
AVGO,2025-06-28,4717790208
AVGO,2025-07-01,4703470080
AVGO,2025-07-08,4720629760
AVGO,2025-07-09,4703470080
AVGO,2025-07-11,4720960000
AVGO,2025-07-12,4703470080
AVGO,2025-07-17,4703470080
AVGO,2025-07-25,4703470080
AVGO,2025-07-29,4703470080
AVGO,2025-07-30,4703470080
AVGO,2025-07-31,4703470080
AVGO,2025-08-01,4703470080
AVGO,2025-08-02,4703470080
AVGO,2025-08-06,4703470080
AVGO,2025-08-07,4703470080
AVGO,2025-08-08,4703470080
AVGO,2025-08-09,4703470080
AVGO,2025-08-12,4703470080
AVGO,2025-08-13,4703470080
AVGO,2025-08-14,4703470080
AVGO,2025-08-16,4703470080
AVGO,2025-08-19,4703470080
AVGO,2025-08-20,4703470080
AVGO,2025-08-21,4703470080
AVGO,2025-08-27,4703470080
AVGO,2025-08-29,4703470080
AVGO,2025-08-30,4703470080
AVGO,2025-09-05,4703470080
AVGO,2025-09-06,4703470080
AVGO,2025-09-10,4703470080
AVGO,2025-09-11,4703470080
AVGO,2025-09-12,4722359808
AVGO,2025-09-13,4722359808
AVGO,2025-09-16,4722359808
AVGO,2025-09-17,4722365022
AVGO,2025-09-18,4722365022
AVGO,2025-09-20,4727978084
AVGO,2025-09-23,4722365022
AVGO,2025-09-24,4722365022
AVGO,2025-09-26,4722365022
AVGO,2025-09-27,4722365022
AVGO,2025-09-30,4817849255
AVGO,2025-10-01,4788496168
AVGO,2025-10-02,4738512765
AVGO,2025-10-06,4722365022
AVGO,2025-10-07,4722365022
AVGO,2025-10-08,4722365022
AVGO,2025-10-11,4722365022
AVGO,2025-10-14,4722365022
AVGO,2025-10-15,4894858348
AVGO,2025-10-16,4722365022
AVGO,2025-10-18,4722365022
AVGO,2025-10-20,4723581987
AVGO,2025-10-22,4814287554
AVGO,2025-10-23,4722365022
AVGO,2025-10-24,4722365022
AVGO,2025-10-25,4722365022
AVGO,2025-10-27,4722365022
AVGO,2025-10-30,4722365022
AVGO,2025-10-31,4722365022
AVGO,2025-11-01,4722365022
AVGO,2025-11-04,4722365022
AVGO,2025-11-05,4722365022
AVGO,2025-11-08,4722365022
AVGO,2025-11-11,4722365022
AVGO,2025-11-12,4722365022
AVGO,2025-11-13,4722365022
AVGO,2025-11-15,4722365022
AVGO,2025-11-17,4722365022
AVGO,2025-12-20,4741273799
AVGO,2026-03-10,4741273800
AVGO,2026-03-19,4741273799
AVGO,2026-04-23,4734668184
AVGO,2026-06-09,4757580198
AVGO,2026-06-10,4757580198
AVGO,2026-09-11,4773629865
CSCO,2020-08-28,4222299904
CSCO,2020-09-05,4373870080
CSCO,2020-09-06,4222299904
CSCO,2020-09-07,4233430016
CSCO,2020-10-23,4221019904
CSCO,2020-11-20,4225509888
CSCO,2020-11-26,4225509888
CSCO,2021-02-18,4221789952
CSCO,2021-03-17,4221789952
CSCO,2021-04-23,4257039872
CSCO,2021-04-24,4223409920
CSCO,2021-04-27,4221789952
CSCO,2021-05-27,4214200064
CSCO,2021-07-20,4265039872
CSCO,2021-09-11,4217740032
CSCO,2021-09-13,4217740032
CSCO,2021-10-19,4222320128
CSCO,2021-10-23,4262129920
CSCO,2021-10-27,4217629952
CSCO,2021-11-05,4256760064
CSCO,2021-11-06,4217629952
CSCO,2021-11-26,4217629952
CSCO,2021-11-28,4217609984
CSCO,2022-02-11,4217609984
CSCO,2022-02-24,4154170112
CSCO,2022-03-04,4160100096
CSCO,2022-03-05,4154170112
CSCO,2022-03-15,4184000000
CSCO,2022-03-17,4154170112
CSCO,2022-04-07,4154170112
CSCO,2022-04-19,4159040000
CSCO,2022-05-13,4185139968
CSCO,2022-05-27,4140960000
CSCO,2022-06-09,4200880128
CSCO,2022-06-11,4140960000
CSCO,2022-07-27,4189149952
CSCO,2022-07-29,4231869952
CSCO,2022-07-30,4140960000
CSCO,2022-08-05,4171079936
CSCO,2022-08-06,4140960000
CSCO,2022-09-02,4140960000
CSCO,2022-09-13,4108839936
CSCO,2022-09-15,4122860032
CSCO,2022-09-16,4108839936
CSCO,2022-10-20,4105969920
CSCO,2022-10-21,4122700032
CSCO,2022-10-23,4105969920
CSCO,2022-11-04,4105969920
CSCO,2022-11-27,4108100096
CSCO,2022-12-06,4138919936
CSCO,2022-12-07,4108100096
CSCO,2023-01-21,4136399872
CSCO,2023-02-04,4166390016
CSCO,2023-02-05,4108100096
CSCO,2023-02-23,4095820032
CSCO,2023-03-30,4159219968
CSCO,2023-04-01,4163120128
CSCO,2023-04-07,4139760128
CSCO,2023-04-08,4095820032
CSCO,2023-05-03,4182400000
CSCO,2023-05-04,4131470080
CSCO,2023-05-06,4095820032
CSCO,2023-05-12,4125860096
CSCO,2023-05-13,4095820032
CSCO,2023-05-27,4075059968
CSCO,2023-06-09,4083259904
CSCO,2023-06-10,4075059968
CSCO,2023-07-06,4093250048
CSCO,2023-07-07,4075059968
CSCO,2023-07-12,4132140032
CSCO,2023-07-13,4075059968
CSCO,2023-07-21,4079729920
CSCO,2023-07-22,4075059968
CSCO,2023-08-22,4075059968
CSCO,2023-09-16,4054860032
CSCO,2023-10-04,4110779904
CSCO,2023-10-10,4054860032
CSCO,2023-10-11,4058619904
CSCO,2023-10-12,4054860032
CSCO,2023-10-13,4054860032
CSCO,2023-10-14,4060890112
CSCO,2023-10-17,4071399936
CSCO,2023-10-18,4054860032
CSCO,2023-10-19,4067680000
CSCO,2023-10-20,4050540032
CSCO,2023-10-24,4107190016
CSCO,2023-11-08,4062739968
CSCO,2023-11-09,4072709888
CSCO,2023-11-28,4063480064
CSCO,2023-12-06,4073649920
CSCO,2023-12-07,4063480064
CSCO,2023-12-09,4063480064
CSCO,2023-12-12,4063480064
CSCO,2023-12-15,4083200000
CSCO,2023-12-16,4063480064
CSCO,2023-12-19,4063480064
CSCO,2023-12-20,4063480064
CSCO,2023-12-22,4072470016
CSCO,2023-12-26,4063480064
CSCO,2023-12-27,4063480064
CSCO,2024-01-02,4063480064
CSCO,2024-01-05,4097550080
CSCO,2024-01-10,4063480064
CSCO,2024-01-13,4063480064
CSCO,2024-01-19,4063480064
CSCO,2024-01-20,4063480064
CSCO,2024-01-23,4063480064
CSCO,2024-01-24,4063480064
CSCO,2024-01-26,4063480064
CSCO,2024-01-27,4063480064
CSCO,2024-01-30,4063480064
CSCO,2024-01-31,4063480064
CSCO,2024-02-01,4063480064
CSCO,2024-02-02,4063480064
CSCO,2024-02-08,4063480064
CSCO,2024-02-09,4063480064
CSCO,2024-02-13,4063480064
CSCO,2024-02-15,4063480064
CSCO,2024-02-22,4049189888
CSCO,2024-02-23,4049189888
CSCO,2024-02-27,4049189888
CSCO,2024-02-28,4049189888
CSCO,2024-03-02,4049189888
CSCO,2024-03-05,4049189888
CSCO,2024-03-06,4049189888
CSCO,2024-03-13,4049189888
CSCO,2024-03-15,4049189888
CSCO,2024-03-16,4049189888
CSCO,2024-03-19,4049189888
CSCO,2024-03-20,4049189888
CSCO,2024-03-23,4049189888
CSCO,2024-03-26,4049189888
CSCO,2024-03-27,4049189888
CSCO,2024-04-12,4049189888
CSCO,2024-04-13,4049189888
CSCO,2024-04-16,4049189888
CSCO,2024-04-17,4049189888
CSCO,2024-04-18,4049189888
CSCO,2024-04-19,4049189888
CSCO,2024-04-20,4049189888
CSCO,2024-04-24,4049189888
CSCO,2024-04-25,4049189888
CSCO,2024-04-26,4049189888
CSCO,2024-04-27,4049189888
CSCO,2024-04-30,4049189888
CSCO,2024-05-01,4049189888
CSCO,2024-05-02,4049189888
CSCO,2024-05-03,4049189888
CSCO,2024-05-04,4049189888
CSCO,2024-05-07,4049189888
CSCO,2024-05-09,4049189888
CSCO,2024-05-10,4049189888
CSCO,2024-05-11,4049189888
CSCO,2024-05-14,4049189888
CSCO,2024-05-16,4049189888
CSCO,2024-05-17,4049189888
CSCO,2024-05-18,4049189888
CSCO,2024-05-20,4138540032
CSCO,2024-05-21,4049189888
CSCO,2024-05-22,4049189888
CSCO,2024-05-23,4028809984
CSCO,2024-05-24,4100570112
CSCO,2024-05-29,4028809984
CSCO,2024-06-05,4028809984
CSCO,2024-06-07,4028809984
CSCO,2024-06-08,4028809984
CSCO,2024-06-11,4028809984
CSCO,2024-06-12,4036740096
CSCO,2024-06-13,4042060032
CSCO,2024-06-15,4028809984
CSCO,2024-06-18,4028809984
CSCO,2024-06-19,4028809984
CSCO,2024-06-21,4028809984
CSCO,2024-06-22,4028809984
CSCO,2024-06-25,4028809984
CSCO,2024-06-26,4028809984
CSCO,2024-06-27,4028809984
CSCO,2024-06-29,4028809984
CSCO,2024-07-03,4049270016
CSCO,2024-07-04,4028809984
CSCO,2024-07-06,4028809984
CSCO,2024-07-09,4028809984
CSCO,2024-07-10,4051689984
CSCO,2024-07-11,4028809984
CSCO,2024-07-12,4028809984
CSCO,2024-07-16,4028809984
CSCO,2024-07-18,4028809984
CSCO,2024-07-19,4090119936
CSCO,2024-07-20,4028809984
CSCO,2024-07-24,4068790016
CSCO,2024-07-25,4028809984
CSCO,2024-07-27,4028809984
CSCO,2024-07-30,4028809984
CSCO,2024-08-01,4028809984
CSCO,2024-08-03,4028809984
CSCO,2024-08-06,4028809984
CSCO,2024-08-07,4028809984
CSCO,2024-08-10,4028809984
CSCO,2024-08-13,4083599872
CSCO,2024-08-16,4028809984
CSCO,2024-08-17,4028809984
CSCO,2024-08-20,4028809984
CSCO,2024-08-27,4028809984
CSCO,2024-08-30,4028809984
CSCO,2024-08-31,4028809984
CSCO,2024-09-03,4028809984
CSCO,2024-09-07,3990729984
CSCO,2024-09-10,3990729984
CSCO,2024-09-11,3990729984
CSCO,2024-09-17,3990729984
CSCO,2024-09-18,3990729984
CSCO,2024-09-19,3990729984
CSCO,2024-09-20,3990729984
CSCO,2024-09-24,3990729984
CSCO,2024-09-26,3990729984
CSCO,2024-09-27,3990729984
CSCO,2024-09-30,3990729984
CSCO,2024-10-01,3990729984
CSCO,2024-10-03,3990729984
CSCO,2024-10-05,3990729984
CSCO,2024-10-12,3990729984
CSCO,2024-10-15,3990729984
CSCO,2024-10-16,3992209920
CSCO,2024-10-17,3990729984
CSCO,2024-10-18,3990729984
CSCO,2024-10-19,3990729984
CSCO,2024-10-22,3986020096
CSCO,2024-10-24,4008809984
CSCO,2024-10-26,4024630016
CSCO,2024-10-28,4056659968
CSCO,2024-10-29,3986020096
CSCO,2024-10-31,3986020096
CSCO,2024-11-16,4017929984
CSCO,2024-11-19,3996450048
CSCO,2024-11-20,3986020096
CSCO,2024-11-21,3982759936
CSCO,2024-11-30,3988140032
CSCO,2024-12-03,3982759936
CSCO,2024-12-11,3998360064
CSCO,2025-01-04,3999000064
CSCO,2025-01-07,3988859904
CSCO,2025-01-17,3993410048
CSCO,2025-02-20,3978289920
CSCO,2025-02-21,3978289920
CSCO,2025-02-25,3978289920
CSCO,2025-03-04,3978289920
CSCO,2025-03-06,3978289920
CSCO,2025-03-07,3978289920
CSCO,2025-03-11,3978289920
CSCO,2025-03-12,3978289920
CSCO,2025-03-13,3978289920
CSCO,2025-03-14,3978289920
CSCO,2025-03-19,3978289920
CSCO,2025-03-20,3978289920
CSCO,2025-03-22,3978289920
CSCO,2025-03-25,3978289920
CSCO,2025-03-26,3978289920
CSCO,2025-03-27,3978289920
CSCO,2025-03-28,4004209920
CSCO,2025-04-01,3978289920
CSCO,2025-04-03,3978289920
CSCO,2025-04-04,3978289920
CSCO,2025-04-05,3978289920
CSCO,2025-04-10,4086550016
CSCO,2025-04-11,3978289920
CSCO,2025-04-14,3978289920
CSCO,2025-04-22,4080000000
CSCO,2025-04-23,3978289920
CSCO,2025-04-29,3978289920
CSCO,2025-05-01,3978289920
CSCO,2025-05-02,3978289920
CSCO,2025-05-06,3978289920
CSCO,2025-05-07,3985009920
CSCO,2025-05-09,3978289920
CSCO,2025-05-10,3978289920
CSCO,2025-05-13,3978289920
CSCO,2025-05-14,3978289920
CSCO,2025-05-15,3978289920
CSCO,2025-05-16,4018309888
CSCO,2025-05-17,3978289920
CSCO,2025-05-20,3978289920
CSCO,2025-05-22,3960000000
CSCO,2025-05-23,3960000000
CSCO,2025-05-28,3960000000
CSCO,2025-05-29,3985629952
CSCO,2025-05-30,3978210048
CSCO,2025-05-31,3960630016
CSCO,2025-06-04,3960000000
CSCO,2025-06-05,3960000000
CSCO,2025-06-06,3960000000
CSCO,2025-06-07,3960000000
CSCO,2025-06-10,3969609984
CSCO,2025-06-13,3960000000
CSCO,2025-06-14,3960000000
CSCO,2025-06-17,3960000000
CSCO,2025-06-18,3960000000
CSCO,2025-06-21,3960000000
CSCO,2025-06-24,3960000000
CSCO,2025-06-28,3960000000
CSCO,2025-07-02,3960000000
CSCO,2025-07-03,3960000000
CSCO,2025-07-04,3960000000
CSCO,2025-07-08,3979630080
CSCO,2025-07-09,3960000000
CSCO,2025-07-10,3960000000
CSCO,2025-07-11,3960000000
CSCO,2025-07-12,3960000000
CSCO,2025-07-15,3960000000
CSCO,2025-07-16,3960000000
CSCO,2025-07-17,3960000000
CSCO,2025-07-18,3960000000
CSCO,2025-07-23,3960000000
CSCO,2025-07-25,3960000000
CSCO,2025-07-29,3960000000
CSCO,2025-08-01,3960000000
CSCO,2025-08-02,3960000000
CSCO,2025-08-05,3960000000
CSCO,2025-08-06,3960000000
CSCO,2025-08-07,3960000000
CSCO,2025-08-08,3960000000
CSCO,2025-08-12,3960000000
CSCO,2025-08-13,3960000000
CSCO,2025-09-05,3953200128
CSCO,2025-09-06,3953200128
CSCO,2025-09-10,3953200128
CSCO,2025-09-11,3953200128
CSCO,2025-09-13,3953200128
CSCO,2025-09-17,3953196953
CSCO,2025-09-20,3980436398
CSCO,2025-09-23,3980037847
CSCO,2025-09-26,3953196953
CSCO,2025-09-27,3953196953
CSCO,2025-10-01,3953196953
CSCO,2025-10-02,3953196953
CSCO,2025-10-03,3953196953
CSCO,2025-10-06,3975896405
CSCO,2025-10-07,3953196953
CSCO,2025-10-08,3953196953
CSCO,2025-10-09,3953196953
CSCO,2025-10-10,3953196953
CSCO,2025-10-14,3953196953
CSCO,2025-10-15,3953196953
CSCO,2025-10-18,3953196953
CSCO,2025-10-20,3953196953
CSCO,2025-10-23,3953196953
CSCO,2025-10-24,3953196953
CSCO,2025-10-28,3953196953
CSCO,2025-10-30,3940724908
CSCO,2025-11-17,3953196954
CSCO,2025-11-20,3951094563
CSCO,2026-02-24,3951094563
CSCO,2026-04-23,3949893042
CSCO,2026-05-20,3941434665
CSCO,2026-09-04,3942586873
ADBE,2020-06-26,479664992
ADBE,2020-08-28,479664992
ADBE,2020-09-25,479719008
ADBE,2020-10-05,460012000
ADBE,2020-11-26,479719008
ADBE,2021-01-20,478700000
ADBE,2021-03-09,479326016
ADBE,2021-03-17,479326016
ADBE,2021-04-02,478000000
ADBE,2021-04-23,482758016
ADBE,2021-04-24,474756992
ADBE,2021-04-28,478000000
ADBE,2021-07-02,476400000
ADBE,2021-09-14,486583008
ADBE,2021-09-15,476400000
ADBE,2021-10-01,475800000
ADBE,2021-11-11,490804992
ADBE,2021-11-12,475800000
ADBE,2022-01-25,471700000
ADBE,2022-02-08,471700000
ADBE,2022-02-10,472348000
ADBE,2022-02-11,472348000
ADBE,2022-03-04,484796992
ADBE,2022-03-05,472348000
ADBE,2022-03-08,472351008
ADBE,2022-03-15,477952000
ADBE,2022-03-16,472351008
ADBE,2022-04-01,472500000
ADBE,2022-04-09,472500000
ADBE,2022-06-03,472500000
ADBE,2022-07-02,468000000
ADBE,2022-09-02,468000000
ADBE,2022-09-16,466945984
ADBE,2022-09-17,466945984
ADBE,2022-09-24,471048992
ADBE,2022-09-25,466945984
ADBE,2022-09-27,479760000
ADBE,2022-10-01,464900000
ADBE,2022-10-08,480420000
ADBE,2022-10-11,464900000
ADBE,2022-10-14,451351008
ADBE,2022-10-15,464900000
ADBE,2022-11-17,475272000
ADBE,2023-01-19,457800000
ADBE,2023-01-25,462436992
ADBE,2023-01-26,457800000
ADBE,2023-03-08,458576000
ADBE,2023-03-30,465649984
ADBE,2023-04-01,458700000
ADBE,2023-04-04,465084000
ADBE,2023-04-05,464819008
ADBE,2023-04-07,458700000
ADBE,2023-04-21,458880992
ADBE,2023-05-13,470419008
ADBE,2023-05-17,458700000
ADBE,2023-07-07,455800000
ADBE,2023-07-12,463504992
ADBE,2023-07-15,455800000
ADBE,2023-07-19,464732992
ADBE,2023-07-24,455800000
ADBE,2023-08-22,455800000
ADBE,2023-08-23,456668992
ADBE,2023-08-24,455800000
ADBE,2023-09-22,455800000
ADBE,2023-09-29,455300000
ADBE,2023-10-04,455300000
ADBE,2023-10-11,455300000
ADBE,2023-10-13,455300000
ADBE,2023-10-14,455300000
ADBE,2023-10-17,455300000
ADBE,2023-10-19,457112000
ADBE,2023-10-20,455300000
ADBE,2023-10-21,455300000
ADBE,2023-10-22,455300000
ADBE,2023-10-25,456016992
ADBE,2023-10-26,455300000
ADBE,2023-11-01,455300000
ADBE,2023-11-02,455300000
ADBE,2023-11-09,455300000
ADBE,2023-11-10,455300000
ADBE,2023-11-16,455300000
ADBE,2023-11-18,455300000
ADBE,2023-11-25,455300000
ADBE,2023-11-28,455300000
ADBE,2023-12-03,455388992
ADBE,2023-12-05,455300000
ADBE,2023-12-06,457220000
ADBE,2023-12-15,485764000
ADBE,2023-12-16,455300000
ADBE,2023-12-20,455300000
ADBE,2023-12-22,455300000
ADBE,2023-12-23,456356992
ADBE,2023-12-26,455300000
ADBE,2024-01-04,455300000
ADBE,2024-01-05,458912992
ADBE,2024-01-06,455300000
ADBE,2024-01-09,455300000
ADBE,2024-01-10,455300000
ADBE,2024-01-13,456132000
ADBE,2024-01-16,455407008
ADBE,2024-01-17,455300000
ADBE,2024-01-18,456507008
ADBE,2024-01-19,452000000
ADBE,2024-01-20,452000000
ADBE,2024-01-23,457960992
ADBE,2024-01-24,452000000
ADBE,2024-01-25,452000000
ADBE,2024-01-27,452000000
ADBE,2024-01-30,452000000
ADBE,2024-02-13,452000000
ADBE,2024-02-14,452000000
ADBE,2024-02-24,452000000
ADBE,2024-02-27,452000000
ADBE,2024-02-28,452000000
ADBE,2024-02-29,452000000
ADBE,2024-03-04,452150016
ADBE,2024-03-05,454348000
ADBE,2024-03-08,452545984
ADBE,2024-03-15,452545984
ADBE,2024-03-16,452545984
ADBE,2024-03-23,462974016
ADBE,2024-03-28,448052992
ADBE,2024-03-29,448000000
ADBE,2024-04-04,449928992
ADBE,2024-04-09,448000000
ADBE,2024-04-12,457628992
ADBE,2024-04-13,448000000
ADBE,2024-04-16,451801984
ADBE,2024-04-25,451481984
ADBE,2024-04-26,448000000
ADBE,2024-04-30,452252000
ADBE,2024-05-10,453312000
ADBE,2024-05-11,448084000
ADBE,2024-05-15,454740000
ADBE,2024-05-16,448000000
ADBE,2024-05-21,450640000
ADBE,2024-05-22,448000000
ADBE,2024-05-24,448575008
ADBE,2024-05-31,480152992
ADBE,2024-06-13,448000000
ADBE,2024-06-28,443400000
ADBE,2024-07-10,450748000
ADBE,2024-07-11,443400000
ADBE,2024-07-12,443400000
ADBE,2024-07-18,443400000
ADBE,2024-07-24,443400000
ADBE,2024-07-25,443400000
ADBE,2024-08-10,443400000
ADBE,2024-08-13,443400000
ADBE,2024-08-14,443400000
ADBE,2024-08-15,443400000
ADBE,2024-08-16,443400000
ADBE,2024-08-17,443400000
ADBE,2024-08-24,443400000
ADBE,2024-08-27,443400000
ADBE,2024-08-29,449159008
ADBE,2024-09-04,446016992
ADBE,2024-09-06,443400000
ADBE,2024-09-07,443400000
ADBE,2024-09-13,443400000
ADBE,2024-09-16,456468000
ADBE,2024-09-17,443400000
ADBE,2024-09-18,443400000
ADBE,2024-09-21,443400000
ADBE,2024-09-27,440200000
ADBE,2024-09-28,440268000
ADBE,2024-10-04,440200000
ADBE,2024-10-12,440200000
ADBE,2024-10-25,442168992
ADBE,2024-10-29,440200000
ADBE,2024-11-01,440200000
ADBE,2024-11-05,440200000
ADBE,2024-11-08,443592000
ADBE,2024-11-13,440200000
ADBE,2024-11-14,440200000
ADBE,2024-11-16,440200000
ADBE,2024-11-19,443601984
ADBE,2024-11-20,440200000
ADBE,2024-11-27,440200000
ADBE,2024-11-30,440200000
ADBE,2024-12-10,440200000
ADBE,2024-12-11,440908000
ADBE,2024-12-13,510038016
ADBE,2024-12-14,440200000
ADBE,2024-12-17,444168000
ADBE,2025-01-11,440200000
ADBE,2025-01-15,435300000
ADBE,2025-02-04,436444000
ADBE,2025-02-08,435300000
ADBE,2025-02-27,435300000
ADBE,2025-03-04,434896992
ADBE,2025-03-10,449211008
ADBE,2025-03-11,434896992
ADBE,2025-03-22,434896992
ADBE,2025-03-27,441271008
ADBE,2025-03-28,426200000
ADBE,2025-04-01,426200000
ADBE,2025-04-02,426200000
ADBE,2025-04-03,426200000
ADBE,2025-04-04,426200000
ADBE,2025-04-10,443964000
ADBE,2025-04-11,426200000
ADBE,2025-04-22,433128992
ADBE,2025-04-23,426200000
ADBE,2025-05-10,426990016
ADBE,2025-05-13,426200000
ADBE,2025-05-29,426200000
ADBE,2025-06-10,426876000
ADBE,2025-06-11,426200000
ADBE,2025-06-14,426200000
ADBE,2025-06-17,447416000
ADBE,2025-06-18,431431008
ADBE,2025-06-19,426200000
ADBE,2025-06-27,429079008
ADBE,2025-07-08,426878016
ADBE,2025-07-10,424200000
ADBE,2025-07-11,433632992
ADBE,2025-07-12,424200000
ADBE,2025-08-08,424200000
ADBE,2025-08-20,424200000
ADBE,2025-08-21,424200000
ADBE,2025-09-05,429361984
ADBE,2025-09-16,424200000
ADBE,2025-09-20,426008560
ADBE,2025-09-23,424200000
ADBE,2025-09-24,424200000
ADBE,2025-09-25,424200000
ADBE,2025-09-26,418600000
ADBE,2025-09-30,419706421
ADBE,2025-10-01,427642472
ADBE,2025-10-02,437720272
ADBE,2025-10-06,424322340
ADBE,2025-10-07,418600000
ADBE,2025-10-08,420799299
ADBE,2025-10-15,418600000
ADBE,2025-10-24,419310455
ADBE,2025-10-25,418600000
ADBE,2025-11-05,421246286
ADBE,2025-11-06,418600000
ADBE,2025-11-07,418600000
ADBE,2025-11-15,421747939
ADBE,2025-11-17,424200000
ADBE,2026-01-17,418600000
ADBE,2026-03-10,410500000
ADBE,2026-03-27,407636919
ADBE,2026-04-23,404200000
ADBE,2026-06-16,397500000
CRM,2020-06-23,901000000
CRM,2020-08-28,901000000
CRM,2020-09-02,910000000
CRM,2020-09-05,910000000
CRM,2020-09-21,910000000
CRM,2020-10-01,895987008
CRM,2020-10-05,910000000
CRM,2020-10-08,910000000
CRM,2020-10-14,909182016
CRM,2020-10-24,910000000
CRM,2020-10-30,910000000
CRM,2020-11-03,909294976
CRM,2020-11-05,860606016
CRM,2020-11-11,910000000
CRM,2020-11-19,910000000
CRM,2020-11-20,910000000
CRM,2020-11-25,921302976
CRM,2020-11-26,910000000
CRM,2020-12-03,915444992
CRM,2020-12-04,915444992
CRM,2020-12-05,915000000
CRM,2020-12-08,915000000
CRM,2020-12-10,885726016
CRM,2020-12-18,915000000
CRM,2020-12-25,915000000
CRM,2020-12-29,913100992
CRM,2021-01-01,917198016
CRM,2021-01-05,908579008
CRM,2021-01-06,917734016
CRM,2021-01-07,940534976
CRM,2021-01-12,933670976
CRM,2021-01-13,917734016
CRM,2021-01-27,916355008
CRM,2021-01-28,923777024
CRM,2021-01-29,917734976
CRM,2021-01-30,917734016
CRM,2021-02-03,895241984
CRM,2021-02-04,920163968
CRM,2021-02-06,914238976
CRM,2021-02-24,897510016
CRM,2021-02-27,917734976
CRM,2021-03-02,917734016
CRM,2021-03-04,917734976
CRM,2021-03-05,914750016
CRM,2021-03-11,915873024
CRM,2021-03-13,933908992
CRM,2021-03-17,910545984
CRM,2021-03-19,921000000
CRM,2021-03-24,921000000
CRM,2021-03-27,921000000
CRM,2021-03-30,921000000
CRM,2021-03-31,924377024
CRM,2021-04-01,921000000
CRM,2021-04-02,921000000
CRM,2021-04-07,917667008
CRM,2021-04-08,921000000
CRM,2021-04-09,905982016
CRM,2021-04-10,921000000
CRM,2021-04-13,921000000
CRM,2021-04-14,921000000
CRM,2021-04-15,921000000
CRM,2021-04-16,901315008
CRM,2021-04-17,921000000
CRM,2021-04-20,921000000
CRM,2021-04-21,931262016
CRM,2021-04-22,921000000
CRM,2021-04-23,917854976
CRM,2021-04-24,909364992
CRM,2021-04-27,928691008
CRM,2021-04-29,921000000
CRM,2021-04-30,930902976
CRM,2021-05-01,937155008
CRM,2021-05-04,922233024
CRM,2021-05-05,922233024
CRM,2021-05-06,929854016
CRM,2021-05-07,922233024
CRM,2021-05-08,922233024
CRM,2021-05-11,922233024
CRM,2021-05-12,922233024
CRM,2021-05-13,944222016
CRM,2021-05-14,916486976
CRM,2021-05-15,922233024
CRM,2021-05-18,922233024
CRM,2021-05-19,922233024
CRM,2021-05-20,922233024
CRM,2021-05-21,922233024
CRM,2021-05-25,922233024
CRM,2021-05-28,922233024
CRM,2021-05-29,874707008
CRM,2021-06-02,922233024
CRM,2021-06-03,928443008
CRM,2021-06-04,911081024
CRM,2021-06-05,900108992
CRM,2021-06-08,923433984
CRM,2021-06-09,932737024
CRM,2021-06-10,927294016
CRM,2021-06-12,926462976
CRM,2021-06-17,926726016
CRM,2021-06-19,932292992
CRM,2021-06-24,926000000
CRM,2021-07-23,971529024
CRM,2021-08-31,979000000
CRM,2021-09-01,979000000
CRM,2021-11-04,979193984
CRM,2021-11-05,979000000
CRM,2021-12-08,985000000
CRM,2022-02-04,1041660032
CRM,2022-02-05,985000000
CRM,2022-02-06,1014910016
CRM,2022-02-07,985000000
CRM,2022-02-11,985000000
CRM,2022-03-04,1012129984
CRM,2022-03-05,985000000
CRM,2022-03-12,990000000
CRM,2022-03-15,1014499968
CRM,2022-03-17,998883008
CRM,2022-03-18,985000000
CRM,2022-03-22,990000000
CRM,2022-03-28,1003840000
CRM,2022-03-29,990000000
CRM,2022-04-04,990000000
CRM,2022-04-30,993916992
CRM,2022-05-05,993916992
CRM,2022-06-03,995000000
CRM,2022-06-07,1006099968
CRM,2022-06-08,995000000
CRM,2022-08-29,1000000000
CRM,2022-08-30,1000000000
CRM,2022-09-02,1000000000
CRM,2022-12-06,1079369984
CRM,2022-12-07,1000000000
CRM,2023-03-04,1000860032
CRM,2023-03-05,1000000000
CRM,2023-03-30,1022569984
CRM,2023-04-01,1000000000
CRM,2023-04-04,1016739968
CRM,2023-04-05,1003609984
CRM,2023-04-06,1009680000
CRM,2023-04-07,1000000000
CRM,2023-05-03,979022976
CRM,2023-05-04,985275008
CRM,2023-05-06,979022976
CRM,2023-05-14,993771008
CRM,2023-05-16,979022976
CRM,2023-06-02,974000000
CRM,2023-06-23,990804992
CRM,2023-06-24,974000000
CRM,2023-07-12,1012259968
CRM,2023-07-13,974000000
CRM,2023-08-21,974000000
CRM,2023-08-23,984692992
CRM,2023-08-24,974000000
CRM,2023-09-02,973000000
CRM,2023-09-13,989022016
CRM,2023-09-15,973000000
CRM,2023-10-10,973000000
CRM,2023-10-11,974598976
CRM,2023-10-13,973000000
CRM,2023-10-14,978184000
CRM,2023-10-15,973000000
CRM,2023-10-18,973000000
CRM,2023-10-19,973000000
CRM,2023-10-22,973000000
CRM,2023-10-24,973000000
CRM,2023-11-04,976001024
CRM,2023-12-01,968000000
CRM,2023-12-15,968414016
CRM,2023-12-16,968000000
CRM,2023-12-19,968000000
CRM,2023-12-21,968000000
CRM,2023-12-22,968000000
CRM,2023-12-23,971307008
CRM,2023-12-26,968000000
CRM,2023-12-27,968000000
CRM,2024-01-05,970312000
CRM,2024-01-10,968000000
CRM,2024-01-11,968000000
CRM,2024-01-19,968000000
CRM,2024-01-20,968000000
CRM,2024-01-24,968000000
CRM,2024-01-25,968000000
CRM,2024-01-26,968000000
CRM,2024-01-27,968000000
CRM,2024-02-01,990865984
CRM,2024-02-02,968000000
CRM,2024-02-07,975721984
CRM,2024-02-08,968000000
CRM,2024-02-09,968000000
CRM,2024-02-10,970160000
CRM,2024-02-13,968000000
CRM,2024-02-14,968000000
CRM,2024-02-16,968000000
CRM,2024-02-23,968000000
CRM,2024-02-24,968000000
CRM,2024-03-05,974891008
CRM,2024-03-08,970000000
CRM,2024-03-09,970000000
CRM,2024-03-12,970000000
CRM,2024-03-13,976176000
CRM,2024-03-14,970000000
CRM,2024-03-23,971953984
CRM,2024-03-26,970729024
CRM,2024-03-27,970000000
CRM,2024-03-29,970643968
CRM,2024-04-12,985918016
CRM,2024-04-13,970000000
CRM,2024-04-16,970000000
CRM,2024-04-17,970000000
CRM,2024-04-18,973825984
CRM,2024-04-25,971721024
CRM,2024-04-26,970000000
CRM,2024-05-01,994526016
CRM,2024-05-14,970000000
CRM,2024-05-15,972523008
CRM,2024-05-16,970000000
CRM,2024-05-18,971251008
CRM,2024-05-20,971251008
CRM,2024-05-21,971251008
CRM,2024-05-22,971251008
CRM,2024-05-23,971251008
CRM,2024-05-24,989555008
CRM,2024-05-31,969000000
CRM,2024-06-05,969000000
CRM,2024-06-12,972417984
CRM,2024-06-13,990328000
CRM,2024-07-02,969000000
CRM,2024-07-03,969000000
CRM,2024-07-10,969000000
CRM,2024-07-17,969000000
CRM,2024-07-18,969000000
CRM,2024-07-26,969000000
CRM,2024-07-31,969000000
CRM,2024-08-13,973704000
CRM,2024-08-21,969000000
CRM,2024-08-24,969000000
CRM,2024-08-27,969000000
CRM,2024-08-28,969000000
CRM,2024-08-29,969000000
CRM,2024-08-30,976126016
CRM,2024-08-31,971536000
CRM,2024-09-07,964425024
CRM,2024-09-24,956000000
CRM,2024-09-25,956000000
CRM,2024-09-26,956000000
CRM,2024-09-27,956000000
CRM,2024-09-30,966233984
CRM,2024-10-01,956000000
CRM,2024-10-02,956000000
CRM,2024-10-12,962868992
CRM,2024-10-18,956822016
CRM,2024-10-31,964030976
CRM,2024-11-01,956000000
CRM,2024-11-06,957670976
CRM,2024-11-07,956000000
CRM,2024-11-08,956000000
CRM,2024-11-09,956000000
CRM,2024-11-13,957625024
CRM,2024-11-14,956000000
CRM,2024-11-15,956000000
CRM,2024-11-16,974780992
CRM,2024-11-19,964929984
CRM,2024-11-20,956000000
CRM,2024-11-22,956000000
CRM,2024-11-23,956000000
CRM,2024-11-30,956057984
CRM,2024-12-03,956000000
CRM,2024-12-05,957000000
CRM,2024-12-06,957000000
CRM,2024-12-11,957000000
CRM,2024-12-14,957000000
CRM,2025-01-07,957000000
CRM,2025-01-17,957000000
CRM,2025-02-01,957000000
CRM,2025-02-08,957000000
CRM,2025-02-20,957000000
CRM,2025-02-21,957000000
CRM,2025-03-04,957000000
CRM,2025-03-07,961000000
CRM,2025-03-11,996179008
CRM,2025-03-12,961000000
CRM,2025-03-15,961000000
CRM,2025-03-18,961000000
CRM,2025-03-21,961000000
CRM,2025-03-22,961000000
CRM,2025-03-25,961000000
CRM,2025-03-26,961000000
CRM,2025-03-27,961000000
CRM,2025-03-28,961000000
CRM,2025-04-01,961000000
CRM,2025-04-10,998857024
CRM,2025-04-11,961000000
CRM,2025-04-14,962699008
CRM,2025-04-15,961000000
CRM,2025-04-22,1005740032
CRM,2025-04-23,961000000
CRM,2025-04-29,959473984
CRM,2025-05-10,959473984
CRM,2025-05-29,963505984
CRM,2025-05-30,956000000
CRM,2025-05-31,956000000
CRM,2025-06-10,963936000
CRM,2025-06-14,956000000
CRM,2025-06-17,956000000
CRM,2025-06-18,956000000
CRM,2025-06-19,968009984
CRM,2025-07-03,956000000
CRM,2025-07-08,964326976
CRM,2025-07-09,956000000
CRM,2025-07-10,956000000
CRM,2025-07-11,977856000
CRM,2025-07-12,956000000
CRM,2025-07-22,956000000
CRM,2025-07-24,956000000
CRM,2025-08-08,988900992
CRM,2025-09-05,952000000
CRM,2025-09-16,952000000
CRM,2025-09-26,971518074
CRM,2025-10-01,977828523
CRM,2025-10-02,983263439
CRM,2025-10-08,975984650
CRM,2025-10-15,987654836
CRM,2025-10-18,963435906
CRM,2025-10-24,952821881
CRM,2025-10-25,952000000
CRM,2025-10-31,952000000
CRM,2025-11-01,952000000
CRM,2025-11-04,952000000
CRM,2025-11-05,952000000
CRM,2025-11-17,956000000
CRM,2025-12-09,952000000
CRM,2026-03-06,937000000
CRM,2026-04-18,923000000
CRM,2026-04-23,818053744
CRM,2026-05-28,819000000
CRM,2026-05-29,819000000
CRM,2026-08-28,823000000
NFLX,2020-07-22,441015008
NFLX,2020-08-28,441015008
NFLX,2020-09-05,463739008
NFLX,2020-09-06,463739008
NFLX,2020-09-21,441240992
NFLX,2020-09-22,441015008
NFLX,2020-10-24,441795008
NFLX,2020-10-26,441795008
NFLX,2020-11-26,441795008
NFLX,2021-01-30,442895008
NFLX,2021-03-05,442895008
NFLX,2021-03-17,437816000
NFLX,2021-04-10,442312992
NFLX,2021-04-23,443000000
NFLX,2021-04-25,445830016
NFLX,2021-04-26,445830016
NFLX,2021-04-27,443403008
NFLX,2021-04-30,443403008
NFLX,2021-05-02,443403008
NFLX,2021-06-15,443403008
NFLX,2021-06-16,443403008
NFLX,2021-07-27,442596000
NFLX,2021-10-23,442952000
NFLX,2021-10-25,442952000
NFLX,2021-11-05,456132992
NFLX,2021-11-06,442952000
NFLX,2021-12-03,443886016
NFLX,2021-12-04,442952000
NFLX,2022-01-25,454793984
NFLX,2022-01-26,442952000
NFLX,2022-01-29,443963008
NFLX,2022-01-31,443963008
NFLX,2022-02-04,470102016
NFLX,2022-02-05,443963008
NFLX,2022-02-11,443963008
NFLX,2022-02-24,455948000
NFLX,2022-02-25,443963008
NFLX,2022-03-04,458388992
NFLX,2022-03-05,443963008
NFLX,2022-03-15,456449984
NFLX,2022-03-17,443963008
NFLX,2022-03-28,446172000
NFLX,2022-03-31,443963008
NFLX,2022-04-01,452116992
NFLX,2022-04-02,443963008
NFLX,2022-04-13,444273984
NFLX,2022-04-14,444273984
NFLX,2022-07-24,444705984
NFLX,2022-07-25,444705984
NFLX,2022-08-03,454326016
NFLX,2022-08-05,444705984
NFLX,2022-08-10,451571008
NFLX,2022-08-13,444705984
NFLX,2022-09-02,444705984
NFLX,2022-10-22,445020000
NFLX,2022-11-08,448788992
NFLX,2022-11-10,445020000
NFLX,2022-12-03,461654016
NFLX,2022-12-04,445020000
NFLX,2022-12-06,456152992
NFLX,2022-12-07,445020000
NFLX,2023-01-28,445347008
NFLX,2023-03-18,454972992
NFLX,2023-03-21,445347008
NFLX,2023-03-30,457060992
NFLX,2023-04-01,445347008
NFLX,2023-04-06,451071008
NFLX,2023-04-07,445347008
NFLX,2023-04-25,445951008
NFLX,2023-04-27,444540992
NFLX,2023-06-15,449775008
NFLX,2023-06-16,444540992
NFLX,2023-06-23,455276000
NFLX,2023-06-25,444540992
NFLX,2023-06-27,453048000
NFLX,2023-06-28,444540992
NFLX,2023-07-19,468988000
NFLX,2023-07-21,444540992
NFLX,2023-08-21,443147008
NFLX,2023-09-21,454504000
NFLX,2023-10-10,443147008
NFLX,2023-10-11,458139008
NFLX,2023-10-13,448950016
NFLX,2023-10-14,443147008
NFLX,2023-10-17,449512992
NFLX,2023-10-18,443147008
NFLX,2023-10-19,455345984
NFLX,2023-10-20,443147008
NFLX,2023-10-21,443147008
NFLX,2023-10-24,437680000
NFLX,2023-10-25,437680000
NFLX,2023-10-31,437680000
NFLX,2023-11-02,437680000
NFLX,2023-11-03,437680000
NFLX,2023-11-04,437680000
NFLX,2023-11-07,437680000
NFLX,2023-11-08,437961984
NFLX,2023-11-09,437680000
NFLX,2023-11-16,437680000
NFLX,2023-11-17,437680000
NFLX,2023-11-23,437680000
NFLX,2023-11-25,437680000
NFLX,2023-11-29,437680000
NFLX,2023-12-01,437680000
NFLX,2023-12-03,437792000
NFLX,2023-12-05,437680000
NFLX,2023-12-06,437680000
NFLX,2023-12-07,437680000
NFLX,2023-12-08,437680000
NFLX,2023-12-12,437680000
NFLX,2023-12-13,437680000
NFLX,2023-12-14,437680000
NFLX,2023-12-15,447107008
NFLX,2023-12-16,437680000
NFLX,2023-12-20,437680000
NFLX,2023-12-21,437680000
NFLX,2023-12-22,437680000
NFLX,2023-12-23,442040992
NFLX,2023-12-26,437680000
NFLX,2023-12-28,437680000
NFLX,2023-12-29,437680000
NFLX,2023-12-30,437680000
NFLX,2024-01-05,437680000
NFLX,2024-01-06,437680000
NFLX,2024-01-09,437680000
NFLX,2024-01-10,437680000
NFLX,2024-01-11,437680000
NFLX,2024-01-16,437751008
NFLX,2024-01-17,437680000
NFLX,2024-01-18,437680000
NFLX,2024-01-20,439872992
NFLX,2024-01-26,437680000
NFLX,2024-01-27,437680000
NFLX,2024-01-30,432760000
NFLX,2024-01-31,432760000
NFLX,2024-02-03,435097984
NFLX,2024-02-06,432760000
NFLX,2024-02-07,437319008
NFLX,2024-02-08,432760000
NFLX,2024-02-09,432760000
NFLX,2024-02-10,432760000
NFLX,2024-02-13,432760000
NFLX,2024-02-15,432760000
NFLX,2024-02-17,432760000
NFLX,2024-02-22,432760000
NFLX,2024-02-27,432760000
NFLX,2024-02-29,432760000
NFLX,2024-03-02,432760000
NFLX,2024-03-04,432760000
NFLX,2024-03-05,435304000
NFLX,2024-03-07,432760000
NFLX,2024-03-09,432760000
NFLX,2024-03-12,435655008
NFLX,2024-03-13,433617984
NFLX,2024-03-14,432760000
NFLX,2024-03-15,432760000
NFLX,2024-03-16,432760000
NFLX,2024-03-19,432760000
NFLX,2024-03-21,432760000
NFLX,2024-03-23,432760000
NFLX,2024-03-26,432760000
NFLX,2024-04-12,432760000
NFLX,2024-04-13,432760000
NFLX,2024-04-17,432760000
NFLX,2024-04-18,435185984
NFLX,2024-04-20,430900992
NFLX,2024-04-25,448467008
NFLX,2024-05-01,437843008
NFLX,2024-05-11,431881984
NFLX,2024-05-15,432959008
NFLX,2024-05-16,430900992
NFLX,2024-05-23,437723008
NFLX,2024-05-24,434155008
NFLX,2024-05-31,435532000
NFLX,2024-06-05,432504000
NFLX,2024-06-21,435115008
NFLX,2024-07-10,436044992
NFLX,2024-07-11,430900992
NFLX,2024-07-16,430985984
NFLX,2024-07-17,430900992
NFLX,2024-07-18,436561984
NFLX,2024-07-19,437500992
NFLX,2024-07-20,430900992
NFLX,2024-07-21,430900992
NFLX,2024-07-23,429164992
NFLX,2024-07-24,429164992
NFLX,2024-07-25,430383008
NFLX,2024-07-26,429164992
NFLX,2024-07-27,429164992
NFLX,2024-07-30,429164992
NFLX,2024-08-02,429164992
NFLX,2024-08-07,429164992
NFLX,2024-08-08,429164992
NFLX,2024-08-09,429164992
NFLX,2024-08-13,429164992
NFLX,2024-08-20,429164992
NFLX,2024-08-21,429164992
NFLX,2024-08-22,429164992
NFLX,2024-08-23,429164992
NFLX,2024-08-24,429164992
NFLX,2024-08-27,429164992
NFLX,2024-08-28,429164992
NFLX,2024-08-30,429164992
NFLX,2024-09-04,429164992
NFLX,2024-09-05,429164992
NFLX,2024-09-06,429164992
NFLX,2024-09-07,440819008
NFLX,2024-09-11,429164992
NFLX,2024-09-14,429164992
NFLX,2024-09-17,429164992
NFLX,2024-09-19,429164992
NFLX,2024-09-20,429164992
NFLX,2024-09-21,431184992
NFLX,2024-09-24,429164992
NFLX,2024-09-25,429164992
NFLX,2024-10-04,429164992
NFLX,2024-10-08,429164992
NFLX,2024-10-11,429164992
NFLX,2024-10-12,429164992
NFLX,2024-10-15,435056992
NFLX,2024-10-16,429164992
NFLX,2024-10-17,429164992
NFLX,2024-10-18,429164992
NFLX,2024-10-19,429164992
NFLX,2024-10-22,427457984
NFLX,2024-10-23,427457984
NFLX,2024-10-28,427555008
NFLX,2024-10-29,427457984
NFLX,2024-10-30,427457984
NFLX,2024-10-31,427457984
NFLX,2024-11-05,427457984
NFLX,2024-11-06,427457984
NFLX,2024-11-07,427457984
NFLX,2024-11-08,427457984
NFLX,2024-11-12,427457984
NFLX,2024-11-14,427457984
NFLX,2024-11-16,427457984
NFLX,2024-11-21,427457984
NFLX,2024-11-23,427457984
NFLX,2024-11-28,427457984
NFLX,2024-11-30,427457984
NFLX,2024-12-05,427457984
NFLX,2024-12-06,427457984
NFLX,2024-12-10,427457984
NFLX,2024-12-11,427616992
NFLX,2024-12-13,432543008
NFLX,2024-12-14,435687008
NFLX,2024-12-18,427457984
NFLX,2024-12-24,427457984
NFLX,2024-12-25,427457984
NFLX,2024-12-31,427457984
NFLX,2025-01-04,427457984
NFLX,2025-01-07,427457984
NFLX,2025-01-08,427457984
NFLX,2025-01-09,427457984
NFLX,2025-01-11,427457984
NFLX,2025-01-14,427457984
NFLX,2025-01-15,427457984
NFLX,2025-01-17,427457984
NFLX,2025-01-22,427457984
NFLX,2025-01-24,427457984
NFLX,2025-01-28,427756992
NFLX,2025-01-29,427756992
NFLX,2025-02-08,427756992
NFLX,2025-02-11,427756992
NFLX,2025-02-12,427756992
NFLX,2025-02-15,427756992
NFLX,2025-02-21,427756992
NFLX,2025-03-04,427756992
NFLX,2025-03-11,439815008
NFLX,2025-03-27,427756992
NFLX,2025-04-01,427756992
NFLX,2025-04-10,439040992
NFLX,2025-04-11,427756992
NFLX,2025-04-22,425571008
NFLX,2025-05-10,427143008
NFLX,2025-05-29,425571008
NFLX,2025-05-30,425571008
NFLX,2025-06-06,428672000
NFLX,2025-06-07,425571008
NFLX,2025-06-10,425571008
NFLX,2025-06-18,425571008
NFLX,2025-07-08,425571008
NFLX,2025-07-09,425571008
NFLX,2025-07-11,427444000
NFLX,2025-07-12,425571008
NFLX,2025-07-19,425571008
NFLX,2025-07-22,424926016
NFLX,2025-07-23,424926016
NFLX,2025-07-30,424926016
NFLX,2025-08-02,424926016
NFLX,2025-08-06,424926016
NFLX,2025-08-13,424926016
NFLX,2025-08-14,424926016
NFLX,2025-08-15,424926016
NFLX,2025-08-19,424926016
NFLX,2025-08-20,424926016
NFLX,2025-08-26,424926016
NFLX,2025-08-29,424926016
NFLX,2025-09-03,424926016
NFLX,2025-09-06,424926016
NFLX,2025-09-12,424926016
NFLX,2025-09-16,424926016
NFLX,2025-09-17,424926016
NFLX,2025-09-19,424926346
NFLX,2025-09-20,424926346
NFLX,2025-09-23,424926346
NFLX,2025-09-24,424926346
NFLX,2025-09-26,424926346
NFLX,2025-09-30,426405686
NFLX,2025-10-01,429069566
NFLX,2025-10-02,439337333
NFLX,2025-10-06,428319655
NFLX,2025-10-07,424926346
NFLX,2025-10-08,424926346
NFLX,2025-10-10,424926346
NFLX,2025-10-11,424926346
NFLX,2025-10-14,424926346
NFLX,2025-10-15,424926346
NFLX,2025-10-18,424926346
NFLX,2025-10-20,424926346
NFLX,2025-10-24,423732334
NFLX,2025-10-25,423732334
NFLX,2025-10-27,423782660
NFLX,2025-10-28,423732334
NFLX,2025-10-30,423732334
NFLX,2025-10-31,423732334
NFLX,2025-11-05,423732334
NFLX,2025-11-08,423732334
NFLX,2025-11-12,423732334
NFLX,2025-11-13,423732334
NFLX,2025-11-14,423732334
NFLX,2025-11-15,439757026
NFLX,2025-11-17,4249263470
NFLX,2025-12-03,4237323341
NFLX,2026-01-28,4241889631
NFLX,2026-04-14,4241889631
NFLX,2026-04-18,4222162151
NFLX,2026-04-20,4222162151
NFLX,2026-04-23,4210798528
NFLX,2026-07-21,4163939676
QCOM,2020-07-31,1128269952
QCOM,2020-08-28,1128269952
QCOM,2020-09-05,1193680000
QCOM,2020-09-06,1128269952
QCOM,2020-09-21,1170969984
QCOM,2020-09-22,1128269952
QCOM,2020-11-06,1131000064
QCOM,2020-11-26,1131000064
QCOM,2021-01-23,1135750016
QCOM,2021-01-25,1135750016
QCOM,2021-02-05,1136000000
QCOM,2021-03-17,1136000000
QCOM,2021-03-30,1150880000
QCOM,2021-03-31,1136000000
QCOM,2021-04-01,1114749952
QCOM,2021-04-02,1136000000
QCOM,2021-04-23,1163510016
QCOM,2021-04-24,1142370048
QCOM,2021-04-27,1136000000
QCOM,2021-04-29,1147980032
QCOM,2021-04-30,1128000000
QCOM,2021-05-06,1123559936
QCOM,2021-05-07,1128000000
QCOM,2021-05-18,1131040000
QCOM,2021-05-19,1128000000
QCOM,2021-08-18,1128000000
QCOM,2021-09-09,1128000000
QCOM,2021-10-21,1130899968
QCOM,2021-10-22,1128000000
QCOM,2021-11-06,1120000000
QCOM,2021-12-02,1151440000
QCOM,2021-12-03,1120000000
QCOM,2021-12-04,1123299968
QCOM,2022-01-22,1125080064
QCOM,2022-01-25,1125080064
QCOM,2022-02-05,1127000064
QCOM,2022-02-12,1127000064
QCOM,2022-03-16,1190540032
QCOM,2022-03-17,1141159936
QCOM,2022-03-18,1127000064
QCOM,2022-03-28,1127000064
QCOM,2022-04-12,1138070016
QCOM,2022-04-13,1127000064
QCOM,2022-04-29,1120000000
QCOM,2022-05-04,1127840000
QCOM,2022-05-05,1120000000
QCOM,2022-06-03,1120000000
QCOM,2022-06-24,1139309952
QCOM,2022-07-01,1141830016
QCOM,2022-07-02,1120000000
QCOM,2022-07-29,1123000064
QCOM,2022-09-02,1123000064
QCOM,2022-09-10,1095789952
QCOM,2022-09-12,1123000064
QCOM,2022-10-21,1131719936
QCOM,2022-10-23,1123000064
QCOM,2022-11-05,1120999936
QCOM,2022-11-22,1120999936
QCOM,2023-01-21,1117190016
QCOM,2023-02-08,1115000064
QCOM,2023-03-04,1116620032
QCOM,2023-03-05,1115000064
QCOM,2023-03-30,1149459968
QCOM,2023-03-31,1115000064
QCOM,2023-04-04,1140480000
QCOM,2023-04-05,1115000064
QCOM,2023-04-28,1117350016
QCOM,2023-05-04,1147410048
QCOM,2023-05-06,1114000000
QCOM,2023-05-12,1139689984
QCOM,2023-05-13,1144530048
QCOM,2023-05-17,1114000000
QCOM,2023-06-14,1134509952
QCOM,2023-06-23,1153069952
QCOM,2023-06-24,1114000000
QCOM,2023-07-21,1148140032
QCOM,2023-07-25,1114000000
QCOM,2023-08-22,1116000000
QCOM,2023-08-23,1128130048
QCOM,2023-08-28,1116000000
QCOM,2023-09-07,1116000000
QCOM,2023-10-10,1116000000
QCOM,2023-10-12,1116000000
QCOM,2023-10-13,1116000000
QCOM,2023-10-14,1144600064
QCOM,2023-10-15,1116000000
QCOM,2023-10-17,1116000000
QCOM,2023-10-19,1116000000
QCOM,2023-10-20,1116000000
QCOM,2023-10-21,1116000000
QCOM,2023-10-23,1116000000
QCOM,2023-11-03,1114000000
QCOM,2023-11-04,1112999936
QCOM,2023-11-14,1116240000
QCOM,2023-12-03,1113689984
QCOM,2023-12-05,1112999936
QCOM,2023-12-22,1112999936
QCOM,2024-01-05,1124850048
QCOM,2024-01-06,1117740032
QCOM,2024-01-16,1113240064
QCOM,2024-01-20,1116850048
QCOM,2024-01-23,1116850048
QCOM,2024-01-25,1116850048
QCOM,2024-01-30,1124620032
QCOM,2024-02-02,1116000000
QCOM,2024-03-13,1141120000
QCOM,2024-03-14,1116000000
QCOM,2024-03-20,1116000000
QCOM,2024-03-23,1120989952
QCOM,2024-03-26,1119270016
QCOM,2024-03-27,1116000000
QCOM,2024-04-12,1141020032
QCOM,2024-04-13,1116000000
QCOM,2024-04-17,1124610048
QCOM,2024-04-18,1144460032
QCOM,2024-04-25,1118259968
QCOM,2024-04-26,1116000000
QCOM,2024-05-01,1138540032
QCOM,2024-05-04,1118860032
QCOM,2024-05-10,1116060032
QCOM,2024-05-24,1116000000
QCOM,2024-05-31,1132729984
QCOM,2024-06-05,1124409984
QCOM,2024-06-12,1120710016
QCOM,2024-06-15,1128540032
QCOM,2024-06-21,1176179968
QCOM,2024-06-28,1128470016
QCOM,2024-07-10,1120150016
QCOM,2024-07-18,1221080064
QCOM,2024-07-19,1147459968
QCOM,2024-07-20,1116000000
QCOM,2024-07-24,1125350016
QCOM,2024-07-25,1152470016
QCOM,2024-07-26,1116000000
QCOM,2024-08-02,1114000000
QCOM,2024-08-13,1124870016
QCOM,2024-08-17,1121510016
QCOM,2024-08-27,1114000000
QCOM,2024-08-30,1129510016
QCOM,2024-09-07,1152290048
QCOM,2024-09-17,1121490048
QCOM,2024-09-21,1147449984
QCOM,2024-09-30,1114520064
QCOM,2024-10-01,1114000000
QCOM,2024-10-16,1114579968
QCOM,2024-10-17,1114000000
QCOM,2024-10-31,1170029952
QCOM,2024-11-05,1114339968
QCOM,2024-11-08,1149689984
QCOM,2024-11-13,1144179968
QCOM,2024-11-14,1131709952
QCOM,2024-11-16,1135020032
QCOM,2024-11-21,1186189952
QCOM,2024-12-04,1111000064
QCOM,2024-12-06,1111000064
QCOM,2024-12-11,1141389952
QCOM,2024-12-13,1122160000
QCOM,2024-12-14,1120109952
QCOM,2025-01-17,1131510016
QCOM,2025-01-25,1105389952
QCOM,2025-02-07,1106000000
QCOM,2025-02-08,1106000000
QCOM,2025-02-13,1106000000
QCOM,2025-03-04,1131559936
QCOM,2025-03-11,1106000000
QCOM,2025-03-22,1106000000
QCOM,2025-03-27,1106000000
QCOM,2025-03-28,1106000000
QCOM,2025-04-10,1181629952
QCOM,2025-04-11,1106000000
QCOM,2025-04-14,1106480000
QCOM,2025-04-15,1106000000
QCOM,2025-04-22,1110220032
QCOM,2025-04-23,1106000000
QCOM,2025-05-02,1098000000
QCOM,2025-05-15,1100659968
QCOM,2025-05-16,1098790016
QCOM,2025-05-17,1098000000
QCOM,2025-05-29,1098000000
QCOM,2025-05-31,1098000000
QCOM,2025-06-06,1098000000
QCOM,2025-06-18,1098000000
QCOM,2025-06-19,1098000000
QCOM,2025-07-08,1098000000
QCOM,2025-07-10,1098690048
QCOM,2025-07-12,1098000000
QCOM,2025-08-01,1079000064
QCOM,2025-09-16,1079000064
QCOM,2025-09-17,1079000000
QCOM,2025-09-23,1080209284
QCOM,2025-09-24,1079000000
QCOM,2025-09-30,1104457350
QCOM,2025-10-02,1096563157
QCOM,2025-10-08,1099607035
QCOM,2025-10-15,1079000000
QCOM,2025-10-25,1085961702
QCOM,2025-10-28,1118636248
QCOM,2025-10-29,1079000000
QCOM,2025-11-07,1071000000
QCOM,2025-11-11,1071000000
QCOM,2025-11-12,1071000000
QCOM,2025-11-14,1071000000
QCOM,2025-11-15,1074201058
QCOM,2025-11-17,1079000000
QCOM,2026-01-24,1071000000
QCOM,2026-02-06,1068045102
QCOM,2026-05-01,1054000000
QCOM,2026-07-31,1050000000
QCOM,2026-08-18,1050233921
QCOM,2026-08-26,1068060487
TXN,2020-07-23,915590976
TXN,2020-07-24,915944000
TXN,2020-08-04,915944000
TXN,2020-08-28,915944000
TXN,2020-09-05,915944000
TXN,2020-09-06,915944000
TXN,2020-09-21,927438016
TXN,2020-09-22,915944000
TXN,2020-10-05,915944000
TXN,2020-10-22,917942016
TXN,2020-11-26,917942016
TXN,2021-01-28,919353984
TXN,2021-02-09,920238976
TXN,2021-03-11,923008000
TXN,2021-03-17,923008000
TXN,2021-04-14,923008000
TXN,2021-04-23,938408000
TXN,2021-04-25,923398976
TXN,2021-04-27,923008000
TXN,2021-04-29,923243008
TXN,2021-04-30,923243008
TXN,2021-05-04,923523968
TXN,2021-07-23,923209984
TXN,2021-08-04,929939008
TXN,2021-09-01,925724992
TXN,2021-09-02,923209984
TXN,2021-09-30,931913024
TXN,2021-10-05,939646976
TXN,2021-10-06,923209984
TXN,2021-10-23,933505024
TXN,2021-10-28,923414976
TXN,2021-10-29,923526016
TXN,2021-12-02,926464000
TXN,2021-12-03,923526016
TXN,2021-12-04,924481024
TXN,2022-01-27,924000000
TXN,2022-02-08,923547008
TXN,2022-02-11,923547008
TXN,2022-04-05,922878016
TXN,2022-05-01,922134016
TXN,2022-05-04,929937024
TXN,2022-05-06,922134016
TXN,2022-06-18,929316992
TXN,2022-06-19,922134016
TXN,2022-07-27,935664000
TXN,2022-07-28,915000000
TXN,2022-07-29,936131968
TXN,2022-07-30,913707008
TXN,2022-09-01,913707008
TXN,2022-09-02,908483008
TXN,2022-10-27,907571968
TXN,2022-11-04,918995008
TXN,2023-01-27,906000000
TXN,2023-02-04,918076992
TXN,2023-02-05,906000000
TXN,2023-02-07,906206016
TXN,2023-03-08,911420032
TXN,2023-03-09,906206016
TXN,2023-03-16,907342016
TXN,2023-03-30,925489984
TXN,2023-04-01,916009984
TXN,2023-04-02,907342016
TXN,2023-04-04,916408000
TXN,2023-04-06,907342016
TXN,2023-04-07,907342016
TXN,2023-04-26,908000000
TXN,2023-04-27,908000000
TXN,2023-04-28,907654016
TXN,2023-05-04,910931968
TXN,2023-05-06,907654016
TXN,2023-05-09,907654016
TXN,2023-05-12,917960000
TXN,2023-05-13,914214016
TXN,2023-05-16,907654016
TXN,2023-06-23,928310976
TXN,2023-06-24,907654016
TXN,2023-07-21,926572032
TXN,2023-07-26,908000000
TXN,2023-08-21,907966016
TXN,2023-10-10,907966016
TXN,2023-10-11,907966016
TXN,2023-10-13,907966016
TXN,2023-10-14,907966016
TXN,2023-10-18,907966016
TXN,2023-10-19,907966016
TXN,2023-10-20,907966016
TXN,2023-10-21,907966016
TXN,2023-10-25,907966016
TXN,2023-10-26,908204032
TXN,2023-10-27,908204032
TXN,2023-11-04,908204032
TXN,2023-11-07,908204032
TXN,2023-11-08,913841984
TXN,2023-11-09,908204032
TXN,2023-11-11,908204032
TXN,2023-11-21,908204032
TXN,2023-11-22,908204032
TXN,2023-11-23,908204032
TXN,2023-11-25,908204032
TXN,2023-12-01,908204032
TXN,2023-12-02,908204032
TXN,2023-12-05,908204032
TXN,2023-12-06,909302016
TXN,2023-12-09,908204032
TXN,2023-12-12,908204032
TXN,2023-12-13,908204032
TXN,2023-12-14,908204032
TXN,2023-12-16,908204032
TXN,2023-12-19,908204032
TXN,2023-12-21,908204032
TXN,2023-12-22,908204032
TXN,2023-12-29,908204032
TXN,2024-01-05,920515008
TXN,2024-01-06,908204032
TXN,2024-01-11,908204032
TXN,2024-01-16,908259008
TXN,2024-01-18,908204032
TXN,2024-01-19,908204032
TXN,2024-01-20,908204032
TXN,2024-01-24,909000000
TXN,2024-01-25,909000000
TXN,2024-02-03,909288000
TXN,2024-02-06,909288000
TXN,2024-02-07,909288000
TXN,2024-02-13,909288000
TXN,2024-02-21,909288000
TXN,2024-02-22,909288000
TXN,2024-02-23,909288000
TXN,2024-02-27,909288000
TXN,2024-03-02,909288000
TXN,2024-03-06,909288000
TXN,2024-03-12,909288000
TXN,2024-03-13,910056000
TXN,2024-03-14,910056000
TXN,2024-03-16,910056000
TXN,2024-03-20,910056000
TXN,2024-03-22,910056000
TXN,2024-03-26,925990016
TXN,2024-03-27,910056000
TXN,2024-03-28,910056000
TXN,2024-03-29,910056000
TXN,2024-04-03,910056000
TXN,2024-04-04,910216000
TXN,2024-04-06,910056000
TXN,2024-04-09,910056000
TXN,2024-04-10,910056000
TXN,2024-04-11,910056000
TXN,2024-04-13,910056000
TXN,2024-04-16,910056000
TXN,2024-04-17,910056000
TXN,2024-04-19,910056000
TXN,2024-04-23,910056000
TXN,2024-04-24,910288000
TXN,2024-04-25,910056000
TXN,2024-04-26,910481984
TXN,2024-04-27,910481984
TXN,2024-05-01,910481984
TXN,2024-05-02,910481984
TXN,2024-05-03,910481984
TXN,2024-05-04,910481984
TXN,2024-05-06,910481984
TXN,2024-05-09,910481984
TXN,2024-05-10,910481984
TXN,2024-05-11,910481984
TXN,2024-05-14,910481984
TXN,2024-05-15,910481984
TXN,2024-05-17,910481984
TXN,2024-05-21,911350976
TXN,2024-05-22,910481984
TXN,2024-05-23,910481984
TXN,2024-05-24,910481984
TXN,2024-05-29,910481984
TXN,2024-05-31,910481984
TXN,2024-06-05,910481984
TXN,2024-06-07,910481984
TXN,2024-06-11,910481984
TXN,2024-06-12,911358016
TXN,2024-06-13,910481984
TXN,2024-06-15,910481984
TXN,2024-06-19,910481984
TXN,2024-06-21,926966976
TXN,2024-06-22,910481984
TXN,2024-06-25,910481984
TXN,2024-06-27,910481984
TXN,2024-06-28,910481984
TXN,2024-06-29,910481984
TXN,2024-07-02,910481984
TXN,2024-07-03,910481984
TXN,2024-07-09,910481984
TXN,2024-07-10,910481984
TXN,2024-07-11,910481984
TXN,2024-07-12,910481984
TXN,2024-07-16,910481984
TXN,2024-07-18,921272000
TXN,2024-07-20,910481984
TXN,2024-07-23,910481984
TXN,2024-07-24,910481984
TXN,2024-07-25,918278976
TXN,2024-07-26,913046016
TXN,2024-08-02,913046016
TXN,2024-08-10,918889024
TXN,2024-08-13,913046016
TXN,2024-08-15,913046016
TXN,2024-08-16,913046016
TXN,2024-08-17,913046016
TXN,2024-08-20,913046016
TXN,2024-08-21,913046016
TXN,2024-08-23,913046016
TXN,2024-08-24,913046016
TXN,2024-08-27,913046016
TXN,2024-08-28,913046016
TXN,2024-08-29,913046016
TXN,2024-08-30,913046016
TXN,2024-08-31,913046016
TXN,2024-09-03,913046016
TXN,2024-09-04,969638976
TXN,2024-09-06,923961024
TXN,2024-09-07,932190016
TXN,2024-09-11,919580992
TXN,2024-09-12,913046016
TXN,2024-09-16,919763008
TXN,2024-09-17,913046016
TXN,2024-09-18,913046016
TXN,2024-09-19,913046016
TXN,2024-09-20,913046016
TXN,2024-09-21,932084992
TXN,2024-09-24,913046016
TXN,2024-09-25,913046016
TXN,2024-09-26,913046016
TXN,2024-09-28,913657024
TXN,2024-10-02,913046016
TXN,2024-10-04,913046016
TXN,2024-10-05,913046016
TXN,2024-10-10,913046016
TXN,2024-10-11,913046016
TXN,2024-10-12,913046016
TXN,2024-10-15,913046016
TXN,2024-10-17,913046016
TXN,2024-10-18,913046016
TXN,2024-10-23,913046016
TXN,2024-10-24,912217024
TXN,2024-10-29,912217024
TXN,2024-10-30,912217024
TXN,2024-10-31,912217024
TXN,2024-11-01,912217024
TXN,2024-11-02,912217024
TXN,2024-11-05,912217024
TXN,2024-11-06,912217024
TXN,2024-11-08,912217024
TXN,2024-11-09,912217024
TXN,2024-11-13,912217024
TXN,2024-11-14,912217024
TXN,2024-11-16,912217024
TXN,2024-11-19,912217024
TXN,2024-11-20,912217024
TXN,2024-11-23,912217024
TXN,2024-11-28,912217024
TXN,2024-11-30,912217024
TXN,2024-12-03,912217024
TXN,2024-12-04,933260992
TXN,2024-12-06,912217024
TXN,2024-12-07,912217024
TXN,2024-12-11,927902016
TXN,2024-12-13,912217024
TXN,2024-12-17,912217024
TXN,2024-12-18,912217024
TXN,2024-12-19,912217024
TXN,2024-12-20,912217024
TXN,2024-12-21,912217024
TXN,2024-12-24,912217024
TXN,2024-12-25,912217024
TXN,2024-12-28,912217024
TXN,2024-12-31,912217024
TXN,2025-01-07,912217024
TXN,2025-01-09,912217024
TXN,2025-01-11,912217024
TXN,2025-01-18,912217024
TXN,2025-01-22,912217024
TXN,2025-01-23,912217024
TXN,2025-01-25,912217024
TXN,2025-01-29,912217024
TXN,2025-02-04,912217024
TXN,2025-02-05,912217024
TXN,2025-02-06,912217024
TXN,2025-02-07,912217024
TXN,2025-02-08,928838976
TXN,2025-02-12,912217024
TXN,2025-02-14,912217024
TXN,2025-02-18,910332992
TXN,2025-02-19,910332992
TXN,2025-02-21,910332992
TXN,2025-02-25,910332992
TXN,2025-02-27,918323008
TXN,2025-03-04,917825984
TXN,2025-03-06,910332992
TXN,2025-03-07,909918016
TXN,2025-03-10,929580992
TXN,2025-03-11,909918016
TXN,2025-03-22,909918016
TXN,2025-03-26,909918016
TXN,2025-03-28,909918016
TXN,2025-04-10,984873024
TXN,2025-04-11,909918016
TXN,2025-04-22,927601984
TXN,2025-04-23,909918016
TXN,2025-04-25,908472000
TXN,2025-04-29,908472000
TXN,2025-04-30,908472000
TXN,2025-05-03,908472000
TXN,2025-05-07,908472000
TXN,2025-05-09,908472000
TXN,2025-05-10,908472000
TXN,2025-05-14,908472000
TXN,2025-05-21,908472000
TXN,2025-05-23,908472000
TXN,2025-05-27,908472000
TXN,2025-05-28,908472000
TXN,2025-05-29,908472000
TXN,2025-05-30,919104000
TXN,2025-05-31,908472000
TXN,2025-06-03,908472000
TXN,2025-06-04,908472000
TXN,2025-06-05,908472000
TXN,2025-06-06,908472000
TXN,2025-06-07,908472000
TXN,2025-06-10,908472000
TXN,2025-06-11,908472000
TXN,2025-06-13,908472000
TXN,2025-06-14,908472000
TXN,2025-06-17,915502976
TXN,2025-06-18,908472000
TXN,2025-06-19,908472000
TXN,2025-06-26,908472000
TXN,2025-07-01,908472000
TXN,2025-07-08,908472000
TXN,2025-07-09,908472000
TXN,2025-07-10,908472000
TXN,2025-07-11,908472000
TXN,2025-07-12,908472000
TXN,2025-07-16,908472000
TXN,2025-07-17,908472000
TXN,2025-07-22,908472000
TXN,2025-07-23,908472000
TXN,2025-07-24,909000000
TXN,2025-07-30,909137024
TXN,2025-07-31,909137024
TXN,2025-08-01,909137024
TXN,2025-08-06,909137024
TXN,2025-08-07,909137024
TXN,2025-08-09,909137024
TXN,2025-08-12,909137024
TXN,2025-08-14,909137024
TXN,2025-08-15,909137024
TXN,2025-08-16,909137024
TXN,2025-08-19,909137024
TXN,2025-08-21,909137024
TXN,2025-08-22,909137024
TXN,2025-08-23,909137024
TXN,2025-08-26,909137024
TXN,2025-08-28,909137024
TXN,2025-09-03,909137024
TXN,2025-09-04,909137024
TXN,2025-09-05,950155008
TXN,2025-09-09,909137024
TXN,2025-09-10,909137024
TXN,2025-09-11,909137024
TXN,2025-09-12,909137024
TXN,2025-09-16,909137024
TXN,2025-09-17,909137169
TXN,2025-09-18,909137169
TXN,2025-09-20,920541298
TXN,2025-09-23,909137169
TXN,2025-09-26,921098186
TXN,2025-09-30,915686648
TXN,2025-10-01,913194713
TXN,2025-10-02,923450321
TXN,2025-10-03,909137169
TXN,2025-10-06,919220767
TXN,2025-10-07,909137169
TXN,2025-10-08,933579377
TXN,2025-10-14,909137169
TXN,2025-10-15,915252441
TXN,2025-10-17,909137169
TXN,2025-10-23,909137169
TXN,2025-10-24,925585816
TXN,2025-10-25,908623020
TXN,2025-10-27,908623020
TXN,2025-11-05,920596591
TXN,2025-11-07,908623020
TXN,2025-11-08,908623020
TXN,2025-11-11,908623020
TXN,2025-11-15,925161065
TXN,2025-11-17,909137170
TXN,2026-01-29,908623021
TXN,2026-02-10,908623021
TXN,2026-03-10,910463377
TXN,2026-04-24,910000000
TXN,2026-04-28,910092791
TXN,2026-07-24,913092791
TXN,2026-07-28,913247686
TSM,2020-06-02,5009350144
TSM,2020-06-03,5009350144
TSM,2020-06-04,4929079808
TSM,2020-06-05,4888809984
TSM,2020-06-08,4899160064
TSM,2020-06-09,4996700160
TSM,2020-06-10,4912719872
TSM,2020-06-11,4892570112
TSM,2020-06-12,5099409920
TSM,2020-06-15,4941960192
TSM,2020-06-16,4842339840
TSM,2020-06-17,4935620096
TSM,2020-06-18,4893599744
TSM,2020-06-19,4914149888
TSM,2020-06-22,4998090240
TSM,2020-06-23,4876760064
TSM,2020-06-24,4859369984
TSM,2020-06-25,4940879872
TSM,2020-06-26,4883129856
TSM,2020-06-29,4969560064
TSM,2020-06-30,4880770048
TSM,2020-07-01,4837790208
TSM,2020-07-02,4921430016
TSM,2020-07-03,4840470016
TSM,2020-07-07,4807410176
TSM,2020-07-08,4904169984
TSM,2020-07-09,4799629824
TSM,2020-07-10,4682710016
TSM,2020-07-13,4818869760
TSM,2020-07-14,4791349760
TSM,2020-07-15,4772859904
TSM,2020-07-16,4831229952
TSM,2020-07-17,4732239872
TSM,2020-07-20,4860939776
TSM,2020-07-21,4826939904
TSM,2020-07-22,4967379968
TSM,2020-07-23,4929200128
TSM,2020-07-24,4989040128
TSM,2020-07-27,4597210112
TSM,2020-07-28,4488679936
TSM,2020-07-29,4974119936
TSM,2020-07-30,4534600192
TSM,2020-07-31,4798430208
TSM,2020-08-03,4779659776
TSM,2020-08-04,4683160064
TSM,2020-08-05,4689520128
TSM,2020-08-06,4657699840
TSM,2020-08-07,4783540224
TSM,2020-08-10,4802180096
TSM,2020-08-11,4803080192
TSM,2020-08-12,4846249984
TSM,2020-08-13,4667120128
TSM,2020-08-14,4840900096
TSM,2020-08-17,4815150080
TSM,2020-08-18,4789499904
TSM,2020-08-19,4807249920
TSM,2020-08-20,4806329856
TSM,2020-08-21,4767799808
TSM,2020-08-24,4776119808
TSM,2020-08-25,4792399872
TSM,2020-08-26,4784309760
TSM,2020-08-27,4784929792
TSM,2020-08-28,4875160064
TSM,2020-08-31,4784099840
TSM,2020-09-01,4754149888
TSM,2020-09-02,4710810112
TSM,2020-09-03,4657500160
TSM,2020-09-05,4714299904
TSM,2020-09-06,4747689984
TSM,2020-09-07,4807600128
TSM,2020-09-09,4924100096
TSM,2020-09-10,4753650176
TSM,2020-09-11,4883089920
TSM,2020-09-14,4903730176
TSM,2020-09-15,4848470016
TSM,2020-09-16,4585460224
TSM,2020-09-17,4903779840
TSM,2020-09-18,4858250240
TSM,2020-09-21,4959980032
TSM,2020-09-22,4856359936
TSM,2020-09-23,4849319936
TSM,2020-09-24,4974739968
TSM,2020-09-25,4815079936
TSM,2020-09-28,4769730048
TSM,2020-09-29,4788170240
TSM,2020-09-30,4740660224
TSM,2020-10-01,4754400256
TSM,2020-10-02,4702340096
TSM,2020-10-05,4801280000
TSM,2020-10-06,4590709760
TSM,2020-10-07,4736019968
TSM,2020-10-08,4599159808
TSM,2020-10-09,4639410176
TSM,2020-10-10,4604160000
TSM,2020-10-13,4577760256
TSM,2020-10-14,4667800064
TSM,2020-10-15,4690449920
TSM,2020-10-16,4616410112
TSM,2020-10-17,4616410112
TSM,2020-10-20,4742240256
TSM,2020-10-21,4600430080
TSM,2020-10-22,4663029760
TSM,2020-10-23,4686009856
TSM,2020-10-24,4623430144
TSM,2020-10-27,4685850112
TSM,2020-10-28,4661530112
TSM,2020-10-29,4796409856
TSM,2020-10-30,4666670080
TSM,2020-10-31,4671340032
TSM,2020-11-03,4639960064
TSM,2020-11-04,4557429760
TSM,2020-11-05,4563019776
TSM,2020-11-06,4517870080
TSM,2020-11-07,4517870080
TSM,2020-11-10,4675559936
TSM,2020-11-11,4666599936
TSM,2020-11-12,4550410240
TSM,2020-11-13,4620360192
TSM,2020-11-14,4503059968
TSM,2020-11-17,4441920000
TSM,2020-11-18,4618500096
TSM,2020-11-19,4657739776
TSM,2020-11-20,4609630208
TSM,2020-11-21,4651959808
TSM,2020-11-24,4600690176
TSM,2020-11-25,4624790016
TSM,2020-11-26,4537359872
TSM,2020-11-28,4504269824
TSM,2020-12-01,4499780096
TSM,2020-12-02,4417249792
TSM,2020-12-03,4553610240
TSM,2020-12-04,4547330048
TSM,2020-12-05,4415410176
TSM,2020-12-08,4408320000
TSM,2020-12-09,4558280192
TSM,2020-12-10,4610149888
TSM,2020-12-11,4507959808
TSM,2020-12-12,4549130240
TSM,2020-12-15,4507899904
TSM,2020-12-16,4412409856
TSM,2020-12-17,4487470080
TSM,2020-12-18,4507319808
TSM,2020-12-19,4505800192
TSM,2020-12-22,4532850176
TSM,2020-12-23,4507720192
TSM,2020-12-24,4515539968
TSM,2020-12-25,4431499776
TSM,2020-12-29,4470029824
TSM,2020-12-30,4525400064
TSM,2020-12-31,4442860032
TSM,2021-01-01,4476610048
TSM,2021-01-05,4426699776
TSM,2021-01-06,4437680128
TSM,2021-01-07,4377240064
TSM,2021-01-08,4311280128
TSM,2021-01-09,4551490048
TSM,2021-01-12,4408379904
TSM,2021-01-13,4315189760
TSM,2021-01-14,4690670080
TSM,2021-01-15,4334340096
TSM,2021-01-16,4436769792
TSM,2021-01-20,4278779904
TSM,2021-01-21,4584410112
TSM,2021-01-22,4657189888
TSM,2021-01-23,4670700032
TSM,2021-01-26,4493089792
TSM,2021-01-27,4514440192
TSM,2021-01-28,4686649856
TSM,2021-01-29,4434579968
TSM,2021-01-30,4513039872
TSM,2021-02-02,4462419968
TSM,2021-02-03,4551770112
TSM,2021-02-04,4579100160
TSM,2021-02-05,4552450048
TSM,2021-02-06,4597760000
TSM,2021-02-09,4426129920
TSM,2021-02-10,4410639872
TSM,2021-02-11,4391839744
TSM,2021-02-12,4223300096
TSM,2021-02-13,4240610048
TSM,2021-02-17,4172349952
TSM,2021-02-18,4501790208
TSM,2021-02-19,4528580096
TSM,2021-02-20,4426359808
TSM,2021-02-23,4519510016
TSM,2021-02-24,4473260032
TSM,2021-02-25,4400099840
TSM,2021-02-26,4687159808
TSM,2021-02-27,4510859776
TSM,2021-03-02,4381270016
TSM,2021-03-03,4494700032
TSM,2021-03-04,4706820096
TSM,2021-03-05,4858480128
TSM,2021-03-06,4652290048
TSM,2021-03-09,4888280064
TSM,2021-03-10,4740879872
TSM,2021-03-11,4863379968
TSM,2021-03-12,4630640128
TSM,2021-03-13,4770440192
TSM,2021-03-17,4594630144
TSM,2021-03-18,4675449856
TSM,2021-03-19,4823119872
TSM,2021-03-20,4774430208
TSM,2021-03-23,4614889984
TSM,2021-03-24,4577650176
TSM,2021-03-25,4837109760
TSM,2021-03-26,4751099904
TSM,2021-03-27,4603659776
TSM,2021-03-30,4758779904
TSM,2021-03-31,4701320192
TSM,2021-04-01,4506250240
TSM,2021-04-02,4393260032
TSM,2021-04-06,4400659968
TSM,2021-04-07,4523239936
TSM,2021-04-08,4642760192
TSM,2021-04-09,4524660224
TSM,2021-04-10,4538599936
TSM,2021-04-13,4557459968
TSM,2021-04-14,4534289920
TSM,2021-04-15,4620299776
TSM,2021-04-16,4768099840
TSM,2021-04-17,4692599808
TSM,2021-04-20,4642970112
TSM,2021-04-21,4801090048
TSM,2021-04-22,4643829760
TSM,2021-04-23,4727589888
TSM,2021-04-24,4595290112
TSM,2021-04-27,4638530048
TSM,2021-04-28,4648010240
TSM,2021-04-29,4686170112
TSM,2021-04-30,4677579776
TSM,2021-05-01,4795180032
TSM,2021-05-04,4717700096
TSM,2021-05-05,4765440000
TSM,2021-05-06,4707539968
TSM,2021-05-07,4659030016
TSM,2021-05-08,4765499904
TSM,2021-05-11,4891850240
TSM,2021-05-12,4722449920
TSM,2021-05-13,4833809920
TSM,2021-05-14,4666930176
TSM,2021-05-15,4580559872
TSM,2021-05-18,4635890176
TSM,2021-05-19,4780870144
TSM,2021-05-20,4657610240
TSM,2021-05-21,4636080128
TSM,2021-05-22,4757709824
TSM,2021-05-25,4632430080
TSM,2021-05-26,4727969792
TSM,2021-05-27,4663280128
TSM,2021-05-28,4680609792
TSM,2021-05-29,4708140032
TSM,2021-06-02,4732170240
TSM,2021-06-03,4708599808
TSM,2021-06-04,4791190016
TSM,2021-06-05,4683599872
TSM,2021-06-08,4695529984
TSM,2021-06-09,4779610112
TSM,2021-06-10,4691369984
TSM,2021-06-11,4756599808
TSM,2021-06-12,4746910208
TSM,2021-06-15,4676740096
TSM,2021-06-16,5186079744
TSM,2021-07-19,5185999872
TSM,2021-08-17,5186079744
TSM,2021-10-15,5185999872
TSM,2021-11-16,5186079744
TSM,2022-01-14,5185999872
TSM,2022-02-11,5185999872
TSM,2022-02-23,5185970176
TSM,2022-03-02,5185800192
TSM,2022-03-05,5229499904
TSM,2022-03-08,5343860224
TSM,2022-03-11,5185800192
TSM,2022-03-12,5189380096
TSM,2022-03-15,5299650048
TSM,2022-03-17,5185800192
TSM,2022-04-01,5199370240
TSM,2022-04-02,5186690048
TSM,2022-04-05,5185800192
TSM,2022-04-06,5206309888
TSM,2022-04-07,5185800192
TSM,2022-04-15,5227250176
TSM,2022-04-16,5185800192
TSM,2022-05-06,5203239936
TSM,2022-05-07,5185800192
TSM,2022-05-10,5203680256
TSM,2022-05-11,5185800192
TSM,2022-05-18,5186079744
TSM,2022-05-19,5199739904
TSM,2022-05-20,5186079744
TSM,2022-05-24,5185800192
TSM,2022-06-01,5282880000
TSM,2022-06-05,5185800192
TSM,2022-06-13,5232560128
TSM,2022-06-14,5270700032
TSM,2022-06-15,5185800192
TSM,2022-06-17,5284819968
TSM,2022-06-18,5185800192
TSM,2022-07-15,5185999872
TSM,2022-08-16,5186079744
TSM,2022-09-02,5131030016
TSM,2022-09-13,4972870144
TSM,2022-09-15,5191459840
TSM,2022-09-16,5124210176
TSM,2022-09-17,5029559808
TSM,2022-09-20,4946899968
TSM,2022-09-21,5046090240
TSM,2022-09-22,5047190016
TSM,2022-09-23,5062230016
TSM,2022-09-24,5059420160
TSM,2022-10-01,5041189888
TSM,2022-10-04,4905099776
TSM,2022-10-05,4802429952
TSM,2022-10-06,4898279936
TSM,2022-10-07,4984909824
TSM,2022-10-08,5158510080
TSM,2022-10-11,5305730048
TSM,2022-10-12,5156140032
TSM,2022-10-14,4834109952
TSM,2022-10-15,5242880000
TSM,2022-10-19,5186079744
TSM,2022-11-10,5227979776
TSM,2022-11-11,5186079744
TSM,2022-12-16,5261159936
TSM,2022-12-18,5190280192
TSM,2022-12-21,5186079744
TSM,2022-12-29,5205120000
TSM,2022-12-30,5186079744
TSM,2023-01-14,5185999872
TSM,2023-03-01,5186079744
TSM,2023-05-16,5186409984
TSM,2023-07-22,5186400256
TSM,2023-08-21,5186409984
TSM,2023-10-19,5186409984
TSM,2023-10-20,5186409984
TSM,2023-10-23,5186409984
TSM,2023-12-22,5186409984
TSM,2024-03-06,5187010048
TSM,2024-05-16,5186729984
TSM,2024-06-12,5187010048
TSM,2024-06-19,5186549760
TSM,2024-06-20,5186489856
TSM,2024-06-21,5186429952
TSM,2024-06-22,5186370048
TSM,2024-06-25,5186310144
TSM,2024-06-27,5186189824
TSM,2024-06-29,5186140160
TSM,2024-07-02,5186079744
TSM,2024-11-19,5186549760
TSM,2025-05-20,5186520064
TSM,2025-09-17,5186523104
TSM,2025-11-17,5186523104
TSM,2025-11-27,5186504904
TSM,2026-04-18,5186400000
TSM,2026-05-20,5186474000
TSM,2026-05-26,5186474013
JPM,2020-07-16,3047600128
JPM,2020-08-05,3047600128
JPM,2020-08-28,3047600128
JPM,2020-09-05,3047600128
JPM,2020-09-06,3047600128
JPM,2020-09-21,3054109952
JPM,2020-09-22,3047600128
JPM,2020-10-15,3048199936
JPM,2020-11-04,3048199936
JPM,2020-11-26,3048199936
JPM,2021-01-19,3048199936
JPM,2021-01-20,3049400064
JPM,2021-02-03,2958340096
JPM,2021-02-19,3049400064
JPM,2021-02-25,3051510016
JPM,2021-03-17,3051510016
JPM,2021-04-08,3004430080
JPM,2021-04-09,3032110080
JPM,2021-04-16,3027099904
JPM,2021-04-23,3092209920
JPM,2021-04-24,3034149888
JPM,2021-04-27,3027099904
JPM,2021-05-06,3027130112
JPM,2021-05-18,3027130112
JPM,2021-05-25,3027130112
JPM,2021-07-15,2988199936
JPM,2021-07-20,3088640000
JPM,2021-08-04,2988160000
JPM,2021-10-18,2955300096
JPM,2021-10-26,2969819904
JPM,2021-11-04,2955269888
JPM,2021-11-05,2994599936
JPM,2021-11-06,2955269888
JPM,2021-11-19,2980999936
JPM,2021-11-20,2994380032
JPM,2021-11-21,2955269888
JPM,2021-12-04,3009779968
JPM,2021-12-05,2955269888
JPM,2021-12-10,2955269888
JPM,2021-12-30,2956760064
JPM,2021-12-31,2955269888
JPM,2022-01-06,2955269888
JPM,2022-01-18,2955269888
JPM,2022-01-19,2944100096
JPM,2022-02-04,2968649984
JPM,2022-02-05,2944100096
JPM,2022-02-11,2944100096
JPM,2022-02-24,2952809984
JPM,2022-03-04,2973949952
JPM,2022-03-05,2952809984
JPM,2022-04-01,3044219904
JPM,2022-04-02,2952809984
JPM,2022-04-07,2939770112
JPM,2022-04-16,2937100032
JPM,2022-05-10,2981880064
JPM,2022-05-11,3010419968
JPM,2022-05-19,2988169984
JPM,2022-05-20,2937100032
JPM,2022-05-21,2937100032
JPM,2022-06-03,2937050112
JPM,2022-08-05,2969720064
JPM,2022-08-06,2932570112
JPM,2022-08-20,2932570112
JPM,2022-09-01,2932570112
JPM,2022-09-03,2932570112
JPM,2022-10-16,2933199872
JPM,2022-10-19,2933199872
JPM,2022-10-21,2942799872
JPM,2022-10-23,2933199872
JPM,2022-11-09,2933199872
JPM,2023-01-17,2934299904
JPM,2023-02-23,2943360000
JPM,2023-03-07,2960669952
JPM,2023-03-18,3058929920
JPM,2023-03-21,2943360000
JPM,2023-03-25,2988829952
JPM,2023-03-30,2949289984
JPM,2023-04-01,2943360000
JPM,2023-04-04,2946749952
JPM,2023-04-05,2943360000
JPM,2023-04-06,2950070016
JPM,2023-04-07,2953309952
JPM,2023-04-15,2922299904
JPM,2023-04-25,2926249984
JPM,2023-04-26,2922299904
JPM,2023-05-04,2985479936
JPM,2023-05-06,2922289920
JPM,2023-05-12,2931520000
JPM,2023-05-13,2974149888
JPM,2023-05-16,2922289920
JPM,2023-06-23,2984049920
JPM,2023-06-25,2922289920
JPM,2023-07-06,2938449920
JPM,2023-07-07,2922289920
JPM,2023-07-12,2967990016
JPM,2023-07-13,2922289920
JPM,2023-07-20,2906099968
JPM,2023-07-22,2906099968
JPM,2023-08-22,2906099968
JPM,2023-08-23,2967630080
JPM,2023-08-24,2906099968
JPM,2023-09-04,2906089984
JPM,2023-09-07,2906089984
JPM,2023-09-16,2914680064
JPM,2023-09-17,2906089984
JPM,2023-09-21,2918429952
JPM,2023-10-10,2906089984
JPM,2023-10-11,2906089984
JPM,2023-10-12,2906089984
JPM,2023-10-13,2912859904
JPM,2023-10-14,2906089984
JPM,2023-10-15,2906089984
JPM,2023-10-16,2906089984
JPM,2023-10-17,2891000064
JPM,2023-10-18,2891000064
JPM,2023-10-19,2923099904
JPM,2023-10-20,2891000064
JPM,2023-10-23,2891000064
JPM,2023-10-25,2891000064
JPM,2023-10-26,2891000064
JPM,2023-10-31,2891000064
JPM,2023-11-01,2891000064
JPM,2023-11-03,2891010048
JPM,2023-11-04,2891000064
JPM,2023-11-08,2892410112
JPM,2023-11-09,2891010048
JPM,2023-11-15,2891010048
JPM,2023-11-18,2891010048
JPM,2023-11-25,2891010048
JPM,2023-11-28,2891010048
JPM,2023-11-29,2891010048
JPM,2023-12-05,2891010048
JPM,2023-12-06,2891010048
JPM,2023-12-08,2891010048
JPM,2023-12-21,2891010048
JPM,2023-12-22,2891010048
JPM,2023-12-23,2892740096
JPM,2023-12-26,2891010048
JPM,2023-12-27,2891010048
JPM,2023-12-28,2891010048
JPM,2024-01-04,2891010048
JPM,2024-01-05,2891010048
JPM,2024-01-06,2891010048
JPM,2024-01-09,2891010048
JPM,2024-01-10,2891010048
JPM,2024-01-11,2891010048
JPM,2024-01-12,2891010048
JPM,2024-01-13,2912389888
JPM,2024-01-17,2876699904
JPM,2024-02-01,2876699904
JPM,2024-02-20,2880369920
JPM,2024-02-22,2880369920
JPM,2024-02-23,2880369920
JPM,2024-02-24,2880369920
JPM,2024-03-01,2880369920
JPM,2024-03-02,2880369920
JPM,2024-03-05,2880369920
JPM,2024-03-08,2880369920
JPM,2024-03-09,2880369920
JPM,2024-03-12,2880369920
JPM,2024-03-19,2880369920
JPM,2024-03-20,2880369920
JPM,2024-03-22,2880369920
JPM,2024-03-23,2916120064
JPM,2024-03-26,2906980096
JPM,2024-03-27,2880369920
JPM,2024-03-29,2880369920
JPM,2024-04-04,2880369920
JPM,2024-04-05,2880369920
JPM,2024-04-06,2880369920
JPM,2024-04-10,2872090112
JPM,2024-04-12,3070700032
JPM,2024-04-13,2872090112
JPM,2024-04-17,2905289984
JPM,2024-04-18,2872090112
JPM,2024-04-19,2872090112
JPM,2024-04-23,2872090112
JPM,2024-04-24,2872090112
JPM,2024-04-25,2872090112
JPM,2024-04-26,2872090112
JPM,2024-04-30,2875209984
JPM,2024-05-01,2895160064
JPM,2024-05-03,2871670016
JPM,2024-05-04,2871670016
JPM,2024-05-10,2871670016
JPM,2024-05-11,2871670016
JPM,2024-05-15,2871670016
JPM,2024-05-16,2871670016
JPM,2024-05-17,2871670016
JPM,2024-05-20,3006899968
JPM,2024-05-21,2871670016
JPM,2024-05-23,2871670016
JPM,2024-05-24,2871670016
JPM,2024-05-25,2871670016
JPM,2024-05-29,2871670016
JPM,2024-05-31,2871670016
JPM,2024-06-01,2871670016
JPM,2024-06-05,2871670016
JPM,2024-06-08,2871670016
JPM,2024-06-12,2871670016
JPM,2024-06-13,2871670016
JPM,2024-06-14,2871670016
JPM,2024-06-15,2871670016
JPM,2024-06-18,2871670016
JPM,2024-06-21,2871670016
JPM,2024-06-28,2871670016
JPM,2024-06-29,2871670016
JPM,2024-07-03,2871670016
JPM,2024-07-06,2871670016
JPM,2024-07-10,2871670016
JPM,2024-07-12,2871670016
JPM,2024-07-13,2871670016
JPM,2024-07-16,2871670016
JPM,2024-07-19,2847810048
JPM,2024-07-20,2845100032
JPM,2024-08-03,2845159936
JPM,2024-08-06,2845159936
JPM,2024-08-08,2845159936
JPM,2024-08-13,2845159936
JPM,2024-08-16,2845159936
JPM,2024-08-17,2845159936
JPM,2024-08-27,2845159936
JPM,2024-08-30,2845159936
JPM,2024-08-31,2845159936
JPM,2024-09-04,2845159936
JPM,2024-09-05,2845159936
JPM,2024-09-06,2845159936
JPM,2024-09-07,2914400000
JPM,2024-09-10,2845159936
JPM,2024-09-11,2845159936
JPM,2024-09-14,2845159936
JPM,2024-09-17,2845159936
JPM,2024-09-18,2845159936
JPM,2024-09-19,2845159936
JPM,2024-09-20,2845159936
JPM,2024-09-21,2845159936
JPM,2024-09-24,2845159936
JPM,2024-09-26,2845159936
JPM,2024-09-28,2845159936
JPM,2024-09-30,2845159936
JPM,2024-10-03,2845159936
JPM,2024-10-04,2845159936
JPM,2024-10-05,2845159936
JPM,2024-10-08,2845159936
JPM,2024-10-11,2845159936
JPM,2024-10-12,2815300096
JPM,2024-10-15,2825600000
JPM,2024-10-18,2825120000
JPM,2024-10-26,2829230080
JPM,2024-10-28,2815300096
JPM,2024-10-30,2848140032
JPM,2024-11-01,2815340032
JPM,2024-11-02,2815340032
JPM,2024-11-05,2815340032
JPM,2024-11-06,2815340032
JPM,2024-11-07,2815340032
JPM,2024-11-08,2815340032
JPM,2024-11-09,2815340032
JPM,2024-11-12,2815340032
JPM,2024-11-14,2815340032
JPM,2024-11-15,2815340032
JPM,2024-11-16,2815340032
JPM,2024-11-19,2818560000
JPM,2024-11-20,2815340032
JPM,2024-11-21,2815340032
JPM,2024-11-22,2815340032
JPM,2024-11-23,2815340032
JPM,2024-11-30,2816130048
JPM,2024-12-03,2815340032
JPM,2024-12-04,2815340032
JPM,2024-12-05,2815340032
JPM,2024-12-06,2815340032
JPM,2024-12-11,2826350080
JPM,2024-12-13,2838650112
JPM,2024-12-14,2815340032
JPM,2024-12-19,2815340032
JPM,2024-12-24,2815340032
JPM,2024-12-27,2815340032
JPM,2024-12-28,2815340032
JPM,2024-12-31,2815340032
JPM,2025-01-01,2815340032
JPM,2025-01-03,2815340032
JPM,2025-01-07,2815340032
JPM,2025-01-11,2815340032
JPM,2025-01-14,2815340032
JPM,2025-01-15,2815340032
JPM,2025-01-16,2797600000
JPM,2025-01-22,2797600000
JPM,2025-01-24,2797600000
JPM,2025-01-25,2797600000
JPM,2025-01-28,2797600000
JPM,2025-02-08,2797600000
JPM,2025-02-15,2797600000
JPM,2025-02-18,2796110080
JPM,2025-02-20,2796110080
JPM,2025-02-21,2796110080
JPM,2025-02-22,2796110080
JPM,2025-02-27,2796110080
JPM,2025-02-28,2796110080
JPM,2025-03-01,2796110080
JPM,2025-03-04,2839340032
JPM,2025-03-05,2796110080
JPM,2025-03-06,2796110080
JPM,2025-03-08,2796110080
JPM,2025-03-11,2917240064
JPM,2025-03-13,2796110080
JPM,2025-03-14,2796110080
JPM,2025-03-18,2796110080
JPM,2025-03-20,2796110080
JPM,2025-03-22,2796110080
JPM,2025-03-25,2796110080
JPM,2025-03-27,2797220096
JPM,2025-03-28,2828900096
JPM,2025-03-29,2796110080
JPM,2025-04-01,2796110080
JPM,2025-04-02,2796110080
JPM,2025-04-05,2796110080
JPM,2025-04-09,2783000064
JPM,2025-04-10,2871589888
JPM,2025-04-11,2783000064
JPM,2025-04-12,2779099904
JPM,2025-04-14,2796620032
JPM,2025-04-15,2779099904
JPM,2025-04-22,2815140096
JPM,2025-04-23,2779099904
JPM,2025-04-26,2791539968
JPM,2025-04-29,2779099904
JPM,2025-05-04,2779089920
JPM,2025-05-06,2779089920
JPM,2025-05-07,2779089920
JPM,2025-05-10,2779089920
JPM,2025-05-14,2779089920
JPM,2025-05-21,2779089920
JPM,2025-05-24,2779089920
JPM,2025-05-28,2779089920
JPM,2025-05-29,2798080000
JPM,2025-05-30,2779089920
JPM,2025-05-31,2782990080
JPM,2025-06-04,2779089920
JPM,2025-06-05,2779089920
JPM,2025-06-06,2803180032
JPM,2025-06-11,2779089920
JPM,2025-06-12,2779089920
JPM,2025-06-14,2779089920
JPM,2025-06-17,2779089920
JPM,2025-06-18,2787760128
JPM,2025-06-19,2779089920
JPM,2025-06-24,2779089920
JPM,2025-06-26,2779089920
JPM,2025-06-28,2794970112
JPM,2025-07-01,2779089920
JPM,2025-07-08,2869410048
JPM,2025-07-09,2779089920
JPM,2025-07-10,2779089920
JPM,2025-07-11,2791980032
JPM,2025-07-12,2779089920
JPM,2025-07-16,2749669888
JPM,2025-08-02,2814949888
JPM,2025-08-07,2749750016
JPM,2025-08-08,2749750016
JPM,2025-08-09,2749750016
JPM,2025-08-13,2749750016
JPM,2025-08-16,2749750016
JPM,2025-08-19,2749750016
JPM,2025-08-22,2749750016
JPM,2025-08-23,2749750016
JPM,2025-08-28,2749750016
JPM,2025-08-29,2749750016
JPM,2025-09-05,2749750016
JPM,2025-09-06,2749750016
JPM,2025-09-09,2749750016
JPM,2025-09-10,2749750016
JPM,2025-09-11,2749750016
JPM,2025-09-16,2749750016
JPM,2025-09-17,2749753854
JPM,2025-09-18,2749753854
JPM,2025-09-19,2749753854
JPM,2025-09-23,2749753854
JPM,2025-09-26,2749753854
JPM,2025-09-30,2752976664
JPM,2025-10-01,2755245865
JPM,2025-10-02,2749753854
JPM,2025-10-03,2749753854
JPM,2025-10-06,2749753854
JPM,2025-10-07,2749753854
JPM,2025-10-08,2749753854
JPM,2025-10-09,2749753854
JPM,2025-10-11,2749753854
JPM,2025-10-15,2803368957
JPM,2025-10-18,2731165439
JPM,2025-10-22,2726506554
JPM,2025-10-23,2722200000
JPM,2025-11-05,2723080259
JPM,2025-11-06,2722262295
JPM,2025-11-15,2774894552
JPM,2025-11-17,2749753854
JPM,2026-01-14,2722262296
JPM,2026-02-24,2697032375
JPM,2026-04-07,2697032375
JPM,2026-04-15,2697032375
JPM,2026-04-23,2679500000
JPM,2026-05-05,2679511418
JPM,2026-07-16,2658200000
JPM,2026-08-08,2658186195
BAC,2020-07-20,8664080384
BAC,2020-08-04,8664099840
BAC,2020-08-28,8664099840
BAC,2020-09-05,8664099840
BAC,2020-09-21,8664099840
BAC,2020-10-16,8661520384
BAC,2020-11-03,8650789888
BAC,2020-11-26,8650789888
BAC,2020-12-08,8650789888
BAC,2021-01-21,8650810368
BAC,2021-02-03,8352509952
BAC,2021-02-20,8616769536
BAC,2021-02-22,8616769536
BAC,2021-02-26,8633190400
BAC,2021-03-10,8627250176
BAC,2021-03-17,8627250176
BAC,2021-04-08,8627250176
BAC,2021-04-09,8703309824
BAC,2021-04-17,8589729792
BAC,2021-04-19,8589729792
BAC,2021-04-23,8670340096
BAC,2021-04-24,8488880128
BAC,2021-04-27,8589729792
BAC,2021-05-01,8569319936
BAC,2021-05-03,8569319936
BAC,2021-06-05,8569319936
BAC,2021-06-08,8569319936
BAC,2021-07-16,8487150080
BAC,2021-07-20,8487150080
BAC,2021-08-03,8414900224
BAC,2021-08-14,8520010240
BAC,2021-08-15,8414900224
BAC,2021-08-20,8414900224
BAC,2021-10-08,8437790208
BAC,2021-10-18,8241240064
BAC,2021-10-26,8251650048
BAC,2021-11-03,8184079872
BAC,2021-11-05,8363919872
BAC,2021-11-06,8184079872
BAC,2021-11-20,8349929984
BAC,2021-11-21,8184079872
BAC,2022-01-25,8077830144
BAC,2022-02-11,8077830144
BAC,2022-02-24,8069799936
BAC,2022-03-04,8197049856
BAC,2022-03-05,8069799936
BAC,2022-03-12,8064860160
BAC,2022-03-29,8098189824
BAC,2022-04-20,8062099968
BAC,2022-05-04,8056880128
BAC,2022-05-11,8056880128
BAC,2022-05-17,8056880128
BAC,2022-05-18,8056880128
BAC,2022-06-23,8056880128
BAC,2022-06-30,8056880128
BAC,2022-07-19,8035219968
BAC,2022-08-02,8035239936
BAC,2022-08-05,8092980224
BAC,2022-08-06,8035239936
BAC,2022-09-01,8035239936
BAC,2022-09-03,8044850176
BAC,2022-09-10,7968549888
BAC,2022-09-12,8035239936
BAC,2022-10-19,8024450048
BAC,2022-10-21,8076839936
BAC,2022-10-23,8024450048
BAC,2022-11-01,8022430208
BAC,2022-11-04,8022430208
BAC,2023-01-14,7996780032
BAC,2023-02-25,8003840000
BAC,2023-03-07,8003840000
BAC,2023-03-09,7999280128
BAC,2023-03-30,8155740160
BAC,2023-03-31,8103869952
BAC,2023-04-04,8002079744
BAC,2023-04-06,8097679872
BAC,2023-04-07,8039510016
BAC,2023-04-19,7972440064
BAC,2023-05-03,7969149952
BAC,2023-05-04,8054969856
BAC,2023-05-06,7969149952
BAC,2023-05-11,8068329984
BAC,2023-05-12,7969149952
BAC,2023-05-13,8036810240
BAC,2023-05-16,7969149952
BAC,2023-06-14,8043019776
BAC,2023-06-22,8052830208
BAC,2023-06-23,8228519936
BAC,2023-06-24,7969149952
BAC,2023-07-12,8069250048
BAC,2023-07-13,7969149952
BAC,2023-07-20,7953560064
BAC,2023-08-22,7946370048
BAC,2023-08-23,8144750080
BAC,2023-08-24,7946370048
BAC,2023-09-01,7946370048
BAC,2023-09-07,7946370048
BAC,2023-09-20,7946370048
BAC,2023-10-11,7946370048
BAC,2023-10-12,7946370048
BAC,2023-10-13,7946370048
BAC,2023-10-14,7946370048
BAC,2023-10-15,7946370048
BAC,2023-10-16,7946370048
BAC,2023-10-17,7946370048
BAC,2023-10-18,7946370048
BAC,2023-10-19,7923359744
BAC,2023-10-20,7923359744
BAC,2023-10-23,7923359744
BAC,2023-10-25,7923359744
BAC,2023-10-27,7923359744
BAC,2023-11-01,7923359744
BAC,2023-11-03,7913730048
BAC,2023-11-04,7913730048
BAC,2023-11-08,7961509888
BAC,2023-11-09,7913730048
BAC,2023-11-11,7913730048
BAC,2023-11-15,7913730048
BAC,2023-11-16,7913730048
BAC,2023-11-21,7913730048
BAC,2023-11-23,7913730048
BAC,2023-11-25,7913730048
BAC,2023-11-28,7913730048
BAC,2023-11-29,7913730048
BAC,2023-12-01,7913730048
BAC,2023-12-02,7913730048
BAC,2023-12-06,7913730048
BAC,2023-12-12,7913730048
BAC,2023-12-13,7913730048
BAC,2023-12-14,7913730048
BAC,2023-12-15,7913730048
BAC,2023-12-21,7913730048
BAC,2023-12-22,7913730048
BAC,2023-12-23,7913730048
BAC,2023-12-28,7913730048
BAC,2023-12-29,7913730048
BAC,2024-01-03,7913730048
BAC,2024-01-04,7913730048
BAC,2024-01-06,7913730048
BAC,2024-01-10,7913730048
BAC,2024-01-11,7913730048
BAC,2024-01-13,7900000256
BAC,2024-01-17,7895459840
BAC,2024-01-18,7895459840
BAC,2024-01-23,7895459840
BAC,2024-01-24,7895459840
BAC,2024-01-25,7895459840
BAC,2024-01-26,7895459840
BAC,2024-01-27,7895459840
BAC,2024-01-31,7895459840
BAC,2024-02-01,8076539904
BAC,2024-02-06,7895459840
BAC,2024-02-07,7895459840
BAC,2024-02-10,7907400192
BAC,2024-02-13,7895459840
BAC,2024-02-14,7895459840
BAC,2024-02-15,7895459840
BAC,2024-02-16,7895459840
BAC,2024-02-21,7895459840
BAC,2024-02-22,7872659968
BAC,2024-02-23,7872659968
BAC,2024-02-29,7872659968
BAC,2024-03-01,7872659968
BAC,2024-03-05,7872659968
BAC,2024-03-07,7872659968
BAC,2024-03-08,7872659968
BAC,2024-03-12,7890639872
BAC,2024-03-13,7890639872
BAC,2024-03-19,7890639872
BAC,2024-03-20,7890639872
BAC,2024-03-22,7890639872
BAC,2024-03-23,7890639872
BAC,2024-03-26,7931310080
BAC,2024-03-27,7890639872
BAC,2024-03-29,7890639872
BAC,2024-04-04,7890639872
BAC,2024-04-05,7890639872
BAC,2024-04-06,7890639872
BAC,2024-04-12,8014099968
BAC,2024-04-13,7890639872
BAC,2024-04-17,7866869760
BAC,2024-04-18,7866869760
BAC,2024-04-19,7866869760
BAC,2024-04-23,7866869760
BAC,2024-04-25,7877130240
BAC,2024-04-26,7866869760
BAC,2024-04-27,7866869760
BAC,2024-04-30,7925530112
BAC,2024-05-01,7866869760
BAC,2024-05-02,7820369920
BAC,2024-05-09,7820369920
BAC,2024-05-10,7820369920
BAC,2024-05-16,7820369920
BAC,2024-05-17,7820369920
BAC,2024-05-20,7915049984
BAC,2024-05-21,7820369920
BAC,2024-05-23,7820369920
BAC,2024-05-24,7820369920
BAC,2024-05-31,7838589952
BAC,2024-06-01,7820369920
BAC,2024-06-04,7820369920
BAC,2024-06-05,7859789824
BAC,2024-06-06,7820369920
BAC,2024-06-11,7820369920
BAC,2024-06-12,7983379968
BAC,2024-06-15,7820369920
BAC,2024-06-18,7820369920
BAC,2024-06-22,7820369920
BAC,2024-06-26,7820369920
BAC,2024-06-27,7820369920
BAC,2024-06-29,7820369920
BAC,2024-07-02,7820369920
BAC,2024-07-03,7820369920
BAC,2024-07-06,7820369920
BAC,2024-07-11,7820369920
BAC,2024-07-12,7820369920
BAC,2024-07-13,7820369920
BAC,2024-07-16,7820369920
BAC,2024-07-17,7774750208
BAC,2024-07-18,7801269760
BAC,2024-07-19,7794690048
BAC,2024-07-20,7774750208
BAC,2024-07-24,7774750208
BAC,2024-07-25,7869890048
BAC,2024-07-26,7774750208
BAC,2024-07-27,7774750208
BAC,2024-07-30,7774750208
BAC,2024-08-01,7759580160
BAC,2024-08-02,7759580160
BAC,2024-08-06,7759580160
BAC,2024-08-07,7759580160
BAC,2024-08-13,7781940224
BAC,2024-08-14,7759580160
BAC,2024-08-16,7759580160
BAC,2024-08-20,7759580160
BAC,2024-08-23,7759580160
BAC,2024-08-27,7759580160
BAC,2024-08-29,7759580160
BAC,2024-08-31,7759580160
BAC,2024-09-04,7759580160
BAC,2024-09-05,7759580160
BAC,2024-09-07,8035850240
BAC,2024-09-10,7759580160
BAC,2024-09-11,7797109760
BAC,2024-09-12,7815289856
BAC,2024-09-21,7875189760
BAC,2024-09-24,7759580160
BAC,2024-09-25,7759580160
BAC,2024-09-26,7759580160
BAC,2024-09-27,7759580160
BAC,2024-09-28,7759580160
BAC,2024-10-01,7759580160
BAC,2024-10-04,7759580160
BAC,2024-10-11,7759580160
BAC,2024-10-12,7759580160
BAC,2024-10-15,7766980096
BAC,2024-10-16,7688770048
BAC,2024-10-17,7688770048
BAC,2024-10-18,7688770048
BAC,2024-10-23,7688770048
BAC,2024-10-24,7688770048
BAC,2024-10-26,7771360256
BAC,2024-10-28,7688770048
BAC,2024-10-29,7688770048
BAC,2024-10-30,7705039872
BAC,2024-10-31,7712779776
BAC,2024-11-01,7672880128
BAC,2024-11-05,7752710144
BAC,2024-11-06,7672880128
BAC,2024-11-07,7672880128
BAC,2024-11-08,7672880128
BAC,2024-11-09,7672880128
BAC,2024-11-13,7672880128
BAC,2024-11-19,7677810176
BAC,2024-11-20,7672880128
BAC,2024-11-21,7731180032
BAC,2024-11-23,7672880128
BAC,2024-11-26,7672880128
BAC,2024-11-27,7672880128
BAC,2024-11-30,7714869760
BAC,2024-12-03,7672880128
BAC,2024-12-04,7708930048
BAC,2024-12-05,7672880128
BAC,2024-12-06,7672880128
BAC,2024-12-11,7672880128
BAC,2024-12-12,7672880128
BAC,2024-12-14,7741760000
BAC,2024-12-17,7672880128
BAC,2024-12-24,7672880128
BAC,2024-12-25,7672880128
BAC,2024-12-27,7672880128
BAC,2024-12-28,7672880128
BAC,2024-12-31,7672880128
BAC,2025-01-03,7672880128
BAC,2025-01-04,7672880128
BAC,2025-01-07,7672880128
BAC,2025-01-15,7672880128
BAC,2025-01-16,7672880128
BAC,2025-01-17,7748559872
BAC,2025-01-18,7610860032
BAC,2025-01-22,7610860032
BAC,2025-01-23,7610860032
BAC,2025-01-24,7610860032
BAC,2025-01-25,7610860032
BAC,2025-01-29,7610860032
BAC,2025-01-31,7610860032
BAC,2025-02-01,7610860032
BAC,2025-02-05,7610860032
BAC,2025-02-06,7610860032
BAC,2025-02-08,7665460224
BAC,2025-02-12,7610860032
BAC,2025-02-13,7706390016
BAC,2025-02-14,7610860032
BAC,2025-02-20,7610860032
BAC,2025-02-22,7610860032
BAC,2025-02-25,7610860032
BAC,2025-02-27,7604680192
BAC,2025-03-01,7604680192
BAC,2025-03-04,7694810112
BAC,2025-03-05,7604680192
BAC,2025-03-06,7604680192
BAC,2025-03-08,7604680192
BAC,2025-03-11,7904430080
BAC,2025-03-22,7604590080
BAC,2025-03-27,7684469760
BAC,2025-03-28,7649240064
BAC,2025-04-10,7878490112
BAC,2025-04-11,7602800128
BAC,2025-04-16,7602800128
BAC,2025-04-17,7560079872
BAC,2025-04-18,7560079872
BAC,2025-04-22,7660420096
BAC,2025-04-23,7560079872
BAC,2025-04-30,7560079872
BAC,2025-05-01,7580939776
BAC,2025-05-02,7531879936
BAC,2025-05-03,7531879936
BAC,2025-05-07,7583510016
BAC,2025-05-10,7531879936
BAC,2025-05-14,7531879936
BAC,2025-05-15,7592970240
BAC,2025-05-16,7531879936
BAC,2025-05-22,7531879936
BAC,2025-05-28,7531879936
BAC,2025-05-29,7559229952
BAC,2025-05-30,7531879936
BAC,2025-05-31,7531879936
BAC,2025-06-04,7531879936
BAC,2025-06-05,7531879936
BAC,2025-06-07,7531879936
BAC,2025-06-10,7548660224
BAC,2025-06-11,7531879936
BAC,2025-06-13,7531879936
BAC,2025-06-14,7531879936
BAC,2025-06-18,7531879936
BAC,2025-06-19,7531879936
BAC,2025-06-21,7531879936
BAC,2025-06-27,7531879936
BAC,2025-06-28,7531879936
BAC,2025-07-01,7531879936
BAC,2025-07-02,7531879936
BAC,2025-07-04,7531879936
BAC,2025-07-08,7773089792
BAC,2025-07-09,7531879936
BAC,2025-07-10,7531879936
BAC,2025-07-11,7531879936
BAC,2025-07-12,7531879936
BAC,2025-07-17,7436680192
BAC,2025-07-19,7436680192
BAC,2025-07-22,7436680192
BAC,2025-07-23,7436680192
BAC,2025-07-24,7436680192
BAC,2025-07-25,7436680192
BAC,2025-07-29,7436680192
BAC,2025-08-02,7406949888
BAC,2025-08-05,7406949888
BAC,2025-08-06,7406949888
BAC,2025-08-07,7429779968
BAC,2025-08-08,7406949888
BAC,2025-08-12,7406949888
BAC,2025-08-13,7406949888
BAC,2025-08-14,7406949888
BAC,2025-08-16,7406949888
BAC,2025-08-20,7406949888
BAC,2025-08-21,7406949888
BAC,2025-08-23,7406949888
BAC,2025-08-27,7406949888
BAC,2025-08-28,7406949888
BAC,2025-09-03,7406949888
BAC,2025-09-04,7406949888
BAC,2025-09-05,7406949888
BAC,2025-09-09,7406949888
BAC,2025-09-10,7406949888
BAC,2025-09-11,7406949888
BAC,2025-09-12,7406949888
BAC,2025-09-13,7406949888
BAC,2025-09-15,7406949888
BAC,2025-09-17,7406947312
BAC,2025-09-20,7406947312
BAC,2025-09-23,7406947312
BAC,2025-09-27,7406947312
BAC,2025-09-30,7406947312
BAC,2025-10-01,7495962767
BAC,2025-10-02,7661250554
BAC,2025-10-03,7406947312
BAC,2025-10-06,7406947312
BAC,2025-10-07,7406947312
BAC,2025-10-08,7406947312
BAC,2025-10-11,7406947312
BAC,2025-10-14,7406947312
BAC,2025-10-16,7329421929
BAC,2025-10-17,7329421929
BAC,2025-10-18,7329421929
BAC,2025-10-23,7329421929
BAC,2025-10-24,7329421929
BAC,2025-10-25,7329421929
BAC,2025-10-27,7329421929
BAC,2025-10-28,7329421929
BAC,2025-10-29,7329421929
BAC,2025-10-30,7329421929
BAC,2025-11-01,7329421929
BAC,2025-11-04,7302495550
BAC,2025-11-05,7305223415
BAC,2025-11-06,7302495550
BAC,2025-11-08,7302495550
BAC,2025-11-12,7302495550
BAC,2025-11-15,7338584675
BAC,2025-11-17,7406947312
BAC,2026-01-08,7560100000
BAC,2026-01-15,7302495550
BAC,2026-03-06,7302495551
BAC,2026-03-27,7176682170
BAC,2026-04-17,7145709182
BAC,2026-04-23,7129908032
BAC,2026-05-05,7096590651
BAC,2026-07-15,7017967460
BAC,2026-08-04,6992748365
BAC,2026-08-05,6992748365
WFC,2020-07-16,4119559936
WFC,2020-08-04,4119559936
WFC,2020-08-06,4120049920
WFC,2020-08-28,4120049920
WFC,2020-09-05,4120049920
WFC,2020-09-06,4120049920
WFC,2020-09-21,4116770048
WFC,2020-09-22,4120049920
WFC,2020-10-05,4120049920
WFC,2020-10-16,4132519936
WFC,2020-11-04,4134490112
WFC,2020-11-26,4134490112
WFC,2021-01-19,4134490112
WFC,2021-01-20,4144009984
WFC,2021-02-25,4134109952
WFC,2021-03-17,4199239936
WFC,2021-03-18,4134139904
WFC,2021-04-14,4134139904
WFC,2021-04-16,4141120000
WFC,2021-04-23,4193489920
WFC,2021-04-25,4082579968
WFC,2021-04-27,4141120000
WFC,2021-05-07,4133570048
WFC,2021-05-10,4133570048
WFC,2021-07-03,4164750080
WFC,2021-07-14,4133570048
WFC,2021-07-16,4108000000
WFC,2021-07-30,4106409984
WFC,2021-08-14,4169999872
WFC,2021-10-19,3996920064
WFC,2021-11-03,3987229952
WFC,2021-11-05,4095930112
WFC,2021-11-06,3987229952
WFC,2021-11-18,3987229952
WFC,2021-12-02,4035369984
WFC,2021-12-03,3987229952
WFC,2021-12-04,4084100096
WFC,2022-01-19,3987229952
WFC,2022-01-20,3885799936
WFC,2022-02-04,3939330048
WFC,2022-02-05,3885799936
WFC,2022-02-06,3967500032
WFC,2022-02-07,3885799936
WFC,2022-02-11,3885799936
WFC,2022-02-25,3814560000
WFC,2022-03-04,3887510016
WFC,2022-03-05,3814560000
WFC,2022-04-04,3801590016
WFC,2022-04-19,3789890048
WFC,2022-05-05,3790350080
WFC,2022-06-03,3804620032
WFC,2022-06-05,3790350080
WFC,2022-07-16,3792999936
WFC,2022-07-20,3792999936
WFC,2022-08-05,3892379904
WFC,2022-08-06,3793050112
WFC,2022-09-01,3793050112
WFC,2022-09-02,3793920000
WFC,2022-09-10,3784679936
WFC,2022-09-12,3793050112
WFC,2022-09-17,3810309888
WFC,2022-10-18,3795399936
WFC,2022-10-26,3795440128
WFC,2022-11-05,3810490112
WFC,2023-01-19,3833799936
WFC,2023-02-23,3793870080
WFC,2023-03-07,3811770112
WFC,2023-03-08,3979930112
WFC,2023-03-10,3793870080
WFC,2023-03-20,3777090048
WFC,2023-03-25,3816699904
WFC,2023-03-30,3857339904
WFC,2023-04-01,3777090048
WFC,2023-04-15,3833799936
WFC,2023-04-25,3853329920
WFC,2023-04-27,3833799936
WFC,2023-05-04,3852649984
WFC,2023-05-06,3833799936
WFC,2023-05-10,3752219904
WFC,2023-05-11,3777710080
WFC,2023-05-14,3831290112
WFC,2023-05-16,3752219904
WFC,2023-06-14,3752219904
WFC,2023-06-23,3828069888
WFC,2023-06-24,3752219904
WFC,2023-07-12,3789459968
WFC,2023-07-13,3752219904
WFC,2023-07-19,3738170112
WFC,2023-07-21,3667670016
WFC,2023-08-21,3658779904
WFC,2023-08-23,3746070016
WFC,2023-08-24,3658779904
WFC,2023-10-10,3658779904
WFC,2023-10-11,3658779904
WFC,2023-10-13,3658779904
WFC,2023-10-14,3658779904
WFC,2023-10-15,3658779904
WFC,2023-10-17,3637929984
WFC,2023-10-18,3637929984
WFC,2023-10-19,3637929984
WFC,2023-10-22,3637929984
WFC,2023-10-24,3637929984
WFC,2023-10-25,3637929984
WFC,2023-10-26,3637929984
WFC,2023-10-28,3637929984
WFC,2023-11-02,3637929984
WFC,2023-11-03,3631640064
WFC,2023-11-04,3631640064
WFC,2023-11-08,3658190080
WFC,2023-11-09,3631640064
WFC,2023-11-11,3631640064
WFC,2023-11-14,3631640064
WFC,2023-11-15,3631640064
WFC,2023-11-16,3631640064
WFC,2023-11-17,3631640064
WFC,2023-11-23,3631640064
WFC,2023-11-28,3631640064
WFC,2023-11-30,3631640064
WFC,2023-12-01,3631640064
WFC,2023-12-05,3631640064
WFC,2023-12-06,3683069952
WFC,2023-12-07,3631640064
WFC,2023-12-08,3631640064
WFC,2023-12-09,3631640064
WFC,2023-12-13,3631640064
WFC,2023-12-15,3631640064
WFC,2023-12-21,3631640064
WFC,2023-12-22,3631640064
WFC,2023-12-23,3651579904
WFC,2023-12-26,3631640064
WFC,2023-12-30,3631640064
WFC,2024-01-03,3631640064
WFC,2024-01-05,3631640064
WFC,2024-01-06,3631640064
WFC,2024-01-10,3631640064
WFC,2024-01-12,3631640064
WFC,2024-01-13,3598860032
WFC,2024-01-17,3598860032
WFC,2024-01-18,3598860032
WFC,2024-01-19,3598860032
WFC,2024-01-20,3598860032
WFC,2024-01-23,3598860032
WFC,2024-01-24,3598860032
WFC,2024-01-25,3598860032
WFC,2024-01-30,3598860032
WFC,2024-02-01,3598860032
WFC,2024-02-03,3598860032
WFC,2024-02-07,3598860032
WFC,2024-02-08,3598860032
WFC,2024-02-09,3598860032
WFC,2024-02-10,3620580096
WFC,2024-02-13,3598860032
WFC,2024-02-14,3598860032
WFC,2024-02-15,3598860032
WFC,2024-02-17,3598860032
WFC,2024-02-21,3598860032
WFC,2024-02-22,3577440000
WFC,2024-02-28,3577440000
WFC,2024-03-01,3577440000
WFC,2024-03-02,3577440000
WFC,2024-03-07,3577440000
WFC,2024-03-08,3577440000
WFC,2024-03-14,3577440000
WFC,2024-03-16,3577440000
WFC,2024-03-19,3577440000
WFC,2024-03-20,3540400128
WFC,2024-03-23,3540400128
WFC,2024-03-26,3565370112
WFC,2024-03-27,3540400128
WFC,2024-04-04,3540400128
WFC,2024-04-12,3554200064
WFC,2024-04-13,3501680128
WFC,2024-04-16,3501680128
WFC,2024-04-17,3501680128
WFC,2024-04-18,3501680128
WFC,2024-04-23,3501680128
WFC,2024-04-24,3501680128
WFC,2024-04-25,3521329920
WFC,2024-04-26,3501680128
WFC,2024-05-01,3530010112
WFC,2024-05-03,3501680128
WFC,2024-05-04,3495249920
WFC,2024-05-05,3486320128
WFC,2024-05-07,3486320128
WFC,2024-05-11,3486320128
WFC,2024-05-14,3486320128
WFC,2024-05-16,3486320128
WFC,2024-05-17,3486320128
WFC,2024-05-18,3486320128
WFC,2024-05-20,3508140032
WFC,2024-05-21,3486320128
WFC,2024-05-22,3486320128
WFC,2024-05-23,3516640000
WFC,2024-05-24,3559340032
WFC,2024-05-29,3486320128
WFC,2024-05-31,3486320128
WFC,2024-06-04,3486320128
WFC,2024-06-05,3486320128
WFC,2024-06-06,3486320128
WFC,2024-06-08,3486320128
WFC,2024-06-12,3535130112
WFC,2024-06-13,3486320128
WFC,2024-06-14,3486320128
WFC,2024-06-15,3486320128
WFC,2024-06-18,3486320128
WFC,2024-06-21,3491640064
WFC,2024-06-28,3486320128
WFC,2024-06-29,3486320128
WFC,2024-07-02,3486320128
WFC,2024-07-06,3486320128
WFC,2024-07-10,3495660032
WFC,2024-07-11,3486320128
WFC,2024-07-12,3486320128
WFC,2024-07-13,3486320128
WFC,2024-07-16,3402710016
WFC,2024-07-17,3402710016
WFC,2024-07-18,3402710016
WFC,2024-07-19,3402710016
WFC,2024-07-20,3402710016
WFC,2024-07-24,3402710016
WFC,2024-07-25,3402710016
WFC,2024-07-27,3402710016
WFC,2024-07-30,3402710016
WFC,2024-07-31,3402710016
WFC,2024-08-01,3402710016
WFC,2024-08-02,3403770112
WFC,2024-08-03,3403770112
WFC,2024-08-08,3403770112
WFC,2024-08-09,3403770112
WFC,2024-08-13,3403770112
WFC,2024-08-14,3403770112
WFC,2024-08-20,3403770112
WFC,2024-08-22,3403770112
WFC,2024-08-28,3403770112
WFC,2024-08-29,3403770112
WFC,2024-08-31,3403770112
WFC,2024-09-04,3403770112
WFC,2024-09-05,3403770112
WFC,2024-09-07,3403770112
WFC,2024-09-11,3403770112
WFC,2024-09-12,3403770112
WFC,2024-09-13,3403770112
WFC,2024-09-14,3403770112
WFC,2024-09-17,3403770112
WFC,2024-09-19,3403770112
WFC,2024-09-21,3403770112
WFC,2024-09-27,3403770112
WFC,2024-09-28,3403770112
WFC,2024-10-01,3403770112
WFC,2024-10-04,3403770112
WFC,2024-10-09,3403770112
WFC,2024-10-12,3403770112
WFC,2024-10-13,3403770112
WFC,2024-10-15,3403770112
WFC,2024-10-17,3403770112
WFC,2024-10-18,3403770112
WFC,2024-10-19,3403770112
WFC,2024-10-23,3403770112
WFC,2024-10-24,3403770112
WFC,2024-10-26,3405349888
WFC,2024-10-28,3403770112
WFC,2024-10-30,3419930112
WFC,2024-10-31,3403770112
WFC,2024-11-01,3403770112
WFC,2024-11-02,3329489920
WFC,2024-11-05,3329489920
WFC,2024-11-07,3329489920
WFC,2024-11-08,3455859968
WFC,2024-11-19,3340730112
WFC,2024-11-20,3329489920
WFC,2024-11-22,3329489920
WFC,2024-11-26,3329489920
WFC,2024-11-27,3329489920
WFC,2024-11-28,3329489920
WFC,2024-11-30,3374949888
WFC,2024-12-03,3329489920
WFC,2024-12-04,3329489920
WFC,2024-12-05,3329489920
WFC,2024-12-06,3329489920
WFC,2024-12-07,3329489920
WFC,2024-12-10,3329489920
WFC,2024-12-11,3329489920
WFC,2024-12-12,3329489920
WFC,2024-12-13,3367109888
WFC,2024-12-14,3329489920
WFC,2024-12-20,3329489920
WFC,2024-12-24,3329489920
WFC,2024-12-28,3329489920
WFC,2025-01-07,3329489920
WFC,2025-01-14,3329489920
WFC,2025-01-16,3288940032
WFC,2025-01-18,3288940032
WFC,2025-01-22,3288940032
WFC,2025-01-24,3288940032
WFC,2025-01-29,3288940032
WFC,2025-02-01,3288940032
WFC,2025-02-05,3288940032
WFC,2025-02-06,3288940032
WFC,2025-02-08,3288940032
WFC,2025-02-11,3288940032
WFC,2025-02-13,3288940032
WFC,2025-02-14,3288940032
WFC,2025-02-15,3288940032
WFC,2025-02-19,3288940032
WFC,2025-02-20,3288940032
WFC,2025-02-22,3288940032
WFC,2025-02-25,3288940032
WFC,2025-02-27,3288189952
WFC,2025-03-01,3288189952
WFC,2025-03-04,3343249920
WFC,2025-03-05,3288189952
WFC,2025-03-06,3288189952
WFC,2025-03-11,3498439936
WFC,2025-03-13,3288189952
WFC,2025-03-14,3288189952
WFC,2025-03-19,3288189952
WFC,2025-03-21,3265159936
WFC,2025-03-27,3265159936
WFC,2025-03-28,3318919936
WFC,2025-04-10,3431749888
WFC,2025-04-11,3265159936
WFC,2025-04-12,3261680128
WFC,2025-04-13,3261680128
WFC,2025-04-14,3261680128
WFC,2025-04-15,3261680128
WFC,2025-04-22,3297349888
WFC,2025-04-23,3261680128
WFC,2025-04-25,3261680128
WFC,2025-04-26,3261680128
WFC,2025-04-30,3261680128
WFC,2025-05-01,3254180096
WFC,2025-05-03,3254180096
WFC,2025-05-06,3254180096
WFC,2025-05-07,3270569984
WFC,2025-05-10,3254180096
WFC,2025-05-13,3254180096
WFC,2025-05-14,3254180096
WFC,2025-05-15,3283889920
WFC,2025-05-16,3254180096
WFC,2025-05-20,3254180096
WFC,2025-05-24,3254180096
WFC,2025-05-28,3254180096
WFC,2025-05-29,3254180096
WFC,2025-05-30,3254180096
WFC,2025-05-31,3254180096
WFC,2025-06-03,3254180096
WFC,2025-06-04,3254180096
WFC,2025-06-05,3254180096
WFC,2025-06-06,3275040000
WFC,2025-06-11,3254180096
WFC,2025-06-13,3254180096
WFC,2025-06-14,3254180096
WFC,2025-06-17,3254180096
WFC,2025-06-18,3254180096
WFC,2025-07-01,3254180096
WFC,2025-07-02,3254180096
WFC,2025-07-08,3303980032
WFC,2025-07-09,3284100096
WFC,2025-07-11,3276859904
WFC,2025-07-12,3254180096
WFC,2025-07-15,3254180096
WFC,2025-07-16,3220369920
WFC,2025-07-28,3268829952
WFC,2025-07-29,3220369920
WFC,2025-08-07,3203440128
WFC,2025-08-08,3203440128
WFC,2025-08-09,3203440128
WFC,2025-08-12,3203440128
WFC,2025-08-15,3203440128
WFC,2025-08-18,3203440128
WFC,2025-08-19,3203440128
WFC,2025-08-21,3203440128
WFC,2025-08-23,3203440128
WFC,2025-09-03,3203440128
WFC,2025-09-04,3203440128
WFC,2025-09-05,3203440128
WFC,2025-09-06,3203440128
WFC,2025-09-09,3203440128
WFC,2025-09-10,3203440128
WFC,2025-09-12,3203440128
WFC,2025-09-16,3204229888
WFC,2025-09-17,3203441209
WFC,2025-09-18,3203441209
WFC,2025-09-19,3203441209
WFC,2025-09-23,3203441209
WFC,2025-09-24,3203441209
WFC,2025-09-25,3203441209
WFC,2025-09-27,3203441209
WFC,2025-09-30,3217064822
WFC,2025-10-01,3248920749
WFC,2025-10-02,3367435850
WFC,2025-10-03,3218165100
WFC,2025-10-06,3203441209
WFC,2025-10-09,3203441209
WFC,2025-10-10,3203441209
WFC,2025-10-11,3203441209
WFC,2025-10-14,3203441209
WFC,2025-10-16,3148936681
WFC,2025-10-18,3148936681
WFC,2025-10-21,3148936681
WFC,2025-10-28,3148936681
WFC,2025-10-29,3148936681
WFC,2025-10-30,3148936681
WFC,2025-11-01,3148936681
WFC,2025-11-03,3148936681
WFC,2025-11-04,3139084542
WFC,2025-11-05,3139084542
WFC,2025-11-06,3139084542
WFC,2025-11-11,3139084542
WFC,2025-11-12,3139084542
WFC,2025-11-14,3139084542
WFC,2025-11-17,3203441210
WFC,2026-01-15,3139084542
WFC,2026-01-17,3139084542
WFC,2026-02-28,3139084542
WFC,2026-03-24,3085635642
WFC,2026-04-15,3074954753
WFC,2026-04-16,3074954753
WFC,2026-04-23,3064340053
WFC,2026-05-02,3060189494
WFC,2026-07-15,3060189494
WFC,2026-07-30,3023999336
V,2020-07-30,2195760128
V,2020-08-04,2195440128
V,2020-08-28,2195440128
V,2020-09-05,2274449920
V,2020-09-06,2195440128
V,2020-09-21,2224260096
V,2020-10-30,2191600128
V,2020-11-03,2191600128
V,2020-11-07,2191600128
V,2020-11-24,2201120000
V,2020-11-26,2201120000
V,2020-12-01,2201120000
V,2020-12-05,2204410112
V,2020-12-07,2204410112
V,2021-01-30,2203579904
V,2021-02-01,2203579904
V,2021-02-02,2204849920
V,2021-03-05,2170469888
V,2021-03-17,2201509888
V,2021-04-23,2203689984
V,2021-04-25,2180400128
V,2021-04-27,2204849920
V,2021-05-01,2200369920
V,2021-05-03,2200369920
V,2021-06-19,2216979968
V,2021-06-22,2200369920
V,2021-06-26,2190350080
V,2021-06-28,2200369920
V,2021-07-23,2196039936
V,2021-07-24,2200369920
V,2021-07-29,2196730112
V,2021-07-31,2210370048
V,2021-08-01,2194390016
V,2021-08-03,2194390016
V,2021-09-22,2194390016
V,2021-09-28,2213410048
V,2021-09-29,2194390016
V,2021-10-06,2198789888
V,2021-10-07,2194390016
V,2021-10-28,2182909952
V,2021-11-05,2175810048
V,2021-11-06,2182909952
V,2021-11-10,2255549952
V,2021-11-11,2160940032
V,2021-11-23,2176120064
V,2021-11-27,2176120064
V,2021-12-03,2086899968
V,2021-12-04,2197959936
V,2021-12-05,2176120064
V,2021-12-08,2176120064
V,2021-12-09,2173809920
V,2022-01-29,2166159872
V,2022-01-31,2166159872
V,2022-02-01,2165540096
V,2022-02-11,2165540096
V,2022-02-25,2152090112
V,2022-02-26,2165540096
V,2022-03-04,2178609920
V,2022-03-05,2165540096
V,2022-03-15,2126409984
V,2022-03-16,2066480000
V,2022-03-18,1995709952
V,2022-03-19,1944160000
V,2022-03-22,2165540096
V,2022-04-29,2153159936
V,2022-04-30,2151889920
V,2022-05-05,2151889920
V,2022-05-12,2117549952
V,2022-05-14,2151889920
V,2022-05-19,2195040000
V,2022-05-20,2116189952
V,2022-05-27,2068400000
V,2022-05-29,2116189952
V,2022-07-01,2116249984
V,2022-07-23,2140909952
V,2022-07-24,2116249984
V,2022-07-28,2106520064
V,2022-07-30,2110860032
V,2022-08-02,2110860032
V,2022-08-05,2110860032
V,2022-08-06,2110860032
V,2022-08-09,2136089984
V,2022-08-10,2107410048
V,2022-08-25,2108739968
V,2022-08-26,2077080064
V,2022-09-01,2107410048
V,2022-09-03,2132669952
V,2022-09-10,2061299968
V,2022-09-12,2107410048
V,2022-09-17,2129980032
V,2022-09-18,2107410048
V,2022-10-29,2106589952
V,2022-11-08,2073740032
V,2022-11-10,2106589952
V,2022-11-18,2117939968
V,2022-11-22,2117939968
V,2022-12-03,2124060032
V,2022-12-05,2117619968
V,2023-01-31,2101789952
V,2023-03-04,2057549952
V,2023-03-07,2074160000
V,2023-03-18,2102370048
V,2023-03-21,2101789952
V,2023-03-25,2116519936
V,2023-03-30,2130119936
V,2023-04-01,2101789952
V,2023-04-04,2069299968
V,2023-04-05,2089490048
V,2023-04-06,2097090048
V,2023-04-07,2101789952
V,2023-04-25,2090200064
V,2023-04-27,2096029952
V,2023-04-29,2094400000
V,2023-05-04,2103660032
V,2023-05-06,2094400000
V,2023-05-14,2093400064
V,2023-05-16,2094400000
V,2023-06-08,2121820032
V,2023-06-09,2142940032
V,2023-06-13,2094400000
V,2023-07-05,2090080000
V,2023-07-06,2077170048
V,2023-07-07,2094400000
V,2023-07-19,2066759936
V,2023-07-20,2094400000
V,2023-08-22,2079800064
V,2023-08-23,2070200064
V,2023-08-24,2079800064
V,2023-09-09,2079800064
V,2023-09-26,2079800064
V,2023-10-03,2079800064
V,2023-10-11,2079800064
V,2023-10-13,2079800064
V,2023-10-14,2079800064
V,2023-10-17,2070050048
V,2023-10-18,2079800064
V,2023-10-19,2112470016
V,2023-10-25,2079800064
V,2023-10-26,2068029952
V,2023-10-31,2068850048
V,2023-11-04,2068850048
V,2023-11-08,2058029952
V,2023-11-09,2068850048
V,2023-11-17,2053340032
V,2023-12-06,2053340032
V,2023-12-12,2055190016
V,2023-12-15,2084179968
V,2023-12-16,2055190016
V,2023-12-22,2055190016
V,2023-12-23,2064019968
V,2023-12-26,2055190016
V,2024-01-05,2042279936
V,2024-01-06,2055190016
V,2024-01-20,2055190016
V,2024-01-27,2024739968
V,2024-01-30,2054070016
V,2024-02-01,2054070016
V,2024-02-07,2045309952
V,2024-02-10,2049240064
V,2024-02-13,2054070016
V,2024-03-05,2054070016
V,2024-03-12,2050259968
V,2024-03-13,2045280000
V,2024-03-14,2054070016
V,2024-03-20,2054070016
V,2024-03-23,2105619968
V,2024-03-26,2058530048
V,2024-03-27,2054070016
V,2024-03-29,2054070016
V,2024-04-04,2054070016
V,2024-04-12,2051980032
V,2024-04-13,2054070016
V,2024-04-17,2054070016
V,2024-04-18,2054070016
V,2024-04-24,2046480000
V,2024-04-25,2045059968
V,2024-04-26,2046099968
V,2024-05-01,2070700032
V,2024-05-04,2039389952
V,2024-05-07,2014729984
V,2024-05-11,2046099968
V,2024-05-15,2058249984
V,2024-05-16,2046099968
V,2024-05-20,2057560064
V,2024-05-21,2065299968
V,2024-05-22,2046099968
V,2024-05-23,2048839936
V,2024-05-24,2056169984
V,2024-05-31,2027689984
V,2024-06-05,2030770048
V,2024-06-12,2048850048
V,2024-06-13,2079020032
V,2024-06-15,2050099968
V,2024-06-21,2022439936
V,2024-06-28,2099900032
V,2024-07-03,2008029952
V,2024-07-10,2053500032
V,2024-07-11,2046099968
V,2024-07-16,2040019968
V,2024-07-17,2046099968
V,2024-07-18,2020210048
V,2024-07-19,2074540032
V,2024-07-20,2046099968
V,2024-07-24,2068659968
V,2024-07-25,1949180032
V,2024-07-26,1945880064
V,2024-07-31,1934780032
V,2024-08-01,1945880064
V,2024-08-13,1944909952
V,2024-08-17,1941660032
V,2024-08-27,1940290048
V,2024-08-30,1945880064
V,2024-08-31,1931440000
V,2024-09-07,1940649984
V,2024-09-11,1947719936
V,2024-09-12,1955340032
V,2024-09-17,1924909952
V,2024-09-21,1945880064
V,2024-09-30,1947440000
V,2024-10-01,1945880064
V,2024-10-12,1945880064
V,2024-10-15,1926189952
V,2024-10-18,1965299968
V,2024-10-24,1949590016
V,2024-10-26,1959900032
V,2024-10-28,1942930048
V,2024-10-29,1945880064
V,2024-10-30,1961830016
V,2024-10-31,1890349952
V,2024-11-03,1941689984
V,2024-11-05,1941689984
V,2024-11-06,1941689984
V,2024-11-08,1951849984
V,2024-11-13,1941689984
V,2024-11-14,1944009984
V,2024-11-15,1935170048
V,2024-11-16,1926489984
V,2024-11-19,1919549952
V,2024-11-20,1935170048
V,2024-11-21,1935170048
V,2024-11-30,1932839936
V,2024-12-03,1935170048
V,2024-12-04,1935170048
V,2024-12-06,1935170048
V,2024-12-10,1936470016
V,2024-12-11,1936470016
V,2024-12-13,1933760000
V,2024-12-14,1936470016
V,2025-01-04,1936470016
V,2025-01-07,1948039936
V,2025-01-17,1936470016
V,2025-01-22,1912470016
V,2025-01-31,1930690048
V,2025-02-01,1937750016
V,2025-02-08,1926019968
V,2025-02-13,1924790016
V,2025-03-04,1929010048
V,2025-03-11,1929010048
V,2025-03-19,1900060032
V,2025-03-20,1929010048
V,2025-03-22,1951079936
V,2025-03-27,1929010048
V,2025-03-28,1897689984
V,2025-04-01,1887120000
V,2025-04-10,1975480064
V,2025-04-11,1929010048
V,2025-04-14,1918770048
V,2025-04-15,1929010048
V,2025-04-22,1986320000
V,2025-04-23,1929010048
V,2025-04-24,1911879936
V,2025-04-26,1932120064
V,2025-04-29,1929010048
V,2025-04-30,1929010048
V,2025-05-01,1906790016
V,2025-05-02,1916630016
V,2025-05-07,1921820032
V,2025-05-10,1915670016
V,2025-05-14,1913949952
V,2025-05-15,1884790016
V,2025-05-16,1900880000
V,2025-05-17,1915670016
V,2025-05-28,1884960000
V,2025-05-29,1913379968
V,2025-05-30,1915670016
V,2025-05-31,1901040000
V,2025-06-05,1904530048
V,2025-06-06,1897820032
V,2025-06-07,1915670016
V,2025-06-10,1934269952
V,2025-06-17,1901500032
V,2025-06-18,1903040000
V,2025-06-19,1953500032
V,2025-06-27,1949149952
V,2025-06-28,1939040000
V,2025-07-08,1965660032
V,2025-07-09,1953500032
V,2025-07-10,1935970048
V,2025-07-11,1998140032
V,2025-07-12,1953500032
V,2025-07-30,1953500032
V,2025-07-31,1940940032
V,2025-08-02,1940940032
V,2025-08-07,1927740032
V,2025-08-08,1940940032
V,2025-09-05,1940940032
V,2025-09-16,1940940032
V,2025-09-17,1940941896
V,2025-09-20,1940941896
V,2025-09-23,1925441866
V,2025-09-26,1962673398
V,2025-09-30,1925022247
V,2025-10-01,1918142737
V,2025-10-02,1898142182
V,2025-10-06,1919359847
V,2025-10-07,1940941896
V,2025-10-08,1940941896
V,2025-10-15,1940941896
V,2025-10-18,1940941896
V,2025-10-20,1926740294
V,2025-10-22,1911202514
V,2025-10-23,1940941896
V,2025-10-24,1933007825
V,2025-10-25,1940941896
V,2025-10-27,1938486561
V,2025-10-28,1940941896
V,2025-10-29,1940941896
V,2025-10-30,1933259369
V,2025-11-01,1933259369
V,2025-11-08,1929897163
V,2025-11-15,1965334945
V,2025-11-17,1940941896
V,2025-12-10,1929897163
V,2026-01-31,1928039601
V,2026-02-03,1923223294
V,2026-02-04,1928039601
V,2026-04-30,1902267392
V,2026-05-01,1901743800
V,2026-07-30,1837088813
V,2026-07-31,1867047259
V,2026-09-18,1877355259
MA,2020-08-03,1001059968
MA,2020-08-04,1001059968
MA,2020-08-28,1001059968
MA,2020-09-05,1001059968
MA,2020-09-06,1001059968
MA,2020-09-21,1013510016
MA,2020-09-22,1001059968
MA,2020-10-05,1001059968
MA,2020-10-29,996924992
MA,2020-11-07,996924992
MA,2020-11-26,996924992
MA,2020-12-01,996924992
MA,2021-01-30,994454976
MA,2021-02-01,994454976
MA,2021-02-17,993361984
MA,2021-03-04,993361984
MA,2021-03-17,993361984
MA,2021-04-01,993361984
MA,2021-04-14,993361984
MA,2021-04-23,992689024
MA,2021-04-25,983198976
MA,2021-04-27,993361984
MA,2021-05-04,991046976
MA,2021-06-18,982905024
MA,2021-06-22,991046976
MA,2021-07-31,986774976
MA,2021-08-02,986774976
MA,2021-08-04,986774976
MA,2021-09-22,986774976
MA,2021-10-06,989620992
MA,2021-10-07,986774976
MA,2021-10-26,986774976
MA,2021-10-30,982556992
MA,2021-11-01,982556992
MA,2021-11-03,982556992
MA,2021-11-05,974708992
MA,2021-11-06,982556992
MA,2021-11-17,982556992
MA,2021-11-19,982556992
MA,2021-11-23,982556992
MA,2021-11-27,1030540032
MA,2021-11-28,982556992
MA,2021-12-03,974708992
MA,2021-12-04,982556992
MA,2021-12-30,981169984
MA,2021-12-31,982556992
MA,2022-01-29,979848000
MA,2022-01-31,979848000
MA,2022-02-04,996627968
MA,2022-02-05,979848000
MA,2022-02-11,987848000
MA,2022-02-12,985475968
MA,2022-02-15,985222976
MA,2022-03-04,994179968
MA,2022-03-05,985222976
MA,2022-03-15,973830016
MA,2022-03-17,969729024
MA,2022-03-22,985222976
MA,2022-03-28,985222976
MA,2022-04-01,998620992
MA,2022-04-02,985222976
MA,2022-04-30,1022080000
MA,2022-05-04,983817024
MA,2022-05-06,980392000
MA,2022-05-11,988408000
MA,2022-05-19,989030976
MA,2022-05-20,980392000
MA,2022-05-27,966017024
MA,2022-05-28,980369024
MA,2022-06-14,972644992
MA,2022-07-29,964921024
MA,2022-07-30,966376000
MA,2022-08-01,966376000
MA,2022-08-05,961110976
MA,2022-08-07,966376000
MA,2022-08-09,981057024
MA,2022-08-10,966376000
MA,2022-08-20,966376000
MA,2022-09-13,966376000
MA,2022-10-29,958675968
MA,2022-11-04,994579008
MA,2022-11-05,961459968
MA,2022-11-08,953803008
MA,2022-11-09,961459968
MA,2022-12-03,971332992
MA,2022-12-04,961459968
MA,2022-12-06,972179008
MA,2022-12-07,961459968
MA,2023-01-29,956000000
MA,2023-02-04,958633024
MA,2023-02-05,956000000
MA,2023-02-16,953243008
MA,2023-03-18,948716992
MA,2023-03-21,953243008
MA,2023-03-25,960670016
MA,2023-03-30,967232000
MA,2023-04-01,953243008
MA,2023-04-04,945723008
MA,2023-04-05,946558016
MA,2023-04-06,953531008
MA,2023-04-07,959651008
MA,2023-04-25,951947008
MA,2023-04-26,953243008
MA,2023-04-28,947852992
MA,2023-04-29,947852992
MA,2023-05-02,947628992
MA,2023-05-04,950484992
MA,2023-05-06,947628992
MA,2023-05-11,948620032
MA,2023-05-12,945528000
MA,2023-05-13,949166976
MA,2023-05-16,947628992
MA,2023-06-09,957425024
MA,2023-06-13,947628992
MA,2023-06-23,940179968
MA,2023-06-25,947628992
MA,2023-07-05,946041024
MA,2023-07-06,944195968
MA,2023-07-07,947628992
MA,2023-07-12,961257984
MA,2023-07-13,947628992
MA,2023-07-19,940179968
MA,2023-07-20,947628992
MA,2023-08-21,942211968
MA,2023-08-23,934848000
MA,2023-08-24,942211968
MA,2023-08-30,934848000
MA,2023-09-09,941713024
MA,2023-09-12,942211968
MA,2023-09-26,941580032
MA,2023-10-03,942355008
MA,2023-10-11,934848000
MA,2023-10-13,942000000
MA,2023-10-14,946638976
MA,2023-10-17,940782016
MA,2023-10-18,942211968
MA,2023-10-19,942211968
MA,2023-10-25,934848000
MA,2023-10-27,937776000
MA,2023-10-31,937776000
MA,2023-11-04,930438016
MA,2023-11-08,931241024
MA,2023-11-09,930438016
MA,2023-12-06,936721024
MA,2023-12-15,951488000
MA,2023-12-16,937776000
MA,2023-12-22,937776000
MA,2023-12-23,936316992
MA,2023-12-26,937776000
MA,2023-12-30,938193984
MA,2024-01-05,935542016
MA,2024-01-06,936993984
MA,2024-01-20,930438016
MA,2024-02-01,934337984
MA,2024-02-07,927000000
MA,2024-02-10,935113024
MA,2024-02-13,934337984
MA,2024-02-15,932892032
MA,2024-03-05,949100032
MA,2024-03-12,933089984
MA,2024-03-13,927516992
MA,2024-03-14,932892032
MA,2024-03-20,925723008
MA,2024-03-23,946390976
MA,2024-03-26,943924992
MA,2024-03-27,932892032
MA,2024-04-12,938764992
MA,2024-04-13,932892032
MA,2024-04-17,932830976
MA,2024-04-18,932892032
MA,2024-04-25,933537024
MA,2024-04-26,932892032
MA,2024-04-30,930131008
MA,2024-05-01,930131008
MA,2024-05-02,929614976
MA,2024-05-04,924417984
MA,2024-05-07,929614976
MA,2024-05-11,926584000
MA,2024-05-15,936902016
MA,2024-05-16,929614976
MA,2024-05-20,930849024
MA,2024-05-21,930748992
MA,2024-05-22,929614976
MA,2024-05-23,934868992
MA,2024-05-24,940555008
MA,2024-05-31,930393024
MA,2024-06-05,926313024
MA,2024-06-12,930049984
MA,2024-06-13,942289984
MA,2024-06-15,930388992
MA,2024-06-21,924684992
MA,2024-06-28,949835008
MA,2024-07-03,929614976
MA,2024-07-10,932835008
MA,2024-07-11,929614976
MA,2024-07-12,922470016
MA,2024-07-13,929614976
MA,2024-07-16,930601024
MA,2024-07-17,929614976
MA,2024-07-18,929614976
MA,2024-07-19,940153984
MA,2024-07-20,929614976
MA,2024-07-24,942705984
MA,2024-07-25,935782976
MA,2024-07-26,929614976
MA,2024-07-31,922470016
MA,2024-08-01,923835008
MA,2024-08-02,923835008
MA,2024-08-13,926044992
MA,2024-08-17,923500032
MA,2024-08-27,919497984
MA,2024-08-30,916710976
MA,2024-08-31,923835008
MA,2024-09-07,923835008
MA,2024-09-11,922073984
MA,2024-09-12,923532032
MA,2024-09-17,916710976
MA,2024-09-21,923835008
MA,2024-09-30,923536000
MA,2024-10-01,923835008
MA,2024-10-12,916710976
MA,2024-10-15,916710976
MA,2024-10-18,923278016
MA,2024-10-24,929462016
MA,2024-10-26,935433984
MA,2024-10-28,933868992
MA,2024-10-29,923835008
MA,2024-10-30,927356992
MA,2024-10-31,916710976
MA,2024-11-01,917830976
MA,2024-11-02,917830976
MA,2024-11-05,922369984
MA,2024-11-06,917830976
MA,2024-11-08,917830976
MA,2024-11-13,917830976
MA,2024-11-14,917830976
MA,2024-11-16,917830976
MA,2024-11-19,918289024
MA,2024-11-20,917830976
MA,2024-11-21,917830976
MA,2024-11-30,916867008
MA,2024-12-03,917830976
MA,2024-12-04,917830976
MA,2024-12-06,917830976
MA,2024-12-11,917830976
MA,2024-12-13,921347968
MA,2024-12-14,917830976
MA,2025-01-04,917830976
MA,2025-01-07,917830976
MA,2025-01-17,917830976
MA,2025-01-22,917830976
MA,2025-01-31,914062976
MA,2025-02-01,931475008
MA,2025-02-04,912862976
MA,2025-02-08,912862976
MA,2025-02-13,912862976
MA,2025-02-14,911708032
MA,2025-03-04,913913024
MA,2025-03-11,928088000
MA,2025-03-19,904889984
MA,2025-03-20,911708032
MA,2025-03-22,912883008
MA,2025-03-27,911708032
MA,2025-03-28,911708032
MA,2025-04-01,911708032
MA,2025-04-10,941086016
MA,2025-04-11,911708032
MA,2025-04-14,906886976
MA,2025-04-15,911708032
MA,2025-04-22,926046976
MA,2025-04-23,911708032
MA,2025-04-24,907097984
MA,2025-04-26,915091968
MA,2025-04-29,911708032
MA,2025-04-30,908164992
MA,2025-05-01,908164992
MA,2025-05-06,908081984
MA,2025-05-07,908081984
MA,2025-05-10,908081984
MA,2025-05-14,913324992
MA,2025-05-15,908081984
MA,2025-05-16,908081984
MA,2025-05-17,908081984
MA,2025-05-28,908081984
MA,2025-05-29,908081984
MA,2025-05-30,908081984
MA,2025-05-31,908081984
MA,2025-06-06,908081984
MA,2025-06-07,908081984
MA,2025-06-10,908081984
MA,2025-06-17,908081984
MA,2025-06-18,908081984
MA,2025-06-19,908081984
MA,2025-06-27,908081984
MA,2025-06-28,908081984
MA,2025-07-08,908081984
MA,2025-07-09,908081984
MA,2025-07-10,908081984
MA,2025-07-11,905526976
MA,2025-07-12,908081984
MA,2025-08-01,905819008
MA,2025-08-02,916464000
MA,2025-08-07,899104000
MA,2025-08-08,904012032
MA,2025-09-05,900430016
MA,2025-09-15,900057024
MA,2025-09-16,904012032
MA,2025-09-17,904011837
MA,2025-09-20,906936690
MA,2025-09-23,903501437
MA,2025-09-24,904011837
MA,2025-09-26,904011837
MA,2025-09-27,904011837
MA,2025-09-30,899222391
MA,2025-10-01,898163199
MA,2025-10-02,904011837
MA,2025-10-06,899152647
MA,2025-10-07,904011837
MA,2025-10-08,902405994
MA,2025-10-09,904011837
MA,2025-10-15,904011837
MA,2025-10-16,904011837
MA,2025-10-17,904011837
MA,2025-10-18,904011837
MA,2025-10-20,897274172
MA,2025-10-23,904011837
MA,2025-10-24,904169421
MA,2025-10-25,904011837
MA,2025-10-27,906080912
MA,2025-10-28,904011837
MA,2025-10-30,904011837
MA,2025-10-31,897995848
MA,2025-11-01,900745197
MA,2025-11-04,897995848
MA,2025-11-05,897995848
MA,2025-11-07,897995848
MA,2025-11-08,897995848
MA,2025-11-11,897995848
MA,2025-11-12,897995848
MA,2025-11-13,897995848
MA,2025-11-15,914187516
MA,2025-11-17,904011837
MA,2026-01-30,893437665
MA,2026-02-13,892437665
MA,2026-04-29,884376595
MA,2026-05-02,883295925
MA,2026-05-05,883583855
MA,2026-08-01,876009940
JNJ,2020-07-28,2632819968
JNJ,2020-08-28,2632819968
JNJ,2020-09-05,2708169984
JNJ,2020-10-05,2613519872
JNJ,2020-10-27,2632539904
JNJ,2020-11-26,2632539904
JNJ,2021-02-24,2628679936
JNJ,2021-03-11,2632709888
JNJ,2021-03-17,2632709888
JNJ,2021-04-23,2655180032
JNJ,2021-04-24,2649730048
JNJ,2021-04-28,2632709888
JNJ,2021-05-04,2633400064
JNJ,2021-08-02,2632480000
JNJ,2021-08-24,2632480000
JNJ,2021-09-11,2632480000
JNJ,2021-10-21,2633929984
JNJ,2021-10-22,2632480000
JNJ,2021-11-02,2632600064
JNJ,2021-11-16,2656590080
JNJ,2021-12-03,2649189888
JNJ,2021-12-04,2632600064
JNJ,2022-02-11,2632600064
JNJ,2022-02-23,2629270016
JNJ,2022-03-20,2629619968
JNJ,2022-04-23,2629619968
JNJ,2022-04-27,2648549888
JNJ,2022-04-28,2629619968
JNJ,2022-05-06,2631399936
JNJ,2022-07-29,2646589952
JNJ,2022-07-30,2631399936
JNJ,2022-08-02,2629179904
JNJ,2022-08-25,2637910016
JNJ,2022-08-26,2629179904
JNJ,2022-09-01,2629179904
JNJ,2022-09-02,2565570048
JNJ,2022-09-10,2624100096
JNJ,2022-09-12,2629179904
JNJ,2022-09-17,2589649920
JNJ,2022-10-04,2631759872
JNJ,2022-10-05,2629179904
JNJ,2022-10-30,2614479872
JNJ,2023-02-18,2604290048
JNJ,2023-03-10,2633900032
JNJ,2023-03-16,3119840000
JNJ,2023-03-18,3153619968
JNJ,2023-03-20,3153619968
JNJ,2023-03-21,3119840000
JNJ,2023-04-21,3140000000
JNJ,2023-04-22,3119840000
JNJ,2023-04-25,3138830080
JNJ,2023-04-26,3119840000
JNJ,2023-05-02,2598729984
JNJ,2023-05-12,2609390080
JNJ,2023-05-15,2612800000
JNJ,2023-05-17,2598729984
JNJ,2023-06-14,2598729984
JNJ,2023-08-22,2598970112
JNJ,2023-08-24,2643520000
JNJ,2023-08-29,2408009984
JNJ,2023-09-29,2411539968
JNJ,2023-09-30,2408009984
JNJ,2023-10-10,2408009984
JNJ,2023-10-11,2410749952
JNJ,2023-10-12,2408009984
JNJ,2023-10-13,2408009984
JNJ,2023-10-14,2408009984
JNJ,2023-10-15,2408009984
JNJ,2023-10-17,2430230016
JNJ,2023-10-18,2408009984
JNJ,2023-10-19,2460989952
JNJ,2023-10-20,2408009984
JNJ,2023-10-23,2408009984
JNJ,2023-10-25,2410560000
JNJ,2023-10-29,2408009984
JNJ,2023-10-31,2407280128
JNJ,2023-11-04,2407280128
JNJ,2023-11-07,2407280128
JNJ,2023-11-08,2420039936
JNJ,2023-11-09,2407280128
JNJ,2023-11-14,2407280128
JNJ,2023-11-15,2407280128
JNJ,2023-11-18,2407280128
JNJ,2023-11-21,2407280128
JNJ,2023-11-28,2407280128
JNJ,2023-11-30,2407280128
JNJ,2023-12-02,2407280128
JNJ,2023-12-06,2407280128
JNJ,2023-12-14,2407280128
JNJ,2023-12-15,2407280128
JNJ,2023-12-19,2407280128
JNJ,2023-12-20,2407280128
JNJ,2023-12-22,2407280128
JNJ,2023-12-23,2407280128
JNJ,2023-12-27,2407280128
JNJ,2023-12-28,2407280128
JNJ,2023-12-29,2407280128
JNJ,2024-01-03,2407280128
JNJ,2024-01-05,2407280128
JNJ,2024-01-06,2414769920
JNJ,2024-01-11,2407280128
JNJ,2024-01-13,2407280128
JNJ,2024-01-17,2407280128
JNJ,2024-01-18,2407280128
JNJ,2024-01-19,2407280128
JNJ,2024-01-20,2407280128
JNJ,2024-01-23,2407280128
JNJ,2024-01-30,2407280128
JNJ,2024-02-08,2407280128
JNJ,2024-02-09,2407280128
JNJ,2024-02-15,2407280128
JNJ,2024-02-16,2407280128
JNJ,2024-02-20,2408770048
JNJ,2024-02-23,2408770048
JNJ,2024-02-27,2408770048
JNJ,2024-03-01,2408770048
JNJ,2024-03-02,2408770048
JNJ,2024-03-05,2443130112
JNJ,2024-03-06,2408770048
JNJ,2024-03-07,2408770048
JNJ,2024-03-08,2408770048
JNJ,2024-03-09,2408770048
JNJ,2024-03-12,2408770048
JNJ,2024-03-13,2408770048
JNJ,2024-03-15,2409779968
JNJ,2024-03-16,2409779968
JNJ,2024-03-19,2409779968
JNJ,2024-03-20,2418269952
JNJ,2024-03-22,2409779968
JNJ,2024-03-23,2417860096
JNJ,2024-03-26,2409779968
JNJ,2024-03-27,2409779968
JNJ,2024-03-29,2409779968
JNJ,2024-04-04,2463990016
JNJ,2024-04-09,2422500096
JNJ,2024-04-12,2430530048
JNJ,2024-04-13,2409779968
JNJ,2024-04-16,2409779968
JNJ,2024-04-17,2462170112
JNJ,2024-04-18,2409779968
JNJ,2024-04-20,2409779968
JNJ,2024-04-25,2437850112
JNJ,2024-04-26,2409779968
JNJ,2024-04-27,2409779968
JNJ,2024-04-30,2409779968
JNJ,2024-05-01,2409779968
JNJ,2024-05-02,2406680064
JNJ,2024-05-04,2417159936
JNJ,2024-05-07,2417860096
JNJ,2024-05-08,2406680064
JNJ,2024-05-10,2406680064
JNJ,2024-05-11,2406680064
JNJ,2024-05-14,2406680064
JNJ,2024-05-16,2406680064
JNJ,2024-05-17,2406680064
JNJ,2024-05-20,2460300032
JNJ,2024-05-21,2407160064
JNJ,2024-05-22,2406680064
JNJ,2024-05-23,2406680064
JNJ,2024-05-24,2467770112
JNJ,2024-05-25,2406680064
JNJ,2024-05-31,2406680064
JNJ,2024-06-01,2406680064
JNJ,2024-06-04,2406680064
JNJ,2024-06-06,2406680064
JNJ,2024-06-12,2412750080
JNJ,2024-06-13,2429019904
JNJ,2024-06-15,2406680064
JNJ,2024-06-21,2406680064
JNJ,2024-06-22,2406680064
JNJ,2024-06-25,2406680064
JNJ,2024-06-27,2406680064
JNJ,2024-06-28,2423520000
JNJ,2024-07-02,2406680064
JNJ,2024-07-03,2413440000
JNJ,2024-07-06,2406680064
JNJ,2024-07-10,2406680064
JNJ,2024-07-11,2406680064
JNJ,2024-07-12,2406680064
JNJ,2024-07-16,2406680064
JNJ,2024-07-17,2406680064
JNJ,2024-07-18,2406680064
JNJ,2024-07-19,2418040064
JNJ,2024-07-20,2406680064
JNJ,2024-07-23,2406680064
JNJ,2024-07-24,2436539904
JNJ,2024-07-27,2407239936
JNJ,2024-07-31,2407239936
JNJ,2024-08-01,2407239936
JNJ,2024-08-03,2407239936
JNJ,2024-08-06,2407239936
JNJ,2024-08-08,2407239936
JNJ,2024-08-09,2407239936
JNJ,2024-08-13,2418390016
JNJ,2024-08-14,2407239936
JNJ,2024-08-21,2407239936
JNJ,2024-08-23,2407239936
JNJ,2024-08-24,2407239936
JNJ,2024-08-27,2407239936
JNJ,2024-08-30,2407239936
JNJ,2024-08-31,2407239936
JNJ,2024-09-05,2407239936
JNJ,2024-09-07,2416179968
JNJ,2024-09-10,2407239936
JNJ,2024-09-11,2407239936
JNJ,2024-09-12,2444630016
JNJ,2024-09-17,2407239936
JNJ,2024-09-18,2407239936
JNJ,2024-09-19,2407239936
JNJ,2024-09-20,2407239936
JNJ,2024-09-21,2407239936
JNJ,2024-09-25,2407239936
JNJ,2024-09-28,2407239936
JNJ,2024-09-30,2407239936
JNJ,2024-10-04,2407239936
JNJ,2024-10-05,2407239936
JNJ,2024-10-08,2407239936
JNJ,2024-10-09,2407239936
JNJ,2024-10-10,2407239936
JNJ,2024-10-11,2407239936
JNJ,2024-10-12,2407239936
JNJ,2024-10-15,2407239936
JNJ,2024-10-16,2407239936
JNJ,2024-10-18,2410030080
JNJ,2024-10-22,2407239936
JNJ,2024-10-23,2407239936
JNJ,2024-10-24,2407620096
JNJ,2024-10-25,2439840000
JNJ,2024-10-26,2482149888
JNJ,2024-10-28,2471089920
JNJ,2024-10-29,2407620096
JNJ,2024-10-30,2430330112
JNJ,2024-10-31,2407620096
JNJ,2024-11-02,2407620096
JNJ,2024-11-05,2436379904
JNJ,2024-11-08,2425289984
JNJ,2024-11-13,2407620096
JNJ,2024-11-15,2407620096
JNJ,2024-11-16,2407620096
JNJ,2024-11-21,2407620096
JNJ,2024-11-22,2407620096
JNJ,2024-11-28,2407620096
JNJ,2024-11-30,2413680128
JNJ,2024-12-03,2407620096
JNJ,2024-12-04,2446180096
JNJ,2024-12-06,2407620096
JNJ,2024-12-11,2413590016
JNJ,2024-12-12,2407620096
JNJ,2024-12-13,2414210048
JNJ,2024-12-14,2407950080
JNJ,2024-12-17,2407620096
JNJ,2024-12-18,2407620096
JNJ,2024-12-19,2407620096
JNJ,2024-12-20,2407620096
JNJ,2024-12-24,2407620096
JNJ,2024-12-27,2407620096
JNJ,2024-12-31,2407620096
JNJ,2025-01-01,2407620096
JNJ,2025-01-03,2407620096
JNJ,2025-01-04,2407620096
JNJ,2025-01-07,2407620096
JNJ,2025-01-09,2407620096
JNJ,2025-01-14,2407620096
JNJ,2025-01-15,2407620096
JNJ,2025-01-16,2407620096
JNJ,2025-01-17,2407620096
JNJ,2025-01-22,2407620096
JNJ,2025-01-23,2407620096
JNJ,2025-01-30,2407620096
JNJ,2025-02-01,2407620096
JNJ,2025-02-05,2407620096
JNJ,2025-02-06,2407620096
JNJ,2025-02-08,2407620096
JNJ,2025-02-11,2407620096
JNJ,2025-02-13,2421110016
JNJ,2025-02-14,2407620096
JNJ,2025-02-15,2407620096
JNJ,2025-02-19,2407620096
JNJ,2025-02-20,2407620096
JNJ,2025-02-21,2407620096
JNJ,2025-02-22,2407620096
JNJ,2025-02-26,2407620096
JNJ,2025-02-28,2407620096
JNJ,2025-03-04,2407620096
JNJ,2025-03-12,2407620096
JNJ,2025-03-13,2409850112
JNJ,2025-03-14,2409850112
JNJ,2025-03-15,2409850112
JNJ,2025-03-19,2428480000
JNJ,2025-03-20,2409850112
JNJ,2025-03-22,2409850112
JNJ,2025-03-26,2409850112
JNJ,2025-03-27,2409850112
JNJ,2025-03-28,2409850112
JNJ,2025-04-01,2409850112
JNJ,2025-04-04,2409850112
JNJ,2025-04-09,2409850112
JNJ,2025-04-10,2446799872
JNJ,2025-04-11,2409850112
JNJ,2025-04-16,2409850112
JNJ,2025-04-17,2409850112
JNJ,2025-04-18,2409850112
JNJ,2025-04-22,2418289920
JNJ,2025-04-23,2409850112
JNJ,2025-04-24,2409850112
JNJ,2025-04-25,2406070016
JNJ,2025-04-26,2411520000
JNJ,2025-04-29,2406070016
JNJ,2025-05-01,2406070016
JNJ,2025-05-07,2406070016
JNJ,2025-05-08,2406070016
JNJ,2025-05-09,2406070016
JNJ,2025-05-10,2406070016
JNJ,2025-05-14,2406070016
JNJ,2025-05-15,2406070016
JNJ,2025-05-20,2406070016
JNJ,2025-05-21,2406070016
JNJ,2025-05-28,2406070016
JNJ,2025-05-29,2406070016
JNJ,2025-05-30,2406070016
JNJ,2025-05-31,2406070016
JNJ,2025-06-04,2406070016
JNJ,2025-06-11,2406070016
JNJ,2025-06-13,2406070016
JNJ,2025-06-14,2406070016
JNJ,2025-06-17,2406070016
JNJ,2025-06-18,2406070016
JNJ,2025-06-19,2406070016
JNJ,2025-06-21,2406070016
JNJ,2025-06-27,2406070016
JNJ,2025-06-28,2406070016
JNJ,2025-07-02,2406070016
JNJ,2025-07-03,2406070016
JNJ,2025-07-04,2406070016
JNJ,2025-07-08,2417540096
JNJ,2025-07-11,2427780096
JNJ,2025-07-12,2406070016
JNJ,2025-07-15,2406070016
JNJ,2025-07-16,2406070016
JNJ,2025-07-17,2406070016
JNJ,2025-07-18,2406070016
JNJ,2025-07-24,2406070016
JNJ,2025-07-25,2406070016
JNJ,2025-07-26,2408339968
JNJ,2025-08-01,2408339968
JNJ,2025-08-02,2408339968
JNJ,2025-08-06,2408339968
JNJ,2025-08-07,2410459904
JNJ,2025-08-09,2408339968
JNJ,2025-08-12,2408339968
JNJ,2025-08-15,2408339968
JNJ,2025-08-16,2408339968
JNJ,2025-08-20,2408339968
JNJ,2025-08-21,2408339968
JNJ,2025-08-22,2408339968
JNJ,2025-08-27,2408339968
JNJ,2025-08-28,2408339968
JNJ,2025-08-29,2408339968
JNJ,2025-09-05,2408339968
JNJ,2025-09-09,2408339968
JNJ,2025-09-11,2408339968
JNJ,2025-09-12,2408339968
JNJ,2025-09-16,2408339968
JNJ,2025-09-17,2408338872
JNJ,2025-09-19,2408338872
JNJ,2025-09-20,2408338872
JNJ,2025-09-23,2435711072
JNJ,2025-09-24,2408338872
JNJ,2025-09-26,2408338872
JNJ,2025-09-27,2408338872
JNJ,2025-10-02,2408338872
JNJ,2025-10-06,2408338872
JNJ,2025-10-07,2408338872
JNJ,2025-10-08,2408338872
JNJ,2025-10-09,2408338872
JNJ,2025-10-15,2408969823
JNJ,2025-10-22,2425157582
JNJ,2025-10-23,2408338872
JNJ,2025-10-24,2409295102
JNJ,2025-10-25,2409295102
JNJ,2025-10-27,2410561153
JNJ,2025-10-28,2409295102
JNJ,2025-10-30,2409295102
JNJ,2025-11-01,2409295102
JNJ,2025-11-05,2409295102
JNJ,2025-11-06,2409295102
JNJ,2025-11-07,2409295102
JNJ,2025-11-08,2409295102
JNJ,2025-11-11,2409295102
JNJ,2025-11-15,2409295102
JNJ,2025-11-17,2409295102
JNJ,2026-02-14,2409898936
JNJ,2026-03-19,2409898936
JNJ,2026-04-23,2408613219
JNJ,2026-04-24,2407216971
JNJ,2026-07-25,2409898597
PFE,2020-08-10,5556879872
PFE,2020-08-28,5556879872
PFE,2020-09-05,5556879872
PFE,2020-09-21,5585699840
PFE,2020-11-07,5556879872
PFE,2020-11-09,5558400000
PFE,2020-11-26,5558400000
PFE,2021-03-02,5577630208
PFE,2021-03-13,5578160128
PFE,2021-03-17,5578160128
PFE,2021-04-08,5578160128
PFE,2021-04-09,5578160128
PFE,2021-04-23,5706650112
PFE,2021-04-24,5703690240
PFE,2021-04-27,5578160128
PFE,2021-05-18,5597689856
PFE,2021-07-14,5613219840
PFE,2021-07-15,5597689856
PFE,2021-08-14,5606689792
PFE,2021-08-16,5606689792
PFE,2021-10-06,5619939840
PFE,2021-10-07,5606689792
PFE,2021-11-05,5730710016
PFE,2021-11-06,5606689792
PFE,2021-11-16,5612870144
PFE,2021-12-03,5786420224
PFE,2021-12-04,5612870144
PFE,2022-02-04,5663340032
PFE,2022-02-05,5612870144
PFE,2022-02-11,5612870144
PFE,2022-02-26,5623349760
PFE,2022-02-28,5623349760
PFE,2022-03-21,5647770112
PFE,2022-04-01,5720869888
PFE,2022-04-02,5647770112
PFE,2022-05-17,5610899968
PFE,2022-08-13,5612349952
PFE,2022-08-25,5680979968
PFE,2022-08-26,5612349952
PFE,2022-09-01,5612349952
PFE,2022-09-03,5612349952
PFE,2022-09-10,5523189760
PFE,2022-09-12,5612349952
PFE,2022-11-08,5627850240
PFE,2022-11-10,5612349952
PFE,2022-11-11,5613309952
PFE,2022-11-12,5613309952
PFE,2022-12-03,5719690240
PFE,2022-12-05,5613309952
PFE,2023-02-25,5619069952
PFE,2023-03-07,5619069952
PFE,2023-03-11,5619069952
PFE,2023-03-18,5656909824
PFE,2023-03-21,5644400128
PFE,2023-03-30,5681099776
PFE,2023-04-01,5644400128
PFE,2023-05-04,5733949952
PFE,2023-05-06,5644400128
PFE,2023-05-11,5670929920
PFE,2023-05-14,5788899840
PFE,2023-05-16,5645309952
PFE,2023-06-22,5709159936
PFE,2023-06-23,5734219776
PFE,2023-06-24,5645309952
PFE,2023-06-27,5861080064
PFE,2023-06-28,5645309952
PFE,2023-07-05,5649930240
PFE,2023-07-06,5679370240
PFE,2023-07-07,5645309952
PFE,2023-07-12,5699100160
PFE,2023-07-13,5645309952
PFE,2023-07-19,5705129984
PFE,2023-07-21,5645309952
PFE,2023-08-22,5645960192
PFE,2023-08-23,5672010240
PFE,2023-08-24,5645960192
PFE,2023-09-07,5811870208
PFE,2023-10-10,5645960192
PFE,2023-10-11,5651069952
PFE,2023-10-13,5678550016
PFE,2023-10-14,5788380160
PFE,2023-10-17,5735609856
PFE,2023-10-18,5645960192
PFE,2023-10-19,5886819840
PFE,2023-10-25,5645960192
PFE,2023-10-28,5645960192
PFE,2023-11-01,5645960192
PFE,2023-11-02,5645960192
PFE,2023-11-03,5645960192
PFE,2023-11-07,5645960192
PFE,2023-11-08,5645960192
PFE,2023-11-10,5646410240
PFE,2023-11-11,5646410240
PFE,2023-11-14,5743830016
PFE,2023-11-15,5646410240
PFE,2023-11-16,5646410240
PFE,2023-11-17,5646410240
PFE,2023-11-21,5646410240
PFE,2023-11-22,5646410240
PFE,2023-11-23,5646410240
PFE,2023-11-28,5646410240
PFE,2023-11-29,5646410240
PFE,2023-12-02,5646410240
PFE,2023-12-06,5646410240
PFE,2023-12-07,5646410240
PFE,2023-12-13,5646410240
PFE,2023-12-14,5646410240
PFE,2023-12-15,5760940032
PFE,2023-12-16,5646410240
PFE,2023-12-22,5646410240
PFE,2023-12-23,5646410240
PFE,2023-12-26,5646410240
PFE,2023-12-28,5646410240
PFE,2023-12-29,5646410240
PFE,2024-01-03,5646410240
PFE,2024-01-05,5770639872
PFE,2024-01-06,5646410240
PFE,2024-01-10,5646410240
PFE,2024-01-11,5646410240
PFE,2024-01-12,5646410240
PFE,2024-01-13,5646410240
PFE,2024-01-18,5646410240
PFE,2024-01-19,5646410240
PFE,2024-01-20,5646410240
PFE,2024-01-25,5646410240
PFE,2024-01-31,5646410240
PFE,2024-02-01,5646410240
PFE,2024-02-02,5646410240
PFE,2024-02-06,5646410240
PFE,2024-02-08,5646410240
PFE,2024-02-09,5646410240
PFE,2024-02-10,5648459776
PFE,2024-02-13,5646410240
PFE,2024-02-14,5646410240
PFE,2024-02-16,5646410240
PFE,2024-02-17,5646410240
PFE,2024-02-22,5646410240
PFE,2024-02-24,5646779904
PFE,2024-02-27,5646779904
PFE,2024-02-28,5646779904
PFE,2024-03-02,5646779904
PFE,2024-03-05,5799450112
PFE,2024-03-07,5646779904
PFE,2024-03-12,5646779904
PFE,2024-03-14,5646779904
PFE,2024-03-15,5646779904
PFE,2024-03-16,5662539776
PFE,2024-03-20,5680990208
PFE,2024-03-21,5662539776
PFE,2024-03-22,5662539776
PFE,2024-03-23,5724630016
PFE,2024-03-26,5662539776
PFE,2024-03-27,5662539776
PFE,2024-03-29,5668660224
PFE,2024-04-02,5662539776
PFE,2024-04-03,5662539776
PFE,2024-04-04,5731189760
PFE,2024-04-09,5662539776
PFE,2024-04-11,5662539776
PFE,2024-04-12,5767649792
PFE,2024-04-13,5662539776
PFE,2024-04-16,5662539776
PFE,2024-04-17,5711029760
PFE,2024-04-18,5722690048
PFE,2024-04-23,5662539776
PFE,2024-04-24,5662539776
PFE,2024-04-25,5673319936
PFE,2024-04-26,5662539776
PFE,2024-04-27,5662539776
PFE,2024-05-01,5666959872
PFE,2024-05-03,5662539776
PFE,2024-05-04,5662539776
PFE,2024-05-07,5662539776
PFE,2024-05-08,5662539776
PFE,2024-05-09,5666590208
PFE,2024-05-10,5666590208
PFE,2024-05-11,5700980224
PFE,2024-05-14,5666590208
PFE,2024-05-15,5678569984
PFE,2024-05-16,5666590208
PFE,2024-05-18,5666590208
PFE,2024-05-20,5688439808
PFE,2024-05-21,5666590208
PFE,2024-05-22,5666590208
PFE,2024-05-23,5666590208
PFE,2024-05-24,5846329856
PFE,2024-05-25,5666590208
PFE,2024-05-31,5666590208
PFE,2024-06-04,5666590208
PFE,2024-06-06,5666590208
PFE,2024-06-07,5666590208
PFE,2024-06-08,5666590208
PFE,2024-06-12,5674679808
PFE,2024-06-13,5742389760
PFE,2024-06-15,5691290112
PFE,2024-06-18,5666590208
PFE,2024-06-21,5666590208
PFE,2024-06-25,5666590208
PFE,2024-07-02,5666590208
PFE,2024-07-03,5666590208
PFE,2024-07-04,5666590208
PFE,2024-07-09,5666590208
PFE,2024-07-10,5709519872
PFE,2024-07-12,5666590208
PFE,2024-07-13,5666590208
PFE,2024-07-16,5666590208
PFE,2024-07-18,5666590208
PFE,2024-07-19,5666590208
PFE,2024-07-23,5666590208
PFE,2024-07-24,5685799936
PFE,2024-07-26,5666590208
PFE,2024-07-27,5666590208
PFE,2024-07-30,5666590208
PFE,2024-07-31,5666590208
PFE,2024-08-01,5666590208
PFE,2024-08-03,5666590208
PFE,2024-08-06,5666699776
PFE,2024-08-07,5666699776
PFE,2024-08-09,5666699776
PFE,2024-08-10,5666699776
PFE,2024-08-13,5666699776
PFE,2024-08-14,5666699776
PFE,2024-08-17,5666699776
PFE,2024-08-21,5666699776
PFE,2024-08-27,5666699776
PFE,2024-08-28,5666699776
PFE,2024-08-30,5666699776
PFE,2024-08-31,5666699776
PFE,2024-09-04,5666699776
PFE,2024-09-05,5666699776
PFE,2024-09-07,5666699776
PFE,2024-09-10,5666699776
PFE,2024-09-12,5666699776
PFE,2024-09-21,5712920064
PFE,2024-09-25,5666699776
PFE,2024-09-26,5666699776
PFE,2024-09-27,5666699776
PFE,2024-09-28,5666699776
PFE,2024-09-30,5696070144
PFE,2024-10-01,5666699776
PFE,2024-10-02,5666699776
PFE,2024-10-03,5666699776
PFE,2024-10-04,5666699776
PFE,2024-10-05,5666699776
PFE,2024-10-08,5666699776
PFE,2024-10-10,5666699776
PFE,2024-10-11,5666699776
PFE,2024-10-12,5666699776
PFE,2024-10-15,5666699776
PFE,2024-10-17,5666699776
PFE,2024-10-18,5666699776
PFE,2024-10-22,5666699776
PFE,2024-10-24,5666699776
PFE,2024-10-26,5748360192
PFE,2024-10-28,5666699776
PFE,2024-10-30,5666699776
PFE,2024-11-02,5666699776
PFE,2024-11-05,5666990080
PFE,2024-11-06,5666990080
PFE,2024-11-08,5666990080
PFE,2024-11-13,5666990080
PFE,2024-11-14,5666990080
PFE,2024-11-15,5666990080
PFE,2024-11-16,5666990080
PFE,2024-11-20,5666990080
PFE,2024-11-21,5703349760
PFE,2024-11-28,5666990080
PFE,2024-12-03,5666990080
PFE,2024-12-04,5666990080
PFE,2024-12-05,5666990080
PFE,2024-12-06,5666990080
PFE,2024-12-11,5784450048
PFE,2024-12-12,5666990080
PFE,2024-12-17,5666990080
PFE,2024-12-18,5666990080
PFE,2024-12-20,5666990080
PFE,2025-01-03,5666990080
PFE,2025-01-04,5671249920
PFE,2025-01-07,5666990080
PFE,2025-01-08,5666990080
PFE,2025-01-09,5666990080
PFE,2025-01-16,5666990080
PFE,2025-01-17,5666990080
PFE,2025-01-18,5666990080
PFE,2025-01-22,5666990080
PFE,2025-01-30,5666990080
PFE,2025-02-01,5666990080
PFE,2025-02-08,5686799872
PFE,2025-02-11,5666990080
PFE,2025-02-12,5666990080
PFE,2025-02-13,5666990080
PFE,2025-02-15,5666990080
PFE,2025-02-20,5666990080
PFE,2025-02-21,5666990080
PFE,2025-02-27,5666990080
PFE,2025-03-01,5667339776
PFE,2025-03-04,5667339776
PFE,2025-03-06,5667339776
PFE,2025-03-11,5667339776
PFE,2025-03-14,5671450112
PFE,2025-03-15,5671450112
PFE,2025-03-19,5671450112
PFE,2025-03-20,5671450112
PFE,2025-03-21,5671450112
PFE,2025-03-22,5671450112
PFE,2025-03-25,5671450112
PFE,2025-03-26,5671450112
PFE,2025-03-27,5671450112
PFE,2025-03-28,5671450112
PFE,2025-03-29,5671450112
PFE,2025-04-01,5671450112
PFE,2025-04-02,5671450112
PFE,2025-04-03,5671450112
PFE,2025-04-04,5671450112
PFE,2025-04-05,5671450112
PFE,2025-04-08,5671450112
PFE,2025-04-10,5671450112
PFE,2025-04-11,5671450112
PFE,2025-04-14,5671450112
PFE,2025-04-17,5671450112
PFE,2025-04-18,5671450112
PFE,2025-04-22,5697189888
PFE,2025-04-23,5671450112
PFE,2025-04-24,5671450112
PFE,2025-04-30,5671450112
PFE,2025-05-01,5671450112
PFE,2025-05-07,5916850176
PFE,2025-05-09,5685369856
PFE,2025-05-10,5861440000
PFE,2025-05-13,5685369856
PFE,2025-05-14,5904829952
PFE,2025-05-15,5685369856
PFE,2025-05-24,5685369856
PFE,2025-05-28,5685369856
PFE,2025-05-29,5685369856
PFE,2025-05-30,5685369856
PFE,2025-05-31,5685369856
PFE,2025-06-03,5685369856
PFE,2025-06-05,5685369856
PFE,2025-06-06,5751759872
PFE,2025-06-12,5685369856
PFE,2025-06-13,5685369856
PFE,2025-06-14,5685369856
PFE,2025-06-17,5685369856
PFE,2025-06-18,5780120064
PFE,2025-06-19,5685369856
PFE,2025-06-21,5685369856
PFE,2025-06-24,5685369856
PFE,2025-06-27,5690059776
PFE,2025-06-28,5697120256
PFE,2025-07-02,5685369856
PFE,2025-07-03,5685369856
PFE,2025-07-04,5685369856
PFE,2025-07-08,5716899840
PFE,2025-07-09,5685369856
PFE,2025-07-10,5698710016
PFE,2025-07-11,5734300160
PFE,2025-07-12,5685369856
PFE,2025-07-15,5685369856
PFE,2025-07-19,5685369856
PFE,2025-07-23,5685369856
PFE,2025-07-26,5685369856
PFE,2025-07-30,5685369856
PFE,2025-08-02,5685369856
PFE,2025-08-05,5685369856
PFE,2025-08-06,5685550080
PFE,2025-08-07,5880379904
PFE,2025-09-05,5743470080
PFE,2025-09-17,5685550500
PFE,2025-09-20,5713942762
PFE,2025-09-26,5803597947
PFE,2025-10-08,5720178900
PFE,2025-10-15,5734244040
PFE,2025-10-24,5697073707
PFE,2025-11-05,7851440046
PFE,2025-11-06,5685707552
PFE,2025-11-07,5685707552
PFE,2025-11-12,5685707552
PFE,2025-11-13,5685707552
PFE,2025-11-15,5851332712
PFE,2025-11-17,5685707552
PFE,2026-03-06,5686267431
PFE,2026-03-20,5688356129
PFE,2026-05-06,5699444169
PFE,2026-08-04,5699444169
PFE,2026-08-06,5699673589
MRK,2020-08-07,2529240064
MRK,2020-08-28,2529240064
MRK,2020-09-05,2571840000
MRK,2020-09-06,2529240064
MRK,2020-09-21,2524229888
MRK,2020-11-07,2529240064
MRK,2020-11-09,2530030080
MRK,2020-11-26,2530030080
MRK,2021-03-02,2530319872
MRK,2021-03-09,2494840064
MRK,2021-03-17,2530319872
MRK,2021-03-24,2571450112
MRK,2021-03-31,2530319872
MRK,2021-04-07,2570710016
MRK,2021-04-08,2520329984
MRK,2021-04-09,2552430080
MRK,2021-04-23,2572539904
MRK,2021-04-24,2575180032
MRK,2021-04-27,2531300096
MRK,2021-05-08,2532059904
MRK,2021-05-10,2532059904
MRK,2021-05-18,2532059904
MRK,2021-07-20,2563930112
MRK,2021-08-11,2531369984
MRK,2021-09-15,2568940032
MRK,2021-09-17,2560920064
MRK,2021-09-18,2531369984
MRK,2021-09-28,2540000000
MRK,2021-09-29,2531369984
MRK,2021-10-06,2531369984
MRK,2021-11-09,2525939968
MRK,2021-12-03,2544750080
MRK,2021-12-04,2525939968
MRK,2021-12-08,2565779968
MRK,2021-12-09,2525939968
MRK,2022-02-11,2525939968
MRK,2022-02-15,2525939968
MRK,2022-02-17,2525939968
MRK,2022-02-18,2525939968
MRK,2022-02-19,2525939968
MRK,2022-02-26,2525939968
MRK,2022-03-02,2527729920
MRK,2022-03-15,2543330048
MRK,2022-03-17,2527729920
MRK,2022-03-29,2531780096
MRK,2022-04-06,2528349952
MRK,2022-04-19,2553029888
MRK,2022-05-07,2528809984
MRK,2022-05-10,2528809984
MRK,2022-05-27,2568250112
MRK,2022-05-28,2528809984
MRK,2022-07-23,2529649920
MRK,2022-07-24,2528809984
MRK,2022-08-02,2551940096
MRK,2022-08-03,2528809984
MRK,2022-08-05,2552110080
MRK,2022-08-06,2533280000
MRK,2022-08-09,2533280000
MRK,2022-09-02,2533280000
MRK,2022-10-21,2542000128
MRK,2022-10-22,2533280000
MRK,2022-11-05,2535399936
MRK,2022-11-08,2533280000
MRK,2022-11-10,2535399936
MRK,2022-12-03,2540940032
MRK,2022-12-04,2535399936
MRK,2023-02-28,2538589952
MRK,2023-03-01,2538589952
MRK,2023-04-06,2537690112
MRK,2023-04-15,2543640064
MRK,2023-04-19,2537690112
MRK,2023-04-21,2538579968
MRK,2023-04-22,2537690112
MRK,2023-04-25,2550230016
MRK,2023-04-27,2537690112
MRK,2023-05-10,2537440000
MRK,2023-05-14,2553900032
MRK,2023-05-16,2537440000
MRK,2023-07-05,2560960000
MRK,2023-07-06,2575150080
MRK,2023-07-07,2537440000
MRK,2023-07-08,2601449984
MRK,2023-08-22,2537520128
MRK,2023-08-23,2594550016
MRK,2023-08-24,2537520128
MRK,2023-10-11,2537520128
MRK,2023-10-12,2537520128
MRK,2023-10-13,2537520128
MRK,2023-10-14,2537520128
MRK,2023-10-17,2537520128
MRK,2023-10-18,2537520128
MRK,2023-10-19,2537520128
MRK,2023-10-20,2537520128
MRK,2023-10-24,2537520128
MRK,2023-10-25,2537520128
MRK,2023-10-27,2537520128
MRK,2023-11-01,2537520128
MRK,2023-11-02,2537520128
MRK,2023-11-04,2537520128
MRK,2023-11-07,2534020096
MRK,2023-11-08,2542309888
MRK,2023-11-09,2534020096
MRK,2023-11-14,2534020096
MRK,2023-11-22,2534020096
MRK,2023-11-23,2534020096
MRK,2023-11-30,2534020096
MRK,2023-12-01,2534020096
MRK,2023-12-02,2534020096
MRK,2023-12-05,2534020096
MRK,2023-12-07,2534020096
MRK,2023-12-09,2534020096
MRK,2023-12-15,2563460096
MRK,2023-12-16,2534020096
MRK,2023-12-22,2534020096
MRK,2023-12-23,2534020096
MRK,2023-12-26,2534020096
MRK,2023-12-28,2534020096
MRK,2023-12-29,2534020096
MRK,2024-01-03,2534020096
MRK,2024-01-04,2534020096
MRK,2024-01-05,2534020096
MRK,2024-01-06,2534020096
MRK,2024-01-09,2534020096
MRK,2024-01-10,2534020096
MRK,2024-01-13,2534020096
MRK,2024-01-17,2534020096
MRK,2024-01-18,2534020096
MRK,2024-01-19,2534020096
MRK,2024-01-20,2534020096
MRK,2024-01-23,2534020096
MRK,2024-01-24,2534020096
MRK,2024-01-31,2534020096
MRK,2024-02-01,2552489984
MRK,2024-02-03,2534020096
MRK,2024-02-07,2534020096
MRK,2024-02-08,2534020096
MRK,2024-02-10,2557449984
MRK,2024-02-13,2534020096
MRK,2024-02-14,2534020096
MRK,2024-02-15,2534020096
MRK,2024-02-16,2534020096
MRK,2024-02-23,2534020096
MRK,2024-02-28,2532640000
MRK,2024-02-29,2532640000
MRK,2024-03-02,2532640000
MRK,2024-03-05,2592059904
MRK,2024-03-07,2532640000
MRK,2024-03-12,2547699968
MRK,2024-03-13,2532640000
MRK,2024-03-14,2532640000
MRK,2024-03-16,2532640000
MRK,2024-03-19,2532640000
MRK,2024-03-20,2532640000
MRK,2024-03-22,2532640000
MRK,2024-03-23,2532640000
MRK,2024-04-04,2541420032
MRK,2024-04-06,2532640000
MRK,2024-04-12,2540900096
MRK,2024-04-13,2533029888
MRK,2024-04-17,2555919872
MRK,2024-04-18,2533029888
MRK,2024-04-19,2533029888
MRK,2024-04-23,2533029888
MRK,2024-04-24,2533029888
MRK,2024-04-27,2533029888
MRK,2024-05-01,2533029888
MRK,2024-05-02,2533029888
MRK,2024-05-04,2533029888
MRK,2024-05-07,2532809984
MRK,2024-05-11,2536120064
MRK,2024-05-15,2545210112
MRK,2024-05-16,2532809984
MRK,2024-05-20,2536669952
MRK,2024-05-21,2532809984
MRK,2024-05-22,2532809984
MRK,2024-05-23,2532809984
MRK,2024-05-24,2532809984
MRK,2024-05-25,2532809984
MRK,2024-05-29,2532809984
MRK,2024-05-30,2532809984
MRK,2024-05-31,2560669952
MRK,2024-06-05,2532809984
MRK,2024-06-06,2532809984
MRK,2024-06-07,2532809984
MRK,2024-06-11,2532809984
MRK,2024-06-12,2532809984
MRK,2024-06-13,2564709888
MRK,2024-06-14,2532809984
MRK,2024-06-15,2532809984
MRK,2024-06-18,2532809984
MRK,2024-06-21,2532809984
MRK,2024-06-22,2532809984
MRK,2024-06-25,2532809984
MRK,2024-06-26,2532809984
MRK,2024-06-27,2532809984
MRK,2024-06-28,2565580032
MRK,2024-07-02,2532809984
MRK,2024-07-03,2532809984
MRK,2024-07-04,2532809984
MRK,2024-07-06,2532809984
MRK,2024-07-12,2532809984
MRK,2024-07-13,2532809984
MRK,2024-07-16,2532809984
MRK,2024-07-17,2532809984
MRK,2024-07-19,2532809984
MRK,2024-07-23,2532809984
MRK,2024-07-24,2532809984
MRK,2024-07-25,2534220032
MRK,2024-07-26,2532809984
MRK,2024-07-30,2532809984
MRK,2024-07-31,2532809984
MRK,2024-08-03,2532809984
MRK,2024-08-06,2534810112
MRK,2024-08-07,2534810112
MRK,2024-08-09,2534810112
MRK,2024-08-10,2534810112
MRK,2024-08-13,2534810112
MRK,2024-08-17,2534810112
MRK,2024-08-21,2534810112
MRK,2024-08-22,2534810112
MRK,2024-08-23,2534810112
MRK,2024-08-24,2534810112
MRK,2024-08-27,2534810112
MRK,2024-08-29,2534810112
MRK,2024-08-30,2534810112
MRK,2024-08-31,2534810112
MRK,2024-09-04,2534810112
MRK,2024-09-06,2534810112
MRK,2024-09-07,2534810112
MRK,2024-09-10,2534810112
MRK,2024-09-11,2536570112
MRK,2024-09-12,2548509952
MRK,2024-09-13,2534810112
MRK,2024-09-17,2534810112
MRK,2024-09-18,2534810112
MRK,2024-09-19,2534810112
MRK,2024-09-21,2536110080
MRK,2024-09-24,2534810112
MRK,2024-09-27,2534810112
MRK,2024-09-30,2537710080
MRK,2024-10-01,2534810112
MRK,2024-10-04,2534810112
MRK,2024-10-11,2534810112
MRK,2024-10-12,2534810112
MRK,2024-10-15,2535729920
MRK,2024-10-23,2534810112
MRK,2024-10-24,2546779904
MRK,2024-10-26,2593319936
MRK,2024-10-28,2587099904
MRK,2024-10-29,2534810112
MRK,2024-10-30,2534810112
MRK,2024-10-31,2534810112
MRK,2024-11-05,2535059968
MRK,2024-11-06,2540300032
MRK,2024-11-07,2534810112
MRK,2024-11-08,2529639936
MRK,2024-11-12,2529639936
MRK,2024-11-13,2529639936
MRK,2024-11-14,2529639936
MRK,2024-11-15,2529639936
MRK,2024-11-16,2529639936
MRK,2024-11-19,2529639936
MRK,2024-11-21,2529639936
MRK,2024-11-23,2529639936
MRK,2024-11-27,2529639936
MRK,2024-11-28,2529639936
MRK,2024-11-30,2566469888
MRK,2024-12-03,2529639936
MRK,2024-12-05,2529639936
MRK,2024-12-06,2529639936
MRK,2024-12-07,2529639936
MRK,2024-12-10,2529639936
MRK,2024-12-11,2529639936
MRK,2024-12-12,2529639936
MRK,2024-12-13,2529639936
MRK,2024-12-17,2529639936
MRK,2024-12-19,2529639936
MRK,2024-12-24,2529639936
MRK,2024-12-25,2529639936
MRK,2024-12-28,2529639936
MRK,2025-01-04,2529639936
MRK,2025-01-08,2529639936
MRK,2025-01-09,2529639936
MRK,2025-01-17,2529639936
MRK,2025-01-18,2529639936
MRK,2025-01-22,2529639936
MRK,2025-01-24,2529639936
MRK,2025-01-25,2529639936
MRK,2025-01-28,2529639936
MRK,2025-01-30,2529639936
MRK,2025-02-05,2529639936
MRK,2025-02-08,2529639936
MRK,2025-02-11,2529639936
MRK,2025-02-13,2529639936
MRK,2025-02-14,2529639936
MRK,2025-02-15,2529639936
MRK,2025-02-21,2529639936
MRK,2025-02-25,2529639936
MRK,2025-02-27,2587650048
MRK,2025-03-06,2526040064
MRK,2025-03-07,2526040064
MRK,2025-03-15,2526040064
MRK,2025-03-19,2544839936
MRK,2025-03-20,2526040064
MRK,2025-03-21,2526040064
MRK,2025-03-22,2569989888
MRK,2025-03-26,2526040064
MRK,2025-03-27,2526040064
MRK,2025-03-28,2540740096
MRK,2025-04-02,2526040064
MRK,2025-04-03,2526040064
MRK,2025-04-04,2526040064
MRK,2025-04-08,2526040064
MRK,2025-04-10,2668049920
MRK,2025-04-11,2516389888
MRK,2025-04-14,2516709888
MRK,2025-04-15,2516389888
MRK,2025-04-22,2521240064
MRK,2025-04-23,2516389888
MRK,2025-04-24,2523739904
MRK,2025-05-04,2516389888
MRK,2025-05-06,2511030016
MRK,2025-05-07,2631749888
MRK,2025-05-10,2566560000
MRK,2025-05-13,2511030016
MRK,2025-05-14,2619030016
MRK,2025-05-15,2511030016
MRK,2025-05-22,2511030016
MRK,2025-05-28,2511030016
MRK,2025-05-29,2557839872
MRK,2025-05-31,2511030016
MRK,2025-06-03,2511030016
MRK,2025-06-06,2532059904
MRK,2025-06-11,2511030016
MRK,2025-06-13,2511030016
MRK,2025-06-14,2511030016
MRK,2025-06-17,2534289920
MRK,2025-06-18,2596999936
MRK,2025-06-19,2511030016
MRK,2025-06-25,2511030016
MRK,2025-06-27,2537789952
MRK,2025-06-28,2511030016
MRK,2025-07-02,2511030016
MRK,2025-07-04,2511030016
MRK,2025-07-08,2511960064
MRK,2025-07-09,2511030016
MRK,2025-07-10,2511030016
MRK,2025-07-11,2520329984
MRK,2025-07-12,2511030016
MRK,2025-07-15,2511030016
MRK,2025-07-22,2511030016
MRK,2025-07-24,2511030016
MRK,2025-07-29,2511030016
MRK,2025-07-31,2511030016
MRK,2025-08-01,2511030016
MRK,2025-08-05,2511030016
MRK,2025-08-07,2553700096
MRK,2025-08-08,2497779968
MRK,2025-08-09,2497779968
MRK,2025-08-12,2497779968
MRK,2025-08-14,2497779968
MRK,2025-08-15,2497779968
MRK,2025-08-22,2497779968
MRK,2025-08-23,2497779968
MRK,2025-08-27,2497779968
MRK,2025-08-29,2497779968
MRK,2025-09-04,2497779968
MRK,2025-09-05,2501649920
MRK,2025-09-11,2497779968
MRK,2025-09-12,2497779968
MRK,2025-09-16,2497779968
MRK,2025-09-17,2497783211
MRK,2025-09-20,2498396089
MRK,2025-09-23,2497783211
MRK,2025-09-24,2497783211
MRK,2025-09-25,2497783211
MRK,2025-09-26,2564412222
MRK,2025-09-27,2497783211
MRK,2025-10-03,2497783211
MRK,2025-10-06,2506744873
MRK,2025-10-07,2497783211
MRK,2025-10-08,2531710411
MRK,2025-10-09,2497783211
MRK,2025-10-10,2497783211
MRK,2025-10-15,2497783211
MRK,2025-10-16,2497783211
MRK,2025-10-18,2497783211
MRK,2025-10-20,2497783211
MRK,2025-10-23,2497783211
MRK,2025-10-24,2510103087
MRK,2025-11-01,2497783211
MRK,2025-11-04,2497783211
MRK,2025-11-07,2482022536
MRK,2025-11-15,2482289650
MRK,2025-11-17,2497783212
MRK,2026-02-28,2472392003
MRK,2026-04-10,2472392004
MRK,2026-04-23,2469879206
MRK,2026-05-05,2469824415
MRK,2026-05-06,2469824415
MRK,2026-08-11,2467171638
UNH,2020-08-04,950979008
UNH,2020-08-05,950336000
UNH,2020-08-28,950336000
UNH,2020-09-05,962387008
UNH,2020-09-06,950336000
UNH,2020-09-21,940956032
UNH,2020-09-22,950336000
UNH,2020-11-04,948820992
UNH,2020-11-26,948820992
UNH,2021-03-03,945318976
UNH,2021-03-17,945318976
UNH,2021-04-16,945318976
UNH,2021-04-23,950731008
UNH,2021-04-25,941777024
UNH,2021-04-27,945318976
UNH,2021-04-28,943889024
UNH,2021-05-07,943702016
UNH,2021-06-17,950899968
UNH,2021-06-29,951905984
UNH,2021-08-05,942916992
UNH,2021-11-05,944094016
UNH,2021-11-06,941851008
UNH,2022-02-11,941851008
UNH,2022-02-17,940899008
UNH,2022-02-24,946814976
UNH,2022-02-25,940899008
UNH,2022-03-20,942572032
UNH,2022-03-22,940899008
UNH,2022-04-26,938948992
UNH,2022-05-06,938172032
UNH,2022-07-06,960750976
UNH,2022-08-05,950300032
UNH,2022-08-06,938172032
UNH,2022-08-08,935382976
UNH,2022-09-06,935382976
UNH,2022-09-10,941038016
UNH,2022-09-12,935382976
UNH,2022-09-17,938776000
UNH,2022-11-10,934348992
UNH,2023-01-04,955139008
UNH,2023-01-06,934348992
UNH,2023-03-01,932846976
UNH,2023-03-10,944264000
UNH,2023-03-18,937854016
UNH,2023-03-21,932846976
UNH,2023-04-01,937867008
UNH,2023-04-25,941460992
UNH,2023-04-27,931603008
UNH,2023-05-04,939121024
UNH,2023-05-06,931603008
UNH,2023-05-10,931032000
UNH,2023-05-11,931620992
UNH,2023-05-14,931032000
UNH,2023-07-05,936409024
UNH,2023-07-06,949644032
UNH,2023-07-07,931032000
UNH,2023-07-08,931032000
UNH,2023-07-19,961651008
UNH,2023-07-21,931032000
UNH,2023-08-21,931032000
UNH,2023-08-23,936352000
UNH,2023-08-24,931032000
UNH,2023-09-05,926305024
UNH,2023-10-11,930316032
UNH,2023-10-13,926305024
UNH,2023-10-14,926305024
UNH,2023-10-15,926305024
UNH,2023-10-17,928686976
UNH,2023-10-18,926305024
UNH,2023-10-19,927324992
UNH,2023-10-22,926305024
UNH,2023-10-23,926305024
UNH,2023-11-04,926305024
UNH,2023-11-08,926305024
UNH,2023-11-09,924924992
UNH,2023-11-10,924924992
UNH,2023-11-11,924924992
UNH,2023-11-14,924924992
UNH,2023-11-15,924924992
UNH,2023-11-16,924924992
UNH,2023-11-18,924924992
UNH,2023-11-21,924924992
UNH,2023-11-22,924924992
UNH,2023-11-25,924924992
UNH,2023-11-28,924924992
UNH,2023-11-29,924924992
UNH,2023-12-02,924924992
UNH,2023-12-05,924924992
UNH,2023-12-09,924924992
UNH,2023-12-12,924924992
UNH,2023-12-13,924924992
UNH,2023-12-15,950496000
UNH,2023-12-16,924924992
UNH,2023-12-20,924924992
UNH,2023-12-21,924924992
UNH,2023-12-22,924924992
UNH,2023-12-23,924924992
UNH,2023-12-26,924924992
UNH,2023-12-28,924924992
UNH,2023-12-29,924924992
UNH,2024-01-05,924924992
UNH,2024-01-11,924924992
UNH,2024-01-12,924924992
UNH,2024-01-20,924924992
UNH,2024-02-10,928262976
UNH,2024-02-13,924924992
UNH,2024-03-02,924924992
UNH,2024-03-05,921934016
UNH,2024-03-06,921934016
UNH,2024-03-13,924484992
UNH,2024-03-14,921934016
UNH,2024-03-20,921934016
UNH,2024-03-21,921934016
UNH,2024-03-23,921934016
UNH,2024-03-26,921934016
UNH,2024-03-27,921934016
UNH,2024-04-12,921934016
UNH,2024-04-13,921934016
UNH,2024-04-17,921934016
UNH,2024-04-24,920080000
UNH,2024-05-01,920080000
UNH,2024-05-04,921051008
UNH,2024-05-10,920385024
UNH,2024-05-12,920385024
UNH,2024-05-15,920385024
UNH,2024-05-20,933553024
UNH,2024-05-21,920385024
UNH,2024-05-23,924268992
UNH,2024-05-24,928433984
UNH,2024-05-25,920385024
UNH,2024-05-29,920385024
UNH,2024-05-31,926252032
UNH,2024-06-04,920385024
UNH,2024-06-05,920385024
UNH,2024-06-06,920385024
UNH,2024-06-08,920385024
UNH,2024-06-11,920385024
UNH,2024-06-12,920385024
UNH,2024-06-13,926265024
UNH,2024-06-14,920385024
UNH,2024-06-15,920718016
UNH,2024-06-19,920385024
UNH,2024-06-21,920385024
UNH,2024-06-25,920385024
UNH,2024-06-27,920385024
UNH,2024-06-29,920385024
UNH,2024-07-03,920385024
UNH,2024-07-04,920385024
UNH,2024-07-10,920385024
UNH,2024-07-11,920385024
UNH,2024-07-12,920385024
UNH,2024-07-13,920385024
UNH,2024-07-16,920385024
UNH,2024-07-24,920385024
UNH,2024-07-25,920499968
UNH,2024-07-26,920385024
UNH,2024-08-10,923417984
UNH,2024-08-11,923417984
UNH,2024-08-13,923417984
UNH,2024-08-14,923417984
UNH,2024-08-15,923417984
UNH,2024-08-17,926502976
UNH,2024-08-20,923417984
UNH,2024-08-21,923417984
UNH,2024-08-23,923417984
UNH,2024-08-24,923417984
UNH,2024-08-27,923417984
UNH,2024-08-29,923417984
UNH,2024-08-30,923417984
UNH,2024-08-31,923417984
UNH,2024-09-04,923417984
UNH,2024-09-07,923417984
UNH,2024-09-11,923417984
UNH,2024-09-12,937948992
UNH,2024-09-14,923417984
UNH,2024-09-17,923417984
UNH,2024-09-19,923417984
UNH,2024-09-21,923417984
UNH,2024-09-24,923417984
UNH,2024-09-30,923417984
UNH,2024-10-01,923417984
UNH,2024-10-05,923417984
UNH,2024-10-08,923417984
UNH,2024-10-09,923417984
UNH,2024-10-12,923417984
UNH,2024-10-15,923417984
UNH,2024-10-24,929724992
UNH,2024-10-26,923548992
UNH,2024-10-28,923417984
UNH,2024-10-30,923417984
UNH,2024-11-05,923417984
UNH,2024-11-06,920284032
UNH,2024-11-09,920284032
UNH,2024-11-13,936124992
UNH,2024-11-14,933651008
UNH,2024-11-15,920284032
UNH,2024-11-16,921713984
UNH,2024-11-19,924310976
UNH,2024-11-20,920284032
UNH,2024-11-22,920284032
UNH,2024-11-26,920284032
UNH,2024-11-27,920284032
UNH,2024-11-30,920284032
UNH,2024-12-03,920284032
UNH,2024-12-04,925286976
UNH,2024-12-06,970862976
UNH,2024-12-07,920284032
UNH,2024-12-13,951992000
UNH,2024-12-14,920284032
UNH,2024-12-18,920284032
UNH,2024-12-19,920284032
UNH,2024-12-20,920284032
UNH,2024-12-21,920284032
UNH,2024-12-24,920284032
UNH,2024-12-25,920284032
UNH,2024-12-28,920284032
UNH,2024-12-31,920284032
UNH,2025-01-07,920284032
UNH,2025-01-11,920284032
UNH,2025-01-14,920284032
UNH,2025-01-15,920284032
UNH,2025-01-17,920284032
UNH,2025-01-18,920284032
UNH,2025-01-22,920284032
UNH,2025-01-23,920284032
UNH,2025-01-28,920284032
UNH,2025-01-29,920284032
UNH,2025-02-01,920284032
UNH,2025-02-04,920284032
UNH,2025-02-06,920284032
UNH,2025-02-07,920284032
UNH,2025-02-08,920284032
UNH,2025-02-11,920284032
UNH,2025-02-12,920284032
UNH,2025-02-13,931660992
UNH,2025-02-14,920284032
UNH,2025-03-01,914712000
UNH,2025-03-02,914712000
UNH,2025-03-04,914712000
UNH,2025-03-05,914712000
UNH,2025-03-07,914712000
UNH,2025-03-11,914712000
UNH,2025-03-13,914712000
UNH,2025-03-14,914712000
UNH,2025-03-18,914712000
UNH,2025-03-19,914712000
UNH,2025-03-20,914712000
UNH,2025-03-22,914712000
UNH,2025-03-25,914712000
UNH,2025-03-26,914712000
UNH,2025-03-27,914712000
UNH,2025-03-28,914712000
UNH,2025-03-29,914712000
UNH,2025-04-01,914712000
UNH,2025-04-08,914712000
UNH,2025-04-09,914712000
UNH,2025-04-10,914712000
UNH,2025-04-12,914712000
UNH,2025-04-14,934049024
UNH,2025-04-15,914712000
UNH,2025-04-16,914712000
UNH,2025-04-18,914712000
UNH,2025-04-22,976606016
UNH,2025-04-23,910224000
UNH,2025-04-26,922420992
UNH,2025-04-29,910224000
UNH,2025-05-07,910224000
UNH,2025-05-08,907139968
UNH,2025-05-10,918841984
UNH,2025-05-13,907139968
UNH,2025-05-14,917065984
UNH,2025-05-15,1018440000
UNH,2025-05-16,907139968
UNH,2025-05-21,907139968
UNH,2025-05-22,907139968
UNH,2025-05-28,908892992
UNH,2025-05-29,907139968
UNH,2025-05-30,907139968
UNH,2025-05-31,907139968
UNH,2025-06-03,907139968
UNH,2025-06-04,907139968
UNH,2025-06-05,907139968
UNH,2025-06-06,907139968
UNH,2025-06-10,907230016
UNH,2025-06-11,907139968
UNH,2025-06-12,907139968
UNH,2025-06-17,924448000
UNH,2025-06-18,907139968
UNH,2025-06-19,912072000
UNH,2025-06-24,907139968
UNH,2025-06-25,907139968
UNH,2025-06-26,907139968
UNH,2025-06-27,907139968
UNH,2025-06-28,907139968
UNH,2025-07-08,921596992
UNH,2025-07-09,907139968
UNH,2025-07-10,921484992
UNH,2025-07-11,907139968
UNH,2025-07-15,907139968
UNH,2025-07-16,907139968
UNH,2025-07-18,907139968
UNH,2025-07-23,907139968
UNH,2025-07-24,907139968
UNH,2025-07-26,907139968
UNH,2025-07-29,907139968
UNH,2025-08-02,952121984
UNH,2025-08-07,926406976
UNH,2025-08-08,911256000
UNH,2025-08-13,905673984
UNH,2025-08-21,905673984
UNH,2025-08-28,905673984
UNH,2025-08-30,905673984
UNH,2025-09-03,905673984
UNH,2025-09-05,905673984
UNH,2025-09-09,905673984
UNH,2025-09-11,905673984
UNH,2025-09-12,905673984
UNH,2025-09-13,905673984
UNH,2025-09-16,905673984
UNH,2025-09-17,905673625
UNH,2025-09-18,905673625
UNH,2025-09-19,905673625
UNH,2025-09-20,905673625
UNH,2025-09-23,905673625
UNH,2025-09-24,905673625
UNH,2025-09-26,905673625
UNH,2025-10-02,905673625
UNH,2025-10-03,905673625
UNH,2025-10-08,905673625
UNH,2025-10-09,905673625
UNH,2025-10-11,905673625
UNH,2025-10-15,905673625
UNH,2025-10-16,905673625
UNH,2025-10-18,905673625
UNH,2025-10-24,908286749
UNH,2025-10-25,905673625
UNH,2025-10-27,905673625
UNH,2025-10-28,905673625
UNH,2025-10-29,905673625
UNH,2025-10-30,905838620
UNH,2025-11-01,914298701
UNH,2025-11-04,905838620
UNH,2025-11-05,913943333
UNH,2025-11-07,905838620
UNH,2025-11-11,905838620
UNH,2025-11-12,905838620
UNH,2025-11-15,935839986
UNH,2025-11-17,905838620
UNH,2026-03-07,907675839
UNH,2026-04-23,908213180
UNH,2026-05-06,908144404
UNH,2026-08-12,897594847
ABT,2020-07-31,1770530048
ABT,2020-08-28,1770530048
ABT,2020-09-05,1770530048
ABT,2020-09-21,1770530048
ABT,2020-10-08,1746040064
ABT,2020-11-06,1772359936
ABT,2020-11-26,1772359936
ABT,2021-02-23,1771529984
ABT,2021-03-17,1771529984
ABT,2021-04-02,1771529984
ABT,2021-04-23,1758620032
ABT,2021-04-24,1761330048
ABT,2021-04-27,1771529984
ABT,2021-05-07,1776819968
ABT,2021-08-06,1772819968
ABT,2021-08-24,1779580032
ABT,2021-11-03,1772819968
ABT,2021-11-06,1768290048
ABT,2021-11-18,1768290048
ABT,2021-11-20,1768290048
ABT,2022-01-26,1776179968
ABT,2022-01-27,1815410048
ABT,2022-01-28,1768290048
ABT,2022-02-11,1768290048
ABT,2022-02-22,1763480064
ABT,2022-03-02,1800039936
ABT,2022-03-03,1763480064
ABT,2022-05-04,1769760000
ABT,2022-05-06,1763480064
ABT,2022-05-09,1750940032
ABT,2022-06-07,1753200000
ABT,2022-06-08,1750940032
ABT,2022-08-05,1751219968
ABT,2022-08-06,1751219968
ABT,2022-09-02,1751219968
ABT,2022-11-04,1772320000
ABT,2022-12-06,1787900032
ABT,2022-12-07,1743570048
ABT,2023-01-04,1746919936
ABT,2023-01-06,1743570048
ABT,2023-02-04,1750749952
ABT,2023-02-05,1743570048
ABT,2023-02-22,1737949952
ABT,2023-03-18,1774130048
ABT,2023-03-21,1737949952
ABT,2023-03-30,1764969984
ABT,2023-04-01,1737949952
ABT,2023-04-05,1758649984
ABT,2023-04-06,1737949952
ABT,2023-05-09,1743590016
ABT,2023-05-12,1742109952
ABT,2023-05-13,1742089984
ABT,2023-05-16,1738950016
ABT,2023-07-05,1768140032
ABT,2023-07-06,1765670016
ABT,2023-07-07,1738950016
ABT,2023-07-12,1746749952
ABT,2023-07-13,1738950016
ABT,2023-08-22,1735360000
ABT,2023-09-13,1736210048
ABT,2023-09-15,1735360000
ABT,2023-10-11,1735360000
ABT,2023-10-12,1735360000
ABT,2023-10-13,1735360000
ABT,2023-10-14,1735360000
ABT,2023-10-17,1735360000
ABT,2023-10-18,1735360000
ABT,2023-10-19,1735360000
ABT,2023-10-23,1735360000
ABT,2023-10-25,1735360000
ABT,2023-10-27,1735360000
ABT,2023-11-02,1735360000
ABT,2023-11-03,1736060032
ABT,2023-11-04,1738230016
ABT,2023-11-07,1736060032
ABT,2023-11-08,1739719936
ABT,2023-11-09,1736060032
ABT,2023-11-14,1736060032
ABT,2023-11-15,1736060032
ABT,2023-11-16,1736060032
ABT,2023-11-18,1736060032
ABT,2023-11-21,1736060032
ABT,2023-11-22,1736060032
ABT,2023-11-23,1736060032
ABT,2023-11-28,1736060032
ABT,2023-11-29,1736060032
ABT,2023-11-30,1736060032
ABT,2023-12-01,1736060032
ABT,2023-12-02,1736060032
ABT,2023-12-06,1736060032
ABT,2023-12-09,1736060032
ABT,2023-12-12,1736060032
ABT,2023-12-13,1736060032
ABT,2023-12-22,1736060032
ABT,2023-12-30,1736060032
ABT,2024-01-05,1736060032
ABT,2024-01-06,1736060032
ABT,2024-01-09,1736060032
ABT,2024-01-19,1736060032
ABT,2024-01-24,1736060032
ABT,2024-01-25,1736060032
ABT,2024-01-26,1736060032
ABT,2024-02-01,1736060032
ABT,2024-02-02,1736060032
ABT,2024-02-06,1736060032
ABT,2024-02-10,1745689984
ABT,2024-02-13,1736060032
ABT,2024-02-20,1735180032
ABT,2024-02-22,1735180032
ABT,2024-02-23,1735180032
ABT,2024-02-27,1735180032
ABT,2024-02-28,1735180032
ABT,2024-02-29,1735180032
ABT,2024-03-01,1735180032
ABT,2024-03-02,1735180032
ABT,2024-03-05,1735180032
ABT,2024-03-07,1735180032
ABT,2024-03-08,1735180032
ABT,2024-03-09,1735180032
ABT,2024-03-12,1735180032
ABT,2024-03-13,1743849984
ABT,2024-03-14,1735180032
ABT,2024-03-15,1735180032
ABT,2024-03-19,1735180032
ABT,2024-03-21,1735180032
ABT,2024-03-22,1735180032
ABT,2024-03-23,1735180032
ABT,2024-03-26,1735180032
ABT,2024-03-27,1735180032
ABT,2024-03-29,1735180032
ABT,2024-04-02,1735180032
ABT,2024-04-03,1735180032
ABT,2024-04-04,1735180032
ABT,2024-04-09,1735180032
ABT,2024-04-12,1772400000
ABT,2024-04-13,1735180032
ABT,2024-04-16,1735180032
ABT,2024-04-17,1735180032
ABT,2024-04-18,1735180032
ABT,2024-04-20,1735180032
ABT,2024-04-23,1735180032
ABT,2024-04-24,1735180032
ABT,2024-04-25,1735180032
ABT,2024-04-26,1735180032
ABT,2024-04-27,1735180032
ABT,2024-04-30,1735180032
ABT,2024-05-01,1735180032
ABT,2024-05-02,1735180032
ABT,2024-05-04,1739629952
ABT,2024-05-07,1739629952
ABT,2024-05-15,1752349952
ABT,2024-05-16,1739629952
ABT,2024-05-20,1754470016
ABT,2024-05-21,1743859968
ABT,2024-05-22,1739629952
ABT,2024-05-24,1749479936
ABT,2024-06-12,1739629952
ABT,2024-06-13,1763469952
ABT,2024-06-28,1739629952
ABT,2024-07-10,1739629952
ABT,2024-07-20,1739629952
ABT,2024-07-25,1760979968
ABT,2024-07-26,1739629952
ABT,2024-08-01,1739900032
ABT,2024-08-02,1739900032
ABT,2024-08-13,1739900032
ABT,2024-08-30,1742060032
ABT,2024-09-12,1747510016
ABT,2024-09-21,1746780032
ABT,2024-10-18,1740930048
ABT,2024-10-24,1746909952
ABT,2024-10-26,1782400000
ABT,2024-10-28,1784739968
ABT,2024-10-29,1739900032
ABT,2024-10-30,1750179968
ABT,2024-11-02,1734460032
ABT,2024-11-03,1734460032
ABT,2024-11-05,1748460032
ABT,2024-11-06,1734460032
ABT,2024-11-07,1734460032
ABT,2024-11-08,1757020032
ABT,2024-11-13,1734460032
ABT,2024-11-14,1744950016
ABT,2024-11-20,1734460032
ABT,2024-11-21,1752409984
ABT,2024-11-22,1734460032
ABT,2024-11-27,1734460032
ABT,2024-11-30,1737080064
ABT,2024-12-03,1734460032
ABT,2024-12-04,1742210048
ABT,2024-12-05,1734460032
ABT,2024-12-06,1740160000
ABT,2024-12-07,1734460032
ABT,2024-12-10,1734460032
ABT,2024-12-13,1738720000
ABT,2024-12-14,1746080000
ABT,2024-12-17,1734460032
ABT,2024-12-18,1734460032
ABT,2024-12-20,1734460032
ABT,2024-12-27,1734460032
ABT,2024-12-28,1734460032
ABT,2024-12-31,1734460032
ABT,2025-01-03,1734460032
ABT,2025-01-04,1734460032
ABT,2025-01-07,1746579968
ABT,2025-01-08,1734460032
ABT,2025-01-09,1734460032
ABT,2025-01-14,1734460032
ABT,2025-01-15,1734460032
ABT,2025-01-17,1734460032
ABT,2025-01-18,1734460032
ABT,2025-01-23,1734460032
ABT,2025-01-24,1734460032
ABT,2025-01-29,1734460032
ABT,2025-02-01,1734460032
ABT,2025-02-05,1734460032
ABT,2025-02-06,1734460032
ABT,2025-02-08,1734460032
ABT,2025-02-13,1747079936
ABT,2025-02-14,1734460032
ABT,2025-02-19,1734460032
ABT,2025-02-21,1734460032
ABT,2025-02-22,1734460032
ABT,2025-02-25,1734320000
ABT,2025-02-27,1734320000
ABT,2025-03-01,1734320000
ABT,2025-03-06,1734320000
ABT,2025-03-11,1734320000
ABT,2025-03-12,1734320000
ABT,2025-03-14,1734320000
ABT,2025-03-18,1734320000
ABT,2025-03-20,1734320000
ABT,2025-03-22,1734320000
ABT,2025-03-25,1734320000
ABT,2025-03-26,1734320000
ABT,2025-03-27,1734320000
ABT,2025-03-28,1734320000
ABT,2025-03-29,1734320000
ABT,2025-04-02,1734320000
ABT,2025-04-03,1734320000
ABT,2025-04-04,1734320000
ABT,2025-04-08,1734320000
ABT,2025-04-10,1769709952
ABT,2025-04-11,1734320000
ABT,2025-04-14,1734320000
ABT,2025-04-15,1734320000
ABT,2025-04-16,1734320000
ABT,2025-04-17,1734320000
ABT,2025-04-18,1734320000
ABT,2025-04-22,1748880000
ABT,2025-04-23,1734320000
ABT,2025-04-24,1759570048
ABT,2025-04-26,1741459968
ABT,2025-04-29,1734320000
ABT,2025-05-01,1734320000
ABT,2025-05-02,1739840000
ABT,2025-05-06,1739840000
ABT,2025-05-08,1739840000
ABT,2025-05-09,1739840000
ABT,2025-05-10,1749760000
ABT,2025-05-13,1739840000
ABT,2025-05-14,1739840000
ABT,2025-05-15,1739840000
ABT,2025-05-16,1739840000
ABT,2025-05-20,1739840000
ABT,2025-05-23,1739840000
ABT,2025-05-28,1739840000
ABT,2025-05-29,1739840000
ABT,2025-05-30,1739840000
ABT,2025-05-31,1739840000
ABT,2025-06-04,1739840000
ABT,2025-06-05,1739840000
ABT,2025-06-06,1744530048
ABT,2025-06-07,1739840000
ABT,2025-06-10,1739840000
ABT,2025-06-11,1739840000
ABT,2025-06-12,1739840000
ABT,2025-06-13,1739840000
ABT,2025-06-17,1739840000
ABT,2025-06-18,1762589952
ABT,2025-06-19,1739840000
ABT,2025-06-21,1739840000
ABT,2025-06-27,1788390016
ABT,2025-07-01,1739840000
ABT,2025-07-02,1739840000
ABT,2025-07-03,1739840000
ABT,2025-07-08,1744269952
ABT,2025-07-09,1739840000
ABT,2025-07-10,1739840000
ABT,2025-07-11,1739840000
ABT,2025-07-12,1739840000
ABT,2025-07-16,1739840000
ABT,2025-07-17,1739840000
ABT,2025-07-19,1739840000
ABT,2025-07-22,1739840000
ABT,2025-08-01,1740460032
ABT,2025-08-02,1740460032
ABT,2025-08-06,1740460032
ABT,2025-08-07,1740460032
ABT,2025-08-08,1740460032
ABT,2025-08-12,1740460032
ABT,2025-08-14,1740460032
ABT,2025-08-21,1740460032
ABT,2025-09-04,1740460032
ABT,2025-09-05,1740460032
ABT,2025-09-09,1740460032
ABT,2025-09-10,1740460032
ABT,2025-09-16,1740460032
ABT,2025-09-17,1740459014
ABT,2025-09-18,1740459014
ABT,2025-09-19,1740459014
ABT,2025-09-20,1740459014
ABT,2025-09-23,1740459014
ABT,2025-09-24,1740459014
ABT,2025-09-26,1748031336
ABT,2025-09-27,1740459014
ABT,2025-09-30,1746212165
ABT,2025-10-01,1740459014
ABT,2025-10-02,1741502220
ABT,2025-10-06,1740459014
ABT,2025-10-08,1749879631
ABT,2025-10-09,1740459014
ABT,2025-10-10,1740459014
ABT,2025-10-11,1740459014
ABT,2025-10-14,1740459014
ABT,2025-10-15,1740459014
ABT,2025-10-16,1740459014
ABT,2025-10-17,1740459014
ABT,2025-10-18,1740459014
ABT,2025-10-20,1740459014
ABT,2025-10-22,1754105392
ABT,2025-10-23,1740459014
ABT,2025-10-24,1762638363
ABT,2025-10-25,1740459014
ABT,2025-10-27,1740459014
ABT,2025-10-28,1740459014
ABT,2025-10-30,1740459014
ABT,2025-10-31,1738871947
ABT,2025-11-01,1753641528
ABT,2025-11-05,1738871947
ABT,2025-11-06,1738871947
ABT,2025-11-07,1738871947
ABT,2025-11-12,1738871947
ABT,2025-11-13,1738871947
ABT,2025-11-14,1738871947
ABT,2025-11-17,1740459014
ABT,2026-03-03,1737682887
ABT,2026-03-20,1737682887
ABT,2026-05-01,1741813154
ABT,2026-07-30,1730383296
PG,2020-08-03,2479699968
PG,2020-08-10,2486089984
PG,2020-08-12,2486089984
PG,2020-08-28,2486089984
PG,2020-09-01,2489619968
PG,2020-09-05,2489619968
PG,2020-09-21,2492339968
PG,2020-10-22,2479610112
PG,2020-11-07,2479610112
PG,2020-11-26,2479610112
PG,2020-12-01,2479610112
PG,2021-01-22,2462479872
PG,2021-03-17,2462479872
PG,2021-04-22,2448229888
PG,2021-04-23,2488600064
PG,2021-04-24,2501420032
PG,2021-04-27,2448229888
PG,2021-08-03,2429700096
PG,2021-08-10,2427419904
PG,2021-08-31,2428320000
PG,2021-09-01,2428320000
PG,2021-10-21,2419950080
PG,2021-11-17,2423399936
PG,2021-11-27,2439480064
PG,2022-01-25,2397070080
PG,2022-02-11,2397070080
PG,2022-03-19,2398340096
PG,2022-03-22,2397070080
PG,2022-04-01,2422010112
PG,2022-04-02,2397070080
PG,2022-04-23,2399300096
PG,2022-05-04,2432630016
PG,2022-05-06,2399300096
PG,2022-05-11,2399300096
PG,2022-05-19,2558759936
PG,2022-05-20,2399300096
PG,2022-08-05,2403109888
PG,2022-08-06,2399300096
PG,2022-08-10,2389550080
PG,2022-08-20,2390190080
PG,2022-08-30,2385499904
PG,2022-09-02,2385499904
PG,2022-10-22,2369700096
PG,2022-11-04,2386030080
PG,2022-12-03,2392730112
PG,2022-12-04,2369700096
PG,2022-12-06,2393860096
PG,2022-12-07,2369700096
PG,2023-01-22,2359140096
PG,2023-03-30,2366400000
PG,2023-04-01,2359140096
PG,2023-04-05,2370510080
PG,2023-04-06,2359140096
PG,2023-04-24,2359140096
PG,2023-04-25,2361200128
PG,2023-04-27,2356969984
PG,2023-05-04,2359990016
PG,2023-05-06,2356969984
PG,2023-07-19,2361400064
PG,2023-07-21,2356969984
PG,2023-08-21,2357309952
PG,2023-09-09,2367480064
PG,2023-09-12,2356890112
PG,2023-09-16,2376859904
PG,2023-09-17,2356890112
PG,2023-09-21,2358889984
PG,2023-10-03,2367770112
PG,2023-10-10,2356890112
PG,2023-10-11,2356890112
PG,2023-10-13,2356890112
PG,2023-10-14,2356890112
PG,2023-10-15,2356890112
PG,2023-10-18,2356890112
PG,2023-10-19,2356890112
PG,2023-10-22,2356890112
PG,2023-10-23,2356890112
PG,2023-10-24,2356890112
PG,2023-10-25,2356890112
PG,2023-11-01,2356890112
PG,2023-11-02,2356890112
PG,2023-11-04,2356890112
PG,2023-11-07,2356890112
PG,2023-11-08,2362360064
PG,2023-11-09,2356890112
PG,2023-11-10,2356890112
PG,2023-11-14,2356890112
PG,2023-11-16,2356890112
PG,2023-11-17,2356890112
PG,2023-11-18,2356890112
PG,2023-11-23,2356890112
PG,2023-11-28,2356890112
PG,2023-11-29,2356890112
PG,2023-12-01,2356890112
PG,2023-12-02,2356890112
PG,2023-12-05,2356890112
PG,2023-12-06,2441999872
PG,2023-12-08,2356890112
PG,2023-12-12,2356890112
PG,2023-12-15,2420750080
PG,2023-12-16,2356890112
PG,2023-12-21,2356890112
PG,2023-12-22,2356890112
PG,2023-12-23,2356890112
PG,2023-12-28,2356890112
PG,2023-12-29,2356890112
PG,2023-12-30,2356890112
PG,2024-01-03,2356890112
PG,2024-01-06,2356890112
PG,2024-01-10,2356890112
PG,2024-01-12,2356890112
PG,2024-01-18,2356890112
PG,2024-01-19,2356890112
PG,2024-01-20,2356890112
PG,2024-01-24,2352999936
PG,2024-01-25,2353019904
PG,2024-01-27,2353019904
PG,2024-01-31,2353019904
PG,2024-02-01,2353019904
PG,2024-02-06,2353019904
PG,2024-02-07,2353019904
PG,2024-02-08,2353019904
PG,2024-02-09,2353019904
PG,2024-02-10,2371259904
PG,2024-02-13,2353019904
PG,2024-02-15,2353019904
PG,2024-02-16,2353019904
PG,2024-02-23,2353019904
PG,2024-02-24,2353019904
PG,2024-02-28,2353019904
PG,2024-02-29,2353019904
PG,2024-03-05,2353019904
PG,2024-03-07,2353019904
PG,2024-03-08,2353019904
PG,2024-03-09,2353019904
PG,2024-03-12,2353019904
PG,2024-03-13,2353019904
PG,2024-03-16,2353019904
PG,2024-03-19,2353019904
PG,2024-03-20,2353019904
PG,2024-03-21,2353019904
PG,2024-03-23,2353019904
PG,2024-03-26,2353019904
PG,2024-03-27,2353019904
PG,2024-03-29,2353019904
PG,2024-04-02,2353019904
PG,2024-04-03,2353019904
PG,2024-04-04,2353019904
PG,2024-04-10,2353019904
PG,2024-04-12,2353019904
PG,2024-04-13,2353019904
PG,2024-04-16,2353019904
PG,2024-04-18,2353019904
PG,2024-04-19,2353019904
PG,2024-04-20,2360140032
PG,2024-04-21,2360140032
PG,2024-04-23,2360140032
PG,2024-04-25,2360859904
PG,2024-04-26,2360140032
PG,2024-04-27,2360140032
PG,2024-04-30,2360140032
PG,2024-05-02,2360140032
PG,2024-05-04,2360140032
PG,2024-05-07,2360420096
PG,2024-05-09,2360140032
PG,2024-05-10,2360140032
PG,2024-05-11,2360140032
PG,2024-05-14,2360140032
PG,2024-05-15,2361700096
PG,2024-05-16,2360140032
PG,2024-05-18,2360140032
PG,2024-05-20,2364790016
PG,2024-05-21,2360140032
PG,2024-05-22,2360140032
PG,2024-05-23,2367729920
PG,2024-05-24,2393220096
PG,2024-05-31,2360140032
PG,2024-06-01,2360140032
PG,2024-06-05,2360140032
PG,2024-06-06,2360140032
PG,2024-06-07,2360140032
PG,2024-06-12,2360140032
PG,2024-06-13,2360140032
PG,2024-06-15,2360140032
PG,2024-06-18,2360140032
PG,2024-06-19,2360140032
PG,2024-06-21,2372659968
PG,2024-06-22,2360140032
PG,2024-06-25,2360140032
PG,2024-06-28,2371889920
PG,2024-06-29,2360140032
PG,2024-07-03,2360140032
PG,2024-07-04,2360140032
PG,2024-07-09,2360140032
PG,2024-07-10,2360140032
PG,2024-07-11,2360140032
PG,2024-07-12,2360140032
PG,2024-07-16,2360140032
PG,2024-07-18,2360140032
PG,2024-07-20,2360140032
PG,2024-07-24,2360140032
PG,2024-07-25,2375689984
PG,2024-07-26,2360140032
PG,2024-07-27,2360140032
PG,2024-07-31,2357100032
PG,2024-08-07,2354050048
PG,2024-08-13,2354050048
PG,2024-08-15,2354050048
PG,2024-08-16,2354050048
PG,2024-08-17,2354050048
PG,2024-08-20,2354050048
PG,2024-08-23,2354050048
PG,2024-08-27,2349710080
PG,2024-09-12,2349710080
PG,2024-09-30,2354459904
PG,2024-10-01,2349710080
PG,2024-10-19,2355040000
PG,2024-10-20,2355040000
PG,2024-10-22,2355040000
PG,2024-10-23,2355040000
PG,2024-10-24,2355040000
PG,2024-10-26,2374080000
PG,2024-10-28,2358939904
PG,2024-10-29,2355040000
PG,2024-10-30,2385050112
PG,2024-10-31,2369359872
PG,2024-11-01,2355040000
PG,2024-11-02,2355040000
PG,2024-11-05,2355330048
PG,2024-11-08,2355040000
PG,2024-11-13,2355040000
PG,2024-11-14,2355040000
PG,2024-11-15,2355040000
PG,2024-11-16,2355040000
PG,2024-11-19,2355040000
PG,2024-11-21,2355040000
PG,2024-11-23,2355040000
PG,2024-11-27,2355040000
PG,2024-11-28,2355040000
PG,2024-11-30,2356359936
PG,2024-12-03,2355040000
PG,2024-12-04,2412499968
PG,2024-12-06,2355040000
PG,2024-12-11,2355040000
PG,2024-12-14,2355040000
PG,2024-12-17,2355040000
PG,2024-12-18,2355040000
PG,2024-12-19,2355040000
PG,2024-12-20,2355040000
PG,2024-12-24,2355040000
PG,2024-12-27,2355040000
PG,2024-12-28,2355040000
PG,2024-12-31,2355040000
PG,2025-01-03,2355040000
PG,2025-01-04,2367160064
PG,2025-01-07,2421469952
PG,2025-01-08,2355040000
PG,2025-01-11,2355040000
PG,2025-01-16,2355040000
PG,2025-01-17,2355040000
PG,2025-01-22,2355040000
PG,2025-01-23,2344900096
PG,2025-01-24,2344849920
PG,2025-02-08,2344849920
PG,2025-02-20,2344849920
PG,2025-02-22,2344849920
PG,2025-02-25,2344849920
PG,2025-02-26,2344849920
PG,2025-02-27,2344849920
PG,2025-02-28,2344849920
PG,2025-03-04,2344849920
PG,2025-03-05,2344849920
PG,2025-03-07,2344849920
PG,2025-03-11,2344849920
PG,2025-03-13,2344849920
PG,2025-03-15,2344849920
PG,2025-03-19,2344849920
PG,2025-03-20,2344849920
PG,2025-03-22,2356950016
PG,2025-03-25,2344849920
PG,2025-03-26,2344849920
PG,2025-03-27,2344849920
PG,2025-03-28,2344849920
PG,2025-03-29,2344849920
PG,2025-04-01,2344849920
PG,2025-04-03,2344849920
PG,2025-04-05,2344849920
PG,2025-04-08,2344849920
PG,2025-04-11,2344849920
PG,2025-04-17,2344849920
PG,2025-04-18,2344849920
PG,2025-04-22,2413890048
PG,2025-04-23,2344849920
PG,2025-04-24,2375269888
PG,2025-04-25,2344499968
PG,2025-04-26,2344539904
PG,2025-04-29,2344539904
PG,2025-05-01,2344539904
PG,2025-05-03,2344539904
PG,2025-05-06,2344539904
PG,2025-05-07,2344539904
PG,2025-05-09,2344539904
PG,2025-05-10,2359259904
PG,2025-05-13,2344539904
PG,2025-05-14,2355079936
PG,2025-05-15,2344539904
PG,2025-05-16,2344539904
PG,2025-05-17,2344539904
PG,2025-05-20,2344539904
PG,2025-05-21,2344539904
PG,2025-05-23,2344539904
PG,2025-05-28,2344539904
PG,2025-05-29,2350149888
PG,2025-06-03,2344539904
PG,2025-06-05,2357260032
PG,2025-06-06,2389910016
PG,2025-06-07,2344539904
PG,2025-06-10,2365600000
PG,2025-06-11,2344539904
PG,2025-06-13,2344539904
PG,2025-06-14,2386959872
PG,2025-06-17,2344539904
PG,2025-06-18,2344539904
PG,2025-06-19,2344539904
PG,2025-06-24,2344539904
PG,2025-06-26,2344539904
PG,2025-06-27,2349570048
PG,2025-07-01,2344539904
PG,2025-07-02,2344539904
PG,2025-07-03,2344539904
PG,2025-07-04,2344539904
PG,2025-07-08,2349360128
PG,2025-07-09,2344539904
PG,2025-07-10,2350050048
PG,2025-07-11,2358980096
PG,2025-07-12,2344539904
PG,2025-07-16,2344539904
PG,2025-07-17,2344539904
PG,2025-07-18,2344539904
PG,2025-07-23,2344539904
PG,2025-07-26,2344539904
PG,2025-07-29,2344539904
PG,2025-07-30,2342000128
PG,2025-08-06,2342370048
PG,2025-08-07,2342370048
PG,2025-08-09,2342370048
PG,2025-08-12,2342370048
PG,2025-08-13,2342370048
PG,2025-08-14,2342370048
PG,2025-08-16,2342370048
PG,2025-08-19,2342370048
PG,2025-08-21,2342370048
PG,2025-08-22,2342370048
PG,2025-08-23,2342370048
PG,2025-08-26,2342370048
PG,2025-09-09,2340489984
PG,2025-09-15,2356450048
PG,2025-09-16,2340489984
PG,2025-09-17,2340485262
PG,2025-09-20,2359684321
PG,2025-09-23,2385897434
PG,2025-09-26,2340485262
PG,2025-10-27,2352053497
PG,2025-10-28,2336733549
PG,2025-10-30,2336733549
PG,2025-10-31,2336733549
PG,2025-11-04,2336733549
PG,2025-11-05,2336733549
PG,2025-11-06,2336733549
PG,2025-11-07,2336733549
PG,2025-11-11,2336733549
PG,2025-11-12,2336733549
PG,2025-11-15,2341322516
PG,2025-11-17,2340485262
PG,2026-01-24,2336733549
PG,2026-04-28,2328598978
PG,2026-08-06,2324433060
PG,2026-09-01,2322672312
KO,2020-07-23,4295000064
KO,2020-07-24,4295439872
KO,2020-08-28,4295439872
KO,2020-09-05,4355850240
KO,2020-09-06,4295439872
KO,2020-09-21,4303949824
KO,2020-09-22,4295439872
KO,2020-10-24,4297430016
KO,2020-10-26,4297430016
KO,2020-11-26,4297430016
KO,2021-02-12,4302000128
KO,2021-03-02,4309309952
KO,2021-03-17,4236960000
KO,2021-04-21,4311000064
KO,2021-04-23,4324460032
KO,2021-04-24,4322079744
KO,2021-04-28,4311000064
KO,2021-04-29,4311680000
KO,2021-05-14,4311680000
KO,2021-05-25,4297520128
KO,2021-07-23,4315129856
KO,2021-07-29,4316619776
KO,2021-09-04,4316619776
KO,2021-09-25,4328629760
KO,2021-10-29,4319130112
KO,2021-10-31,4319419904
KO,2021-11-01,4319419904
KO,2022-02-12,4325000192
KO,2022-02-14,4325000192
KO,2022-02-24,4335470080
KO,2022-04-05,4334989824
KO,2022-04-27,4390389760
KO,2022-04-28,4331129856
KO,2022-04-30,4335029760
KO,2022-05-06,4335029760
KO,2022-06-29,4378880000
KO,2022-07-19,4394800128
KO,2022-07-20,4335029760
KO,2022-07-28,4326000128
KO,2022-07-30,4324630016
KO,2022-09-02,4324630016
KO,2022-10-21,4393719808
KO,2022-10-22,4324630016
KO,2022-10-28,4324510208
KO,2022-12-28,4350940160
KO,2023-02-17,4328000000
KO,2023-02-23,4326689792
KO,2023-03-08,4351929856
KO,2023-03-09,4326689792
KO,2023-03-14,4326309888
KO,2023-03-18,4346489856
KO,2023-03-21,4326309888
KO,2023-03-30,4357300224
KO,2023-03-31,4327009792
KO,2023-04-15,4333170176
KO,2023-04-21,4345330176
KO,2023-04-22,4326309888
KO,2023-04-25,4325000192
KO,2023-04-29,4324579840
KO,2023-05-04,4349040128
KO,2023-05-05,4344260096
KO,2023-05-06,4324579840
KO,2023-07-08,4382470144
KO,2023-07-12,4339890176
KO,2023-07-13,4324579840
KO,2023-08-22,4324340224
KO,2023-09-20,4324340224
KO,2023-10-11,4324340224
KO,2023-10-12,4324340224
KO,2023-10-13,4324340224
KO,2023-10-14,4324340224
KO,2023-10-17,4324340224
KO,2023-10-18,4324340224
KO,2023-10-19,4324340224
KO,2023-10-25,4324340224
KO,2023-10-26,4323409920
KO,2023-10-27,4323409920
KO,2023-10-28,4323409920
KO,2023-10-31,4323409920
KO,2023-11-02,4323409920
KO,2023-11-03,4323409920
KO,2023-11-04,4350080000
KO,2023-11-07,4323409920
KO,2023-11-08,4323409920
KO,2023-11-09,4323409920
KO,2023-11-11,4323409920
KO,2023-11-17,4323409920
KO,2023-11-21,4323409920
KO,2023-11-25,4323409920
KO,2023-11-30,4323409920
KO,2023-12-05,4323409920
KO,2023-12-06,4323409920
KO,2023-12-07,4323409920
KO,2023-12-15,4388590080
KO,2023-12-16,4323409920
KO,2023-12-22,4323409920
KO,2023-12-23,4323409920
KO,2023-12-27,4323409920
KO,2023-12-28,4323409920
KO,2023-12-29,4323409920
KO,2023-12-30,4323409920
KO,2024-01-04,4323409920
KO,2024-01-05,4337880064
KO,2024-01-06,4323409920
KO,2024-01-09,4323409920
KO,2024-01-13,4323409920
KO,2024-01-20,4323409920
KO,2024-01-23,4323409920
KO,2024-01-25,4323409920
KO,2024-01-26,4323409920
KO,2024-01-30,4323409920
KO,2024-02-01,4323409920
KO,2024-02-03,4323409920
KO,2024-02-07,4330630144
KO,2024-02-08,4323409920
KO,2024-02-09,4323409920
KO,2024-02-10,4343009792
KO,2024-02-13,4323409920
KO,2024-02-14,4307409920
KO,2024-02-22,4312459776
KO,2024-02-24,4312459776
KO,2024-02-27,4312459776
KO,2024-03-08,4312459776
KO,2024-03-09,4312459776
KO,2024-03-16,4312459776
KO,2024-03-20,4312459776
KO,2024-03-26,4311190016
KO,2024-04-04,4334249984
KO,2024-04-09,4328650240
KO,2024-04-12,4368150016
KO,2024-04-13,4311190016
KO,2024-04-16,4321569792
KO,2024-04-17,4317130240
KO,2024-05-02,4307999744
KO,2024-05-04,4307959808
KO,2024-05-09,4307959808
KO,2024-05-10,4307959808
KO,2024-05-11,4307959808
KO,2024-05-14,4307959808
KO,2024-05-15,4340729856
KO,2024-05-16,4307959808
KO,2024-05-17,4307959808
KO,2024-05-18,4327779840
KO,2024-05-20,4339630080
KO,2024-05-21,4307959808
KO,2024-05-24,4371089920
KO,2024-05-25,4307959808
KO,2024-05-29,4307959808
KO,2024-05-31,4307959808
KO,2024-06-05,4307959808
KO,2024-06-06,4307959808
KO,2024-06-12,4310669824
KO,2024-06-13,4353860096
KO,2024-06-14,4307959808
KO,2024-06-15,4338259968
KO,2024-06-18,4307959808
KO,2024-06-21,4339129856
KO,2024-06-25,4307959808
KO,2024-06-27,4307959808
KO,2024-06-28,4317389824
KO,2024-06-29,4307959808
KO,2024-07-03,4316819968
KO,2024-07-09,4307959808
KO,2024-07-10,4326510080
KO,2024-07-11,4307959808
KO,2024-07-16,4307959808
KO,2024-07-17,4307959808
KO,2024-07-18,4307959808
KO,2024-07-24,4308960256
KO,2024-07-30,4309870080
KO,2024-07-31,4309870080
KO,2024-08-03,4309870080
KO,2024-08-06,4309870080
KO,2024-08-07,4309870080
KO,2024-08-08,4309870080
KO,2024-08-09,4309870080
KO,2024-08-10,4309870080
KO,2024-08-13,4309870080
KO,2024-08-14,4309870080
KO,2024-08-16,4309870080
KO,2024-08-17,4309870080
KO,2024-08-22,4309870080
KO,2024-08-27,4309870080
KO,2024-08-29,4309870080
KO,2024-08-30,4309870080
KO,2024-08-31,4309870080
KO,2024-09-05,4309870080
KO,2024-09-06,4309870080
KO,2024-09-07,4311690240
KO,2024-09-10,4309870080
KO,2024-09-11,4309870080
KO,2024-09-12,4309870080
KO,2024-09-13,4309870080
KO,2024-09-17,4309870080
KO,2024-09-19,4309870080
KO,2024-09-20,4309870080
KO,2024-09-24,4309870080
KO,2024-09-27,4309870080
KO,2024-09-28,4309870080
KO,2024-09-30,4309870080
KO,2024-10-02,4309870080
KO,2024-10-04,4309870080
KO,2024-10-05,4309870080
KO,2024-10-09,4309870080
KO,2024-10-10,4309870080
KO,2024-10-12,4309870080
KO,2024-10-15,4309870080
KO,2024-10-17,4309870080
KO,2024-10-18,4309870080
KO,2024-10-22,4309870080
KO,2024-10-23,4309870080
KO,2024-10-24,4355469824
KO,2024-10-26,4380199936
KO,2024-10-28,4396630016
KO,2024-10-29,4307800064
KO,2024-10-30,4380729856
KO,2024-10-31,4307800064
KO,2024-11-02,4307800064
KO,2024-11-07,4307800064
KO,2024-11-08,4307800064
KO,2024-11-09,4307800064
KO,2024-11-13,4318700032
KO,2024-11-14,4321469952
KO,2024-11-15,4307800064
KO,2024-11-16,4364310016
KO,2024-11-21,4307800064
KO,2024-11-26,4307800064
KO,2024-11-27,4307800064
KO,2024-11-28,4307800064
KO,2024-11-30,4331330048
KO,2024-12-03,4307800064
KO,2024-12-04,4316610048
KO,2024-12-06,4307800064
KO,2024-12-07,4307800064
KO,2024-12-10,4307800064
KO,2024-12-11,4307800064
KO,2024-12-12,4307800064
KO,2024-12-14,4307800064
KO,2024-12-18,4307800064
KO,2024-12-21,4307800064
KO,2024-12-24,4307800064
KO,2024-12-25,4307800064
KO,2024-12-28,4307800064
KO,2025-01-01,4307800064
KO,2025-01-04,4314080256
KO,2025-01-07,4374389760
KO,2025-01-16,4307800064
KO,2025-01-17,4307800064
KO,2025-01-22,4327810048
KO,2025-01-24,4307800064
KO,2025-01-25,4307800064
KO,2025-01-28,4307800064
KO,2025-01-29,4307800064
KO,2025-02-01,4307800064
KO,2025-02-06,4307800064
KO,2025-02-08,4307800064
KO,2025-02-12,4302000128
KO,2025-02-22,4301000192
KO,2025-02-26,4301000192
KO,2025-02-27,4301000192
KO,2025-02-28,4301000192
KO,2025-03-04,4301000192
KO,2025-03-06,4301000192
KO,2025-03-11,4301000192
KO,2025-03-13,4301000192
KO,2025-03-14,4301000192
KO,2025-03-15,4301000192
KO,2025-03-18,4303569920
KO,2025-03-19,4309779968
KO,2025-03-20,4303569920
KO,2025-03-21,4303569920
KO,2025-03-22,4368739840
KO,2025-03-26,4303569920
KO,2025-03-27,4303569920
KO,2025-03-28,4303569920
KO,2025-03-29,4303569920
KO,2025-04-03,4303569920
KO,2025-04-04,4303569920
KO,2025-04-22,4317170176
KO,2025-04-23,4303569920
KO,2025-04-24,4338789888
KO,2025-04-25,4303569920
KO,2025-04-26,4340069888
KO,2025-04-29,4303569920
KO,2025-04-30,4304000000
KO,2025-05-01,4304000000
KO,2025-05-03,4304269824
KO,2025-05-07,4304269824
KO,2025-05-10,4304269824
KO,2025-05-13,4304269824
KO,2025-05-28,4304269824
KO,2025-05-29,4342380032
KO,2025-05-30,4304269824
KO,2025-05-31,4304269824
KO,2025-06-03,4304269824
KO,2025-06-06,4332190208
KO,2025-06-12,4304269824
KO,2025-06-13,4304269824
KO,2025-06-14,4304269824
KO,2025-06-17,4304269824
KO,2025-06-18,4359909888
KO,2025-06-19,4304269824
KO,2025-06-24,4304269824
KO,2025-06-25,4304269824
KO,2025-06-27,4304269824
KO,2025-06-28,4304269824
KO,2025-07-02,4304269824
KO,2025-07-03,4304269824
KO,2025-07-04,4304269824
KO,2025-07-08,4304269824
KO,2025-07-09,4304269824
KO,2025-07-10,4304269824
KO,2025-07-11,4322229760
KO,2025-07-15,4304269824
KO,2025-07-17,4304269824
KO,2025-07-22,4304269824
KO,2025-07-23,4304269824
KO,2025-07-25,4304269824
KO,2025-07-26,4303669760
KO,2025-07-31,4303669760
KO,2025-08-02,4303669760
KO,2025-08-07,4303669760
KO,2025-08-08,4303669760
KO,2025-08-09,4303669760
KO,2025-08-12,4303669760
KO,2025-08-13,4303669760
KO,2025-08-21,4303669760
KO,2025-08-23,4303669760
KO,2025-08-26,4303669760
KO,2025-08-27,4303669760
KO,2025-08-28,4303669760
KO,2025-08-29,4303669760
KO,2025-08-30,4303669760
KO,2025-09-05,4303669760
KO,2025-09-06,4303669760
KO,2025-09-09,4303669760
KO,2025-09-10,4303669760
KO,2025-09-12,4316400128
KO,2025-09-13,4303669760
KO,2025-09-16,4303669760
KO,2025-09-17,4303667252
KO,2025-09-19,4303667252
KO,2025-09-20,4303667252
KO,2025-09-23,4317967309
KO,2025-09-25,4303667252
KO,2025-09-26,4303667252
KO,2025-09-30,4303667252
KO,2025-10-02,4303667252
KO,2025-10-03,4303667252
KO,2025-10-14,4303667252
KO,2025-10-15,4303667252
KO,2025-10-16,4303667252
KO,2025-10-17,4303667252
KO,2025-10-18,4303667252
KO,2025-10-22,4303667252
KO,2025-10-23,4302000000
KO,2025-10-24,4355513583
KO,2025-10-25,4301608845
KO,2025-10-28,4301608845
KO,2025-10-29,4301608845
KO,2025-10-30,4301608845
KO,2025-10-31,4301608845
KO,2025-11-01,4306603456
KO,2025-11-05,4301608845
KO,2025-11-11,4301608845
KO,2025-11-13,4301608845
KO,2025-11-14,4301608845
KO,2025-11-17,4303667252
KO,2026-02-12,4301608846
KO,2026-02-27,4301608845
KO,2026-03-21,4304152877
KO,2026-04-29,4301723069
KO,2026-04-30,4303000000
KO,2026-05-05,4302482418
KO,2026-07-29,4303000000
KO,2026-07-31,4302549243
PEP,2020-08-28,1394400000
PEP,2020-09-01,1384630016
PEP,2020-09-05,1384630016
PEP,2020-09-06,1384630016
PEP,2020-09-21,1402850048
PEP,2020-10-05,1381959936
PEP,2020-11-26,1381959936
PEP,2021-02-12,1379609984
PEP,2021-02-15,1379609984
PEP,2021-03-13,1381479936
PEP,2021-03-17,1379609984
PEP,2021-03-26,1380050048
PEP,2021-04-16,1381629952
PEP,2021-04-19,1381629952
PEP,2021-04-23,1390240000
PEP,2021-04-24,1392530048
PEP,2021-04-27,1381629952
PEP,2021-06-17,1395529984
PEP,2021-06-18,1381629952
PEP,2021-07-09,1382279936
PEP,2021-07-10,1385139968
PEP,2021-07-14,1382109952
PEP,2021-07-15,1382109952
PEP,2021-10-06,1382649984
PEP,2021-10-19,1388950016
PEP,2022-02-04,1383440000
PEP,2022-02-05,1382649984
PEP,2022-02-11,1383449984
PEP,2022-03-04,1394040064
PEP,2022-03-05,1383449984
PEP,2022-03-28,1383250048
PEP,2022-04-29,1382680064
PEP,2022-06-03,1384259968
PEP,2022-06-05,1382680064
PEP,2022-07-01,1383260032
PEP,2022-07-02,1382680064
PEP,2022-07-08,1385440000
PEP,2022-07-09,1382680064
PEP,2022-07-13,1380080000
PEP,2022-08-05,1387619968
PEP,2022-08-06,1380080000
PEP,2022-09-02,1380080000
PEP,2022-09-17,1380080000
PEP,2022-10-14,1377709952
PEP,2022-12-06,1397040000
PEP,2022-12-07,1377709952
PEP,2023-01-04,1387309952
PEP,2023-01-05,1377709952
PEP,2023-02-11,1377250048
PEP,2023-03-04,1378599936
PEP,2023-03-05,1377250048
PEP,2023-03-18,1388099968
PEP,2023-03-21,1377250048
PEP,2023-03-23,1377309952
PEP,2023-03-30,1386829952
PEP,2023-03-31,1377309952
PEP,2023-04-25,1377980032
PEP,2023-04-27,1377689984
PEP,2023-05-04,1378189952
PEP,2023-05-06,1377689984
PEP,2023-07-08,1404179968
PEP,2023-07-09,1377689984
PEP,2023-07-16,1376579968
PEP,2023-08-21,1376579968
PEP,2023-08-23,1387160064
PEP,2023-08-24,1376579968
PEP,2023-09-13,1381680000
PEP,2023-09-15,1376579968
PEP,2023-10-10,1376579968
PEP,2023-10-11,1376579968
PEP,2023-10-12,1374860032
PEP,2023-10-13,1374860032
PEP,2023-10-14,1374860032
PEP,2023-10-15,1374860032
PEP,2023-10-16,1374860032
PEP,2023-10-17,1374860032
PEP,2023-10-18,1374860032
PEP,2023-10-19,1374860032
PEP,2023-10-20,1374860032
PEP,2023-10-22,1374860032
PEP,2023-10-24,1374860032
PEP,2023-10-25,1374860032
PEP,2023-10-27,1374860032
PEP,2023-10-28,1374860032
PEP,2023-10-31,1374860032
PEP,2023-11-03,1374860032
PEP,2023-11-04,1375190016
PEP,2023-11-07,1374860032
PEP,2023-11-08,1374860032
PEP,2023-11-09,1374860032
PEP,2023-11-11,1374860032
PEP,2023-11-14,1374860032
PEP,2023-11-16,1374860032
PEP,2023-11-21,1374860032
PEP,2023-11-23,1374860032
PEP,2023-11-25,1374860032
PEP,2023-11-29,1374860032
PEP,2023-11-30,1374860032
PEP,2023-12-01,1374860032
PEP,2023-12-05,1374860032
PEP,2023-12-06,1374860032
PEP,2023-12-07,1374860032
PEP,2023-12-08,1374860032
PEP,2023-12-12,1374860032
PEP,2023-12-15,1405170048
PEP,2023-12-16,1374860032
PEP,2023-12-20,1374860032
PEP,2023-12-21,1374860032
PEP,2023-12-22,1374860032
PEP,2023-12-29,1374860032
PEP,2023-12-30,1378680064
PEP,2024-01-03,1374860032
PEP,2024-01-05,1374860032
PEP,2024-01-09,1374860032
PEP,2024-01-12,1374860032
PEP,2024-01-16,1374860032
PEP,2024-01-23,1380440064
PEP,2024-01-24,1374860032
PEP,2024-01-25,1374860032
PEP,2024-01-27,1374860032
PEP,2024-01-30,1374860032
PEP,2024-02-01,1374860032
PEP,2024-02-03,1380979968
PEP,2024-02-06,1374860032
PEP,2024-02-07,1374860032
PEP,2024-02-08,1374860032
PEP,2024-02-10,1425619968
PEP,2024-02-13,1374429952
PEP,2024-02-15,1374429952
PEP,2024-02-17,1374429952
PEP,2024-02-20,1374429952
PEP,2024-02-21,1374429952
PEP,2024-02-22,1374429952
PEP,2024-02-27,1374429952
PEP,2024-03-02,1374429952
PEP,2024-03-04,1374680064
PEP,2024-03-05,1374429952
PEP,2024-03-06,1374429952
PEP,2024-03-07,1374429952
PEP,2024-03-08,1374429952
PEP,2024-03-12,1374429952
PEP,2024-03-13,1374429952
PEP,2024-03-19,1374429952
PEP,2024-03-20,1374429952
PEP,2024-03-23,1377859968
PEP,2024-03-26,1374509952
PEP,2024-04-02,1374509952
PEP,2024-04-04,1388850048
PEP,2024-04-12,1374509952
PEP,2024-04-13,1374509952
PEP,2024-04-19,1374509952
PEP,2024-04-20,1374509952
PEP,2024-04-24,1374790016
PEP,2024-04-25,1374790016
PEP,2024-04-26,1374790016
PEP,2024-05-01,1376969984
PEP,2024-05-02,1374790016
PEP,2024-05-03,1374790016
PEP,2024-05-04,1374790016
PEP,2024-05-07,1374790016
PEP,2024-05-11,1374790016
PEP,2024-05-15,1382659968
PEP,2024-05-16,1374790016
PEP,2024-05-18,1374790016
PEP,2024-05-20,1389120000
PEP,2024-05-21,1374790016
PEP,2024-05-24,1374790016
PEP,2024-05-25,1374790016
PEP,2024-05-29,1374790016
PEP,2024-05-31,1374790016
PEP,2024-06-12,1374790016
PEP,2024-06-13,1374790016
PEP,2024-06-14,1374790016
PEP,2024-06-15,1374790016
PEP,2024-06-18,1374790016
PEP,2024-06-27,1374790016
PEP,2024-06-28,1374790016
PEP,2024-06-29,1374790016
PEP,2024-07-09,1374790016
PEP,2024-07-10,1374790016
PEP,2024-07-12,1374790016
PEP,2024-07-16,1374790016
PEP,2024-07-19,1381760000
PEP,2024-07-20,1373570048
PEP,2024-07-24,1384969984
PEP,2024-08-13,1381340032
PEP,2024-08-30,1388179968
PEP,2024-09-07,1388440064
PEP,2024-09-11,1376349952
PEP,2024-09-12,1373570048
PEP,2024-09-17,1374739968
PEP,2024-09-21,1401500032
PEP,2024-10-09,1371990016
PEP,2024-10-10,1371990016
PEP,2024-10-12,1371990016
PEP,2024-10-15,1371990016
PEP,2024-10-16,1372070016
PEP,2024-10-17,1371990016
PEP,2024-10-18,1371990016
PEP,2024-10-22,1371990016
PEP,2024-10-24,1371990016
PEP,2024-10-26,1381250048
PEP,2024-10-28,1397110016
PEP,2024-10-29,1371990016
PEP,2024-10-30,1371990016
PEP,2024-10-31,1381810048
PEP,2024-11-02,1371990016
PEP,2024-11-05,1371990016
PEP,2024-11-07,1371990016
PEP,2024-11-08,1371990016
PEP,2024-11-09,1371990016
PEP,2024-11-13,1371990016
PEP,2024-11-14,1371990016
PEP,2024-11-16,1428470016
PEP,2024-11-19,1374499968
PEP,2024-11-20,1371990016
PEP,2024-11-21,1371990016
PEP,2024-11-23,1371990016
PEP,2024-12-04,1371990016
PEP,2024-12-06,1371990016
PEP,2024-12-07,1371990016
PEP,2024-12-11,1371990016
PEP,2024-12-17,1371990016
PEP,2024-12-24,1371990016
PEP,2025-01-01,1371990016
PEP,2025-01-03,1371990016
PEP,2025-01-04,1377120000
PEP,2025-01-07,1371990016
PEP,2025-01-08,1371990016
PEP,2025-01-09,1371990016
PEP,2025-01-17,1371990016
PEP,2025-01-18,1371990016
PEP,2025-01-22,1371990016
PEP,2025-01-23,1371990016
PEP,2025-01-24,1371990016
PEP,2025-01-25,1371990016
PEP,2025-01-31,1371990016
PEP,2025-02-01,1371990016
PEP,2025-02-04,1371990016
PEP,2025-02-05,1371500032
PEP,2025-02-06,1371500032
PEP,2025-02-08,1371500032
PEP,2025-02-13,1371500032
PEP,2025-02-14,1371500032
PEP,2025-02-15,1371500032
PEP,2025-02-22,1371500032
PEP,2025-02-26,1371500032
PEP,2025-02-27,1415949952
PEP,2025-02-28,1371500032
PEP,2025-03-04,1371500032
PEP,2025-03-05,1371500032
PEP,2025-03-08,1371500032
PEP,2025-03-11,1371500032
PEP,2025-03-13,1371500032
PEP,2025-03-14,1371500032
PEP,2025-03-15,1371500032
PEP,2025-03-18,1371500032
PEP,2025-03-19,1379650048
PEP,2025-03-20,1371500032
PEP,2025-03-21,1371500032
PEP,2025-03-22,1371500032
PEP,2025-03-26,1371500032
PEP,2025-03-27,1371500032
PEP,2025-04-01,1371309952
PEP,2025-04-10,1385110016
PEP,2025-04-11,1371309952
PEP,2025-04-22,1382050048
PEP,2025-04-23,1371309952
PEP,2025-04-24,1382880000
PEP,2025-04-25,1371079936
PEP,2025-04-26,1390919936
PEP,2025-04-29,1371079936
PEP,2025-05-06,1371079936
PEP,2025-05-07,1384189952
PEP,2025-05-08,1371079936
PEP,2025-05-10,1381490048
PEP,2025-05-13,1371079936
PEP,2025-05-14,1390930048
PEP,2025-05-15,1371079936
PEP,2025-05-20,1371079936
PEP,2025-05-21,1371079936
PEP,2025-05-23,1371079936
PEP,2025-05-28,1371079936
PEP,2025-05-29,1371079936
PEP,2025-05-30,1371079936
PEP,2025-05-31,1375980032
PEP,2025-06-05,1372220032
PEP,2025-06-06,1377670016
PEP,2025-06-07,1371079936
PEP,2025-06-10,1371820032
PEP,2025-06-18,1393560064
PEP,2025-06-19,1373420032
PEP,2025-06-25,1371079936
PEP,2025-06-26,1371079936
PEP,2025-06-27,1371079936
PEP,2025-06-28,1371079936
PEP,2025-07-02,1371079936
PEP,2025-07-08,1380560000
PEP,2025-07-09,1371079936
PEP,2025-07-10,1376790016
PEP,2025-07-11,1387389952
PEP,2025-07-12,1371079936
PEP,2025-07-15,1371079936
PEP,2025-07-16,1371079936
PEP,2025-07-18,1369080064
PEP,2025-07-23,1369080064
PEP,2025-07-24,1369080064
PEP,2025-07-26,1369080064
PEP,2025-07-29,1369080064
PEP,2025-07-30,1369080064
PEP,2025-07-31,1369080064
PEP,2025-08-01,1369080064
PEP,2025-08-02,1369080064
PEP,2025-08-06,1369080064
PEP,2025-08-07,1369080064
PEP,2025-08-08,1369080064
PEP,2025-08-12,1369080064
PEP,2025-08-16,1369080064
PEP,2025-08-19,1369080064
PEP,2025-08-20,1369080064
PEP,2025-08-27,1369080064
PEP,2025-08-28,1369080064
PEP,2025-09-03,1369080064
PEP,2025-09-04,1369080064
PEP,2025-09-05,1385389952
PEP,2025-09-10,1369080064
PEP,2025-09-11,1369080064
PEP,2025-09-13,1369080064
PEP,2025-09-15,1397209984
PEP,2025-09-16,1369080064
PEP,2025-09-17,1369077204
PEP,2025-09-18,1369077204
PEP,2025-09-20,1369077204
PEP,2025-09-23,1376163826
PEP,2025-09-24,1369077204
PEP,2025-09-26,1369077204
PEP,2025-09-30,1371714365
PEP,2025-10-01,1369077204
PEP,2025-10-02,1369077204
PEP,2025-10-03,1369077204
PEP,2025-10-06,1372259310
PEP,2025-10-07,1369077204
PEP,2025-10-08,1369077204
PEP,2025-10-10,1367340122
PEP,2025-10-15,1367340122
PEP,2025-10-18,1367340122
PEP,2025-10-20,1367963097
PEP,2025-10-21,1367963097
PEP,2025-10-22,1372071094
PEP,2025-10-23,1367340122
PEP,2025-10-24,1367340122
PEP,2025-10-28,1367340122
PEP,2025-10-31,1367340122
PEP,2025-11-01,1367340122
PEP,2025-11-04,1367340122
PEP,2025-11-06,1367340122
PEP,2025-11-14,1367340122
PEP,2025-11-17,1369077204
PEP,2026-02-04,1367340123
PEP,2026-03-30,1366940965
PEP,2026-04-20,1366940966
PEP,2026-07-10,1366000000
PEP,2026-07-11,1364891558
WMT,2020-06-05,2831950080
WMT,2020-08-04,2829760000
WMT,2020-08-28,2831950080
WMT,2020-09-05,2831950080
WMT,2020-09-06,2833750016
WMT,2020-09-21,2863079936
WMT,2020-09-22,2833750016
WMT,2020-11-26,2833750016
WMT,2020-12-04,2829289984
WMT,2021-03-17,2844770048
WMT,2021-03-23,2817070080
WMT,2021-04-14,2825760000
WMT,2021-04-23,2847930112
WMT,2021-04-25,2843249920
WMT,2021-04-27,2813479936
WMT,2021-06-08,2802149888
WMT,2021-07-08,2802149888
WMT,2021-09-05,2788499968
WMT,2021-09-11,2798629888
WMT,2021-11-27,2820059904
WMT,2021-11-28,2788499968
WMT,2021-12-03,2822870016
WMT,2021-12-04,2788499968
WMT,2021-12-05,2773880064
WMT,2022-02-11,2773880064
WMT,2022-03-22,2751780096
WMT,2022-04-23,2752780032
WMT,2022-04-25,2752780032
WMT,2022-05-12,2781870080
WMT,2022-05-14,2752780032
WMT,2022-05-19,2953339904
WMT,2022-05-20,2752780032
WMT,2022-06-07,2741149952
WMT,2022-08-05,2848770048
WMT,2022-08-06,2741149952
WMT,2022-09-01,2741149952
WMT,2022-09-02,2741149952
WMT,2022-09-06,2714240000
WMT,2022-09-10,2706109952
WMT,2022-09-12,2714240000
WMT,2022-09-17,2719940096
WMT,2022-12-03,2710949888
WMT,2022-12-04,2696800000
WMT,2022-12-06,2724720128
WMT,2022-12-07,2696800000
WMT,2023-03-21,2695660032
WMT,2023-03-30,2707290112
WMT,2023-03-31,2695660032
WMT,2023-04-24,2697349888
WMT,2023-04-25,2715660032
WMT,2023-04-27,2697349888
WMT,2023-05-04,2707379968
WMT,2023-05-06,2697349888
WMT,2023-05-10,2701939968
WMT,2023-05-11,2704950016
WMT,2023-05-14,2697349888
WMT,2023-06-06,2692839936
WMT,2023-08-21,2692839936
WMT,2023-08-23,2701410048
WMT,2023-08-24,2692839936
WMT,2023-09-04,2692839936
WMT,2023-09-05,2691559936
WMT,2023-09-16,2701540096
WMT,2023-10-10,2691559936
WMT,2023-10-11,2691559936
WMT,2023-10-12,2691559936
WMT,2023-10-13,2691559936
WMT,2023-10-14,2691559936
WMT,2023-10-17,2691559936
WMT,2023-10-18,2691559936
WMT,2023-10-19,2691559936
WMT,2023-10-22,2691559936
WMT,2023-10-25,2691559936
WMT,2023-10-26,2691559936
WMT,2023-10-27,2691559936
WMT,2023-10-31,2691559936
WMT,2023-11-01,2691559936
WMT,2023-11-03,2691559936
WMT,2023-11-04,2705619968
WMT,2023-11-09,2691559936
WMT,2023-11-11,2691559936
WMT,2023-11-14,2691559936
WMT,2023-11-15,2691559936
WMT,2023-11-16,2691559936
WMT,2023-12-02,2692229888
WMT,2023-12-05,2692229888
WMT,2023-12-06,2692229888
WMT,2023-12-09,2692229888
WMT,2023-12-13,2692229888
WMT,2023-12-15,2725499904
WMT,2023-12-16,2692229888
WMT,2023-12-19,2692229888
WMT,2023-12-21,2692229888
WMT,2023-12-22,2692229888
WMT,2023-12-26,2692229888
WMT,2023-12-27,2692229888
WMT,2023-12-28,2692229888
WMT,2024-01-05,2718510080
WMT,2024-01-09,2692229888
WMT,2024-01-12,2692229888
WMT,2024-01-13,2692229888
WMT,2024-01-17,2692229888
WMT,2024-01-19,2692229888
WMT,2024-01-20,2692229888
WMT,2024-01-25,2692229888
WMT,2024-01-30,2692229888
WMT,2024-01-31,2692229888
WMT,2024-02-01,2697769984
WMT,2024-02-07,2692229888
WMT,2024-02-10,2693669888
WMT,2024-02-13,2692229888
WMT,2024-02-14,2692229888
WMT,2024-02-15,2692229888
WMT,2024-02-17,2692229888
WMT,2024-02-21,2692229888
WMT,2024-02-22,2692229888
WMT,2024-02-24,2692229888
WMT,2024-02-26,2692229888
WMT,2024-02-27,8052789760
WMT,2024-03-13,8069879808
WMT,2024-03-14,8052789760
WMT,2024-03-19,8058050048
WMT,2024-03-20,8058050048
WMT,2024-03-21,8058050048
WMT,2024-03-22,8058050048
WMT,2024-03-23,8134830080
WMT,2024-03-26,8058050048
WMT,2024-03-27,8058050048
WMT,2024-03-28,8058050048
WMT,2024-04-12,8058050048
WMT,2024-04-16,8058050048
WMT,2024-04-17,8058050048
WMT,2024-04-18,8058050048
WMT,2024-04-24,8058050048
WMT,2024-04-25,8058050048
WMT,2024-04-26,8058050048
WMT,2024-04-27,8059789824
WMT,2024-05-01,8180660224
WMT,2024-05-03,8059789824
WMT,2024-05-04,8059789824
WMT,2024-05-07,8059789824
WMT,2024-05-08,8059789824
WMT,2024-05-10,8059789824
WMT,2024-05-11,8059789824
WMT,2024-05-14,8059789824
WMT,2024-05-15,8133850112
WMT,2024-05-16,8059789824
WMT,2024-05-17,8059789824
WMT,2024-05-18,8059789824
WMT,2024-05-20,8118819840
WMT,2024-05-21,8059789824
WMT,2024-05-22,8059789824
WMT,2024-05-23,8059789824
WMT,2024-05-24,8059789824
WMT,2024-05-25,8059789824
WMT,2024-05-31,8059789824
WMT,2024-06-01,8059789824
WMT,2024-06-05,8059789824
WMT,2024-06-11,8043539968
WMT,2024-06-12,8043539968
WMT,2024-06-13,8043539968
WMT,2024-06-15,8043539968
WMT,2024-06-21,8043539968
WMT,2024-06-26,8043539968
WMT,2024-06-28,8043539968
WMT,2024-07-17,8043539968
WMT,2024-07-18,8043539968
WMT,2024-07-19,8051500032
WMT,2024-07-20,8043539968
WMT,2024-07-23,8043539968
WMT,2024-07-24,8043539968
WMT,2024-07-25,8110170112
WMT,2024-07-26,8043539968
WMT,2024-07-27,8043539968
WMT,2024-07-30,8043539968
WMT,2024-08-01,8043539968
WMT,2024-08-02,8043539968
WMT,2024-08-07,8043539968
WMT,2024-08-09,8043539968
WMT,2024-08-13,8043539968
WMT,2024-08-14,8043539968
WMT,2024-08-16,8043539968
WMT,2024-09-01,8043539968
WMT,2024-09-03,8038249984
WMT,2024-09-04,8038249984
WMT,2024-09-06,8038249984
WMT,2024-09-07,8038249984
WMT,2024-09-11,8038249984
WMT,2024-09-12,8038249984
WMT,2024-09-13,8038249984
WMT,2024-09-14,8038249984
WMT,2024-09-17,8038249984
WMT,2024-09-20,8038249984
WMT,2024-09-21,8038249984
WMT,2024-09-25,8038249984
WMT,2024-09-27,8038249984
WMT,2024-09-28,8038249984
WMT,2024-09-30,8038249984
WMT,2024-10-01,8038249984
WMT,2024-10-08,8038249984
WMT,2024-10-09,8038249984
WMT,2024-10-11,8038249984
WMT,2024-10-18,8038249984
WMT,2024-10-23,8038249984
WMT,2024-10-24,8038249984
WMT,2024-10-26,8112289792
WMT,2024-10-28,8088759808
WMT,2024-10-29,8038249984
WMT,2024-10-30,8038249984
WMT,2024-10-31,8038249984
WMT,2024-11-01,8038249984
WMT,2024-11-07,8038249984
WMT,2024-11-08,8038249984
WMT,2024-11-09,8038249984
WMT,2024-11-12,8038249984
WMT,2024-11-13,8038249984
WMT,2024-11-15,8038249984
WMT,2024-11-16,8059239936
WMT,2024-11-19,8054499840
WMT,2024-11-20,8038249984
WMT,2024-12-11,8033390080
WMT,2024-12-13,8107670016
WMT,2024-12-14,8093899776
WMT,2025-01-17,8033390080
WMT,2025-02-01,8073489920
WMT,2025-02-08,8168399872
WMT,2025-02-14,8033390080
WMT,2025-02-20,8033390080
WMT,2025-02-22,8033390080
WMT,2025-02-25,8033390080
WMT,2025-02-28,8033390080
WMT,2025-03-01,8033390080
WMT,2025-03-04,8117349888
WMT,2025-03-11,8390139904
WMT,2025-03-12,8033390080
WMT,2025-03-13,8033390080
WMT,2025-03-14,8033390080
WMT,2025-03-15,8033390080
WMT,2025-03-18,8016849920
WMT,2025-03-19,8016849920
WMT,2025-03-20,8016849920
WMT,2025-03-22,8016849920
WMT,2025-03-25,8016849920
WMT,2025-03-26,8016849920
WMT,2025-03-28,8016849920
WMT,2025-04-01,8016849920
WMT,2025-04-03,8016849920
WMT,2025-04-08,8016849920
WMT,2025-04-10,8016849920
WMT,2025-04-11,8016849920
WMT,2025-04-12,8016849920
WMT,2025-04-16,8016849920
WMT,2025-04-17,8016849920
WMT,2025-04-18,8016849920
WMT,2025-04-22,8087119872
WMT,2025-04-23,8016849920
WMT,2025-04-25,8016849920
WMT,2025-04-26,8080079872
WMT,2025-04-29,8000889856
WMT,2025-05-07,8000889856
WMT,2025-05-10,8000889856
WMT,2025-05-15,8040750080
WMT,2025-05-16,8000889856
WMT,2025-05-29,8028859904
WMT,2025-05-30,8000889856
WMT,2025-06-06,8114420224
WMT,2025-06-07,8000889856
WMT,2025-06-10,8002529792
WMT,2025-06-11,7980420096
WMT,2025-06-17,7993110016
WMT,2025-06-18,7983799808
WMT,2025-06-19,7980420096
WMT,2025-06-25,7980420096
WMT,2025-06-26,7980420096
WMT,2025-06-27,8083480064
WMT,2025-07-01,7980420096
WMT,2025-07-02,7980420096
WMT,2025-07-08,8166179840
WMT,2025-07-09,7980420096
WMT,2025-07-10,8003500032
WMT,2025-07-11,8019310080
WMT,2025-07-12,7980420096
WMT,2025-07-19,7980420096
WMT,2025-07-22,7980420096
WMT,2025-07-23,7980420096
WMT,2025-07-24,7980420096
WMT,2025-07-25,7980420096
WMT,2025-07-31,7980420096
WMT,2025-08-02,7980420096
WMT,2025-08-05,7980420096
WMT,2025-08-07,7980420096
WMT,2025-08-08,7998989824
WMT,2025-08-14,7980420096
WMT,2025-08-19,7980420096
WMT,2025-08-21,7980420096
WMT,2025-08-30,7980420096
WMT,2025-09-02,7972850176
WMT,2025-09-05,7972850176
WMT,2025-09-13,7972850176
WMT,2025-09-15,7972850176
WMT,2025-09-17,7972851122
WMT,2025-09-18,7972851122
WMT,2025-09-19,7972851122
WMT,2025-09-20,8071800804
WMT,2025-09-27,7972851122
WMT,2025-09-30,7979038822
WMT,2025-10-01,7980587248
WMT,2025-10-02,8066686169
WMT,2025-10-09,7972851122
WMT,2025-10-11,7972851122
WMT,2025-10-14,7972851122
WMT,2025-10-15,7972851122
WMT,2025-10-17,7972851122
WMT,2025-10-20,8023496043
WMT,2025-10-22,8086191408
WMT,2025-10-23,7972851122
WMT,2025-10-24,7972851122
WMT,2025-10-25,7972851122
WMT,2025-10-27,8102590252
WMT,2025-10-28,7972851122
WMT,2025-10-29,7972851122
WMT,2025-10-30,7972851122
WMT,2025-11-01,8055589743
WMT,2025-11-05,7972851122
WMT,2025-11-06,7972851122
WMT,2025-11-07,7972851122
WMT,2025-11-11,7972851122
WMT,2025-11-12,7972851122
WMT,2025-11-15,7977519068
WMT,2025-11-17,7980418164
WMT,2025-12-05,7972851122
WMT,2026-03-19,7972402501
WMT,2026-04-24,7970990515
WMT,2026-04-25,7970990515
WMT,2026-06-01,7958079155
WMT,2026-09-01,7933746241
COST,2020-06-08,441524000
COST,2020-08-03,441524000
COST,2020-08-05,441524000
COST,2020-08-28,441524000
COST,2020-08-31,441524000
COST,2020-09-05,441524000
COST,2020-09-06,441524000
COST,2020-09-21,445360992
COST,2020-09-28,441255008
COST,2020-10-09,441228000
COST,2020-11-26,441228000
COST,2020-12-12,442955008
COST,2020-12-18,442955008
COST,2021-03-06,442654016
COST,2021-03-08,442654016
COST,2021-03-12,442534016
COST,2021-03-17,447793984
COST,2021-03-18,442534016
COST,2021-04-10,440108992
COST,2021-04-13,440592992
COST,2021-04-23,445907008
COST,2021-04-24,443494016
COST,2021-04-27,442534016
COST,2021-05-29,442140992
COST,2021-05-31,442140992
COST,2021-06-04,442068992
COST,2021-09-21,450271008
COST,2021-09-22,442068992
COST,2021-09-27,441824992
COST,2021-10-08,441824000
COST,2021-12-14,443433984
COST,2021-12-24,443432000
COST,2022-02-11,443432000
COST,2022-03-09,443279008
COST,2022-03-12,443224000
COST,2022-03-15,444463008
COST,2022-03-16,443224000
COST,2022-03-24,447544000
COST,2022-03-25,443224000
COST,2022-04-27,454790016
COST,2022-04-28,443224000
COST,2022-05-04,443953984
COST,2022-05-06,443224000
COST,2022-05-31,443028992
COST,2022-06-07,442963008
COST,2022-06-14,442963008
COST,2022-09-02,442963008
COST,2022-09-22,448756992
COST,2022-09-23,442963008
COST,2022-10-01,442664000
COST,2022-10-04,437604992
COST,2022-10-05,442664000
COST,2022-10-06,442604000
COST,2022-10-18,433526016
COST,2022-10-19,442604000
COST,2022-10-21,449091008
COST,2022-10-22,442604000
COST,2022-12-07,449503008
COST,2022-12-08,442604000
COST,2022-12-09,443864000
COST,2022-12-14,443840992
COST,2022-12-31,443728992
COST,2023-02-04,451168000
COST,2023-02-05,443728992
COST,2023-03-04,453467008
COST,2023-03-05,443728992
COST,2023-03-08,443550016
COST,2023-03-11,443483008
COST,2023-03-18,443673984
COST,2023-03-21,443483008
COST,2023-03-23,446668000
COST,2023-03-24,443483008
COST,2023-04-01,448347008
COST,2023-04-05,444108000
COST,2023-04-07,443483008
COST,2023-04-21,452022016
COST,2023-04-22,443483008
COST,2023-04-25,447924000
COST,2023-05-11,444486016
COST,2023-05-12,443483008
COST,2023-05-27,443222016
COST,2023-06-02,443148000
COST,2023-06-23,443216992
COST,2023-06-24,443148000
COST,2023-07-12,445360000
COST,2023-07-13,443148000
COST,2023-07-19,443652992
COST,2023-07-21,443148000
COST,2023-08-22,443148000
COST,2023-09-27,447684000
COST,2023-09-30,442792992
COST,2023-10-04,442792992
COST,2023-10-06,442792992
COST,2023-10-10,442792992
COST,2023-10-11,442792992
COST,2023-10-13,442740992
COST,2023-10-14,442740992
COST,2023-10-15,442740992
COST,2023-10-17,442740992
COST,2023-10-19,442740992
COST,2023-10-20,449792992
COST,2023-10-21,442740992
COST,2023-10-25,443102016
COST,2023-11-01,442740992
COST,2023-11-04,442740992
COST,2023-11-07,442740992
COST,2023-11-09,444668000
COST,2023-11-10,442740992
COST,2023-11-29,442740992
COST,2023-11-30,442740992
COST,2023-12-01,442740992
COST,2023-12-02,442740992
COST,2023-12-03,442763008
COST,2023-12-05,442740992
COST,2023-12-07,442740992
COST,2023-12-09,442740992
COST,2023-12-12,443830016
COST,2023-12-13,443830016
COST,2023-12-14,443830016
COST,2023-12-15,451310016
COST,2023-12-16,443787008
COST,2023-12-22,443728000
COST,2023-12-26,443728000
COST,2023-12-28,443728000
COST,2023-12-29,443728000
COST,2024-01-02,443728000
COST,2024-01-10,443728000
COST,2024-01-11,443728000
COST,2024-01-16,443728000
COST,2024-01-20,443728000
COST,2024-01-23,445304992
COST,2024-01-24,443728000
COST,2024-01-30,443728000
COST,2024-02-02,443728000
COST,2024-02-03,443728000
COST,2024-02-08,443728000
COST,2024-02-09,443728000
COST,2024-02-10,444256000
COST,2024-02-13,443728000
COST,2024-02-16,443728000
COST,2024-02-17,443728000
COST,2024-02-22,443728000
COST,2024-02-24,443728000
COST,2024-02-28,443728000
COST,2024-03-01,443728000
COST,2024-03-02,443728000
COST,2024-03-04,443823008
COST,2024-03-05,443728000
COST,2024-03-09,443548992
COST,2024-03-12,443548992
COST,2024-03-15,443504000
COST,2024-03-16,447708992
COST,2024-03-19,443504000
COST,2024-03-20,443504000
COST,2024-03-21,443504000
COST,2024-03-22,443504000
COST,2024-03-23,443504000
COST,2024-03-26,443504000
COST,2024-03-28,443504000
COST,2024-03-29,443504000
COST,2024-04-02,443504000
COST,2024-04-03,443504000
COST,2024-04-04,447030016
COST,2024-04-09,444276000
COST,2024-04-10,443504000
COST,2024-04-12,443504000
COST,2024-04-13,443504000
COST,2024-04-16,443504000
COST,2024-04-17,444824000
COST,2024-04-18,443504000
COST,2024-04-20,443504000
COST,2024-04-23,443504000
COST,2024-04-25,443504000
COST,2024-04-26,443504000
COST,2024-04-27,443504000
COST,2024-04-30,445244000
COST,2024-05-04,443504000
COST,2024-05-09,443504000
COST,2024-05-10,443504000
COST,2024-05-11,443504000
COST,2024-05-14,443504000
COST,2024-05-17,443504000
COST,2024-05-18,443504000
COST,2024-05-23,443504000
COST,2024-05-24,446577984
COST,2024-05-29,443504000
COST,2024-05-31,443504000
COST,2024-06-01,443374016
COST,2024-06-07,443335008
COST,2024-06-11,443335008
COST,2024-06-12,443335008
COST,2024-06-13,443335008
COST,2024-06-14,443335008
COST,2024-06-15,443335008
COST,2024-06-18,443335008
COST,2024-06-19,443335008
COST,2024-06-21,447607008
COST,2024-06-25,443335008
COST,2024-06-28,443335008
COST,2024-06-29,443335008
COST,2024-07-02,443335008
COST,2024-07-03,443335008
COST,2024-07-06,443335008
COST,2024-07-10,444608000
COST,2024-07-11,443335008
COST,2024-07-13,443335008
COST,2024-07-17,443335008
COST,2024-07-18,445719008
COST,2024-07-19,443335008
COST,2024-07-20,443335008
COST,2024-07-24,443335008
COST,2024-07-26,443335008
COST,2024-07-31,443335008
COST,2024-08-02,443335008
COST,2024-08-03,443335008
COST,2024-08-06,443335008
COST,2024-08-09,443335008
COST,2024-08-10,443335008
COST,2024-08-13,443335008
COST,2024-08-15,443335008
COST,2024-08-17,443335008
COST,2024-08-21,443335008
COST,2024-08-22,443335008
COST,2024-08-23,443335008
COST,2024-08-24,443335008
COST,2024-08-28,443335008
COST,2024-08-29,443335008
COST,2024-09-04,443335008
COST,2024-09-05,443335008
COST,2024-09-06,443335008
COST,2024-09-07,443335008
COST,2024-09-10,443335008
COST,2024-09-11,443335008
COST,2024-09-12,443335008
COST,2024-09-16,447304992
COST,2024-09-17,443335008
COST,2024-09-18,448572000
COST,2024-09-24,443335008
COST,2024-09-25,443335008
COST,2024-09-28,451435008
COST,2024-10-04,444572992
COST,2024-10-10,443073984
COST,2024-10-12,445296992
COST,2024-10-16,443296000
COST,2024-10-17,443073984
COST,2024-10-18,443073984
COST,2024-10-22,443073984
COST,2024-10-25,447025984
COST,2024-10-29,445056992
COST,2024-10-30,443073984
COST,2024-10-31,443073984
COST,2024-11-01,443073984
COST,2024-11-02,443073984
COST,2024-11-05,443073984
COST,2024-11-06,443073984
COST,2024-11-09,443073984
COST,2024-11-13,443073984
COST,2024-11-15,443073984
COST,2024-11-16,443073984
COST,2024-11-19,443073984
COST,2024-11-20,443073984
COST,2024-11-22,443073984
COST,2024-11-26,443073984
COST,2024-11-28,443073984
COST,2024-12-04,443073984
COST,2024-12-05,443073984
COST,2024-12-06,443073984
COST,2024-12-11,443073984
COST,2024-12-12,443960000
COST,2024-12-13,446790016
COST,2024-12-14,443942016
COST,2024-12-20,443899008
COST,2024-12-21,444239008
COST,2024-12-25,443899008
COST,2024-12-27,443899008
COST,2024-12-28,443899008
COST,2024-12-31,443899008
COST,2025-01-07,443899008
COST,2025-01-11,443899008
COST,2025-01-14,449775008
COST,2025-01-17,443899008
COST,2025-01-18,443899008
COST,2025-01-25,443899008
COST,2025-01-30,443899008
COST,2025-01-31,443899008
COST,2025-02-04,455655008
COST,2025-02-06,443899008
COST,2025-02-07,443899008
COST,2025-02-08,446952000
COST,2025-02-11,443899008
COST,2025-02-12,443899008
COST,2025-02-13,443899008
COST,2025-02-15,443899008
COST,2025-02-19,443899008
COST,2025-02-20,443899008
COST,2025-02-21,443899008
COST,2025-02-25,443899008
COST,2025-02-26,443899008
COST,2025-02-27,454088992
COST,2025-03-04,444644992
COST,2025-03-07,443899008
COST,2025-03-08,443729984
COST,2025-03-10,457928992
COST,2025-03-11,443729984
COST,2025-03-14,443683008
COST,2025-03-18,443683008
COST,2025-03-22,443683008
COST,2025-03-25,443683008
COST,2025-03-26,443683008
COST,2025-03-27,443927008
COST,2025-03-28,443683008
COST,2025-04-01,443683008
COST,2025-04-02,443683008
COST,2025-04-05,443683008
COST,2025-04-09,443683008
COST,2025-04-10,444088000
COST,2025-04-11,443683008
COST,2025-04-12,443683008
COST,2025-04-17,443683008
COST,2025-04-18,443683008
COST,2025-04-22,460697984
COST,2025-04-23,443683008
COST,2025-04-24,443683008
COST,2025-04-25,443683008
COST,2025-04-29,443683008
COST,2025-04-30,443683008
COST,2025-05-02,443683008
COST,2025-05-06,443683008
COST,2025-05-07,443683008
COST,2025-05-09,443683008
COST,2025-05-13,443683008
COST,2025-05-17,443683008
COST,2025-05-21,443683008
COST,2025-05-22,443683008
COST,2025-05-24,443683008
COST,2025-05-27,443683008
COST,2025-05-29,445720000
COST,2025-05-30,443683008
COST,2025-05-31,443519008
COST,2025-06-03,443519008
COST,2025-06-04,443519008
COST,2025-06-05,445164000
COST,2025-06-06,443476992
COST,2025-06-10,443476992
COST,2025-06-14,449075008
COST,2025-06-16,446112992
COST,2025-06-17,446488992
COST,2025-06-18,444760000
COST,2025-06-19,443476992
COST,2025-06-21,443476992
COST,2025-06-24,443476992
COST,2025-06-26,450391008
COST,2025-06-27,443476992
COST,2025-07-01,443476992
COST,2025-07-08,446328992
COST,2025-07-09,443476992
COST,2025-07-10,445169984
COST,2025-07-11,443476992
COST,2025-07-17,443476992
COST,2025-07-18,443476992
COST,2025-07-19,444856992
COST,2025-07-22,443476992
COST,2025-07-25,443476992
COST,2025-07-26,443476992
COST,2025-07-31,443476992
COST,2025-08-01,443476992
COST,2025-08-02,443476992
COST,2025-08-06,443476992
COST,2025-08-08,443476992
COST,2025-08-09,443476992
COST,2025-08-12,443476992
COST,2025-08-14,443476992
COST,2025-08-15,443476992
COST,2025-08-16,443476992
COST,2025-08-26,443476992
COST,2025-08-27,443476992
COST,2025-08-28,443476992
COST,2025-08-29,445616992
COST,2025-08-30,444248000
COST,2025-09-04,443476992
COST,2025-09-10,443476992
COST,2025-09-12,443476992
COST,2025-09-13,443476992
COST,2025-09-17,443477086
COST,2025-09-18,443477086
COST,2025-09-20,444036584
COST,2025-09-23,443477086
COST,2025-09-24,443477086
COST,2025-09-25,443477086
COST,2025-09-26,443477086
COST,2025-09-27,443237000
COST,2025-10-06,443910053
COST,2025-10-07,443237000
COST,2025-10-09,443179176
COST,2025-10-14,443179176
COST,2025-10-15,443179176
COST,2025-10-16,443179176
COST,2025-10-20,443283330
COST,2025-10-22,443179176
COST,2025-10-23,443179176
COST,2025-10-24,447890813
COST,2025-10-25,443179176
COST,2025-10-27,444270621
COST,2025-10-28,443179176
COST,2025-10-29,443179176
COST,2025-10-30,443179176
COST,2025-11-01,443179176
COST,2025-11-11,443179176
COST,2025-11-12,443179176
COST,2025-11-15,444187515
COST,2025-11-17,443477086
COST,2025-12-09,443957682
COST,2025-12-13,443919000
COST,2025-12-19,443957683
COST,2026-03-11,443692000
COST,2026-03-20,443869411
COST,2026-04-23,443652540
COST,2026-05-30,443514000
COST,2026-06-05,443478804
COST,2026-09-26,443266000
COST,2026-09-27,443266000
COST,2026-09-28,443266000
COST,2026-09-29,443266000
HD,2020-08-27,1076460032
HD,2020-08-28,1076460032
HD,2020-09-05,1076460032
HD,2020-11-26,1076460032
HD,2021-03-17,1076600064
HD,2021-03-26,1077069952
HD,2021-04-06,1075219968
HD,2021-04-23,1090240000
HD,2021-04-24,1082060032
HD,2021-04-28,1075219968
HD,2021-05-27,1063260032
HD,2021-06-02,1072000000
HD,2021-06-03,1073710016
HD,2021-06-04,1063260032
HD,2021-06-05,1064689984
HD,2021-06-06,1063260032
HD,2021-06-08,1066860032
HD,2021-06-09,1063260032
HD,2021-06-10,1075570048
HD,2021-06-11,1063260032
HD,2021-08-25,1055360000
HD,2021-09-01,1058339968
HD,2021-09-02,1055360000
HD,2021-10-27,1061249984
HD,2021-10-28,1055360000
HD,2021-11-16,1059769984
HD,2021-11-26,1044240000
HD,2022-02-12,1044240000
HD,2022-03-25,1033350016
HD,2022-03-28,1050310016
HD,2022-04-06,1033369984
HD,2022-04-15,1053390016
HD,2022-04-21,1033369984
HD,2022-05-04,1040179968
HD,2022-05-05,1033369984
HD,2022-05-26,1027750016
HD,2022-06-01,1047139968
HD,2022-06-02,1027750016
HD,2022-06-14,1049820032
HD,2022-06-16,1027750016
HD,2022-06-23,1028600000
HD,2022-07-09,1028540032
HD,2022-07-10,1027750016
HD,2022-07-29,1030230016
HD,2022-07-30,1027750016
HD,2022-08-23,1057740032
HD,2022-08-24,1023729984
HD,2022-09-01,1023729984
HD,2022-09-03,1023729984
HD,2022-09-10,1024169984
HD,2022-09-12,1023729984
HD,2022-10-04,995724992
HD,2022-10-07,1023729984
HD,2022-11-26,1019190016
HD,2022-12-03,1028870016
HD,2022-12-05,1019190016
HD,2023-03-15,1019190016
HD,2023-03-20,1014960000
HD,2023-03-30,1024140032
HD,2023-03-31,1014960000
HD,2023-04-06,1034729984
HD,2023-04-07,1012670016
HD,2023-04-25,1018070016
HD,2023-04-27,1012670016
HD,2023-05-03,1024440000
HD,2023-05-04,1016819968
HD,2023-05-06,1012670016
HD,2023-05-11,1018099968
HD,2023-05-14,1012670016
HD,2023-05-27,1005379968
HD,2023-06-22,1007750016
HD,2023-06-23,1006140032
HD,2023-06-24,1005379968
HD,2023-07-05,1007390016
HD,2023-07-06,1005379968
HD,2023-07-12,1016329984
HD,2023-07-13,1005379968
HD,2023-07-19,1007630016
HD,2023-07-21,1005379968
HD,2023-08-22,1005379968
HD,2023-08-24,1000070016
HD,2023-09-07,1005529984
HD,2023-09-20,1000070016
HD,2023-10-11,1000070016
HD,2023-10-13,1017230016
HD,2023-10-14,1003830016
HD,2023-10-15,1000070016
HD,2023-10-17,1004760000
HD,2023-10-18,1000070016
HD,2023-10-19,1019710016
HD,2023-10-25,1006280000
HD,2023-10-28,1000070016
HD,2023-10-31,1000070016
HD,2023-11-01,1000070016
HD,2023-11-03,1000070016
HD,2023-11-07,1000070016
HD,2023-11-08,1000070016
HD,2023-11-14,1012289984
HD,2023-11-17,1000070016
HD,2023-11-21,1000070016
HD,2023-11-23,1000070016
HD,2023-11-28,995262016
HD,2023-11-29,995262016
HD,2023-12-02,995262016
HD,2023-12-05,995262016
HD,2023-12-06,995262016
HD,2023-12-07,995262016
HD,2023-12-08,995262016
HD,2023-12-09,995262016
HD,2023-12-15,995262016
HD,2023-12-19,995262016
HD,2023-12-20,995262016
HD,2023-12-22,995262016
HD,2023-12-23,996347008
HD,2023-12-26,995262016
HD,2023-12-28,995262016
HD,2023-12-29,995262016
HD,2023-12-30,995262016
HD,2024-01-03,995262016
HD,2024-01-04,995262016
HD,2024-01-05,995262016
HD,2024-01-06,995262016
HD,2024-01-09,995262016
HD,2024-01-10,995262016
HD,2024-01-17,995262016
HD,2024-01-20,995262016
HD,2024-01-25,995262016
HD,2024-01-27,995262016
HD,2024-01-30,995262016
HD,2024-01-31,995262016
HD,2024-02-01,995262016
HD,2024-02-09,995262016
HD,2024-02-10,996824000
HD,2024-02-13,995262016
HD,2024-02-15,995262016
HD,2024-02-16,995262016
HD,2024-02-17,995262016
HD,2024-02-22,995262016
HD,2024-02-24,995262016
HD,2024-02-28,995262016
HD,2024-03-05,995262016
HD,2024-03-06,995262016
HD,2024-03-07,995262016
HD,2024-03-12,995262016
HD,2024-03-13,995262016
HD,2024-03-14,995262016
HD,2024-03-15,991016000
HD,2024-03-19,991016000
HD,2024-03-20,991016000
HD,2024-03-23,991016000
HD,2024-03-26,991016000
HD,2024-03-27,991016000
HD,2024-03-29,991016000
HD,2024-04-02,991016000
HD,2024-04-03,991030976
HD,2024-04-04,991030976
HD,2024-04-05,991030976
HD,2024-04-09,991030976
HD,2024-04-11,991030976
HD,2024-04-12,1004040000
HD,2024-04-13,991030976
HD,2024-04-17,1000209984
HD,2024-04-18,991030976
HD,2024-04-20,991030976
HD,2024-04-25,991030976
HD,2024-04-26,991030976
HD,2024-05-01,991030976
HD,2024-05-03,991030976
HD,2024-05-04,991030976
HD,2024-05-07,991030976
HD,2024-05-08,991030976
HD,2024-05-09,991030976
HD,2024-05-10,991030976
HD,2024-05-11,991030976
HD,2024-05-14,991030976
HD,2024-05-15,992369024
HD,2024-05-16,991030976
HD,2024-05-20,1009779968
HD,2024-05-21,991030976
HD,2024-05-22,991614016
HD,2024-05-23,991614016
HD,2024-05-24,1002840000
HD,2024-05-29,991614016
HD,2024-06-01,991614016
HD,2024-06-05,991614016
HD,2024-06-07,991614016
HD,2024-06-11,991614016
HD,2024-06-12,991614016
HD,2024-06-13,991614016
HD,2024-06-14,991614016
HD,2024-06-15,991614016
HD,2024-06-19,991614016
HD,2024-06-21,991614016
HD,2024-06-28,991614016
HD,2024-06-29,991614016
HD,2024-07-02,991614016
HD,2024-07-03,991614016
HD,2024-07-06,991614016
HD,2024-07-10,991614016
HD,2024-07-12,991614016
HD,2024-07-13,991614016
HD,2024-07-16,991614016
HD,2024-07-18,991614016
HD,2024-07-19,999036992
HD,2024-07-20,991614016
HD,2024-07-24,991614016
HD,2024-07-25,991614016
HD,2024-07-26,991614016
HD,2024-07-31,991614016
HD,2024-08-01,991614016
HD,2024-08-07,991614016
HD,2024-08-13,991614016
HD,2024-08-14,991614016
HD,2024-08-15,991614016
HD,2024-08-16,991614016
HD,2024-08-21,993292992
HD,2024-08-22,993292992
HD,2024-08-23,993292992
HD,2024-08-24,993292992
HD,2024-08-27,993292992
HD,2024-08-28,993292992
HD,2024-08-29,993292992
HD,2024-08-30,993292992
HD,2024-08-31,993292992
HD,2024-09-06,993292992
HD,2024-09-07,998259008
HD,2024-09-10,993292992
HD,2024-09-11,993292992
HD,2024-09-12,994312000
HD,2024-09-13,993292992
HD,2024-09-17,993292992
HD,2024-09-18,993292992
HD,2024-09-19,993292992
HD,2024-09-20,993292992
HD,2024-09-21,993292992
HD,2024-09-24,993292992
HD,2024-09-30,993292992
HD,2024-10-02,993292992
HD,2024-10-03,993292992
HD,2024-10-04,993292992
HD,2024-10-10,993292992
HD,2024-10-11,993292992
HD,2024-10-12,993292992
HD,2024-10-16,993292992
HD,2024-10-18,993292992
HD,2024-10-22,993292992
HD,2024-10-23,993292992
HD,2024-10-26,995110976
HD,2024-10-28,993292992
HD,2024-10-29,993292992
HD,2024-10-30,993292992
HD,2024-10-31,993292992
HD,2024-11-01,993292992
HD,2024-11-02,993292992
HD,2024-11-05,993292992
HD,2024-11-06,993292992
HD,2024-11-07,993292992
HD,2024-11-08,993292992
HD,2024-11-09,993292992
HD,2024-11-13,993292992
HD,2024-11-14,993292992
HD,2024-11-15,993292992
HD,2024-11-16,993292992
HD,2024-11-19,993292992
HD,2024-11-20,993363008
HD,2024-11-21,993363008
HD,2024-12-03,993363008
HD,2024-12-04,993363008
HD,2024-12-06,993363008
HD,2024-12-11,1008849984
HD,2024-12-12,993363008
HD,2024-12-13,1010049984
HD,2024-12-14,993363008
HD,2024-12-20,993363008
HD,2024-12-25,993363008
HD,2024-12-28,993363008
HD,2025-01-01,993363008
HD,2025-01-04,993363008
HD,2025-01-08,993363008
HD,2025-01-09,993363008
HD,2025-01-11,993363008
HD,2025-01-14,993363008
HD,2025-01-17,993363008
HD,2025-01-22,993363008
HD,2025-01-24,993363008
HD,2025-01-25,993363008
HD,2025-01-29,993363008
HD,2025-01-30,993363008
HD,2025-02-01,993363008
HD,2025-02-04,993363008
HD,2025-02-05,993363008
HD,2025-02-08,993363008
HD,2025-02-11,993363008
HD,2025-02-12,993363008
HD,2025-02-13,993363008
HD,2025-02-14,993363008
HD,2025-02-19,993363008
HD,2025-02-20,993363008
HD,2025-02-21,993363008
HD,2025-02-25,993363008
HD,2025-02-27,993363008
HD,2025-02-28,993363008
HD,2025-03-04,993363008
HD,2025-03-07,993363008
HD,2025-03-11,999062976
HD,2025-03-14,993363008
HD,2025-03-15,993363008
HD,2025-03-19,993363008
HD,2025-03-22,1005720000
HD,2025-03-27,994032000
HD,2025-03-28,994032000
HD,2025-03-29,994032000
HD,2025-04-03,994032000
HD,2025-04-05,994032000
HD,2025-04-08,994032000
HD,2025-04-09,993928000
HD,2025-04-10,998902976
HD,2025-04-11,993928000
HD,2025-04-22,1017310016
HD,2025-04-23,993928000
HD,2025-04-26,999654016
HD,2025-04-29,993928000
HD,2025-05-07,993928000
HD,2025-05-10,993928000
HD,2025-05-14,996033984
HD,2025-05-15,993928000
HD,2025-05-22,993928000
HD,2025-05-23,993928000
HD,2025-05-24,993928000
HD,2025-05-28,993928000
HD,2025-05-29,994928000
HD,2025-05-30,994928000
HD,2025-06-06,1000209984
HD,2025-06-07,994928000
HD,2025-06-10,1000729984
HD,2025-06-13,994928000
HD,2025-06-14,994928000
HD,2025-06-17,998022976
HD,2025-06-18,1008560000
HD,2025-06-19,999945024
HD,2025-06-26,994928000
HD,2025-06-27,994928000
HD,2025-06-28,994928000
HD,2025-07-01,994928000
HD,2025-07-02,994928000
HD,2025-07-03,994928000
HD,2025-07-04,994928000
HD,2025-07-08,1005859968
HD,2025-07-09,994928000
HD,2025-07-10,994928000
HD,2025-07-11,1000990016
HD,2025-07-12,994928000
HD,2025-07-15,994928000
HD,2025-07-17,994928000
HD,2025-07-18,994928000
HD,2025-07-19,994928000
HD,2025-07-22,994928000
HD,2025-07-23,994928000
HD,2025-08-01,994928000
HD,2025-08-05,994928000
HD,2025-08-07,994928000
HD,2025-08-08,996550976
HD,2025-08-19,994928000
HD,2025-08-20,994928000
HD,2025-08-21,994928000
HD,2025-08-23,994928000
HD,2025-08-26,994928000
HD,2025-08-27,995387008
HD,2025-09-17,995386647
HD,2025-09-20,999672875
HD,2025-09-23,1004301639
HD,2025-09-26,1001054329
HD,2025-09-30,1003436849
HD,2025-10-01,1007423949
HD,2025-10-02,995386647
HD,2025-10-08,1001871418
HD,2025-10-20,1003090918
HD,2025-10-22,997933044
HD,2025-10-23,995386647
HD,2025-10-24,1005572408
HD,2025-10-27,999029534
HD,2025-10-28,995386647
HD,2025-11-15,1011071761
HD,2025-11-17,995386647
HD,2025-11-26,995511485
HD,2026-03-24,996011466
HD,2026-04-09,996027658
HD,2026-05-28,997116682
HD,2026-08-26,997689626
NKE,2020-07-28,1559890048
NKE,2020-08-28,1559890048
NKE,2020-09-05,1614489984
NKE,2020-09-06,1559890048
NKE,2020-09-21,1583020032
NKE,2020-09-22,1559890048
NKE,2020-10-10,1559890048
NKE,2020-10-12,1569830016
NKE,2020-11-07,1569830016
NKE,2020-11-26,1569830016
NKE,2020-12-01,1569830016
NKE,2021-01-07,1576489984
NKE,2021-03-05,1576489984
NKE,2021-03-17,1530720000
NKE,2021-04-06,1579970048
NKE,2021-04-23,1588770048
NKE,2021-04-25,1576450048
NKE,2021-04-27,1579970048
NKE,2021-06-25,1579970048
NKE,2021-06-29,1600600064
NKE,2021-07-22,1581799936
NKE,2021-08-11,1583100032
NKE,2021-10-06,1583100032
NKE,2021-10-07,1582819968
NKE,2021-11-04,1539970048
NKE,2021-11-05,1556290048
NKE,2021-11-06,1582819968
NKE,2021-12-03,1552089984
NKE,2021-12-04,1582819968
NKE,2022-01-08,1581299968
NKE,2022-01-10,1581299968
NKE,2022-02-04,1618290048
NKE,2022-02-05,1581299968
NKE,2022-02-11,1581299968
NKE,2022-03-04,1601479936
NKE,2022-03-05,1581299968
NKE,2022-03-15,1649350016
NKE,2022-03-17,1624070016
NKE,2022-03-18,1521970048
NKE,2022-03-20,1581299968
NKE,2022-03-28,1581299968
NKE,2022-04-07,1573769984
NKE,2022-05-27,1507719936
NKE,2022-05-28,1573769984
NKE,2022-06-03,1636489984
NKE,2022-06-05,1573769984
NKE,2022-06-07,1583190016
NKE,2022-06-08,1573769984
NKE,2022-06-09,1564380032
NKE,2022-06-13,1573769984
NKE,2022-06-18,1573769984
NKE,2022-06-24,1573769984
NKE,2022-06-29,1573769984
NKE,2022-07-01,1589939968
NKE,2022-07-02,1573769984
NKE,2022-07-23,1568560000
NKE,2022-07-25,1568560000
NKE,2022-07-29,1632109952
NKE,2022-07-30,1568560000
NKE,2022-08-05,1565820032
NKE,2022-08-06,1568560000
NKE,2022-09-02,1568560000
NKE,2022-09-15,1549789952
NKE,2022-09-16,1590860032
NKE,2022-09-17,1568560000
NKE,2022-10-08,1564589952
NKE,2022-11-08,1603939968
NKE,2022-11-10,1564589952
NKE,2022-12-06,1601410048
NKE,2022-12-07,1564589952
NKE,2023-01-04,1541670016
NKE,2023-01-05,1564589952
NKE,2023-01-07,1550560000
NKE,2023-03-01,1547170048
NKE,2023-03-02,1550560000
NKE,2023-03-18,1553910016
NKE,2023-03-21,1550560000
NKE,2023-03-30,1585030016
NKE,2023-03-31,1550560000
NKE,2023-04-04,1562919936
NKE,2023-04-06,1576310016
NKE,2023-04-07,1550560000
NKE,2023-04-08,1536989952
NKE,2023-04-25,1556089984
NKE,2023-04-27,1536989952
NKE,2023-05-04,1543289984
NKE,2023-05-06,1536989952
NKE,2023-05-11,1556780032
NKE,2023-05-14,1579180032
NKE,2023-05-16,1536989952
NKE,2023-06-23,1524189952
NKE,2023-06-24,1536989952
NKE,2023-07-05,1554739968
NKE,2023-07-06,1583920000
NKE,2023-07-07,1536989952
NKE,2023-07-08,1536989952
NKE,2023-07-12,1560380032
NKE,2023-07-13,1536989952
NKE,2023-07-14,1535849984
NKE,2023-07-15,1536989952
NKE,2023-08-22,1529970048
NKE,2023-08-23,1551079936
NKE,2023-08-24,1529970048
NKE,2023-09-13,1537760000
NKE,2023-09-15,1529970048
NKE,2023-09-20,1529970048
NKE,2023-10-07,1521910016
NKE,2023-10-10,1521910016
NKE,2023-10-11,1510370048
NKE,2023-10-12,1521910016
NKE,2023-10-13,1512710016
NKE,2023-10-14,1511859968
NKE,2023-10-15,1521910016
NKE,2023-10-16,1521910016
NKE,2023-10-17,1507580032
NKE,2023-10-18,1521910016
NKE,2023-10-19,1510759936
NKE,2023-10-22,1521910016
NKE,2023-10-24,1521910016
NKE,2023-10-25,1487619968
NKE,2023-10-28,1521910016
NKE,2023-11-01,1521910016
NKE,2023-11-02,1521910016
NKE,2023-11-04,1493760000
NKE,2023-11-08,1492550016
NKE,2023-11-09,1521910016
NKE,2023-11-10,1521910016
NKE,2023-11-14,1549810048
NKE,2023-11-30,1521910016
NKE,2023-12-01,1521910016
NKE,2023-12-06,1518480000
NKE,2023-12-07,1521910016
NKE,2023-12-08,1521910016
NKE,2023-12-12,1521910016
NKE,2023-12-14,1521910016
NKE,2023-12-15,1523800064
NKE,2023-12-16,1521910016
NKE,2023-12-19,1521910016
NKE,2023-12-20,1521910016
NKE,2023-12-21,1521910016
NKE,2023-12-22,1521910016
NKE,2023-12-23,1726019968
NKE,2023-12-26,1521910016
NKE,2023-12-30,1518409984
NKE,2024-01-05,1547800064
NKE,2024-01-06,1511859968
NKE,2024-01-09,1515120000
NKE,2024-01-17,1515120000
NKE,2024-01-20,1502620032
NKE,2024-01-25,1515120000
NKE,2024-01-26,1515120000
NKE,2024-01-27,1515120000
NKE,2024-01-31,1515120000
NKE,2024-02-01,1515120000
NKE,2024-02-02,1515120000
NKE,2024-02-03,1515120000
NKE,2024-02-07,1515120000
NKE,2024-02-09,1515120000
NKE,2024-02-10,1504540032
NKE,2024-02-13,1515120000
NKE,2024-02-14,1515120000
NKE,2024-02-15,1515120000
NKE,2024-02-16,1515120000
NKE,2024-02-22,1515120000
NKE,2024-02-24,1515120000
NKE,2024-02-28,1515120000
NKE,2024-02-29,1515120000
NKE,2024-03-01,1515120000
NKE,2024-03-02,1515120000
NKE,2024-03-05,1550739968
NKE,2024-03-06,1515120000
NKE,2024-03-07,1515120000
NKE,2024-03-12,1486339968
NKE,2024-03-13,1497479936
NKE,2024-03-14,1515120000
NKE,2024-03-16,1515120000
NKE,2024-03-20,1515120000
NKE,2024-03-22,1515120000
NKE,2024-03-23,1627469952
NKE,2024-03-26,1515120000
NKE,2024-03-27,1515120000
NKE,2024-04-12,1509360000
NKE,2024-04-17,1504669952
NKE,2024-04-18,1486279936
NKE,2024-04-19,1509360000
NKE,2024-04-20,1509360000
NKE,2024-04-23,1509360000
NKE,2024-04-25,1520610048
NKE,2024-04-26,1509360000
NKE,2024-04-30,1509360000
NKE,2024-05-01,1538809984
NKE,2024-05-04,1513619968
NKE,2024-05-07,1489799936
NKE,2024-05-09,1509360000
NKE,2024-05-11,1550019968
NKE,2024-05-14,1509360000
NKE,2024-05-15,1508220032
NKE,2024-05-16,1509360000
NKE,2024-05-17,1509360000
NKE,2024-05-20,1516099968
NKE,2024-05-21,1492280064
NKE,2024-05-22,1509360000
NKE,2024-05-23,1514579968
NKE,2024-05-24,1527520000
NKE,2024-05-25,1509360000
NKE,2024-05-29,1509360000
NKE,2024-05-31,1480610048
NKE,2024-06-01,1509360000
NKE,2024-06-05,1503939968
NKE,2024-06-06,1509360000
NKE,2024-06-07,1509360000
NKE,2024-06-08,1509360000
NKE,2024-06-12,1511410048
NKE,2024-06-13,1544640000
NKE,2024-06-15,1522130048
NKE,2024-06-18,1509360000
NKE,2024-06-21,1496880000
NKE,2024-06-22,1509360000
NKE,2024-06-28,1507280000
NKE,2024-07-03,1525040000
NKE,2024-07-10,1521650048
NKE,2024-07-11,1509360000
NKE,2024-07-16,1478259968
NKE,2024-07-17,1509360000
NKE,2024-07-18,1503990016
NKE,2024-07-19,1502720000
NKE,2024-07-20,1509360000
NKE,2024-07-24,1539379968
NKE,2024-07-25,1502599936
NKE,2024-07-26,1509360000
NKE,2024-07-27,1499360000
NKE,2024-07-31,1499360000
NKE,2024-08-01,1499360000
NKE,2024-08-02,1499360000
NKE,2024-08-03,1499360000
NKE,2024-08-08,1499360000
NKE,2024-08-10,1499360000
NKE,2024-08-13,1499360000
NKE,2024-08-14,1499360000
NKE,2024-08-17,1499360000
NKE,2024-08-20,1499360000
NKE,2024-08-23,1499360000
NKE,2024-08-24,1499360000
NKE,2024-08-27,1499360000
NKE,2024-08-30,1499360000
NKE,2024-08-31,1498279936
NKE,2024-09-05,1499360000
NKE,2024-09-06,1499360000
NKE,2024-09-07,1503079936
NKE,2024-09-10,1499360000
NKE,2024-09-11,1499360000
NKE,2024-09-12,1493430016
NKE,2024-09-17,1484519936
NKE,2024-09-18,1499360000
NKE,2024-09-19,1499360000
NKE,2024-09-20,1499360000
NKE,2024-09-21,1403350016
NKE,2024-09-24,1499360000
NKE,2024-09-26,1499360000
NKE,2024-09-27,1499360000
NKE,2024-09-30,1516999936
NKE,2024-10-01,1499360000
NKE,2024-10-08,1488499968
NKE,2024-10-09,1488499968
NKE,2024-10-10,1488499968
NKE,2024-10-12,1488499968
NKE,2024-10-15,1488499968
NKE,2024-10-17,1488499968
NKE,2024-10-18,1488499968
NKE,2024-10-19,1488499968
NKE,2024-10-24,1488499968
NKE,2024-10-26,1511149952
NKE,2024-10-28,1510000000
NKE,2024-10-29,1488499968
NKE,2024-10-30,1488499968
NKE,2024-10-31,1488499968
NKE,2024-11-01,1488499968
NKE,2024-11-02,1488499968
NKE,2024-11-05,1488499968
NKE,2024-11-06,1488499968
NKE,2024-11-07,1488499968
NKE,2024-11-08,1488499968
NKE,2024-11-09,1488499968
NKE,2024-11-12,1488499968
NKE,2024-11-13,1488499968
NKE,2024-11-14,1491219968
NKE,2024-11-15,1488499968
NKE,2024-11-16,1488499968
NKE,2024-11-19,1523680000
NKE,2024-11-20,1488499968
NKE,2024-11-21,1499660032
NKE,2024-11-22,1488499968
NKE,2024-11-23,1488499968
NKE,2024-11-30,1480370048
NKE,2024-12-03,1488499968
NKE,2024-12-04,1488499968
NKE,2024-12-05,1488499968
NKE,2024-12-06,1484519936
NKE,2024-12-07,1488499968
NKE,2024-12-11,1505949952
NKE,2024-12-13,1505490048
NKE,2024-12-14,1488499968
NKE,2024-12-17,1488499968
NKE,2024-12-18,1488499968
NKE,2024-12-20,1488499968
NKE,2025-01-07,1479129984
NKE,2025-01-17,1479129984
NKE,2025-01-22,1479129984
NKE,2025-02-01,1479129984
NKE,2025-02-08,1479129984
NKE,2025-02-13,1479129984
NKE,2025-02-19,1479129984
NKE,2025-02-21,1479129984
NKE,2025-02-22,1479129984
NKE,2025-02-26,1479129984
NKE,2025-02-27,1479129984
NKE,2025-03-01,1479129984
NKE,2025-03-04,1479129984
NKE,2025-03-05,1479129984
NKE,2025-03-06,1479129984
NKE,2025-03-07,1479129984
NKE,2025-03-11,1479129984
NKE,2025-03-13,1479129984
NKE,2025-03-18,1479129984
NKE,2025-03-19,1485609984
NKE,2025-03-20,1479129984
NKE,2025-03-21,1479129984
NKE,2025-03-22,1479129984
NKE,2025-03-27,1479129984
NKE,2025-03-28,1479129984
NKE,2025-04-01,1479129984
NKE,2025-04-05,1475990016
NKE,2025-04-08,1475990016
NKE,2025-04-10,1609479936
NKE,2025-04-11,1475990016
NKE,2025-04-14,1448819968
NKE,2025-04-15,1475990016
NKE,2025-04-17,1475990016
NKE,2025-04-22,1466520064
NKE,2025-04-23,1475990016
NKE,2025-04-24,1475990016
NKE,2025-04-26,1498019968
NKE,2025-04-29,1475990016
NKE,2025-05-01,1505820032
NKE,2025-05-06,1475990016
NKE,2025-05-07,1484009984
NKE,2025-05-08,1475990016
NKE,2025-05-09,1475990016
NKE,2025-05-10,1491430016
NKE,2025-05-13,1475990016
NKE,2025-05-14,1491769984
NKE,2025-05-15,1460140032
NKE,2025-05-16,1475990016
NKE,2025-05-17,1475990016
NKE,2025-05-22,1475990016
NKE,2025-05-23,1475990016
NKE,2025-05-28,1409980032
NKE,2025-05-29,1501080064
NKE,2025-05-30,1484160000
NKE,2025-05-31,1496700032
NKE,2025-06-04,1475990016
NKE,2025-06-05,1475990016
NKE,2025-06-06,1478349952
NKE,2025-06-07,1475990016
NKE,2025-06-10,1497209984
NKE,2025-06-12,1475990016
NKE,2025-06-17,1475990016
NKE,2025-06-18,1475990016
NKE,2025-06-19,1488140032
NKE,2025-06-26,1475990016
NKE,2025-06-27,1435629952
NKE,2025-06-28,1281350016
NKE,2025-07-08,1473289984
NKE,2025-07-09,1475990016
NKE,2025-07-10,1483209984
NKE,2025-07-11,1516429952
NKE,2025-07-12,1475990016
NKE,2025-07-19,1476899968
NKE,2025-07-21,1476899968
NKE,2025-07-22,1476899968
NKE,2025-07-29,1476899968
NKE,2025-08-01,1476899968
NKE,2025-08-02,1476899968
NKE,2025-08-05,1476899968
NKE,2025-08-07,1476899968
NKE,2025-08-08,1476899968
NKE,2025-08-09,1476899968
NKE,2025-08-14,1476899968
NKE,2025-08-15,1476899968
NKE,2025-08-16,1476899968
NKE,2025-08-20,1476899968
NKE,2025-08-22,1476899968
NKE,2025-08-23,1476899968
NKE,2025-08-28,1476899968
NKE,2025-08-29,1476899968
NKE,2025-08-30,1476899968
NKE,2025-09-03,1476899968
NKE,2025-09-04,1476899968
NKE,2025-09-05,1476899968
NKE,2025-09-09,1476899968
NKE,2025-09-10,1476899968
NKE,2025-09-11,1476899968
NKE,2025-09-12,1476899968
NKE,2025-09-13,1476899968
NKE,2025-09-16,1476899968
NKE,2025-09-17,1476903492
NKE,2025-09-18,1476903492
NKE,2025-09-20,1476903492
NKE,2025-09-23,1476903492
NKE,2025-09-24,1476903492
NKE,2025-09-26,1476903492
NKE,2025-09-30,1471807060
NKE,2025-10-01,1468007759
NKE,2025-10-02,1379571173
NKE,2025-10-03,1478201363
NKE,2025-10-06,1532454826
NKE,2025-10-07,1478201363
NKE,2025-10-08,1526681048
NKE,2025-10-09,1478201363
NKE,2025-10-11,1478201363
NKE,2025-10-14,1478201363
NKE,2025-10-15,1472519335
NKE,2025-10-16,1478201363
NKE,2025-10-18,1466572348
NKE,2025-10-20,1472736259
NKE,2025-10-22,1456793824
NKE,2025-10-23,1478201363
NKE,2025-10-24,1465472878
NKE,2025-10-25,1478201363
NKE,2025-10-27,1489408022
NKE,2025-10-28,1478201363
NKE,2025-10-31,1478201363
NKE,2025-11-01,1485295997
NKE,2025-11-04,1478201363
NKE,2025-11-05,1478201363
NKE,2025-11-07,1478201363
NKE,2025-11-08,1478201363
NKE,2025-11-13,1478201363
NKE,2025-11-14,1478201363
NKE,2025-11-15,1521047779
NKE,2025-11-17,1478201363
NKE,2026-01-04,1480383402
NKE,2026-04-06,1480887033
NKE,2026-07-17,1483498703
MCD,2020-08-12,744102976
MCD,2020-08-28,744102976
MCD,2020-09-05,744102976
MCD,2020-11-12,745110976
MCD,2020-11-26,745110976
MCD,2020-12-04,745110976
MCD,2020-12-05,745110976
MCD,2020-12-10,746184000
MCD,2020-12-11,745110976
MCD,2021-01-01,734624000
MCD,2021-01-02,745110976
MCD,2021-01-06,745110976
MCD,2021-02-26,745571968
MCD,2021-03-17,745571968
MCD,2021-04-07,735734016
MCD,2021-04-08,745571968
MCD,2021-04-10,746097024
MCD,2021-04-13,747777024
MCD,2021-04-14,746097024
MCD,2021-04-15,749369024
MCD,2021-04-16,742968000
MCD,2021-04-17,740336000
MCD,2021-04-18,746097024
MCD,2021-04-20,750185024
MCD,2021-04-21,742254976
MCD,2021-04-22,748507008
MCD,2021-04-23,743856000
MCD,2021-04-24,738718976
MCD,2021-04-27,738878016
MCD,2021-04-30,746097024
MCD,2021-05-01,743347968
MCD,2021-05-02,746097024
MCD,2021-05-06,742352000
MCD,2021-05-07,746668992
MCD,2021-05-08,746238016
MCD,2021-05-09,746174016
MCD,2021-05-11,739030976
MCD,2021-05-12,756544000
MCD,2021-05-13,765553984
MCD,2021-05-14,746174016
MCD,2021-05-15,739894976
MCD,2021-05-16,746174016
MCD,2021-05-18,746302976
MCD,2021-05-19,745369984
MCD,2021-05-20,746174016
MCD,2021-05-25,744019008
MCD,2021-05-26,746174016
MCD,2021-08-06,746798976
MCD,2021-08-18,746798976
MCD,2021-10-21,756300992
MCD,2021-10-22,746798976
MCD,2021-11-04,747244992
MCD,2021-12-02,748531008
MCD,2021-12-03,747244992
MCD,2022-02-08,747849024
MCD,2022-02-09,747244992
MCD,2022-02-12,747244992
MCD,2022-02-28,743585024
MCD,2022-03-04,757064000
MCD,2022-03-15,745852992
MCD,2022-03-16,743585024
MCD,2022-04-12,746582976
MCD,2022-04-14,739604992
MCD,2022-05-04,741921984
MCD,2022-05-05,739547008
MCD,2022-06-03,742809984
MCD,2022-06-28,742150976
MCD,2022-06-29,739547008
MCD,2022-07-29,752601984
MCD,2022-07-30,739547008
MCD,2022-08-08,735716992
MCD,2022-09-02,735716992
MCD,2022-09-03,741382976
MCD,2022-09-10,737305024
MCD,2022-09-12,735716992
MCD,2022-10-04,721337024
MCD,2022-10-06,735716992
MCD,2022-10-21,738604032
MCD,2022-10-22,735716992
MCD,2022-11-11,732424000
MCD,2023-03-01,731497024
MCD,2023-03-08,731497024
MCD,2023-03-18,740723008
MCD,2023-03-21,731497024
MCD,2023-03-30,735713024
MCD,2023-04-01,731497024
MCD,2023-04-06,732171008
MCD,2023-04-07,731497024
MCD,2023-04-18,730032000
MCD,2023-04-25,732881024
MCD,2023-04-26,734264000
MCD,2023-04-27,730032000
MCD,2023-05-04,737078976
MCD,2023-05-05,730032000
MCD,2023-05-08,730094016
MCD,2023-05-09,730094016
MCD,2023-05-11,730315008
MCD,2023-05-12,734502016
MCD,2023-05-13,731153984
MCD,2023-05-17,730094016
MCD,2023-07-12,730713984
MCD,2023-07-13,730094016
MCD,2023-08-22,730094016
MCD,2023-09-04,728763008
MCD,2023-09-07,738606016
MCD,2023-10-11,728763008
MCD,2023-10-12,728763008
MCD,2023-10-13,742764992
MCD,2023-10-14,728763008
MCD,2023-10-15,728763008
MCD,2023-10-17,728763008
MCD,2023-10-19,728763008
MCD,2023-10-24,728763008
MCD,2023-10-26,728763008
MCD,2023-10-27,728763008
MCD,2023-10-28,728763008
MCD,2023-11-02,728763008
MCD,2023-11-04,728763008
MCD,2023-11-08,725990016
MCD,2023-11-09,729193024
MCD,2023-11-10,725342016
MCD,2023-11-11,725342016
MCD,2023-11-14,725342016
MCD,2023-11-15,725342016
MCD,2023-11-22,725342016
MCD,2023-11-23,725342016
MCD,2023-11-25,725342016
MCD,2023-11-29,725342016
MCD,2023-11-30,725342016
MCD,2023-12-02,725342016
MCD,2023-12-06,725342016
MCD,2023-12-07,725342016
MCD,2023-12-15,740123008
MCD,2023-12-16,725342016
MCD,2023-12-19,725342016
MCD,2023-12-22,725342016
MCD,2023-12-23,725342016
MCD,2023-12-27,725342016
MCD,2023-12-29,725342016
MCD,2024-01-04,725342016
MCD,2024-01-05,725342016
MCD,2024-01-06,725342016
MCD,2024-01-09,725342016
MCD,2024-01-11,725342016
MCD,2024-01-13,725342016
MCD,2024-01-17,725342016
MCD,2024-01-20,725342016
MCD,2024-01-24,725342016
MCD,2024-01-25,725342016
MCD,2024-01-27,737627008
MCD,2024-01-30,737500992
MCD,2024-01-31,725342016
MCD,2024-02-02,725342016
MCD,2024-02-03,725342016
MCD,2024-02-06,725342016
MCD,2024-02-07,725491008
MCD,2024-02-10,728278976
MCD,2024-02-13,722142016
MCD,2024-02-24,722142016
MCD,2024-02-27,722051968
MCD,2024-03-02,722051008
MCD,2024-03-05,722051968
MCD,2024-03-09,722051008
MCD,2024-03-13,751280000
MCD,2024-03-14,722051968
MCD,2024-03-15,722051008
MCD,2024-03-20,722051968
MCD,2024-03-23,722051008
MCD,2024-03-26,732444032
MCD,2024-03-29,722230976
MCD,2024-04-02,722051008
MCD,2024-04-04,727817024
MCD,2024-04-09,722051008
MCD,2024-04-10,721004992
MCD,2024-04-12,724321024
MCD,2024-04-13,721004992
MCD,2024-04-16,721004992
MCD,2024-04-17,721004992
MCD,2024-04-25,721004992
MCD,2024-04-26,721004992
MCD,2024-05-04,721004992
MCD,2024-05-07,721004992
MCD,2024-05-09,720681984
MCD,2024-05-10,720681984
MCD,2024-05-14,720681984
MCD,2024-05-15,722438976
MCD,2024-05-16,720681984
MCD,2024-05-18,723670976
MCD,2024-05-20,732814976
MCD,2024-05-21,726102976
MCD,2024-05-22,720681984
MCD,2024-05-23,720953024
MCD,2024-05-24,720681984
MCD,2024-05-30,720681984
MCD,2024-05-31,720681984
MCD,2024-06-04,720681984
MCD,2024-06-08,720681984
MCD,2024-06-11,720681984
MCD,2024-06-12,720681984
MCD,2024-06-13,720681984
MCD,2024-06-14,720681984
MCD,2024-06-15,720681984
MCD,2024-06-18,720681984
MCD,2024-06-19,720681984
MCD,2024-06-21,720681984
MCD,2024-06-25,720681984
MCD,2024-06-28,720681984
MCD,2024-06-29,720681984
MCD,2024-07-03,727080000
MCD,2024-07-09,720681984
MCD,2024-07-10,726633024
MCD,2024-07-12,720681984
MCD,2024-07-13,720681984
MCD,2024-07-16,720681984
MCD,2024-07-19,726956032
MCD,2024-07-20,720681984
MCD,2024-07-23,720681984
MCD,2024-07-24,720681984
MCD,2024-07-25,726156032
MCD,2024-07-26,720681984
MCD,2024-07-27,720681984
MCD,2024-07-30,720681984
MCD,2024-08-01,720681984
MCD,2024-08-03,720681984
MCD,2024-08-06,720681984
MCD,2024-08-08,720681984
MCD,2024-08-09,717342976
MCD,2024-08-13,717342976
MCD,2024-08-15,717342976
MCD,2024-08-16,717342976
MCD,2024-08-17,717342976
MCD,2024-08-20,717342976
MCD,2024-08-22,717342976
MCD,2024-08-23,717342976
MCD,2024-08-24,717342976
MCD,2024-08-27,719430976
MCD,2024-08-28,717342976
MCD,2024-09-06,717342976
MCD,2024-09-07,717342976
MCD,2024-09-11,717393024
MCD,2024-09-12,717342976
MCD,2024-09-13,717342976
MCD,2024-09-14,717342976
MCD,2024-09-17,717342976
MCD,2024-09-20,717342976
MCD,2024-09-21,717342976
MCD,2024-09-24,717342976
MCD,2024-09-26,717342976
MCD,2024-09-27,717342976
MCD,2024-09-28,717342976
MCD,2024-10-01,717342976
MCD,2024-10-02,717342976
MCD,2024-10-03,717342976
MCD,2024-10-04,717342976
MCD,2024-10-05,717342976
MCD,2024-10-09,717342976
MCD,2024-10-11,717342976
MCD,2024-10-12,717342976
MCD,2024-10-15,717342976
MCD,2024-10-16,717342976
MCD,2024-10-17,717342976
MCD,2024-10-18,721424000
MCD,2024-10-19,717342976
MCD,2024-10-22,717342976
MCD,2024-10-23,717342976
MCD,2024-10-24,717342976
MCD,2024-10-26,731953984
MCD,2024-10-28,721646016
MCD,2024-10-29,717342976
MCD,2024-10-30,721696000
MCD,2024-10-31,725905984
MCD,2024-11-02,717342976
MCD,2024-11-05,723123968
MCD,2024-11-06,717342976
MCD,2024-11-09,716620032
MCD,2024-11-12,716620032
MCD,2024-11-13,723529984
MCD,2024-11-14,719753024
MCD,2024-11-16,731142016
MCD,2024-11-19,720385984
MCD,2024-11-20,716620032
MCD,2024-11-21,716620032
MCD,2024-11-28,716620032
MCD,2024-11-30,716620032
MCD,2024-12-03,716620032
MCD,2024-12-04,716620032
MCD,2024-12-05,716620032
MCD,2024-12-06,716620032
MCD,2024-12-10,716620032
MCD,2024-12-11,718193024
MCD,2024-12-12,716620032
MCD,2024-12-13,716620032
MCD,2024-12-14,716620032
MCD,2024-12-17,716620032
MCD,2024-12-18,716620032
MCD,2024-12-21,716620032
MCD,2024-12-24,716620032
MCD,2024-12-25,716620032
MCD,2024-12-27,716620032
MCD,2024-12-28,716620032
MCD,2024-12-31,716620032
MCD,2025-01-04,716620032
MCD,2025-01-07,722996992
MCD,2025-01-11,716620032
MCD,2025-01-14,716620032
MCD,2025-01-15,716620032
MCD,2025-01-17,723177984
MCD,2025-01-22,716620032
MCD,2025-01-24,716620032
MCD,2025-01-30,716620032
MCD,2025-01-31,716620032
MCD,2025-02-01,720641024
MCD,2025-02-07,716620032
MCD,2025-02-08,716766016
MCD,2025-02-11,716620032
MCD,2025-02-13,722700032
MCD,2025-02-15,716620032
MCD,2025-02-27,714460992
MCD,2025-02-28,714460992
MCD,2025-03-01,714460992
MCD,2025-03-04,714460992
MCD,2025-03-06,714460992
MCD,2025-03-07,714460992
MCD,2025-03-11,723558976
MCD,2025-03-15,714460992
MCD,2025-03-18,714460992
MCD,2025-03-19,714460992
MCD,2025-03-20,714460992
MCD,2025-03-21,714460992
MCD,2025-03-22,718110016
MCD,2025-03-26,714460992
MCD,2025-03-27,714460992
MCD,2025-03-28,714460992
MCD,2025-04-01,714460992
MCD,2025-04-02,714460992
MCD,2025-04-05,714460992
MCD,2025-04-08,714460992
MCD,2025-04-09,715072000
MCD,2025-04-10,715072000
MCD,2025-04-11,715072000
MCD,2025-04-14,715072000
MCD,2025-04-15,715072000
MCD,2025-04-17,715072000
MCD,2025-04-22,721048000
MCD,2025-04-23,715072000
MCD,2025-04-24,716419008
MCD,2025-04-25,715072000
MCD,2025-05-01,715072000
MCD,2025-05-02,715072000
MCD,2025-05-07,715072000
MCD,2025-05-08,715072000
MCD,2025-05-09,715072000
MCD,2025-05-10,715072000
MCD,2025-05-14,717800000
MCD,2025-05-15,715033024
MCD,2025-05-16,715033024
MCD,2025-05-21,715033024
MCD,2025-05-23,715033024
MCD,2025-05-28,715033024
MCD,2025-05-29,715033024
MCD,2025-05-30,715033024
MCD,2025-05-31,715033024
MCD,2025-06-03,715033024
MCD,2025-06-04,715033024
MCD,2025-06-05,715033024
MCD,2025-06-06,721025984
MCD,2025-06-07,715033024
MCD,2025-06-10,721086016
MCD,2025-06-11,715033024
MCD,2025-06-12,715033024
MCD,2025-06-14,715033024
MCD,2025-06-17,728595008
MCD,2025-06-18,715033024
MCD,2025-06-19,715033024
MCD,2025-06-25,715033024
MCD,2025-06-27,715033024
MCD,2025-06-28,715033024
MCD,2025-07-02,715033024
MCD,2025-07-08,719593024
MCD,2025-07-09,715033024
MCD,2025-07-10,715033024
MCD,2025-07-11,728137024
MCD,2025-07-12,715033024
MCD,2025-07-17,715033024
MCD,2025-07-18,715033024
MCD,2025-07-24,715033024
MCD,2025-07-25,715033024
MCD,2025-07-30,715033024
MCD,2025-08-01,715033024
MCD,2025-08-02,715033024
MCD,2025-08-06,715033024
MCD,2025-08-07,715033024
MCD,2025-08-08,715033024
MCD,2025-08-09,713603968
MCD,2025-08-13,713603968
MCD,2025-08-14,713603968
MCD,2025-08-16,713603968
MCD,2025-08-22,713603968
MCD,2025-08-26,713603968
MCD,2025-08-29,713603968
MCD,2025-09-03,713603968
MCD,2025-09-04,713603968
MCD,2025-09-05,713603968
MCD,2025-09-09,713603968
MCD,2025-09-10,713603968
MCD,2025-09-16,713603968
MCD,2025-09-17,713604434
MCD,2025-09-20,713604434
MCD,2025-09-23,713604434
MCD,2025-09-24,713604434
MCD,2025-09-26,713604434
MCD,2025-09-30,718903652
MCD,2025-10-01,716774548
MCD,2025-10-02,724812383
MCD,2025-10-06,713604434
MCD,2025-10-08,713604434
MCD,2025-10-11,713604434
MCD,2025-10-14,713604434
MCD,2025-10-15,713604434
MCD,2025-10-16,713604434
MCD,2025-10-17,713604434
MCD,2025-10-20,714346395
MCD,2025-10-22,715020132
MCD,2025-10-23,713604434
MCD,2025-10-24,716358132
MCD,2025-10-25,713604434
MCD,2025-10-27,713604434
MCD,2025-10-29,713604434
MCD,2025-11-01,713604434
MCD,2025-11-05,713604434
MCD,2025-11-06,713604434
MCD,2025-11-07,712154350
MCD,2025-11-08,712154350
MCD,2025-11-12,712154350
MCD,2025-11-13,712154350
MCD,2025-11-15,713430072
MCD,2025-11-17,713604434
MCD,2026-04-10,710827631
MCD,2026-05-09,710505859
MCD,2026-08-11,707641531
ASML,2020-06-02,424132992
ASML,2020-06-04,423555008
ASML,2020-06-05,420220000
ASML,2020-06-08,432942016
ASML,2020-06-09,421174016
ASML,2020-06-10,426200000
ASML,2020-06-11,427008000
ASML,2020-06-12,436559008
ASML,2020-06-15,428559008
ASML,2020-06-16,415480000
ASML,2020-06-17,428351008
ASML,2020-06-18,425840992
ASML,2020-06-19,427900000
ASML,2020-06-22,432756992
ASML,2020-06-23,421240000
ASML,2020-06-24,429388000
ASML,2020-06-25,428455008
ASML,2020-06-26,420684992
ASML,2020-06-29,427664000
ASML,2020-06-30,421774016
ASML,2020-07-01,425224992
ASML,2020-07-02,425560000
ASML,2020-07-03,426968000
ASML,2020-07-07,426668000
ASML,2020-07-08,431278016
ASML,2020-07-09,421108992
ASML,2020-07-10,421196000
ASML,2020-07-13,423231008
ASML,2020-07-14,437887008
ASML,2020-07-15,416455008
ASML,2020-07-16,427816000
ASML,2020-07-17,411271008
ASML,2020-07-20,413740992
ASML,2020-07-21,414409984
ASML,2020-07-22,421358016
ASML,2020-07-23,416177984
ASML,2020-07-24,427083008
ASML,2020-07-27,425588992
ASML,2020-07-28,413588992
ASML,2020-07-29,422584000
ASML,2020-07-30,415175008
ASML,2020-07-31,411911008
ASML,2020-08-03,420851008
ASML,2020-08-04,416937984
ASML,2020-08-05,418812000
ASML,2020-08-06,419103008
ASML,2020-08-07,414220992
ASML,2020-08-10,425596000
ASML,2020-08-11,416171008
ASML,2020-08-12,424600992
ASML,2020-08-13,414556992
ASML,2020-08-14,419752000
ASML,2020-08-17,418305984
ASML,2020-08-18,417779008
ASML,2020-08-19,418100992
ASML,2020-08-20,423222016
ASML,2020-08-21,415352000
ASML,2020-08-24,418518016
ASML,2020-08-25,415966016
ASML,2020-08-26,413460992
ASML,2020-08-27,417740992
ASML,2020-08-28,420900000
ASML,2020-08-31,412660000
ASML,2020-09-01,418836992
ASML,2020-09-02,417136992
ASML,2020-09-03,417030016
ASML,2020-09-05,441785984
ASML,2020-09-07,410921984
ASML,2020-09-09,423384992
ASML,2020-09-10,417625984
ASML,2020-09-11,422056000
ASML,2020-09-14,423451008
ASML,2020-09-15,417681984
ASML,2020-09-16,418948000
ASML,2020-09-17,427180992
ASML,2020-09-18,413316992
ASML,2020-09-21,417372000
ASML,2020-09-22,414023008
ASML,2020-09-23,413848000
ASML,2020-09-24,427424000
ASML,2020-09-25,417300992
ASML,2020-09-28,416191008
ASML,2020-09-29,412967008
ASML,2020-09-30,415774016
ASML,2020-10-01,418616992
ASML,2020-10-02,412680000
ASML,2020-10-05,424828992
ASML,2020-10-06,410952000
ASML,2020-10-07,422760000
ASML,2020-10-08,416371008
ASML,2020-10-09,416350016
ASML,2020-10-10,415180992
ASML,2020-10-13,416072000
ASML,2020-10-14,419955008
ASML,2020-10-15,420752992
ASML,2020-10-16,418297984
ASML,2020-10-17,418297984
ASML,2020-10-20,419265984
ASML,2020-10-21,417136992
ASML,2020-10-22,419316000
ASML,2020-10-23,419316000
ASML,2020-10-24,413399008
ASML,2020-10-27,417208992
ASML,2020-10-28,417312000
ASML,2020-10-29,419771008
ASML,2020-10-30,417489984
ASML,2020-10-31,417489984
ASML,2020-11-03,418431008
ASML,2020-11-04,416800000
ASML,2020-11-05,416800000
ASML,2020-11-06,413264000
ASML,2020-11-07,412875008
ASML,2020-11-10,434332992
ASML,2020-11-11,422103008
ASML,2020-11-12,414860992
ASML,2020-11-13,421388000
ASML,2020-11-14,415251008
ASML,2020-11-17,416076000
ASML,2020-11-18,417208992
ASML,2020-11-19,418815008
ASML,2020-11-20,416161984
ASML,2020-11-21,423283008
ASML,2020-11-24,415201984
ASML,2020-11-25,419151008
ASML,2020-11-26,417284992
ASML,2020-11-28,417044992
ASML,2020-12-01,416303008
ASML,2020-12-02,414513984
ASML,2020-12-03,415564992
ASML,2020-12-04,417596992
ASML,2020-12-05,413944992
ASML,2020-12-08,417580000
ASML,2020-12-09,416120000
ASML,2020-12-10,428756000
ASML,2020-12-11,416063008
ASML,2020-12-12,419620992
ASML,2020-12-15,421342016
ASML,2020-12-16,414088000
ASML,2020-12-17,415504000
ASML,2020-12-18,417472992
ASML,2020-12-19,418752992
ASML,2020-12-22,411886016
ASML,2020-12-23,420743008
ASML,2020-12-24,419214016
ASML,2020-12-25,415456992
ASML,2020-12-29,423064992
ASML,2020-12-30,419729984
ASML,2020-12-31,418083008
ASML,2021-01-01,420572992
ASML,2021-01-05,417524000
ASML,2021-01-06,413756992
ASML,2021-01-07,424009984
ASML,2021-01-08,416932000
ASML,2021-01-09,420908992
ASML,2021-01-12,417527008
ASML,2021-01-13,415848992
ASML,2021-01-14,420868000
ASML,2021-01-15,419031008
ASML,2021-01-16,421134016
ASML,2021-01-20,405595008
ASML,2021-01-21,420000000
ASML,2021-01-22,419009984
ASML,2021-01-23,414799008
ASML,2021-01-26,414907008
ASML,2021-01-27,425505984
ASML,2021-01-28,428531008
ASML,2021-01-29,416595008
ASML,2021-01-30,418268992
ASML,2021-02-02,417292000
ASML,2021-02-03,418479008
ASML,2021-02-04,425232000
ASML,2021-02-05,417776000
ASML,2021-02-06,417710016
ASML,2021-02-09,418580000
ASML,2021-02-10,419971008
ASML,2021-02-11,410958016
ASML,2021-02-12,409972000
ASML,2021-02-13,418012992
ASML,2021-02-17,418780992
ASML,2021-02-18,415160992
ASML,2021-02-19,414588000
ASML,2021-02-20,418552992
ASML,2021-02-23,422288000
ASML,2021-02-24,415979008
ASML,2021-02-25,402742016
ASML,2021-02-26,430113984
ASML,2021-02-27,415608000
ASML,2021-03-02,414976992
ASML,2021-03-03,420104000
ASML,2021-03-04,429636000
ASML,2021-03-05,428225984
ASML,2021-03-06,405204992
ASML,2021-03-09,434047008
ASML,2021-03-10,411391008
ASML,2021-03-11,420895008
ASML,2021-03-12,416843008
ASML,2021-03-13,414764000
ASML,2021-03-17,414764000
ASML,2021-03-18,408468000
ASML,2021-03-19,426703008
ASML,2021-03-20,421335008
ASML,2021-03-23,410724000
ASML,2021-03-24,420216992
ASML,2021-03-25,419512992
ASML,2021-03-26,413952000
ASML,2021-03-27,405217984
ASML,2021-03-30,417068000
ASML,2021-03-31,420889984
ASML,2021-04-01,408900000
ASML,2021-04-02,405775008
ASML,2021-04-06,405062016
ASML,2021-04-07,417969984
ASML,2021-04-08,414310016
ASML,2021-04-09,411083008
ASML,2021-04-10,418968992
ASML,2021-04-13,412240992
ASML,2021-04-14,414579008
ASML,2021-04-15,418441984
ASML,2021-04-16,411911008
ASML,2021-04-17,414161984
ASML,2021-04-20,413116000
ASML,2021-04-21,416182016
ASML,2021-04-22,407438016
ASML,2021-04-23,412727008
ASML,2021-04-24,398073984
ASML,2021-04-27,418327008
ASML,2021-04-28,413310016
ASML,2021-04-29,416049984
ASML,2021-04-30,414092000
ASML,2021-05-01,421723008
ASML,2021-05-04,412361984
ASML,2021-05-05,410340992
ASML,2021-05-06,420592992
ASML,2021-05-07,411228000
ASML,2021-05-08,415035008
ASML,2021-05-11,424828992
ASML,2021-05-12,412684000
ASML,2021-05-13,423300992
ASML,2021-05-14,413871008
ASML,2021-05-15,410012992
ASML,2021-05-18,413209984
ASML,2021-05-19,418792000
ASML,2021-05-20,410766016
ASML,2021-05-21,410115008
ASML,2021-05-22,418512000
ASML,2021-05-25,412964992
ASML,2021-05-26,414152000
ASML,2021-05-27,415163008
ASML,2021-05-28,415368992
ASML,2021-05-29,415182016
ASML,2021-06-02,417950016
ASML,2021-06-03,419015008
ASML,2021-06-04,419572000
ASML,2021-06-05,412644992
ASML,2021-06-08,414502016
ASML,2021-06-09,415228000
ASML,2021-06-10,417728992
ASML,2021-06-11,413952992
ASML,2021-06-12,417201984
ASML,2021-06-15,416513984
ASML,2021-06-16,416513984
ASML,2021-06-17,422036992
ASML,2021-06-22,416513984
ASML,2021-06-26,421470016
ASML,2021-06-28,421004000
ASML,2021-07-01,416513984
ASML,2021-07-14,419359008
ASML,2021-07-15,416920992
ASML,2021-07-16,419702016
ASML,2021-07-18,421729984
ASML,2021-07-20,416513984
ASML,2021-07-21,417091008
ASML,2021-07-22,409776992
ASML,2021-07-23,410947008
ASML,2021-07-24,411903008
ASML,2021-07-27,409776992
ASML,2021-08-06,410467008
ASML,2021-08-07,412216992
ASML,2021-08-10,409776992
ASML,2021-08-11,410832992
ASML,2021-08-12,409776992
ASML,2021-08-13,409776992
ASML,2021-08-14,409776992
ASML,2021-08-18,413103008
ASML,2021-08-19,414062016
ASML,2021-08-20,409776992
ASML,2021-08-26,410382016
ASML,2021-08-27,409776992
ASML,2021-09-02,410375008
ASML,2021-09-03,409776992
ASML,2021-09-04,412811008
ASML,2021-09-06,413328992
ASML,2021-09-08,415832000
ASML,2021-09-09,413328992
ASML,2021-09-11,416620000
ASML,2021-09-15,413328992
ASML,2021-09-17,413328992
ASML,2021-09-18,413424992
ASML,2021-09-22,413328992
ASML,2021-09-23,413886016
ASML,2021-09-24,413886016
ASML,2021-09-25,413328992
ASML,2021-09-30,416903008
ASML,2021-10-01,415587008
ASML,2021-10-02,413328992
ASML,2021-10-08,416632000
ASML,2021-10-09,415140992
ASML,2021-10-12,417367008
ASML,2021-10-13,413328992
ASML,2021-10-23,414217984
ASML,2021-10-26,418252992
ASML,2021-10-27,413328992
ASML,2021-10-28,415712992
ASML,2021-10-29,413328992
ASML,2021-10-30,416096992
ASML,2021-11-02,413328992
ASML,2021-11-03,416139008
ASML,2021-11-04,413328992
ASML,2021-11-06,415582016
ASML,2021-11-09,413360992
ASML,2021-11-10,413328992
ASML,2021-11-11,421667008
ASML,2021-11-12,415940992
ASML,2021-11-13,413328992
ASML,2021-11-17,413328992
ASML,2021-11-18,416656000
ASML,2021-11-19,413328992
ASML,2021-11-20,416544992
ASML,2021-11-23,421742016
ASML,2021-11-24,413328992
ASML,2021-11-27,421390016
ASML,2021-11-28,413328992
ASML,2021-12-02,426880992
ASML,2021-12-03,434787008
ASML,2021-12-04,413328992
ASML,2021-12-10,419360992
ASML,2021-12-11,413328992
ASML,2021-12-14,415351008
ASML,2021-12-15,413328992
ASML,2021-12-17,417704000
ASML,2021-12-18,413528992
ASML,2021-12-21,413328992
ASML,2021-12-29,416208992
ASML,2021-12-30,413328992
ASML,2021-12-31,416828000
ASML,2022-01-01,415406016
ASML,2022-01-05,406473984
ASML,2022-01-06,412564992
ASML,2022-01-07,406473984
ASML,2022-01-14,422150016
ASML,2022-01-16,406473984
ASML,2022-01-19,415916000
ASML,2022-01-20,412638016
ASML,2022-01-21,417689984
ASML,2022-01-22,416540000
ASML,2022-01-25,406473984
ASML,2022-01-26,408423008
ASML,2022-01-27,415017984
ASML,2022-01-28,419404000
ASML,2022-01-29,406473984
ASML,2022-02-04,408007008
ASML,2022-02-06,406473984
ASML,2022-02-08,410118016
ASML,2022-02-09,406473984
ASML,2022-02-11,408860992
ASML,2022-02-12,416543008
ASML,2022-02-15,407812992
ASML,2022-02-16,402601984
ASML,2022-02-18,403406016
ASML,2022-02-19,402894016
ASML,2022-02-22,402601984
ASML,2022-02-24,407404992
ASML,2022-02-25,402601984
ASML,2022-03-02,410932000
ASML,2022-03-03,402601984
ASML,2022-03-04,414336000
ASML,2022-03-05,402601984
ASML,2022-03-08,412028000
ASML,2022-03-12,405188992
ASML,2022-03-13,410816000
ASML,2022-03-15,416720000
ASML,2022-03-17,403345984
ASML,2022-03-18,402601984
ASML,2022-03-23,403904992
ASML,2022-03-24,409696992
ASML,2022-03-25,402601984
ASML,2022-03-31,405855008
ASML,2022-04-01,415959008
ASML,2022-04-02,405004992
ASML,2022-04-05,403244000
ASML,2022-04-07,402601984
ASML,2022-04-09,407583008
ASML,2022-04-12,404880000
ASML,2022-04-13,413158016
ASML,2022-04-14,402655008
ASML,2022-04-19,402601984
ASML,2022-04-21,405417984
ASML,2022-04-23,422966016
ASML,2022-04-26,402601984
ASML,2022-04-28,410022016
ASML,2022-04-29,402601984
ASML,2022-04-30,410984992
ASML,2022-05-04,406008992
ASML,2022-05-06,407166016
ASML,2022-05-07,416899008
ASML,2022-05-10,448076992
ASML,2022-05-11,438908000
ASML,2022-05-13,405983008
ASML,2022-05-14,402601984
ASML,2022-05-17,410241984
ASML,2022-05-18,402601984
ASML,2022-05-19,415406016
ASML,2022-05-20,415662016
ASML,2022-05-21,402601984
ASML,2022-05-25,405712992
ASML,2022-05-26,402601984
ASML,2022-06-01,403403008
ASML,2022-06-03,402601984
ASML,2022-06-05,403518016
ASML,2022-06-07,406736000
ASML,2022-06-08,402985984
ASML,2022-06-09,406696000
ASML,2022-06-13,430780000
ASML,2022-06-14,428828992
ASML,2022-06-15,406748992
ASML,2022-06-17,432972000
ASML,2022-06-18,402601984
ASML,2022-07-01,423240000
ASML,2022-07-02,426183008
ASML,2022-07-06,416204992
ASML,2022-07-07,402601984
ASML,2022-07-12,415936992
ASML,2022-07-13,412566016
ASML,2022-07-14,402601984
ASML,2022-07-21,397200000
ASML,2022-07-24,398935008
ASML,2022-07-26,397200000
ASML,2022-07-27,408295008
ASML,2022-07-28,397200000
ASML,2022-08-03,404945984
ASML,2022-08-05,404945984
ASML,2022-08-06,402656992
ASML,2022-08-09,405863008
ASML,2022-08-10,418542016
ASML,2022-08-12,397200000
ASML,2022-08-17,402639008
ASML,2022-08-18,403772992
ASML,2022-08-20,413086016
ASML,2022-08-23,420046016
ASML,2022-08-29,413171008
ASML,2022-08-30,413088992
ASML,2022-09-13,392062016
ASML,2022-09-15,403462016
ASML,2022-09-16,407547008
ASML,2022-09-17,396660000
ASML,2022-09-20,391567008
ASML,2022-09-21,402424000
ASML,2022-09-22,407699008
ASML,2022-09-23,423595008
ASML,2022-09-24,400399008
ASML,2022-10-01,400945984
ASML,2022-10-05,400945984
ASML,2022-10-06,390140992
ASML,2022-10-08,431912992
ASML,2022-10-11,412164992
ASML,2022-10-12,418664992
ASML,2022-10-13,401708000
ASML,2022-10-14,393500000
ASML,2022-10-16,418288000
ASML,2022-10-18,393196992
ASML,2022-10-19,397200000
ASML,2022-11-01,402580992
ASML,2022-11-02,397564000
ASML,2022-11-03,423716992
ASML,2022-11-04,429891008
ASML,2022-11-05,397200000
ASML,2022-11-10,407782016
ASML,2022-11-11,397200000
ASML,2022-11-22,405232992
ASML,2022-11-23,397200000
ASML,2022-11-26,403679008
ASML,2022-11-30,409244000
ASML,2022-12-03,403136992
ASML,2022-12-04,403891008
ASML,2022-12-06,407199008
ASML,2022-12-07,410239008
ASML,2022-12-11,404732000
ASML,2022-12-13,403136992
ASML,2022-12-16,427836000
ASML,2022-12-18,413296992
ASML,2022-12-24,405412992
ASML,2022-12-27,403136992
ASML,2022-12-29,411697984
ASML,2022-12-30,403136992
ASML,2023-01-02,405187008
ASML,2023-01-04,405792000
ASML,2023-01-06,403865984
ASML,2023-01-13,403136992
ASML,2023-01-19,405860000
ASML,2023-01-20,423467008
ASML,2023-01-22,403136992
ASML,2023-01-26,403137984
ASML,2023-01-29,408436992
ASML,2023-01-31,418697984
ASML,2023-02-02,403137984
ASML,2023-02-05,414799008
ASML,2023-02-07,424663008
ASML,2023-02-08,403137984
ASML,2023-02-09,405492000
ASML,2023-02-10,403419008
ASML,2023-02-11,412792000
ASML,2023-02-14,403137984
ASML,2023-02-17,412411008
ASML,2023-02-18,403137984
ASML,2023-02-21,403134016
ASML,2023-02-22,404044992
ASML,2023-02-23,403065984
ASML,2023-02-25,402443008
ASML,2023-02-28,394590016
ASML,2023-03-02,397536992
ASML,2023-03-03,394590016
ASML,2023-03-07,396977984
ASML,2023-03-09,394590016
ASML,2023-03-10,400568992
ASML,2023-03-11,405223008
ASML,2023-03-15,394590016
ASML,2023-03-16,401785984
ASML,2023-03-17,394590016
ASML,2023-03-25,408887008
ASML,2023-03-28,397409984
ASML,2023-03-29,402275008
ASML,2023-03-30,394590016
ASML,2023-04-04,395921984
ASML,2023-04-05,394590016
ASML,2023-04-06,396593984
ASML,2023-04-07,400684992
ASML,2023-04-08,398009984
ASML,2023-04-11,395044992
ASML,2023-04-13,400009984
ASML,2023-04-14,394590016
ASML,2023-04-18,413887008
ASML,2023-04-20,406895008
ASML,2023-04-21,394590016
ASML,2023-04-25,395764000
ASML,2023-04-26,410479008
ASML,2023-04-27,403775008
ASML,2023-04-28,394590016
ASML,2023-05-13,400632992
ASML,2023-05-16,394590016
ASML,2023-05-20,394750016
ASML,2023-05-23,394590016
ASML,2023-05-24,403056992
ASML,2023-05-27,394590016
ASML,2023-06-01,399254016
ASML,2023-06-02,394590016
ASML,2023-06-17,399543008
ASML,2023-06-20,394745984
ASML,2023-06-23,400028000
ASML,2023-06-25,405076000
ASML,2023-06-27,395603008
ASML,2023-06-28,397803008
ASML,2023-07-05,394590016
ASML,2023-07-06,402256000
ASML,2023-07-07,404833984
ASML,2023-07-10,394590016
ASML,2023-07-21,425889984
ASML,2023-07-27,399659008
ASML,2023-08-22,393400000
ASML,2023-08-25,411955008
ASML,2023-08-26,396296000
ASML,2023-08-30,393400000
ASML,2023-09-02,394495008
ASML,2023-09-07,394793984
ASML,2023-09-08,407996992
ASML,2023-09-09,414449984
ASML,2023-09-12,393400000
ASML,2023-09-16,411784992
ASML,2023-09-19,393400000
ASML,2023-09-21,394606016
ASML,2023-09-23,401783008
ASML,2023-09-26,394624000
ASML,2023-09-27,405643008
ASML,2023-09-29,393400000
ASML,2023-10-03,398883008
ASML,2023-10-04,404880992
ASML,2023-10-06,394724000
ASML,2023-10-07,393400000
ASML,2023-10-10,393712000
ASML,2023-10-11,393400000
ASML,2023-10-13,393400000
ASML,2023-10-14,394158016
ASML,2023-10-17,393400000
ASML,2023-10-18,393400000
ASML,2023-10-19,407816992
ASML,2023-10-20,393400000
ASML,2023-10-21,401982016
ASML,2023-10-24,393400000
ASML,2023-10-26,404560000
ASML,2023-10-27,397326016
ASML,2023-10-28,394975008
ASML,2023-10-31,395348000
ASML,2023-11-01,393400000
ASML,2023-11-04,394590016
ASML,2023-11-09,396345984
ASML,2023-11-10,399255008
ASML,2023-11-11,394590016
ASML,2023-11-17,395964992
ASML,2023-11-18,394590016
ASML,2023-11-22,395944992
ASML,2023-11-23,394615008
ASML,2023-11-24,398304992
ASML,2023-11-25,394590016
ASML,2023-11-28,395193984
ASML,2023-11-29,401404000
ASML,2023-11-30,394590016
ASML,2023-12-01,399279008
ASML,2023-12-02,394590016
ASML,2023-12-03,398696992
ASML,2023-12-05,399782016
ASML,2023-12-06,394590016
ASML,2023-12-07,402561984
ASML,2023-12-08,395195008
ASML,2023-12-09,394590016
ASML,2023-12-19,406092992
ASML,2023-12-20,394590016
ASML,2023-12-21,399804000
ASML,2023-12-22,394590016
ASML,2023-12-26,394712000
ASML,2023-12-27,394590016
ASML,2023-12-30,397185984
ASML,2024-01-02,394590016
ASML,2024-01-03,414836992
ASML,2024-01-04,411425984
ASML,2024-01-05,413272000
ASML,2024-01-06,398103008
ASML,2024-01-09,394590016
ASML,2024-01-17,396227008
ASML,2024-01-18,395507008
ASML,2024-01-19,394590016
ASML,2024-01-27,401481984
ASML,2024-01-30,394590016
ASML,2024-01-31,396663008
ASML,2024-02-01,394590016
ASML,2024-02-13,400910016
ASML,2024-02-14,413968992
ASML,2024-02-15,394590016
ASML,2024-02-20,400236992
ASML,2024-02-21,402110016
ASML,2024-02-22,394590016
ASML,2024-02-24,401312000
ASML,2024-02-27,394590016
ASML,2024-02-29,400655008
ASML,2024-03-01,394590016
ASML,2024-03-06,403156992
ASML,2024-03-07,394590016
ASML,2024-03-09,410502016
ASML,2024-03-12,414432992
ASML,2024-03-13,394590016
ASML,2024-03-14,397248992
ASML,2024-03-15,394819008
ASML,2024-03-16,404980992
ASML,2024-03-19,394590016
ASML,2024-03-23,406579008
ASML,2024-03-26,396643008
ASML,2024-03-27,402838016
ASML,2024-03-28,395432992
ASML,2024-03-29,394590016
ASML,2024-04-05,403319008
ASML,2024-04-06,394590016
ASML,2024-04-11,395472000
ASML,2024-04-12,406849984
ASML,2024-04-13,400590016
ASML,2024-04-16,402276000
ASML,2024-04-17,394590016
ASML,2024-04-18,421656992
ASML,2024-04-19,402235008
ASML,2024-04-20,411558016
ASML,2024-04-23,395396000
ASML,2024-04-24,394590016
ASML,2024-04-30,399587008
ASML,2024-05-01,410465984
ASML,2024-05-02,411103008
ASML,2024-05-03,404236000
ASML,2024-05-04,394590016
ASML,2024-05-08,395681984
ASML,2024-05-09,398161984
ASML,2024-05-10,394590016
ASML,2024-05-14,400911008
ASML,2024-05-15,401880000
ASML,2024-05-16,394590016
ASML,2024-05-17,394907008
ASML,2024-05-18,399073984
ASML,2024-05-21,395324000
ASML,2024-05-22,400952000
ASML,2024-05-23,396638016
ASML,2024-05-24,394590016
ASML,2024-05-30,400888992
ASML,2024-05-31,394590016
ASML,2024-06-05,396556000
ASML,2024-06-06,394590016
ASML,2024-06-08,399489984
ASML,2024-06-11,395299008
ASML,2024-06-12,397688000
ASML,2024-06-13,394590016
ASML,2024-06-14,396704000
ASML,2024-06-15,401111008
ASML,2024-06-18,394590016
ASML,2024-06-22,404513984
ASML,2024-06-25,406164000
ASML,2024-06-26,394590016
ASML,2024-06-27,395865984
ASML,2024-06-28,394590016
ASML,2024-06-29,395147008
ASML,2024-07-02,394590016
ASML,2024-07-09,393422016
ASML,2024-07-10,393422016
ASML,2024-07-12,393422016
ASML,2024-07-16,402988000
ASML,2024-07-17,396569984
ASML,2024-07-18,449793984
ASML,2024-07-19,403955008
ASML,2024-07-20,402788992
ASML,2024-07-23,393200000
ASML,2024-07-25,422360000
ASML,2024-07-26,411211008
ASML,2024-07-27,393804992
ASML,2024-07-30,402128992
ASML,2024-07-31,400086016
ASML,2024-08-01,393200000
ASML,2024-08-02,409180992
ASML,2024-08-03,436364992
ASML,2024-08-06,393200000
ASML,2024-08-08,401465984
ASML,2024-08-09,393200000
ASML,2024-08-10,397353984
ASML,2024-08-13,394535008
ASML,2024-08-14,393200000
ASML,2024-08-23,406412000
ASML,2024-08-24,402704000
ASML,2024-08-27,405184992
ASML,2024-08-28,393964000
ASML,2024-08-29,393200000
ASML,2024-08-30,395761984
ASML,2024-08-31,398243008
ASML,2024-09-03,393422016
ASML,2024-09-04,420599008
ASML,2024-09-05,419777984
ASML,2024-09-06,401910016
ASML,2024-09-07,424900992
ASML,2024-09-10,396768000
ASML,2024-09-11,395944992
ASML,2024-09-17,398128992
ASML,2024-09-18,393200000
ASML,2024-09-19,403574016
ASML,2024-09-20,393200000
ASML,2024-09-21,393248992
ASML,2024-09-24,393200000
ASML,2024-09-28,395160000
ASML,2024-09-30,399092000
ASML,2024-10-01,399415008
ASML,2024-10-02,398176000
ASML,2024-10-03,393200000
ASML,2024-10-04,395800000
ASML,2024-10-05,393731008
ASML,2024-10-08,402156992
ASML,2024-10-09,393200000
ASML,2024-10-11,397008992
ASML,2024-10-12,393972992
ASML,2024-10-16,465716000
ASML,2024-10-17,419248992
ASML,2024-10-18,396878016
ASML,2024-10-22,396207008
ASML,2024-10-23,393200000
ASML,2024-10-24,398926016
ASML,2024-10-25,393463008
ASML,2024-10-28,394819008
ASML,2024-10-29,398980992
ASML,2024-10-30,395204000
ASML,2024-10-31,406903008
ASML,2024-11-01,401063008
ASML,2024-11-02,393200000
ASML,2024-11-03,397748992
ASML,2024-11-05,399864000
ASML,2024-11-06,396732000
ASML,2024-11-07,396984992
ASML,2024-11-08,393200000
ASML,2024-11-09,393766016
ASML,2024-11-12,393200000
ASML,2024-11-13,394916992
ASML,2024-11-14,393200000
ASML,2024-11-16,423548000
ASML,2024-11-19,395193984
ASML,2024-11-20,393800000
ASML,2024-11-21,395233984
ASML,2024-11-22,393200000
ASML,2024-11-27,399784992
ASML,2024-11-28,393200000
ASML,2024-12-06,393364000
ASML,2024-12-07,395972000
ASML,2024-12-10,396879008
ASML,2024-12-11,397583008
ASML,2024-12-12,393200000
ASML,2024-12-19,404256000
ASML,2024-12-20,416743008
ASML,2024-12-21,398361984
ASML,2024-12-24,393200000
ASML,2024-12-27,393244992
ASML,2024-12-28,394726016
ASML,2024-12-31,403166016
ASML,2025-01-01,400664000
ASML,2025-01-03,396464992
ASML,2025-01-04,393200000
ASML,2025-01-08,399942016
ASML,2025-01-09,405211008
ASML,2025-01-10,395948992
ASML,2025-01-11,402744992
ASML,2025-01-14,403702016
ASML,2025-01-15,393200000
ASML,2025-01-16,396056000
ASML,2025-01-17,393200000
ASML,2025-01-18,398931008
ASML,2025-01-21,395816000
ASML,2025-01-22,396145984
ASML,2025-01-23,393200000
ASML,2025-01-24,410168992
ASML,2025-01-25,399774016
ASML,2025-01-28,415775008
ASML,2025-01-29,393200000
ASML,2025-02-03,399595008
ASML,2025-02-04,404107008
ASML,2025-02-05,394086016
ASML,2025-02-06,393200000
ASML,2025-02-08,401964000
ASML,2025-02-11,393200000
ASML,2025-02-15,401192000
ASML,2025-02-18,400712000
ASML,2025-02-19,403311008
ASML,2025-02-20,396399008
ASML,2025-02-21,396640000
ASML,2025-02-22,394534016
ASML,2025-02-25,398344992
ASML,2025-02-26,402414016
ASML,2025-02-27,393395008
ASML,2025-02-28,423611008
ASML,2025-03-01,406623008
ASML,2025-03-04,396279008
ASML,2025-03-05,399065984
ASML,2025-03-06,393200000
ASML,2025-03-11,413495008
ASML,2025-03-12,395324992
ASML,2025-03-13,393200000
ASML,2025-03-14,398776992
ASML,2025-03-15,393200000
ASML,2025-03-21,394328992
ASML,2025-03-22,404151008
ASML,2025-03-25,393200000
ASML,2025-03-26,395456000
ASML,2025-03-27,406071008
ASML,2025-03-28,414967008
ASML,2025-03-29,402252992
ASML,2025-04-01,400940992
ASML,2025-04-02,393200000
ASML,2025-04-03,394009984
ASML,2025-04-04,419735008
ASML,2025-04-05,409772992
ASML,2025-04-08,397731008
ASML,2025-04-09,398928992
ASML,2025-04-10,393200000
ASML,2025-04-17,425104992
ASML,2025-04-18,398111008
ASML,2025-04-19,394904000
ASML,2025-04-22,404683008
ASML,2025-04-23,395812992
ASML,2025-04-24,393200000
ASML,2025-05-06,395752992
ASML,2025-05-07,397715008
ASML,2025-05-08,393200000
ASML,2025-05-10,396864992
ASML,2025-05-13,393200000
ASML,2025-05-15,393340000
ASML,2025-05-16,403632992
ASML,2025-05-17,400920992
ASML,2025-05-20,393200000
ASML,2025-05-22,395407008
ASML,2025-05-23,398279008
ASML,2025-05-24,399467008
ASML,2025-05-27,393200000
ASML,2025-05-29,399516000
ASML,2025-05-30,399219008
ASML,2025-05-31,398940992
ASML,2025-06-03,393200000
ASML,2025-06-05,395889984
ASML,2025-06-06,393254016
ASML,2025-06-13,394771008
ASML,2025-06-14,402324000
ASML,2025-06-17,394939008
ASML,2025-06-18,399564000
ASML,2025-06-19,397128000
ASML,2025-06-20,394183008
ASML,2025-06-21,393200000
ASML,2025-06-27,395064992
ASML,2025-06-28,398374016
ASML,2025-07-02,395244000
ASML,2025-07-03,393200000
ASML,2025-07-04,393200000
ASML,2025-07-05,395415008
ASML,2025-07-08,400155008
ASML,2025-07-12,396855008
ASML,2025-07-15,393200000
ASML,2025-07-17,429291008
ASML,2025-07-18,393200000
ASML,2025-07-19,404935008
ASML,2025-07-22,402001984
ASML,2025-07-23,404529984
ASML,2025-07-24,393200000
ASML,2025-07-26,400862016
ASML,2025-07-29,393200000
ASML,2025-07-30,404222016
ASML,2025-07-31,393769984
ASML,2025-08-01,410200992
ASML,2025-08-02,399375008
ASML,2025-08-03,393200000
ASML,2025-08-06,397916000
ASML,2025-08-07,397150016
ASML,2025-08-16,398927008
ASML,2025-08-19,393200000
ASML,2025-08-20,395326016
ASML,2025-08-21,393200000
ASML,2025-08-22,397255008
ASML,2025-08-23,393200000
ASML,2025-08-29,395720000
ASML,2025-08-30,403489984
ASML,2025-09-02,393716992
ASML,2025-09-03,402808000
ASML,2025-09-04,393200000
ASML,2025-09-11,398584992
ASML,2025-09-12,393200000
ASML,2025-09-17,393200230
ASML,2025-09-20,396057105
ASML,2025-09-23,393200230
ASML,2025-09-25,401689293
ASML,2025-09-26,400585182
ASML,2025-09-27,393904947
ASML,2025-09-30,393200230
ASML,2025-10-01,388147674
ASML,2025-10-08,399616442
ASML,2025-10-09,396689003
ASML,2025-10-10,392926358
ASML,2025-10-11,409729013
ASML,2025-10-14,388147674
ASML,2025-10-22,396823878
ASML,2025-10-23,397542287
ASML,2025-10-24,388147674
ASML,2025-10-29,389515211
ASML,2025-10-30,388147674
ASML,2025-11-01,392730650
ASML,2025-11-03,389298240
ASML,2025-11-04,388147674
ASML,2025-11-05,402398777
ASML,2025-11-06,393204425
ASML,2025-11-07,392648985
ASML,2025-11-08,392832443
ASML,2025-11-11,388147674
ASML,2025-11-12,388562609
ASML,2025-11-13,388147674
ASML,2025-11-14,393253725
ASML,2025-11-15,393834259
ASML,2025-11-17,388147674
ASML,2026-02-28,392658684
ASML,2026-04-23,385417665
ASML,2026-07-16,384100000
XOM,2020-08-04,4230429952
XOM,2020-08-07,4228229888
XOM,2020-08-28,4228229888
XOM,2020-09-05,4236879872
XOM,2020-09-06,4228229888
XOM,2020-09-21,4297589760
XOM,2020-09-22,4228229888
XOM,2020-11-06,4228229888
XOM,2020-11-26,4228229888
XOM,2021-02-04,4232999936
XOM,2021-02-26,4233479936
XOM,2021-03-17,4438320128
XOM,2021-03-18,4233520128
XOM,2021-04-14,4233520128
XOM,2021-04-23,4289440000
XOM,2021-04-25,4266279936
XOM,2021-04-27,4233520128
XOM,2021-05-07,4233540096
XOM,2021-06-19,4233540096
XOM,2021-07-08,4233540096
XOM,2021-08-06,4233560064
XOM,2021-10-06,4240430080
XOM,2021-10-07,4233560064
XOM,2021-11-02,4233540096
XOM,2021-11-06,4233570048
XOM,2021-11-08,4233570048
XOM,2021-11-10,4233540096
XOM,2021-11-11,4376690176
XOM,2021-11-27,4387700224
XOM,2021-12-03,4233540096
XOM,2021-12-04,4260679936
XOM,2021-12-05,4260679936
XOM,2022-02-04,4239000064
XOM,2022-02-11,4239000064
XOM,2022-02-18,4245499904
XOM,2022-02-19,4239000064
XOM,2022-02-25,4233590016
XOM,2022-03-15,4390779904
XOM,2022-03-17,4655750144
XOM,2022-03-18,4552000000
XOM,2022-03-20,4233590016
XOM,2022-04-11,4225669888
XOM,2022-06-03,4213199872
XOM,2022-06-23,4213199872
XOM,2022-06-24,4344229888
XOM,2022-07-23,4245619968
XOM,2022-07-24,4213199872
XOM,2022-08-03,4168000000
XOM,2022-08-05,4351090176
XOM,2022-08-06,4168000000
XOM,2022-08-09,4167640064
XOM,2022-09-01,4167640064
XOM,2022-09-02,4167640064
XOM,2022-09-10,4098970112
XOM,2022-09-12,4167640064
XOM,2022-09-17,4167640064
XOM,2022-11-01,4118000128
XOM,2022-11-05,4118289920
XOM,2023-02-02,4081999872
XOM,2023-02-25,4070980096
XOM,2023-03-11,4070980096
XOM,2023-03-18,4119510016
XOM,2023-03-21,4070980096
XOM,2023-03-30,4140910080
XOM,2023-04-01,4070980096
XOM,2023-04-25,4147840000
XOM,2023-04-27,4070980096
XOM,2023-05-02,4043000064
XOM,2023-05-04,4124270080
XOM,2023-05-06,4043000064
XOM,2023-05-10,4044100096
XOM,2023-05-11,4095520000
XOM,2023-05-14,4117900032
XOM,2023-05-16,4042980096
XOM,2023-07-06,4055840000
XOM,2023-07-07,4042980096
XOM,2023-07-12,4092420096
XOM,2023-07-13,4042980096
XOM,2023-08-22,4003190016
XOM,2023-08-23,4025779968
XOM,2023-08-24,4003190016
XOM,2023-08-29,4003190016
XOM,2023-09-01,3986500096
XOM,2023-10-03,3986500096
XOM,2023-10-10,3986500096
XOM,2023-10-11,4003460096
XOM,2023-10-13,3986500096
XOM,2023-10-14,3962919936
XOM,2023-10-15,3962919936
XOM,2023-10-18,3962919936
XOM,2023-10-19,3962919936
XOM,2023-10-22,3962919936
XOM,2023-10-24,3962919936
XOM,2023-10-25,4001669888
XOM,2023-11-04,4011820032
XOM,2023-11-07,3962919936
XOM,2023-11-08,4026040064
XOM,2023-11-09,4006129920
XOM,2023-11-11,4006129920
XOM,2023-11-14,4006129920
XOM,2023-11-15,4006129920
XOM,2023-11-16,4006129920
XOM,2023-11-17,4006129920
XOM,2023-11-18,4006129920
XOM,2023-11-22,4006129920
XOM,2023-11-25,4006129920
XOM,2023-11-29,4006129920
XOM,2023-12-02,3996770048
XOM,2023-12-05,3996770048
XOM,2023-12-06,4075960064
XOM,2023-12-07,3996770048
XOM,2023-12-09,3996770048
XOM,2023-12-14,3996770048
XOM,2023-12-16,3996770048
XOM,2023-12-19,3996770048
XOM,2023-12-21,3996770048
XOM,2023-12-22,3996770048
XOM,2023-12-28,3996770048
XOM,2023-12-29,3996770048
XOM,2023-12-30,3996770048
XOM,2024-01-04,3996770048
XOM,2024-01-05,3996770048
XOM,2024-01-06,4008880128
XOM,2024-01-09,3996770048
XOM,2024-01-10,3996770048
XOM,2024-01-11,3996770048
XOM,2024-01-12,3996770048
XOM,2024-01-13,3996770048
XOM,2024-01-18,3996770048
XOM,2024-01-19,3996770048
XOM,2024-01-23,4002139904
XOM,2024-01-24,3996770048
XOM,2024-01-26,3996770048
XOM,2024-01-27,3996770048
XOM,2024-01-30,3996770048
XOM,2024-01-31,3996770048
XOM,2024-02-01,4009210112
XOM,2024-02-03,3971000064
XOM,2024-02-10,4056839936
XOM,2024-02-13,3971000064
XOM,2024-02-29,3971000064
XOM,2024-03-01,3971000064
XOM,2024-03-05,3967840000
XOM,2024-03-06,3967840000
XOM,2024-03-08,3967840000
XOM,2024-03-12,3967840000
XOM,2024-03-14,3967840000
XOM,2024-03-15,3967840000
XOM,2024-03-16,3967840000
XOM,2024-03-19,3967840000
XOM,2024-03-20,3967840000
XOM,2024-03-22,3967840000
XOM,2024-03-26,3967840000
XOM,2024-03-27,3967840000
XOM,2024-03-29,3967840000
XOM,2024-04-04,3967840000
XOM,2024-04-06,3967840000
XOM,2024-04-10,3967840000
XOM,2024-04-12,4004960000
XOM,2024-04-13,3958259968
XOM,2024-04-17,3991280128
XOM,2024-04-18,3960260096
XOM,2024-04-27,3958259968
XOM,2024-04-30,3943010048
XOM,2024-05-01,3988679936
XOM,2024-05-04,3951160064
XOM,2024-05-07,4513769984
XOM,2024-05-08,4485929984
XOM,2024-05-09,4485929984
XOM,2024-05-11,4485929984
XOM,2024-05-14,4485929984
XOM,2024-05-15,4495079936
XOM,2024-05-16,4485929984
XOM,2024-05-18,4485929984
XOM,2024-05-20,4522599936
XOM,2024-05-21,4485929984
XOM,2024-05-22,4485929984
XOM,2024-05-23,4485929984
XOM,2024-05-24,4485929984
XOM,2024-05-25,4485929984
XOM,2024-05-29,4485929984
XOM,2024-05-30,4485929984
XOM,2024-05-31,4485929984
XOM,2024-06-01,4485929984
XOM,2024-06-04,4485929984
XOM,2024-06-05,4485929984
XOM,2024-06-06,4485929984
XOM,2024-06-12,4522319872
XOM,2024-06-13,4536070144
XOM,2024-06-15,4524160000
XOM,2024-06-19,4485929984
XOM,2024-06-21,4485929984
XOM,2024-06-22,4485929984
XOM,2024-07-02,4485929984
XOM,2024-07-03,4516570112
XOM,2024-07-10,4536070144
XOM,2024-07-11,4485929984
XOM,2024-07-12,4485929984
XOM,2024-07-13,4485929984
XOM,2024-07-16,4485929984
XOM,2024-07-18,4485929984
XOM,2024-07-19,4485929984
XOM,2024-07-20,4485929984
XOM,2024-07-24,4559499776
XOM,2024-07-30,4485929984
XOM,2024-08-03,4442999808
XOM,2024-08-07,4442829824
XOM,2024-08-08,4442829824
XOM,2024-08-14,4442829824
XOM,2024-08-15,4442829824
XOM,2024-08-17,4442829824
XOM,2024-08-20,4442829824
XOM,2024-08-24,4442829824
XOM,2024-08-27,4442829824
XOM,2024-08-28,4442829824
XOM,2024-08-29,4442829824
XOM,2024-08-30,4442829824
XOM,2024-08-31,4442829824
XOM,2024-09-04,4442829824
XOM,2024-09-07,4442829824
XOM,2024-09-10,4442829824
XOM,2024-09-11,4442829824
XOM,2024-09-12,4442829824
XOM,2024-09-13,4442829824
XOM,2024-09-17,4442829824
XOM,2024-09-18,4442829824
XOM,2024-09-21,4442829824
XOM,2024-09-25,4442829824
XOM,2024-09-26,4442829824
XOM,2024-09-27,4442829824
XOM,2024-09-28,4442829824
XOM,2024-09-30,4442829824
XOM,2024-10-01,4442829824
XOM,2024-10-02,4442829824
XOM,2024-10-03,4442829824
XOM,2024-10-04,4442829824
XOM,2024-10-08,4442829824
XOM,2024-10-09,4442829824
XOM,2024-10-12,4442829824
XOM,2024-10-15,4442829824
XOM,2024-10-17,4442829824
XOM,2024-10-18,4442829824
XOM,2024-10-19,4442829824
XOM,2024-10-22,4442829824
XOM,2024-10-24,4442829824
XOM,2024-10-26,4471830016
XOM,2024-10-28,4494020096
XOM,2024-10-29,4442829824
XOM,2024-10-30,4442829824
XOM,2024-10-31,4442829824
XOM,2024-11-02,4394999808
XOM,2024-11-05,4395089920
XOM,2024-11-06,4395089920
XOM,2024-11-07,4395089920
XOM,2024-11-09,4395089920
XOM,2024-11-13,4399479808
XOM,2024-11-14,4395089920
XOM,2024-11-15,4395089920
XOM,2024-11-16,4441140224
XOM,2024-11-20,4395089920
XOM,2024-11-21,4395089920
XOM,2024-11-22,4395089920
XOM,2024-11-26,4395089920
XOM,2024-11-30,4395089920
XOM,2024-12-03,4395089920
XOM,2024-12-04,4401820160
XOM,2024-12-07,4395089920
XOM,2024-12-10,4395089920
XOM,2024-12-11,4404069888
XOM,2024-12-13,4399029760
XOM,2024-12-14,4437919744
XOM,2024-12-17,4395089920
XOM,2024-12-18,4395089920
XOM,2024-12-24,4395089920
XOM,2024-12-25,4395089920
XOM,2024-12-27,4395089920
XOM,2024-12-28,4395089920
XOM,2025-01-01,4395089920
XOM,2025-01-03,4395089920
XOM,2025-01-04,4395089920
XOM,2025-01-07,4399989760
XOM,2025-01-08,4395089920
XOM,2025-01-15,4395089920
XOM,2025-01-16,4395089920
XOM,2025-01-17,4402599936
XOM,2025-01-22,4428610048
XOM,2025-01-23,4395089920
XOM,2025-01-25,4395089920
XOM,2025-01-28,4395089920
XOM,2025-01-31,4395089920
XOM,2025-02-01,4507820032
XOM,2025-02-05,4353090048
XOM,2025-02-07,4353090048
XOM,2025-02-11,4353090048
XOM,2025-02-12,4353090048
XOM,2025-02-13,4528269824
XOM,2025-02-19,4353090048
XOM,2025-02-20,4353090048
XOM,2025-02-21,4339140096
XOM,2025-02-22,4339140096
XOM,2025-02-26,4339140096
XOM,2025-02-27,4339140096
XOM,2025-03-01,4339140096
XOM,2025-03-04,4482899968
XOM,2025-03-05,4339140096
XOM,2025-03-06,4339140096
XOM,2025-03-07,4339140096
XOM,2025-03-13,4339140096
XOM,2025-03-19,4339140096
XOM,2025-03-21,4339140096
XOM,2025-03-22,4354169856
XOM,2025-03-25,4339140096
XOM,2025-03-26,4339140096
XOM,2025-03-27,4339140096
XOM,2025-03-28,4353129984
XOM,2025-03-29,4339140096
XOM,2025-04-02,4339140096
XOM,2025-04-05,4339140096
XOM,2025-04-09,4325289984
XOM,2025-04-10,4579369984
XOM,2025-04-11,4325289984
XOM,2025-04-22,4389749760
XOM,2025-04-23,4325289984
XOM,2025-04-24,4325289984
XOM,2025-04-26,4327680000
XOM,2025-04-29,4325289984
XOM,2025-05-01,4437080064
XOM,2025-05-03,4310000128
XOM,2025-05-07,4309640192
XOM,2025-05-09,4309640192
XOM,2025-05-10,4309640192
XOM,2025-05-13,4309640192
XOM,2025-05-14,4348570112
XOM,2025-05-15,4309640192
XOM,2025-05-16,4325170176
XOM,2025-05-17,4309640192
XOM,2025-05-23,4309640192
XOM,2025-05-24,4309640192
XOM,2025-05-28,4309640192
XOM,2025-05-29,4369149952
XOM,2025-05-31,4309640192
XOM,2025-06-04,4309640192
XOM,2025-06-05,4309640192
XOM,2025-06-06,4309640192
XOM,2025-06-07,4309640192
XOM,2025-06-10,4309640192
XOM,2025-06-11,4309640192
XOM,2025-06-13,4309640192
XOM,2025-06-14,4309640192
XOM,2025-06-17,4309640192
XOM,2025-06-19,4340480000
XOM,2025-06-25,4309640192
XOM,2025-06-26,4309640192
XOM,2025-06-27,4309640192
XOM,2025-06-28,4309640192
XOM,2025-07-02,4309640192
XOM,2025-07-08,4309640192
XOM,2025-07-09,4309640192
XOM,2025-07-10,4309640192
XOM,2025-07-11,4309640192
XOM,2025-07-17,4309640192
XOM,2025-07-19,4309640192
XOM,2025-07-24,4309640192
XOM,2025-07-26,4309640192
XOM,2025-07-31,4309640192
XOM,2025-08-01,4309640192
XOM,2025-08-02,4263000064
XOM,2025-08-05,4263249920
XOM,2025-08-06,4263249920
XOM,2025-08-07,4292470016
XOM,2025-08-08,4285779968
XOM,2025-08-12,4263249920
XOM,2025-08-13,4263249920
XOM,2025-08-16,4263249920
XOM,2025-08-20,4263249920
XOM,2025-08-21,4263249920
XOM,2025-08-22,4263249920
XOM,2025-08-27,4263249920
XOM,2025-08-28,4263249920
XOM,2025-08-29,4263249920
XOM,2025-09-06,4263249920
XOM,2025-09-13,4263249920
XOM,2025-09-17,4263247021
XOM,2025-09-19,4263247021
XOM,2025-09-20,4305191749
XOM,2025-09-23,4263247021
XOM,2025-09-24,4263247021
XOM,2025-09-26,4263247021
XOM,2025-09-27,4263247021
XOM,2025-09-30,4375221641
XOM,2025-10-01,4432264442
XOM,2025-10-02,4263247021
XOM,2025-10-03,4263247021
XOM,2025-10-16,4263247021
XOM,2025-10-17,4263247021
XOM,2025-10-23,4263247021
XOM,2025-10-24,4263247021
XOM,2025-10-25,4263247021
XOM,2025-10-28,4263247021
XOM,2025-10-30,4263247021
XOM,2025-11-01,4275549150
XOM,2025-11-04,4217000000
XOM,2025-11-17,4263247022
XOM,2025-11-28,4263247022
XOM,2026-01-31,4217165615
XOM,2026-02-26,4166763453
XOM,2026-04-10,4156559415
XOM,2026-05-05,4144947162
XOM,2026-08-11,4111911960
CVX,2020-08-04,1886329984
CVX,2020-08-07,1867270016
CVX,2020-08-14,1867289984
CVX,2020-08-28,1867289984
CVX,2020-09-05,1867289984
CVX,2020-09-06,1867289984
CVX,2020-09-21,1881139968
CVX,2020-09-22,1867289984
CVX,2020-10-05,1887709952
CVX,2020-10-09,1925010048
CVX,2020-11-03,1925010048
CVX,2020-11-26,1925010048
CVX,2021-03-02,1926380032
CVX,2021-03-17,1926380032
CVX,2021-03-24,1927949952
CVX,2021-04-10,1928060032
CVX,2021-04-12,1928060032
CVX,2021-04-14,1919379968
CVX,2021-04-23,1962060032
CVX,2021-04-25,1950460032
CVX,2021-04-27,1928060032
CVX,2021-08-07,1933910016
CVX,2021-08-09,1933910016
CVX,2021-11-08,1927689984
CVX,2021-11-27,1927689984
CVX,2021-12-04,1939990016
CVX,2021-12-05,1927689984
CVX,2021-12-29,1927689984
CVX,2021-12-31,1936220032
CVX,2022-01-01,1927689984
CVX,2022-02-04,1945069952
CVX,2022-02-05,1927689984
CVX,2022-02-11,1927689984
CVX,2022-02-18,1937639936
CVX,2022-02-19,1927689984
CVX,2022-02-26,1947549952
CVX,2022-02-28,1947549952
CVX,2022-03-15,1996380032
CVX,2022-03-17,2102840064
CVX,2022-03-18,2074530048
CVX,2022-03-20,1947549952
CVX,2022-04-01,1979250048
CVX,2022-04-02,1947549952
CVX,2022-04-09,1964860032
CVX,2022-04-11,1964860032
CVX,2022-05-06,1964809984
CVX,2022-06-24,1964809984
CVX,2022-08-03,1981730048
CVX,2022-08-05,2019670016
CVX,2022-08-06,1964809984
CVX,2022-08-09,1960370048
CVX,2022-08-10,1957430016
CVX,2022-09-01,1957430016
CVX,2022-09-02,1989149952
CVX,2022-09-10,1908240000
CVX,2022-09-12,1957430016
CVX,2022-09-17,2009609984
CVX,2022-11-01,1919000064
CVX,2022-11-05,1933639936
CVX,2022-11-08,1919000064
CVX,2022-11-10,1933639936
CVX,2023-02-25,1906669952
CVX,2023-03-18,1931079936
CVX,2023-03-21,1906669952
CVX,2023-03-30,1923049984
CVX,2023-03-31,1906669952
CVX,2023-04-07,1906669952
CVX,2023-04-14,1894640000
CVX,2023-04-25,1921080064
CVX,2023-04-27,1894640000
CVX,2023-05-04,1933420032
CVX,2023-05-06,1894640000
CVX,2023-05-11,1919129984
CVX,2023-05-14,1900329984
CVX,2023-05-16,1894640000
CVX,2023-06-22,1880909952
CVX,2023-06-23,1893730048
CVX,2023-06-24,1880909952
CVX,2023-07-05,1871120000
CVX,2023-07-06,1881890048
CVX,2023-07-07,1869449984
CVX,2023-07-12,1904009984
CVX,2023-07-13,1869449984
CVX,2023-07-19,1873229952
CVX,2023-07-21,1869449984
CVX,2023-08-22,1907600000
CVX,2023-08-23,1923430016
CVX,2023-08-24,1907600000
CVX,2023-09-16,1915960064
CVX,2023-09-17,1907600000
CVX,2023-10-03,1907600000
CVX,2023-10-11,1907600000
CVX,2023-10-12,1907600000
CVX,2023-10-13,1907600000
CVX,2023-10-14,1907600000
CVX,2023-10-15,1907600000
CVX,2023-10-18,1907600000
CVX,2023-10-19,1907600000
CVX,2023-10-22,1907600000
CVX,2023-10-24,1907600000
CVX,2023-10-25,1930470016
CVX,2023-10-26,1907600000
CVX,2023-11-03,1887750016
CVX,2023-11-04,1902460032
CVX,2023-11-08,1921609984
CVX,2023-11-09,1887750016
CVX,2023-11-10,1887750016
CVX,2023-11-11,1887750016
CVX,2023-11-15,1887750016
CVX,2023-11-18,1887750016
CVX,2023-11-23,1887750016
CVX,2023-11-25,1887750016
CVX,2023-11-28,1887750016
CVX,2023-12-01,1887750016
CVX,2023-12-06,1914310016
CVX,2023-12-07,1887750016
CVX,2023-12-12,1887750016
CVX,2023-12-15,1882050048
CVX,2023-12-16,1887750016
CVX,2023-12-19,1887750016
CVX,2023-12-20,1887750016
CVX,2023-12-21,1887750016
CVX,2023-12-22,1882050048
CVX,2023-12-23,1883500032
CVX,2023-12-26,1887750016
CVX,2023-12-27,1887750016
CVX,2023-12-28,1887750016
CVX,2024-01-05,1908669952
CVX,2024-01-06,1884489984
CVX,2024-01-12,1887750016
CVX,2024-01-13,1887750016
CVX,2024-01-19,1887750016
CVX,2024-01-20,1882169984
CVX,2024-01-26,1887750016
CVX,2024-01-31,1887750016
CVX,2024-02-01,1922189952
CVX,2024-02-03,1851000064
CVX,2024-02-10,1888009984
CVX,2024-02-13,1851000064
CVX,2024-02-28,1857270016
CVX,2024-02-29,1857270016
CVX,2024-03-01,1857270016
CVX,2024-03-05,1857270016
CVX,2024-03-06,1857270016
CVX,2024-03-07,1857270016
CVX,2024-03-08,1857270016
CVX,2024-03-09,1857270016
CVX,2024-03-12,1857270016
CVX,2024-03-15,1857270016
CVX,2024-03-16,1857270016
CVX,2024-03-19,1857270016
CVX,2024-03-20,1857270016
CVX,2024-03-22,1857270016
CVX,2024-03-23,1857270016
CVX,2024-03-26,1857270016
CVX,2024-03-27,1857270016
CVX,2024-04-02,1857270016
CVX,2024-04-04,1857270016
CVX,2024-04-11,1857270016
CVX,2024-04-12,1881369984
CVX,2024-04-13,1847320064
CVX,2024-04-17,1846160000
CVX,2024-04-30,1842969984
CVX,2024-05-01,1842969984
CVX,2024-05-04,1842969984
CVX,2024-05-15,1853330048
CVX,2024-05-16,1842969984
CVX,2024-05-20,1860460032
CVX,2024-05-21,1842969984
CVX,2024-05-22,1842969984
CVX,2024-05-23,1842969984
CVX,2024-05-24,1842969984
CVX,2024-05-25,1828800000
CVX,2024-06-05,1828800000
CVX,2024-06-12,1842969984
CVX,2024-06-13,1855719936
CVX,2024-06-15,1832029952
CVX,2024-07-10,1844940032
CVX,2024-07-16,1831929984
CVX,2024-07-17,1828800000
CVX,2024-07-19,1861200000
CVX,2024-07-20,1828800000
CVX,2024-07-24,1863219968
CVX,2024-08-03,1815000064
CVX,2024-08-08,1828920064
CVX,2024-08-09,1814749952
CVX,2024-09-07,1814749952
CVX,2024-09-11,1814749952
CVX,2024-09-12,1819360000
CVX,2024-10-18,1814749952
CVX,2024-10-24,1815110016
CVX,2024-10-26,1814749952
CVX,2024-10-30,1839430016
CVX,2024-10-31,1814749952
CVX,2024-11-02,1783000064
CVX,2024-11-06,1783000064
CVX,2024-11-08,1793799936
CVX,2024-11-13,1782919936
CVX,2024-11-16,1782919936
CVX,2024-11-19,1790240000
CVX,2024-11-20,1782919936
CVX,2024-11-30,1784909952
CVX,2024-12-03,1782919936
CVX,2024-12-04,1782919936
CVX,2024-12-11,1782919936
CVX,2024-12-13,1800210048
CVX,2024-12-14,1782919936
CVX,2025-01-07,1782919936
CVX,2025-01-22,1782919936
CVX,2025-02-01,1755000064
CVX,2025-02-13,1755000064
CVX,2025-02-22,1760600064
CVX,2025-02-25,1760600064
CVX,2025-02-27,1760600064
CVX,2025-02-28,1760600064
CVX,2025-03-04,1760600064
CVX,2025-03-06,1760600064
CVX,2025-03-07,1760600064
CVX,2025-03-08,1760600064
CVX,2025-03-11,1760600064
CVX,2025-03-12,1760600064
CVX,2025-03-19,1760600064
CVX,2025-03-20,1760600064
CVX,2025-03-21,1760600064
CVX,2025-03-22,1760600064
CVX,2025-03-27,1760600064
CVX,2025-03-28,1760600064
CVX,2025-04-01,1760600064
CVX,2025-04-03,1760600064
CVX,2025-04-08,1760600064
CVX,2025-04-09,1760600064
CVX,2025-04-10,1904729984
CVX,2025-04-11,1746720000
CVX,2025-04-14,1750720000
CVX,2025-04-15,1746720000
CVX,2025-04-22,1800790016
CVX,2025-04-23,1746720000
CVX,2025-04-24,1754640000
CVX,2025-04-26,1751000064
CVX,2025-04-29,1746720000
CVX,2025-05-01,1788310016
CVX,2025-05-09,1746169984
CVX,2025-05-10,1732230016
CVX,2025-05-14,1740540032
CVX,2025-05-15,1732230016
CVX,2025-05-16,1734179968
CVX,2025-05-17,1732230016
CVX,2025-05-29,1732230016
CVX,2025-05-31,1732230016
CVX,2025-06-06,1732230016
CVX,2025-06-19,1732230016
CVX,2025-06-28,1732230016
CVX,2025-07-08,1732230016
CVX,2025-07-10,1732230016
CVX,2025-07-11,1732230016
CVX,2025-07-22,2033229952
CVX,2025-07-24,2033229952
CVX,2025-07-25,2033229952
CVX,2025-07-31,2033229952
CVX,2025-08-01,2033229952
CVX,2025-08-02,2033229952
CVX,2025-08-07,2036690048
CVX,2025-08-08,2033229952
CVX,2025-08-09,2014819968
CVX,2025-08-12,2014819968
CVX,2025-08-16,2014819968
CVX,2025-08-19,2014819968
CVX,2025-08-21,2014819968
CVX,2025-08-26,2014819968
CVX,2025-08-30,2014819968
CVX,2025-09-03,2014819968
CVX,2025-09-04,2014819968
CVX,2025-09-05,2014819968
CVX,2025-09-10,2014819968
CVX,2025-09-11,2014819968
CVX,2025-09-17,2014822376
CVX,2025-09-18,2014822376
CVX,2025-09-20,2014822376
CVX,2025-09-23,2014822376
CVX,2025-09-26,2014822376
CVX,2025-09-27,2014822376
CVX,2025-09-30,2067225828
CVX,2025-10-02,2014822376
CVX,2025-10-07,2014822376
CVX,2025-10-08,2014822376
CVX,2025-10-10,2014822376
CVX,2025-10-11,2014822376
CVX,2025-10-15,2014822376
CVX,2025-10-16,2014822376
CVX,2025-10-17,2014822376
CVX,2025-10-18,2014822376
CVX,2025-10-24,2014822376
CVX,2025-10-25,2014822376
CVX,2025-10-27,2018455492
CVX,2025-10-28,2014822376
CVX,2025-10-29,2014822376
CVX,2025-11-01,2014822376
CVX,2025-11-04,1999000000
CVX,2025-11-05,1999000000
CVX,2025-11-06,1999000000
CVX,2025-11-08,1999353597
CVX,2025-11-17,2014822376
CVX,2026-01-31,1999353598
CVX,2026-03-04,1999353597
CVX,2026-04-09,1991898801
CVX,2026-05-05,1977000000
CVX,2026-05-09,1991597732
CVX,2026-08-04,1991597732
CVX,2026-08-06,1962000000
CVX,2026-08-08,1961603274
HON,2020-07-28,701782976
HON,2020-08-28,701782976
HON,2020-10-05,701782976
HON,2020-11-03,701686016
HON,2020-11-26,701686016
HON,2021-02-17,695500992
HON,2021-03-17,695500992
HON,2021-04-13,694537984
HON,2021-04-23,698294976
HON,2021-04-24,713100032
HON,2021-04-28,694556032
HON,2021-06-17,705688000
HON,2021-06-18,694556032
HON,2021-06-19,706942976
HON,2021-07-26,690398976
HON,2021-10-25,688422976
HON,2021-11-05,689382016
HON,2021-11-06,688422976
HON,2021-11-12,688422976
HON,2021-12-04,690113984
HON,2021-12-05,688422976
HON,2022-02-11,688422976
HON,2022-02-15,685819008
HON,2022-04-05,685481984
HON,2022-05-05,680732992
HON,2022-08-05,673692032
HON,2022-08-20,673692032
HON,2022-09-01,673692032
HON,2022-09-03,673692032
HON,2022-09-10,660091008
HON,2022-09-12,673692032
HON,2022-09-17,671830976
HON,2022-10-30,672321984
HON,2023-02-14,668140032
HON,2023-03-18,684164992
HON,2023-03-21,668140032
HON,2023-03-30,672228992
HON,2023-04-01,668140032
HON,2023-04-08,665702016
HON,2023-04-22,667977024
HON,2023-04-25,668078976
HON,2023-04-29,665676992
HON,2023-05-03,673131008
HON,2023-05-06,665676992
HON,2023-05-13,678465984
HON,2023-05-17,665676992
HON,2023-06-14,665676992
HON,2023-07-12,668849024
HON,2023-07-13,665676992
HON,2023-08-21,663961024
HON,2023-08-23,667316992
HON,2023-08-24,663961024
HON,2023-10-10,663961024
HON,2023-10-11,663961024
HON,2023-10-12,663961024
HON,2023-10-13,663961024
HON,2023-10-14,663961024
HON,2023-10-17,663961024
HON,2023-10-18,663961024
HON,2023-10-19,663961024
HON,2023-10-20,663961024
HON,2023-10-24,663961024
HON,2023-10-27,663961024
HON,2023-10-28,659251008
HON,2023-11-02,659251008
HON,2023-11-03,659251008
HON,2023-11-04,659251008
HON,2023-11-08,662358976
HON,2023-11-09,659251008
HON,2023-11-10,659251008
HON,2023-11-11,659251008
HON,2023-11-14,659251008
HON,2023-11-15,659251008
HON,2023-11-16,659251008
HON,2023-11-17,659251008
HON,2023-11-18,659251008
HON,2023-11-23,659251008
HON,2023-11-25,659251008
HON,2023-11-28,659251008
HON,2023-11-30,659251008
HON,2023-12-02,659251008
HON,2023-12-03,659251008
HON,2023-12-05,659251008
HON,2023-12-06,659251008
HON,2023-12-08,659251008
HON,2023-12-09,659251008
HON,2023-12-13,659251008
HON,2023-12-14,659251008
HON,2023-12-15,659251008
HON,2023-12-19,659251008
HON,2023-12-22,659251008
HON,2023-12-27,659251008
HON,2023-12-29,659251008
HON,2024-01-09,659251008
HON,2024-01-13,659251008
HON,2024-01-17,659251008
HON,2024-01-18,659251008
HON,2024-01-19,659251008
HON,2024-01-20,659251008
HON,2024-01-23,659251008
HON,2024-01-24,659251008
HON,2024-01-26,659251008
HON,2024-01-27,659251008
HON,2024-01-30,659251008
HON,2024-02-01,659251008
HON,2024-02-03,659251008
HON,2024-02-07,659251008
HON,2024-02-09,659251008
HON,2024-02-16,659251008
HON,2024-02-17,659251008
HON,2024-02-20,659251008
HON,2024-02-21,652182016
HON,2024-02-27,652182016
HON,2024-03-05,652182016
HON,2024-03-06,652182016
HON,2024-03-07,652182016
HON,2024-03-08,652182016
HON,2024-03-12,653646976
HON,2024-03-13,652182016
HON,2024-03-14,652182016
HON,2024-03-16,652182016
HON,2024-03-23,654195968
HON,2024-03-26,659574976
HON,2024-03-27,652182016
HON,2024-03-29,652182016
HON,2024-03-30,652182016
HON,2024-04-03,652182016
HON,2024-04-04,659694016
HON,2024-04-12,653441984
HON,2024-04-13,651185024
HON,2024-04-16,658467968
HON,2024-04-17,662556032
HON,2024-04-25,655798016
HON,2024-04-26,651185984
HON,2024-05-07,653889984
HON,2024-05-15,653075008
HON,2024-05-16,651185984
HON,2024-05-18,653240000
HON,2024-05-20,655481024
HON,2024-05-21,651185984
HON,2024-05-22,651185984
HON,2024-05-23,653464000
HON,2024-05-24,651185984
HON,2024-06-12,651185984
HON,2024-06-13,651185984
HON,2024-06-15,651185984
HON,2024-06-21,651185984
HON,2024-06-22,651185984
HON,2024-06-25,651185984
HON,2024-06-27,651185984
HON,2024-06-28,651185984
HON,2024-07-02,651185984
HON,2024-07-03,651185984
HON,2024-07-06,651185984
HON,2024-07-10,651185984
HON,2024-07-18,651185984
HON,2024-07-19,660470016
HON,2024-07-20,651185984
HON,2024-07-24,651185984
HON,2024-07-25,651185984
HON,2024-07-26,649670976
HON,2024-08-02,649670976
HON,2024-08-03,649670976
HON,2024-08-29,649670976
HON,2024-09-04,649670976
HON,2024-09-06,657865024
HON,2024-09-07,649670976
HON,2024-09-13,651422016
HON,2024-09-14,649670976
HON,2024-09-21,649670976
HON,2024-10-01,649670976
HON,2024-10-10,649974976
HON,2024-10-11,649670976
HON,2024-10-18,649670976
HON,2024-10-23,655598016
HON,2024-10-24,649670976
HON,2024-10-25,684593984
HON,2024-10-26,688214016
HON,2024-10-29,650246976
HON,2024-10-30,650246976
HON,2024-10-31,650246976
HON,2024-11-05,650246976
HON,2024-11-06,650246976
HON,2024-11-07,650246976
HON,2024-11-08,650246976
HON,2024-11-13,650246976
HON,2024-11-16,650246976
HON,2024-11-19,650644992
HON,2024-11-20,650246976
HON,2024-11-21,650246976
HON,2024-11-22,650246976
HON,2024-11-23,650246976
HON,2024-11-26,650246976
HON,2024-12-04,650246976
HON,2024-12-05,650246976
HON,2024-12-12,650246976
HON,2024-12-13,654160000
HON,2024-12-14,650246976
HON,2024-12-17,650246976
HON,2024-12-18,650246976
HON,2024-12-19,650246976
HON,2024-12-20,650246976
HON,2024-12-21,650246976
HON,2024-12-24,650246976
HON,2024-12-27,650246976
HON,2024-12-31,650246976
HON,2025-01-03,650246976
HON,2025-01-07,650246976
HON,2025-01-09,650246976
HON,2025-01-11,650246976
HON,2025-01-22,650246976
HON,2025-01-23,650246976
HON,2025-01-24,650246976
HON,2025-01-29,650246976
HON,2025-01-31,650246976
HON,2025-02-01,650246976
HON,2025-02-05,650246976
HON,2025-02-06,650246976
HON,2025-02-07,650246976
HON,2025-02-12,650246976
HON,2025-02-13,650246976
HON,2025-02-15,650246976
HON,2025-02-18,649918976
HON,2025-02-23,649918976
HON,2025-02-25,649918976
HON,2025-02-27,649918976
HON,2025-03-01,649918976
HON,2025-03-04,652585024
HON,2025-03-06,649918976
HON,2025-03-07,649918976
HON,2025-03-08,649918976
HON,2025-03-11,652046016
HON,2025-03-12,649918976
HON,2025-03-13,649918976
HON,2025-03-14,649918976
HON,2025-03-15,649918976
HON,2025-03-18,649918976
HON,2025-03-19,649918976
HON,2025-03-20,649918976
HON,2025-03-22,649918976
HON,2025-03-28,649918976
HON,2025-03-29,649918976
HON,2025-04-02,649918976
HON,2025-04-03,649918976
HON,2025-04-04,649918976
HON,2025-04-05,649918976
HON,2025-04-09,649918976
HON,2025-04-10,643257024
HON,2025-04-11,643257024
HON,2025-04-22,651105984
HON,2025-04-23,643257024
HON,2025-04-24,643257024
HON,2025-04-26,648360000
HON,2025-04-29,643257024
HON,2025-04-30,643257024
HON,2025-05-02,643257024
HON,2025-05-03,643257024
HON,2025-05-06,643257024
HON,2025-05-07,643257024
HON,2025-05-10,647817024
HON,2025-05-17,643257024
HON,2025-05-21,643257024
HON,2025-05-28,643257024
HON,2025-05-29,643257024
HON,2025-06-03,643257024
HON,2025-06-04,643257024
HON,2025-06-06,643257024
HON,2025-06-07,643257024
HON,2025-06-10,643257024
HON,2025-06-11,643257024
HON,2025-06-13,643257024
HON,2025-06-14,643257024
HON,2025-06-17,643830976
HON,2025-06-18,649928000
HON,2025-06-26,643257024
HON,2025-06-27,643257024
HON,2025-06-28,643257024
HON,2025-06-30,643257024
HON,2025-07-01,643257024
HON,2025-07-03,643257024
HON,2025-07-08,643257024
HON,2025-07-10,646166976
HON,2025-07-11,643257024
HON,2025-07-12,643257024
HON,2025-07-16,643257024
HON,2025-07-19,643257024
HON,2025-07-24,643257024
HON,2025-07-25,634897024
HON,2025-07-26,634897024
HON,2025-08-02,634897024
HON,2025-08-05,634897024
HON,2025-08-07,634897024
HON,2025-08-08,642665024
HON,2025-08-09,635689024
HON,2025-08-12,634897024
HON,2025-08-15,634897024
HON,2025-08-16,634897024
HON,2025-08-21,634897024
HON,2025-08-26,634897024
HON,2025-08-30,634897024
HON,2025-09-05,634897024
HON,2025-09-06,637593024
HON,2025-09-10,634897024
HON,2025-09-13,634897024
HON,2025-09-16,634897024
HON,2025-09-17,634896562
HON,2025-09-18,634896562
HON,2025-09-20,634896562
HON,2025-09-23,634896562
HON,2025-09-26,637647679
HON,2025-09-27,634896562
HON,2025-09-30,634896562
HON,2025-10-03,634896562
HON,2025-10-06,640849192
HON,2025-10-07,634896562
HON,2025-10-08,634896562
HON,2025-10-10,634896562
HON,2025-10-15,634896562
HON,2025-10-16,634896562
HON,2025-10-17,634896562
HON,2025-10-21,634896562
HON,2025-10-23,634896562
HON,2025-10-24,634887208
HON,2025-10-25,648193579
HON,2025-10-28,636841527
HON,2025-10-29,634887208
HON,2025-10-31,634887208
HON,2025-11-04,634887208
HON,2025-11-05,634887208
HON,2025-11-06,634887208
HON,2025-11-08,634887208
HON,2025-11-12,634887208
HON,2025-11-13,634887208
HON,2025-11-15,637534698
HON,2025-11-17,673869690
HON,2026-03-11,635675701
HON,2026-04-14,633653119
HON,2026-06-26,316826559
HON,2026-07-25,316940010
CAT,2020-08-07,541507008
CAT,2020-08-28,541507008
CAT,2020-09-05,541507008
CAT,2020-09-21,541507008
CAT,2020-11-05,543257984
CAT,2020-11-06,543257984
CAT,2020-11-26,543257984
CAT,2021-02-18,545304000
CAT,2021-03-17,545304000
CAT,2021-04-08,545848000
CAT,2021-04-09,545304000
CAT,2021-04-23,553809024
CAT,2021-04-24,550873024
CAT,2021-04-27,545304000
CAT,2021-05-04,547787008
CAT,2021-08-06,547470976
CAT,2021-09-21,573091968
CAT,2021-09-22,547470976
CAT,2021-10-06,549262976
CAT,2021-10-07,547470976
CAT,2021-11-06,540942016
CAT,2021-11-19,540942016
CAT,2022-02-11,540942016
CAT,2022-02-23,535888000
CAT,2022-04-27,552196992
CAT,2022-04-28,535888000
CAT,2022-05-02,533374016
CAT,2022-05-10,554990016
CAT,2022-08-06,527908992
CAT,2022-08-16,530307008
CAT,2022-08-17,527908992
CAT,2022-08-25,536201984
CAT,2022-08-26,527908992
CAT,2022-09-01,527908992
CAT,2022-09-02,534478016
CAT,2022-10-04,505864992
CAT,2022-10-05,527908992
CAT,2022-10-21,539225024
CAT,2022-10-22,527908992
CAT,2022-11-04,520408992
CAT,2023-02-17,516345984
CAT,2023-03-08,532792000
CAT,2023-03-09,516345984
CAT,2023-03-18,525231008
CAT,2023-03-23,528012992
CAT,2023-03-24,516345984
CAT,2023-03-30,523006016
CAT,2023-04-01,526233984
CAT,2023-04-06,525824992
CAT,2023-04-07,516345984
CAT,2023-04-25,523752992
CAT,2023-11-13,509084992
CAT,2023-11-14,509084992
CAT,2023-11-17,509084992
CAT,2023-11-22,509084992
CAT,2023-11-23,509084992
CAT,2023-11-28,509084992
CAT,2023-11-30,509084992
CAT,2023-12-01,509084992
CAT,2023-12-05,509084992
CAT,2023-12-07,509084992
CAT,2023-12-13,509084992
CAT,2023-12-14,509084992
CAT,2023-12-15,509084992
CAT,2023-12-16,509084992
CAT,2023-12-20,509084992
CAT,2023-12-21,509084992
CAT,2023-12-22,509084992
CAT,2023-12-29,509084992
CAT,2024-01-05,509084992
CAT,2024-01-06,514120000
CAT,2024-01-10,509084992
CAT,2024-01-12,509084992
CAT,2024-01-18,509084992
CAT,2024-01-19,509084992
CAT,2024-01-20,509084992
CAT,2024-01-23,509084992
CAT,2024-01-25,509084992
CAT,2024-01-30,509084992
CAT,2024-02-01,509084992
CAT,2024-02-02,509084992
CAT,2024-02-06,509084992
CAT,2024-02-07,509084992
CAT,2024-02-08,509084992
CAT,2024-02-10,516854016
CAT,2024-02-13,509084992
CAT,2024-02-15,509084992
CAT,2024-02-16,509084992
CAT,2024-02-17,499376992
CAT,2024-02-19,499376992
CAT,2024-02-21,499376992
CAT,2024-02-22,499376992
CAT,2024-02-23,499376992
CAT,2024-02-24,499376992
CAT,2024-02-27,499376992
CAT,2024-02-29,499376992
CAT,2024-03-01,499376992
CAT,2024-03-05,499376992
CAT,2024-03-07,499376992
CAT,2024-03-12,499376992
CAT,2024-03-13,499376992
CAT,2024-03-14,499376992
CAT,2024-03-15,499376992
CAT,2024-03-16,499376992
CAT,2024-03-19,499376992
CAT,2024-03-22,499376992
CAT,2024-03-23,499376992
CAT,2024-03-26,499376992
CAT,2024-03-27,499376992
CAT,2024-03-29,499376992
CAT,2024-04-02,499376992
CAT,2024-04-04,499376992
CAT,2024-04-09,499376992
CAT,2024-04-11,499376992
CAT,2024-04-12,508049984
CAT,2024-04-13,499376992
CAT,2024-04-16,499376992
CAT,2024-04-17,499376992
CAT,2024-04-18,499376992
CAT,2024-04-20,499376992
CAT,2024-04-23,499376992
CAT,2024-04-25,499376992
CAT,2024-04-26,499376992
CAT,2024-05-01,489052992
CAT,2024-05-21,494064992
CAT,2024-05-22,489052992
CAT,2024-05-23,489052992
CAT,2024-05-24,489052992
CAT,2024-06-05,494711008
CAT,2024-06-12,489052992
CAT,2024-06-15,496492000
CAT,2024-07-03,491022016
CAT,2024-07-10,489052992
CAT,2024-07-18,489052992
CAT,2024-07-19,500870016
CAT,2024-07-20,489052992
CAT,2024-07-24,489052992
CAT,2024-08-07,489052992
CAT,2024-08-08,484897984
CAT,2024-08-09,484897984
CAT,2024-08-10,484897984
CAT,2024-08-13,484897984
CAT,2024-08-14,484897984
CAT,2024-08-15,484897984
CAT,2024-08-17,484897984
CAT,2024-08-20,484897984
CAT,2024-08-21,484897984
CAT,2024-08-27,484897984
CAT,2024-08-29,484897984
CAT,2024-08-31,484897984
CAT,2024-09-05,484897984
CAT,2024-09-06,484897984
CAT,2024-09-07,484897984
CAT,2024-09-11,484897984
CAT,2024-09-12,484897984
CAT,2024-09-14,484897984
CAT,2024-09-17,484897984
CAT,2024-09-19,484897984
CAT,2024-09-21,490800992
CAT,2024-09-24,484897984
CAT,2024-09-26,484897984
CAT,2024-10-01,484897984
CAT,2024-10-02,484897984
CAT,2024-10-03,484897984
CAT,2024-10-04,484897984
CAT,2024-10-15,484897984
CAT,2024-10-16,484897984
CAT,2024-10-18,484897984
CAT,2024-10-23,484897984
CAT,2024-10-24,484897984
CAT,2024-10-29,484897984
CAT,2024-10-30,484897984
CAT,2024-10-31,484897984
CAT,2024-11-01,484897984
CAT,2024-11-05,488903008
CAT,2024-11-06,484897984
CAT,2024-11-07,484897984
CAT,2024-11-08,493056992
CAT,2024-11-09,482801984
CAT,2024-11-14,482801984
CAT,2024-11-15,482801984
CAT,2024-11-16,482801984
CAT,2024-11-22,482801984
CAT,2024-11-23,482801984
CAT,2024-11-28,482801984
CAT,2024-11-30,482801984
CAT,2024-12-03,482801984
CAT,2024-12-04,482801984
CAT,2024-12-06,482801984
CAT,2024-12-07,482801984
CAT,2024-12-11,482801984
CAT,2024-12-12,482801984
CAT,2024-12-13,493060000
CAT,2024-12-14,482801984
CAT,2024-12-18,482801984
CAT,2024-12-20,482801984
CAT,2024-12-24,482801984
CAT,2024-12-27,482801984
CAT,2025-01-04,482801984
CAT,2025-01-07,482801984
CAT,2025-01-08,482801984
CAT,2025-01-18,482801984
CAT,2025-01-22,482801984
CAT,2025-01-24,482801984
CAT,2025-01-29,482801984
CAT,2025-01-30,482801984
CAT,2025-02-01,482801984
CAT,2025-02-04,482801984
CAT,2025-02-05,482801984
CAT,2025-02-08,482801984
CAT,2025-02-13,482801984
CAT,2025-02-15,482801984
CAT,2025-02-18,477932000
CAT,2025-02-19,477932000
CAT,2025-02-21,477932000
CAT,2025-02-25,477932000
CAT,2025-02-26,477932000
CAT,2025-02-27,477932000
CAT,2025-02-28,477932000
CAT,2025-03-01,477932000
CAT,2025-03-04,477932000
CAT,2025-03-05,477932000
CAT,2025-03-06,477932000
CAT,2025-03-07,477932000
CAT,2025-03-11,477932000
CAT,2025-03-20,477932000
CAT,2025-03-21,477932000
CAT,2025-03-22,477932000
CAT,2025-03-25,477932000
CAT,2025-03-26,477932000
CAT,2025-03-27,477932000
CAT,2025-03-28,477932000
CAT,2025-03-29,477932000
CAT,2025-04-01,477932000
CAT,2025-04-02,477932000
CAT,2025-04-04,477932000
CAT,2025-04-05,477932000
CAT,2025-04-08,477932000
CAT,2025-04-09,477932000
CAT,2025-04-10,477932000
CAT,2025-04-11,477932000
CAT,2025-04-14,477932000
CAT,2025-04-15,477932000
CAT,2025-04-16,477932000
CAT,2025-04-22,493894016
CAT,2025-04-23,477932000
CAT,2025-04-25,477932000
CAT,2025-04-26,478571008
CAT,2025-04-29,477932000
CAT,2025-04-30,477932000
CAT,2025-05-01,477932000
CAT,2025-05-02,470315008
CAT,2025-05-07,473568992
CAT,2025-05-14,474188992
CAT,2025-05-15,470315008
CAT,2025-05-29,473032992
CAT,2025-05-31,475396000
CAT,2025-06-05,470315008
CAT,2025-06-06,470814016
CAT,2025-06-18,476574016
CAT,2025-07-08,477943008
CAT,2025-07-11,477507008
CAT,2025-07-12,473107008
CAT,2025-07-28,471195008
CAT,2025-07-29,470315008
CAT,2025-08-06,470315008
CAT,2025-08-07,470315008
CAT,2025-08-08,469153984
CAT,2025-08-09,468479008
CAT,2025-08-12,468479008
CAT,2025-08-15,468479008
CAT,2025-08-16,468479008
CAT,2025-08-19,468479008
CAT,2025-08-20,468479008
CAT,2025-08-21,468479008
CAT,2025-08-22,468479008
CAT,2025-08-26,468479008
CAT,2025-08-28,468479008
CAT,2025-08-29,468479008
CAT,2025-09-03,468479008
CAT,2025-09-04,468479008
CAT,2025-09-05,468479008
CAT,2025-09-06,468479008
CAT,2025-09-10,468479008
CAT,2025-09-11,468479008
CAT,2025-09-16,468479008
CAT,2025-09-17,468478923
CAT,2025-09-23,469313966
CAT,2025-09-24,468478923
CAT,2025-09-25,468478923
CAT,2025-09-26,468478923
CAT,2025-09-27,468478923
CAT,2025-10-02,468478923
CAT,2025-10-03,468478923
CAT,2025-10-07,468478923
CAT,2025-10-08,476824164
CAT,2025-10-09,468478923
CAT,2025-10-10,468478923
CAT,2025-10-11,468478923
CAT,2025-10-14,468478923
CAT,2025-10-15,468478923
CAT,2025-10-16,468478923
CAT,2025-10-18,468478923
CAT,2025-10-21,468478923
CAT,2025-10-22,470648758
CAT,2025-10-23,468478923
CAT,2025-10-25,468478923
CAT,2025-10-28,468478923
CAT,2025-10-30,468478923
CAT,2025-11-07,468478923
CAT,2025-11-08,468478923
CAT,2025-11-11,468478923
CAT,2025-11-12,468478923
CAT,2025-11-14,468478923
CAT,2025-11-15,468478923
CAT,2025-11-17,470314978
CAT,2025-11-28,468478923
CAT,2026-02-17,467979597
CAT,2026-04-23,465287332
CAT,2026-05-05,460591983
CAT,2026-08-07,459674889
GE,2020-08-01,8753290240
GE,2020-08-28,8753290240
GE,2020-09-05,8753290240
GE,2020-10-30,8759870464
GE,2020-11-26,8759870464
GE,2021-02-13,8767939584
GE,2021-02-15,8767939584
GE,2021-03-17,8767939584
GE,2021-03-24,8784650240
GE,2021-04-23,8745350144
GE,2021-04-24,8654990336
GE,2021-04-28,8778640384
GE,2021-06-05,8860390400
GE,2021-06-06,8778640384
GE,2021-06-09,8784959488
GE,2021-06-10,8778640384
GE,2021-07-13,8778640384
GE,2021-07-15,8778640384
GE,2021-07-28,8781299712
GE,2021-08-02,1097660032
GE,2021-08-19,1097660032
GE,2021-08-31,1107049984
GE,2021-09-01,1097660032
GE,2021-10-27,1098140032
GE,2021-11-05,1106070016
GE,2021-11-06,1098140032
GE,2021-11-16,1098140032
GE,2022-02-12,1099320064
GE,2022-02-15,1099320064
GE,2022-03-20,1101750016
GE,2022-03-21,1101750016
GE,2022-04-28,1100659968
GE,2022-07-27,1096550016
GE,2022-09-02,1096550016
GE,2022-10-04,1067420032
GE,2022-10-07,1096550016
GE,2022-10-21,1105330048
GE,2022-10-23,1096550016
GE,2022-10-27,1092669952
GE,2023-01-31,1125110016
GE,2023-02-02,1092669952
GE,2023-02-04,1119059968
GE,2023-02-05,1092669952
GE,2023-02-11,1089289984
GE,2023-03-08,1097730048
GE,2023-03-09,1089289984
GE,2023-03-18,1109549952
GE,2023-03-22,1090279936
GE,2023-03-30,1101049984
GE,2023-04-01,1090279936
GE,2023-04-06,1099539968
GE,2023-04-07,1090279936
GE,2023-04-13,1090279936
GE,2023-04-21,1098320000
GE,2023-04-22,1090279936
GE,2023-05-11,1104930048
GE,2023-05-12,1090279936
GE,2023-05-15,1097120000
GE,2023-05-17,1090279936
GE,2023-07-12,1095760000
GE,2023-07-13,1090279936
GE,2023-07-27,1088380032
GE,2023-08-22,1088380032
GE,2023-08-23,1091890048
GE,2023-08-24,1088380032
GE,2023-08-25,1088380032
GE,2023-10-10,1088380032
GE,2023-10-11,1088380032
GE,2023-10-12,1088380032
GE,2023-10-13,1088380032
GE,2023-10-14,1107779968
GE,2023-10-15,1088380032
GE,2023-10-16,1088380032
GE,2023-10-17,1088380032
GE,2023-10-18,1088380032
GE,2023-10-19,1113170048
GE,2023-10-20,1088380032
GE,2023-10-23,1088380032
GE,2023-10-25,1088390016
GE,2023-10-27,1088390016
GE,2023-10-31,1088390016
GE,2023-11-01,1088390016
GE,2023-11-02,1088390016
GE,2023-11-04,1088390016
GE,2023-11-08,1088390016
GE,2023-11-09,1088390016
GE,2023-11-14,1088390016
GE,2023-11-15,1088390016
GE,2023-11-17,1088390016
GE,2023-11-18,1088390016
GE,2023-11-21,1088390016
GE,2023-11-23,1088390016
GE,2023-12-01,1088390016
GE,2023-12-02,1088390016
GE,2023-12-06,1100150016
GE,2023-12-09,1088390016
GE,2023-12-13,1088390016
GE,2023-12-15,1088390016
GE,2023-12-16,1088390016
GE,2023-12-20,1088390016
GE,2023-12-21,1088390016
GE,2023-12-22,1088390016
GE,2023-12-23,1090790016
GE,2023-12-26,1088390016
GE,2023-12-27,1088390016
GE,2023-12-28,1088390016
GE,2023-12-30,1088390016
GE,2024-01-03,1088390016
GE,2024-01-05,1088390016
GE,2024-01-06,1102620032
GE,2024-01-10,1088390016
GE,2024-01-11,1088390016
GE,2024-01-12,1088390016
GE,2024-01-13,1088720000
GE,2024-01-16,1088390016
GE,2024-01-23,1088390016
GE,2024-01-24,1088390016
GE,2024-01-27,1088390016
GE,2024-01-30,1089129984
GE,2024-01-31,1088390016
GE,2024-02-01,1088390016
GE,2024-02-02,1088390016
GE,2024-02-03,1088329984
GE,2024-02-06,1088329984
GE,2024-02-07,1088329984
GE,2024-02-13,1088329984
GE,2024-02-14,1088329984
GE,2024-02-17,1088329984
GE,2024-02-21,1088329984
GE,2024-02-23,1088329984
GE,2024-02-24,1088329984
GE,2024-02-28,1088329984
GE,2024-02-29,1088329984
GE,2024-03-01,1088329984
GE,2024-03-05,1088329984
GE,2024-03-09,1088329984
GE,2024-03-12,1097479936
GE,2024-03-13,1088329984
GE,2024-03-15,1088329984
GE,2024-03-16,1093270016
GE,2024-03-19,1093270016
GE,2024-03-20,1093270016
GE,2024-03-23,1093270016
GE,2024-03-26,1093270016
GE,2024-03-27,1093270016
GE,2024-03-28,1093270016
GE,2024-03-29,1093270016
GE,2024-04-02,1093270016
GE,2024-04-04,1093270016
GE,2024-04-06,1093270016
GE,2024-04-12,1114829952
GE,2024-04-13,1093270016
GE,2024-04-16,1093270016
GE,2024-04-17,1093270016
GE,2024-04-18,1093270016
GE,2024-04-20,1093270016
GE,2024-04-23,1093270016
GE,2024-04-24,1094610048
GE,2024-04-25,1118189952
GE,2024-04-26,1094610048
GE,2024-04-30,1094610048
GE,2024-05-03,1094610048
GE,2024-05-04,1094610048
GE,2024-05-07,1094610048
GE,2024-05-08,1094610048
GE,2024-05-10,1094610048
GE,2024-05-11,1094610048
GE,2024-05-14,1094610048
GE,2024-05-16,1094610048
GE,2024-05-17,1094610048
GE,2024-05-18,1094610048
GE,2024-05-20,1098800000
GE,2024-05-21,1094610048
GE,2024-05-23,1094610048
GE,2024-05-24,1094610048
GE,2024-05-25,1094610048
GE,2024-05-29,1094610048
GE,2024-05-31,1094610048
GE,2024-06-01,1094610048
GE,2024-06-05,1094610048
GE,2024-06-07,1094610048
GE,2024-06-08,1094610048
GE,2024-06-12,1094610048
GE,2024-06-13,1094610048
GE,2024-06-14,1094610048
GE,2024-06-15,1094610048
GE,2024-06-18,1094610048
GE,2024-06-19,1094610048
GE,2024-06-21,1094610048
GE,2024-06-27,1094610048
GE,2024-06-28,1094610048
GE,2024-06-29,1094610048
GE,2024-07-03,1094610048
GE,2024-07-10,1094610048
GE,2024-07-12,1094610048
GE,2024-07-13,1094610048
GE,2024-07-16,1094610048
GE,2024-07-17,1094610048
GE,2024-07-18,1094610048
GE,2024-07-20,1094610048
GE,2024-07-24,1094610048
GE,2024-07-25,1084310016
GE,2024-07-26,1084310016
GE,2024-08-01,1084310016
GE,2024-08-02,1087190016
GE,2024-08-03,1148380032
GE,2024-08-06,1084310016
GE,2024-08-07,1084310016
GE,2024-08-09,1084310016
GE,2024-08-10,1084310016
GE,2024-08-13,1084310016
GE,2024-08-14,1084310016
GE,2024-08-17,1084310016
GE,2024-08-22,1084310016
GE,2024-08-23,1084310016
GE,2024-08-29,1084310016
GE,2024-08-31,1084310016
GE,2024-09-04,1153049984
GE,2024-09-05,1084310016
GE,2024-09-06,1100920064
GE,2024-09-07,1101929984
GE,2024-09-13,1084310016
GE,2024-09-19,1084310016
GE,2024-09-21,1084310016
GE,2024-09-26,1084310016
GE,2024-10-02,1084310016
GE,2024-10-03,1084310016
GE,2024-10-09,1084310016
GE,2024-10-10,1084310016
GE,2024-10-11,1084310016
GE,2024-10-15,1084310016
GE,2024-10-17,1084310016
GE,2024-10-18,1086790016
GE,2024-10-22,1084310016
GE,2024-10-23,1082290048
GE,2024-10-24,1082290048
GE,2024-10-25,1094040064
GE,2024-10-26,1097949952
GE,2024-10-29,1082290048
GE,2024-10-30,1082290048
GE,2024-10-31,1082290048
GE,2024-11-01,1082290048
GE,2024-11-02,1082290048
GE,2024-11-05,1082290048
GE,2024-11-08,1082290048
GE,2024-11-13,1082290048
GE,2024-11-14,1082290048
GE,2024-11-15,1082290048
GE,2024-11-16,1082290048
GE,2024-11-19,1082290048
GE,2024-11-21,1082290048
GE,2024-11-27,1082290048
GE,2024-12-03,1082290048
GE,2024-12-04,1082290048
GE,2024-12-06,1082290048
GE,2024-12-07,1082290048
GE,2024-12-11,1082290048
GE,2024-12-12,1082290048
GE,2024-12-13,1107309952
GE,2024-12-14,1082290048
GE,2024-12-19,1082290048
GE,2024-12-20,1082290048
GE,2024-12-25,1082290048
GE,2024-12-28,1082290048
GE,2025-01-04,1082290048
GE,2025-01-07,1082290048
GE,2025-01-08,1082290048
GE,2025-01-09,1082290048
GE,2025-01-11,1089859968
GE,2025-01-14,1082290048
GE,2025-01-17,1082290048
GE,2025-01-18,1082290048
GE,2025-01-24,1073689984
GE,2025-01-29,1073689984
GE,2025-01-30,1073689984
GE,2025-02-04,1073289984
GE,2025-02-07,1073289984
GE,2025-02-08,1077369984
GE,2025-02-14,1073289984
GE,2025-02-15,1073750016
GE,2025-02-20,1073289984
GE,2025-02-22,1073289984
GE,2025-02-25,1073289984
GE,2025-02-26,1073289984
GE,2025-03-01,1073289984
GE,2025-03-04,1099970048
GE,2025-03-07,1073289984
GE,2025-03-11,1082960000
GE,2025-03-13,1073289984
GE,2025-03-15,1066579968
GE,2025-03-27,1066579968
GE,2025-03-28,1066579968
GE,2025-04-10,1100429952
GE,2025-04-11,1066579968
GE,2025-04-18,1070449984
GE,2025-04-22,1087149952
GE,2025-04-23,1066390016
GE,2025-04-24,1066390016
GE,2025-04-25,1066390016
GE,2025-04-26,1066390016
GE,2025-04-29,1066390016
GE,2025-04-30,1068300032
GE,2025-05-01,1066390016
GE,2025-05-07,1068120000
GE,2025-05-09,1066390016
GE,2025-05-13,1066390016
GE,2025-05-15,1066390016
GE,2025-05-17,1066390016
GE,2025-05-20,1066390016
GE,2025-05-23,1066390016
GE,2025-05-27,1066390016
GE,2025-05-28,1066390016
GE,2025-05-29,1066390016
GE,2025-05-30,1066390016
GE,2025-06-03,1066390016
GE,2025-06-04,1066390016
GE,2025-06-05,1066390016
GE,2025-06-06,1066390016
GE,2025-06-10,1084290048
GE,2025-06-11,1107849984
GE,2025-06-13,1066390016
GE,2025-06-14,1081670016
GE,2025-06-17,1066659968
GE,2025-06-18,1069960000
GE,2025-06-21,1066390016
GE,2025-06-25,1066390016
GE,2025-06-26,1066390016
GE,2025-06-27,1066390016
GE,2025-06-28,1066390016
GE,2025-06-30,1066390016
GE,2025-07-01,1102230016
GE,2025-07-02,1066390016
GE,2025-07-03,1066390016
GE,2025-07-04,1066390016
GE,2025-07-08,1066390016
GE,2025-07-09,1073289984
GE,2025-07-11,1075929984
GE,2025-07-12,1066390016
GE,2025-07-15,1066390016
GE,2025-07-18,1060440000
GE,2025-07-22,1060440000
GE,2025-07-23,1060440000
GE,2025-07-24,1060440000
GE,2025-07-26,1060440000
GE,2025-07-30,1060440000
GE,2025-08-02,1060440000
GE,2025-08-08,1060440000
GE,2025-08-09,1060440000
GE,2025-08-12,1060440000
GE,2025-08-13,1060440000
GE,2025-08-19,1060440000
GE,2025-08-20,1060440000
GE,2025-08-21,1060440000
GE,2025-08-22,1060440000
GE,2025-08-23,1060440000
GE,2025-08-27,1060440000
GE,2025-08-28,1060440000
GE,2025-09-03,1060440000
GE,2025-09-05,1060440000
GE,2025-09-06,1060440000
GE,2025-09-10,1060440000
GE,2025-09-13,1060440000
GE,2025-09-16,1060440000
GE,2025-09-17,1060439387
GE,2025-09-18,1060439387
GE,2025-09-20,1060439387
GE,2025-09-23,1060439387
GE,2025-09-25,1060439387
GE,2025-09-26,1068348285
GE,2025-09-27,1060439387
GE,2025-09-30,1065314887
GE,2025-10-01,1060439387
GE,2025-10-02,1060439387
GE,2025-10-03,1060439387
GE,2025-10-06,1069187119
GE,2025-10-07,1060439387
GE,2025-10-09,1060439387
GE,2025-10-10,1060439387
GE,2025-10-11,1060439387
GE,2025-10-14,1060439387
GE,2025-10-15,1060439387
GE,2025-10-16,1060439387
GE,2025-10-24,1054813911
GE,2025-10-25,1054813911
GE,2025-10-28,1065198954
GE,2025-10-29,1054813911
GE,2025-10-30,1054813911
GE,2025-11-04,1054813911
GE,2025-11-05,1054813911
GE,2025-11-07,1054813911
GE,2025-11-08,1054813911
GE,2025-11-11,1054813911
GE,2025-11-12,1054813911
GE,2025-11-13,1054813911
GE,2025-11-14,1054813911
GE,2025-11-15,1054813911
GE,2025-11-17,1060439387
GE,2026-01-23,1054813911
GE,2026-01-30,1054813911
GE,2026-03-19,1054813911
GE,2026-04-21,1044829603
GE,2026-07-18,1037562513
TMO,2020-08-04,395588992
TMO,2020-08-17,398304992
TMO,2020-08-28,395588992
TMO,2020-09-05,415752000
TMO,2020-09-06,395588992
TMO,2020-09-21,399167008
TMO,2020-09-22,395588992
TMO,2020-11-03,396335008
TMO,2020-11-26,396335008
TMO,2021-02-27,393792992
TMO,2021-03-17,393792992
TMO,2021-04-09,393016992
TMO,2021-04-12,393016992
TMO,2021-04-23,389932992
TMO,2021-04-25,386832992
TMO,2021-04-27,393016992
TMO,2021-05-11,393028000
TMO,2021-06-26,395012992
TMO,2021-06-28,393028000
TMO,2021-07-01,395964992
TMO,2021-07-10,393028000
TMO,2021-07-13,394990016
TMO,2021-07-15,395736000
TMO,2021-08-10,393419008
TMO,2021-08-24,393419008
TMO,2021-10-05,395991008
TMO,2021-10-06,393419008
TMO,2021-10-26,396144000
TMO,2021-11-06,394048000
TMO,2021-11-09,394048000
TMO,2021-11-23,395347008
TMO,2021-11-24,394048000
TMO,2021-12-22,396478016
TMO,2021-12-23,394048000
TMO,2022-02-04,400142016
TMO,2022-02-05,394048000
TMO,2022-02-11,394048000
TMO,2022-02-28,391192000
TMO,2022-03-04,392716000
TMO,2022-03-05,391192000
TMO,2022-04-09,391439008
TMO,2022-04-11,391439008
TMO,2022-05-10,391462016
TMO,2022-08-10,391788992
TMO,2022-09-02,391788992
TMO,2022-10-21,406878016
TMO,2022-10-23,391788992
TMO,2022-11-09,392196000
TMO,2023-02-25,385430016
TMO,2023-03-18,392296000
TMO,2023-03-22,385430016
TMO,2023-03-30,386070016
TMO,2023-03-31,385430016
TMO,2023-04-04,389689984
TMO,2023-04-06,385430016
TMO,2023-04-08,385697984
TMO,2023-04-11,385697984
TMO,2023-04-14,385697984
TMO,2023-04-21,385430016
TMO,2023-04-22,385697984
TMO,2023-04-28,385697984
TMO,2023-05-09,385720992
TMO,2023-05-11,386560000
TMO,2023-05-12,388422016
TMO,2023-05-13,392228000
TMO,2023-05-16,385720992
TMO,2023-07-06,386572992
TMO,2023-07-07,385720992
TMO,2023-07-08,388416992
TMO,2023-07-12,387520000
TMO,2023-07-13,385720992
TMO,2023-08-22,385950016
TMO,2023-10-10,385950016
TMO,2023-10-11,385950016
TMO,2023-10-13,385950016
TMO,2023-10-14,385950016
TMO,2023-10-15,385950016
TMO,2023-10-16,385950016
TMO,2023-10-17,388951008
TMO,2023-10-18,385950016
TMO,2023-10-19,385950016
TMO,2023-10-23,385950016
TMO,2023-10-25,388940000
TMO,2023-10-26,385950016
TMO,2023-11-04,386372000
TMO,2023-11-07,386372000
TMO,2023-11-09,386372000
TMO,2023-11-11,386372000
TMO,2023-11-17,386372000
TMO,2023-11-22,386372000
TMO,2023-11-28,386372000
TMO,2023-11-29,386372000
TMO,2023-12-01,386372000
TMO,2023-12-05,386372000
TMO,2023-12-06,386372000
TMO,2023-12-07,386372000
TMO,2023-12-12,386372000
TMO,2023-12-14,386372000
TMO,2023-12-16,386372000
TMO,2023-12-19,386372000
TMO,2023-12-20,386372000
TMO,2023-12-21,386372000
TMO,2023-12-22,386372000
TMO,2023-12-23,386372000
TMO,2023-12-27,386372000
TMO,2024-01-03,386372000
TMO,2024-01-05,386372000
TMO,2024-01-06,386372000
TMO,2024-01-12,386372000
TMO,2024-01-13,386372000
TMO,2024-01-17,386372000
TMO,2024-01-19,386372000
TMO,2024-01-23,386372000
TMO,2024-01-24,386372000
TMO,2024-01-26,386372000
TMO,2024-01-27,386372000
TMO,2024-01-30,386372000
TMO,2024-01-31,386372000
TMO,2024-02-01,386372000
TMO,2024-02-09,387368000
TMO,2024-02-10,386471008
TMO,2024-02-13,386372000
TMO,2024-02-24,386372000
TMO,2024-02-27,381312000
TMO,2024-02-29,381312000
TMO,2024-03-05,381312000
TMO,2024-03-06,381312000
TMO,2024-03-08,381312000
TMO,2024-03-09,381312000
TMO,2024-03-14,381312000
TMO,2024-03-16,381808000
TMO,2024-03-20,381312000
TMO,2024-03-21,381312000
TMO,2024-03-22,381312000
TMO,2024-03-23,381312000
TMO,2024-03-26,384489984
TMO,2024-03-27,381312000
TMO,2024-03-28,381312000
TMO,2024-04-02,381312000
TMO,2024-04-03,381312000
TMO,2024-04-09,381747008
TMO,2024-04-10,381713984
TMO,2024-04-11,381713984
TMO,2024-04-12,381713984
TMO,2024-04-16,381713984
TMO,2024-04-17,381713984
TMO,2024-04-20,381713984
TMO,2024-04-24,381713984
TMO,2024-04-25,381713984
TMO,2024-05-04,381716000
TMO,2024-05-06,381713984
TMO,2024-05-07,381716000
TMO,2024-05-08,381716000
TMO,2024-05-09,381716000
TMO,2024-05-10,381716000
TMO,2024-05-11,381716000
TMO,2024-05-14,381716000
TMO,2024-05-18,381716000
TMO,2024-05-21,384232992
TMO,2024-05-22,381716000
TMO,2024-05-23,381716000
TMO,2024-05-24,385480992
TMO,2024-05-25,381716000
TMO,2024-05-30,381716000
TMO,2024-05-31,384796000
TMO,2024-06-01,381716000
TMO,2024-06-04,381716000
TMO,2024-06-12,385422016
TMO,2024-06-13,381848992
TMO,2024-06-14,381716000
TMO,2024-06-15,382103008
TMO,2024-06-19,381716000
TMO,2024-06-21,381716000
TMO,2024-06-28,381716000
TMO,2024-06-29,381716000
TMO,2024-07-02,381716000
TMO,2024-07-03,381716000
TMO,2024-07-09,381716000
TMO,2024-07-10,381716000
TMO,2024-07-11,381716000
TMO,2024-07-12,381716000
TMO,2024-07-13,381716000
TMO,2024-07-16,381716000
TMO,2024-07-18,381964000
TMO,2024-07-23,381716000
TMO,2024-07-24,381716000
TMO,2024-07-25,381716000
TMO,2024-08-03,381996000
TMO,2024-08-04,381996000
TMO,2024-08-07,381996000
TMO,2024-08-09,381996000
TMO,2024-08-10,381996000
TMO,2024-08-13,381996000
TMO,2024-08-17,381996000
TMO,2024-08-20,381996000
TMO,2024-08-22,381996000
TMO,2024-08-23,381996000
TMO,2024-08-27,381996000
TMO,2024-08-28,381996000
TMO,2024-08-29,382907008
TMO,2024-08-30,381996000
TMO,2024-08-31,381996000
TMO,2024-09-04,381996000
TMO,2024-09-06,381996000
TMO,2024-09-07,381996000
TMO,2024-09-11,381996000
TMO,2024-09-12,381996000
TMO,2024-09-13,381996000
TMO,2024-09-14,381996000
TMO,2024-09-17,381996000
TMO,2024-09-18,381996000
TMO,2024-09-19,381996000
TMO,2024-09-21,381996000
TMO,2024-09-24,381996000
TMO,2024-09-27,381996000
TMO,2024-09-28,381996000
TMO,2024-10-02,381996000
TMO,2024-10-03,381996000
TMO,2024-10-04,381996000
TMO,2024-10-05,381996000
TMO,2024-10-09,381996000
TMO,2024-10-11,381996000
TMO,2024-10-12,381996000
TMO,2024-10-15,381996000
TMO,2024-10-18,381996000
TMO,2024-10-22,381996000
TMO,2024-10-25,397230016
TMO,2024-10-29,381996000
TMO,2024-10-30,381996000
TMO,2024-11-01,381996000
TMO,2024-11-02,382500000
TMO,2024-11-05,382500000
TMO,2024-11-06,382500000
TMO,2024-11-07,382500000
TMO,2024-11-08,382500000
TMO,2024-11-09,382500000
TMO,2024-11-12,382500000
TMO,2024-11-14,382500000
TMO,2024-11-15,382500000
TMO,2024-11-16,382500000
TMO,2024-11-19,391496000
TMO,2024-11-20,382500000
TMO,2024-11-26,382500000
TMO,2024-11-27,382500000
TMO,2024-11-30,382500000
TMO,2024-12-03,382500000
TMO,2024-12-04,382500000
TMO,2024-12-05,382500000
TMO,2024-12-06,388382016
TMO,2024-12-07,382500000
TMO,2024-12-10,382500000
TMO,2024-12-11,383484992
TMO,2024-12-13,389320000
TMO,2024-12-14,382500000
TMO,2024-12-21,382500000
TMO,2024-12-24,382500000
TMO,2025-01-03,382500000
TMO,2025-01-11,384348000
TMO,2025-01-14,382500000
TMO,2025-01-15,382500000
TMO,2025-01-16,382500000
TMO,2025-01-17,382500000
TMO,2025-01-18,382500000
TMO,2025-01-22,382500000
TMO,2025-01-23,382500000
TMO,2025-01-28,382500000
TMO,2025-01-31,382500000
TMO,2025-02-01,382500000
TMO,2025-02-04,382500000
TMO,2025-02-05,382500000
TMO,2025-02-06,382500000
TMO,2025-02-07,382500000
TMO,2025-02-08,383329984
TMO,2025-02-13,382500000
TMO,2025-02-14,382500000
TMO,2025-02-15,383068000
TMO,2025-02-19,382500000
TMO,2025-02-22,377260992
TMO,2025-02-27,377260992
TMO,2025-03-04,377260992
TMO,2025-03-05,377260992
TMO,2025-03-07,377260992
TMO,2025-03-10,380776992
TMO,2025-03-11,377260992
TMO,2025-03-12,377260992
TMO,2025-03-14,377260992
TMO,2025-03-15,377260992
TMO,2025-03-18,377260992
TMO,2025-03-19,377260992
TMO,2025-03-20,377260992
TMO,2025-03-21,377260992
TMO,2025-03-22,377932000
TMO,2025-03-25,377260992
TMO,2025-03-26,377260992
TMO,2025-03-27,378728000
TMO,2025-03-28,377260992
TMO,2025-03-29,377260992
TMO,2025-04-01,379201984
TMO,2025-04-02,377260992
TMO,2025-04-04,377260992
TMO,2025-04-05,377260992
TMO,2025-04-08,377260992
TMO,2025-04-09,377492000
TMO,2025-04-10,400551008
TMO,2025-04-11,377492000
TMO,2025-04-12,377492000
TMO,2025-04-17,377492000
TMO,2025-04-18,377492000
TMO,2025-04-22,382548000
TMO,2025-04-23,377492000
TMO,2025-04-24,380195008
TMO,2025-04-26,379646016
TMO,2025-04-29,377492000
TMO,2025-05-06,377494016
TMO,2025-05-07,391638016
TMO,2025-05-10,384656992
TMO,2025-05-13,377494016
TMO,2025-05-15,377494016
TMO,2025-05-16,377494016
TMO,2025-05-17,377494016
TMO,2025-05-20,377494016
TMO,2025-05-23,377494016
TMO,2025-05-27,377494016
TMO,2025-05-28,377494016
TMO,2025-05-29,378827008
TMO,2025-05-30,378364992
TMO,2025-05-31,377494016
TMO,2025-06-04,377494016
TMO,2025-06-05,377494016
TMO,2025-06-06,382516000
TMO,2025-06-07,377494016
TMO,2025-06-10,377494016
TMO,2025-06-12,377494016
TMO,2025-06-14,389275008
TMO,2025-06-17,377494016
TMO,2025-06-18,377494016
TMO,2025-06-19,377494016
TMO,2025-06-25,377494016
TMO,2025-06-26,377494016
TMO,2025-06-27,377494016
TMO,2025-06-28,381044000
TMO,2025-07-01,377494016
TMO,2025-07-03,377494016
TMO,2025-07-04,377494016
TMO,2025-07-08,377494016
TMO,2025-07-10,383148992
TMO,2025-07-11,387248992
TMO,2025-07-16,377494016
TMO,2025-07-19,377494016
TMO,2025-07-24,377494016
TMO,2025-07-25,377494016
TMO,2025-08-02,381276992
TMO,2025-08-03,377612000
TMO,2025-08-04,377612000
TMO,2025-08-07,377612000
TMO,2025-08-08,377612000
TMO,2025-08-09,377612000
TMO,2025-08-13,377612000
TMO,2025-08-16,377612000
TMO,2025-08-22,377612000
TMO,2025-08-27,377612000
TMO,2025-08-28,377612000
TMO,2025-08-30,377612000
TMO,2025-09-04,377612000
TMO,2025-09-05,377612000
TMO,2025-09-06,377612000
TMO,2025-09-11,377612000
TMO,2025-09-12,377612000
TMO,2025-09-16,377612000
TMO,2025-09-17,377612121
TMO,2025-09-18,377612121
TMO,2025-09-20,378808940
TMO,2025-09-23,377612121
TMO,2025-09-25,377612121
TMO,2025-09-26,377612121
TMO,2025-09-27,377612121
TMO,2025-09-30,379410118
TMO,2025-10-01,377612121
TMO,2025-10-07,377612121
TMO,2025-10-08,380959833
TMO,2025-10-10,377612121
TMO,2025-10-11,377612121
TMO,2025-10-14,377612121
TMO,2025-10-27,383452658
TMO,2025-10-28,377612121
TMO,2025-11-04,375708059
TMO,2025-11-05,375708059
TMO,2025-11-06,375708059
TMO,2025-11-08,375708059
TMO,2025-11-11,375708059
TMO,2025-11-13,375708059
TMO,2025-11-14,375708059
TMO,2025-11-15,376629946
TMO,2025-11-17,375708059
TMO,2026-03-07,371484244
TMO,2026-04-09,371621362
TMO,2026-05-05,371621465
TMO,2026-08-04,369747286
TMO,2026-08-05,369747286
